ID,CODE_GENDER,FLAG_OWN_CAR,FLAG_OWN_REALTY,CNT_CHILDREN,AMT_INCOME_TOTAL,NAME_INCOME_TYPE,NAME_EDUCATION_TYPE,NAME_FAMILY_STATUS,NAME_HOUSING_TYPE,DAYS_BIRTH,DAYS_EMPLOYED,FLAG_MOBIL,FLAG_WORK_PHONE,FLAG_PHONE,FLAG_EMAIL,OCCUPATION_TYPE,CNT_FAM_MEMBERS
5008804,F,Y,Y,0,163300.0,Working,Higher education,Married,House / apartment,-16261,-3712,1,0,0,0,Managers,2.0
5008805,F,N,Y,1,327200.0,Commercial associate,Secondary / secondary special,Single / not married,House / apartment,-24771,-17245,1,0,0,0,Core staff,2.0
5008806,F,N,Y,0,469100.0,State servant,Secondary / secondary special,Single / not married,House / apartment,-22263,-10601,1,1,0,0,Laborers,1.0
5008807,F,Y,Y,0,132200.0,Working,Higher education,Married,Co-op apartment,-17582,-7356,1,0,1,0,,2.0
5008808,M,N,Y,0,574700.0,Working,Secondary / secondary special,Married,House / apartment,-9916,-3044,1,1,0,0,Laborers,2.0
5008809,M,Y,N,0,228900.0,Working,Secondary / secondary special,Single / not married,House / apartment,-20341,-3932,1,1,1,0,Laborers,1.0
5008810,M,N,Y,0,149900.0,Working,Higher education,Married,House / apartment,-22152,-5934,1,1,0,0,Sales staff,2.0
5008811,F,N,Y,0,356600.0,Working,Secondary / secondary special,Married,House / apartment,-24382,-15050,1,0,0,0,Managers,2.0
5008812,F,Y,N,0,195300.0,Working,Higher education,Married,House / apartment,-18484,-7972,1,0,0,0,,2.0
5008813,F,N,N,0,234400.0,Working,Secondary / secondary special,Married,Municipal apartment,-16700,-3459,1,0,1,0,Core staff,2.0
5008814,M,Y,N,0,199500.0,Commercial associate,Secondary / secondary special,Single / not married,House / apartment,-18613,-1641,1,1,1,0,,1.0
5008815,F,N,N,0,162300.0,Working,Higher education,Married,House / apartment,-24531,-6337,1,0,1,0,,2.0
5008816,F,N,N,3,350600.0,Working,Secondary / secondary special,Married,House / apartment,-18776,-3482,1,0,0,1,Laborers,5.0
5008817,M,N,Y,0,211600.0,Pensioner,Incomplete higher,Civil marriage,House / apartment,-12009,365243,1,1,0,0,,2.0
5008818,M,Y,Y,1,119000.0,Pensioner,Incomplete higher,Married,House / apartment,-18923,365243,1,0,0,0,,3.0
5008819,M,Y,Y,1,321600.0,Working,Secondary / secondary special,Married,House / apartment,-23371,-11794,1,0,1,0,,3.0
5008820,M,Y,Y,0,133600.0,Working,Secondary / secondary special,Married,House / apartment,-17660,-7290,1,0,0,0,,2.0
5008821,F,Y,Y,1,137200.0,Pensioner,Secondary / secondary special,Married,House / apartment,-16486,365243,1,1,1,0,,3.0
5008822,F,N,Y,0,443200.0,Working,Secondary / secondary special,Married,House / apartment,-20698,-7388,1,0,0,0,Laborers,2.0
5008823,M,N,Y,0,134200.0,Working,Higher education,Married,House / apartment,-19376,-6872,1,1,1,0,,2.0
5008824,F,N,Y,0,76700.0,Working,Secondary / secondary special,Widow,House / apartment,-8340,-1718,1,0,1,0,Managers,1.0
5008825,M,N,Y,1,333300.0,Working,Secondary / secondary special,Civil marriage,House / apartment,-20551,-10718,1,1,1,0,,3.0
5008826,M,N,N,0,209700.0,Working,Secondary / secondary special,Married,House / apartment,-14748,-796,1,0,1,0,Drivers,2.0
5008827,F,N,Y,1,219000.0,Working,Secondary / secondary special,Civil marriage,House / apartment,-24488,-2647,1,0,0,0,Laborers,3.0
5008828,F,N,N,0,208600.0,Commercial associate,Higher education,Married,House / apartment,-25034,-13062,1,1,0,0,Drivers,2.0
5008829,F,N,Y,1,274100.0,Pensioner,Secondary / secondary special,Married,House / apartment,-15500,365243,1,0,1,0,,3.0
5008830,M,Y,N,0,167600.0,State servant,Secondary / secondary special,Married,Office apartment,-24998,-5791,1,0,0,0,,2.0
5008831,F,Y,N,0,510700.0,Working,Secondary / secondary special,Married,House / apartment,-12981,-6018,1,0,1,0,,2.0
5008832,F,N,Y,0,116700.0,Working,Higher education,Married,House / apartment,-19772,-8944,1,0,0,0,Core staff,2.0
5008833,M,Y,Y,0,304900.0,Commercial associate,Higher education,Married,House / apartment,-8676,-2040,1,0,0,0,Sales staff,2.0
5008834,F,Y,Y,0,336600.0,Commercial associate,Higher education,Civil marriage,House / apartment,-9953,-2998,1,0,0,0,Sales staff,2.0
5008835,M,N,N,2,167000.0,Working,Secondary / secondary special,Married,House / apartment,-23093,-11887,1,0,1,0,Laborers,4.0
5008836,M,N,N,0,146300.0,Working,Secondary / secondary special,Married,House / apartment,-23628,-7808,1,0,0,0,Sales staff,2.0
5008837,F,N,N,2,406000.0,Working,Incomplete higher,Married,With parents,-17032,-7766,1,0,0,0,Core staff,4.0
5008838,F,Y,Y,0,148800.0,Working,Incomplete higher,Married,House / apartment,-13510,-242,1,1,0,0,Accountants,2.0
5008839,F,Y,Y,1,180300.0,Working,Secondary / secondary special,Married,House / apartment,-15542,-7538,1,0,0,0,Core staff,3.0
5008840,M,N,N,0,380500.0,State servant,Secondary / secondary special,Married,House / apartment,-23187,-13873,1,0,0,0,Managers,2.0
5008841,M,N,Y,0,248400.0,Working,Higher education,Married,House / apartment,-11158,-1953,1,0,0,0,Private service staff,2.0
5008842,F,N,Y,1,99400.0,State servant,Secondary / secondary special,Married,House / apartment,-12690,-4082,1,0,0,0,,3.0
5008843,F,N,Y,0,584800.0,Pensioner,Secondary / secondary special,Married,House / apartment,-21649,365243,1,1,0,0,,2.0
5008844,M,N,N,0,187300.0,Working,Secondary / secondary special,Widow,House / apartment,-24385,-12337,1,0,0,0,Core staff,1.0
5008845,F,N,Y,0,199600.0,Commercial associate,Incomplete higher,Married,House / apartment,-9002,-1376,1,0,1,0,Laborers,2.0
5008846,M,Y,Y,0,277400.0,Commercial associate,Secondary / secondary special,Single / not married,House / apartment,-21984,-9298,1,0,1,0,Drivers,1.0
5008847,F,N,Y,0,333700.0,Working,Higher education,Single / not married,House / apartment,-19086,-10940,1,0,0,0,,1.0
5008848,M,N,N,1,650800.0,Working,Secondary / secondary special,Married,House / apartment,-11519,-3681,1,0,0,0,,3.0
5008849,F,N,Y,0,106500.0,Working,Secondary / secondary special,Married,House / apartment,-21108,-9606,1,0,0,0,,2.0
5008850,M,N,Y,0,369000.0,Commercial associate,Secondary / secondary special,Married,House / apartment,-20599,-136,1,0,0,0,,2.0
5008851,F,N,Y,0,354000.0,Commercial associate,Incomplete higher,Married,House / apartment,-9899,-99,1,0,1,0,Cleaning staff,2.0
5008852,F,Y,N,0,228000.0,Working,Secondary / secondary special,Married,House / apartment,-16477,365243,1,0,1,0,,2.0
5008853,M,N,N,0,361900.0,Working,Secondary / secondary special,Married,House / apartment,-21153,-10332,1,0,0,0,Core staff,2.0
5008854,F,Y,N,1,389500.0,Working,Higher education,Married,House / apartment,-10803,-3964,1,0,0,0,Accountants,3.0
5008855,F,N,Y,1,122300.0,Working,Secondary / secondary special,Married,House / apartment,-15756,-1020,1,0,1,0,Laborers,3.0
5008856,F,Y,N,0,585600.0,Commercial associate,Higher education,Married,House / apartment,-9510,-1412,1,0,0,0,,2.0
5008857,F,Y,Y,1,112000.0,Pensioner,Secondary / secondary special,Separated,Co-op apartment,-12909,365243,1,0,0,0,,2.0
5008858,F,N,Y,0,138400.0,Commercial associate,Secondary / secondary special,Married,House / apartment,-11285,-3887,1,0,0,0,Drivers,2.0
5008859,F,N,Y,1,214200.0,Commercial associate,Secondary / secondary special,Married,House / apartment,-16529,-6202,1,0,1,0,Sales staff,3.0
5008860,M,N,Y,0,639200.0,Commercial associate,Lower secondary,Single / not married,House / apartment,-9884,-2850,1,0,0,0,Managers,1.0
5008861,M,Y,N,0,209300.0,Commercial associate,Secondary / secondary special,Single / not married,With parents,-14302,-6790,1,0,0,0,Core staff,1.0
5008862,M,N,Y,0,240300.0,Commercial associate,Higher education,Married,House / apartment,-12330,-2485,1,1,0,1,Laborers,2.0
5008863,M,Y,Y,0,499600.0,Working,Secondary / secondary special,Married,House / apartment,-20930,-10908,1,1,0,0,Sales staff,2.0
5008864,F,N,Y,0,210100.0,Student,Secondary / secondary special,Married,House / apartment,-20083,-8752,1,0,0,0,Laborers,2.0
5008865,M,N,Y,0,135400.0,Working,Secondary / secondary special,Married,House / apartment,-9039,-287,1,0,0,0,Drivers,2.0
5008866,F,N,Y,0,198200.0,Working,Higher education,Married,House / apartment,-24718,-14912,1,0,0,0,,2.0
5008867,F,Y,Y,0,484500.0,Working,Secondary / secondary special,Married,House / apartment,-20905,-8013,1,1,0,0,,2.0
5008868,M,N,Y,0,252900.0,Working,Secondary / secondary special,Married,House / apartment,-18554,-10589,1,1,0,0,Core staff,2.0
5008869,F,Y,Y,0,641000.0,Pensioner,Higher education,Separated,House / apartment,-16029,365243,1,0,1,0,,1.0
5008870,M,N,Y,0,353100.0,Working,Secondary / secondary special,Married,House / apartment,-10554,-80,1,0,0,1,Accountants,2.0
5008871,F,Y,N,0,176900.0,Pensioner,Secondary / secondary special,Married,House / apartment,-24874,365243,1,0,1,0,,2.0
5008872,M,N,Y,0,250400.0,Working,Secondary / secondary special,Widow,House / apartment,-7449,-753,1,0,0,0,Managers,1.0
5008873,F,Y,N,2,159300.0,Working,Secondary / secondary special,Married,House / apartment,-19951,-166,1,0,0,0,Laborers,4.0
5008874,F,N,N,2,174800.0,Working,Secondary / secondary special,Married,House / apartment,-16572,-4519,1,0,0,1,Cleaning staff,4.0
5008875,M,N,N,0,2292200.0,Commercial associate,Higher education,Married,Municipal apartment,-23788,-12190,1,1,0,0,High skill tech staff,2.0
5008876,M,N,Y,0,406300.0,Pensioner,Secondary / secondary special,Widow,House / apartment,-14257,365243,1,0,0,1,,1.0
5008877,F,Y,Y,0,375500.0,Working,Secondary / secondary special,Married,House / apartment,-16777,-5669,1,0,0,0,Laborers,2.0
5008878,F,N,N,2,178800.0,Working,Higher education,Married,With parents,-20862,-11591,1,0,0,0,Drivers,4.0
5008879,F,N,Y,0,535100.0,State servant,Secondary / secondary special,Civil marriage,House / apartment,-8174,-1527,1,1,1,0,Sales staff,2.0
5008880,F,N,Y,0,423000.0,Working,Higher education,Married,House / apartment,-8300,-292,1,0,1,0,,2.0
5008881,M,Y,Y,0,625500.0,Working,Secondary / secondary special,Single / not married,House / apartment,-11171,-938,1,0,0,0,Drivers,1.0
5008882,F,N,Y,0,610500.0,Working,Secondary / secondary special,Widow,House / apartment,-9979,-2388,1,0,0,0,Laborers,1.0
5008883,M,N,N,0,116500.0,Working,Secondary / secondary special,Married,House / apartment,-7423,-275,1,0,0,0,Security staff,2.0
5008884,F,Y,Y,0,140200.0,Working,Secondary / secondary special,Married,House / apartment,-18682,-1528,1,0,1,0,,2.0
5008885,F,Y,Y,0,147800.0,Working,Secondary / secondary special,Civil marriage,Municipal apartment,-21841,-6602,1,0,1,0,Laborers,2.0
5008886,M,N,Y,0,152300.0,Pensioner,Secondary / secondary special,Married,House / apartment,-24784,365243,1,1,0,0,,2.0
5008887,M,Y,Y,0,287000.0,Commercial associate,Secondary / secondary special,Single / not married,House / apartment,-15357,-8184,1,0,1,0,High skill tech staff,1.0
5008888,M,Y,Y,0,183900.0,Pensioner,Secondary / secondary special,Married,House / apartment,-12413,365243,1,0,1,0,,2.0
5008889,M,N,Y,0,688200.0,Working,Secondary / secondary special,Married,House / apartment,-23082,-12611,1,0,1,0,Sales staff,2.0
5008890,F,N,N,1,632700.0,Commercial associate,Secondary / secondary special,Married,House / apartment,-22726,-3436,1,0,1,0,Drivers,3.0
5008891,F,Y,Y,0,243300.0,Commercial associate,Secondary / secondary special,Married,House / apartment,-18716,-8256,1,0,0,0,Sales staff,2.0
5008892,F,N,N,0,649000.0,Pensioner,Secondary / secondary special,Married,House / apartment,-12293,365243,1,0,1,0,,2.0
5008893,F,Y,Y,0,513800.0,Working,Secondary / secondary special,Married,House / apartment,-23897,-9384,1,0,0,0,Drivers,2.0
5008894,M,Y,Y,0,194900.0,Working,Higher education,Married,House / apartment,-10563,-267,1,0,1,0,Sales staff,2.0
5008895,F,Y,Y,0,89400.0,Commercial associate,Secondary / secondary special,Married,House / apartment,-8102,-1230,1,0,0,0,,2.0
5008896,F,N,Y,0,218900.0,State servant,Secondary / secondary special,Civil marriage,House / apartment,-21853,-11847,1,0,1,0,,2.0
5008897,F,Y,N,0,176900.0,State servant,Secondary / secondary special,Single / not married,House / apartment,-17599,-5589,1,0,1,0,Laborers,1.0
5008898,F,Y,N,0,270700.0,Commercial associate,Secondary / secondary special,Married,House / apartment,-11806,-798,1,0,0,0,,2.0
5008899,F,N,Y,0,255300.0,Working,Higher education,Married,House / apartment,-19557,-9352,1,0,0,0,Accountants,2.0
5008900,F,N,Y,0,251900.0,Working,Secondary / secondary special,Married,House / apartment,-21307,-1645,1,1,1,0,Accountants,2.0
5008901,F,Y,N,0,317200.0,State servant,Secondary / secondary special,Married,House / apartment,-22729,-8750,1,0,1,0,Laborers,2.0
5008902,M,N,Y,0,133100.0,Working,Secondary / secondary special,Married,House / apartment,-12457,-4295,1,0,0,1,Cooking staff,2.0
5008903,M,Y,Y,0,299900.0,Working,Higher education,Single / not married,House / apartment,-7772,-17,1,1,1,0,Medicine staff,1.0
5008904,M,N,N,0,196000.0,State servant,Higher education,Married,House / apartment,-16620,-9132,1,0,0,0,,2.0
5008905,F,N,Y,0,269800.0,Working,Secondary / secondary special,Single / not married,Rented apartment,-22939,-10186,1,0,0,0,Security staff,1.0
5008906,M,N,N,0,394000.0,Commercial associate,Secondary / secondary special,Single / not married,Rented apartment,-11100,-1960,1,0,0,0,,1.0
5008907,F,Y,Y,0,132400.0,Commercial associate,Higher education,Married,With parents,-14996,-103,1,0,0,0,Laborers,2.0
5008908,F,Y,N,1,212100.0,Working,Secondary / secondary special,Married,House / apartment,-11988,-3158,1,0,0,0,,3.0
5008909,M,Y,Y,1,230100.0,Working,Secondary / secondary special,Married,House / apartment,-7549,-43,1,0,1,0,Laborers,3.0
5008910,F,Y,Y,0,188800.0,Working,Higher education,Married,House / apartment,-23714,-62,1,0,0,0,,2.0
5008911,F,Y,Y,0,382800.0,Commercial associate,Secondary / secondary special,Married,House / apartment,-9771,-3042,1,1,1,0,,2.0
5008912,M,N,Y,0,170300.0,Working,Secondary / secondary special,Married,House / apartment,-21308,-8036,1,0,0,0,Core staff,2.0
5008913,M,N,Y,0,184900.0,Working,Secondary / secondary special,Married,House / apartment,-13635,-5531,1,0,0,0,Medicine staff,2.0
5008914,M,N,Y,1,171200.0,State servant,Higher education,Married,House / apartment,-12376,-1173,1,0,1,0,Managers,3.0
5008915,M,N,Y,1,421500.0,Working,Secondary / secondary special,Married,House / apartment,-24491,-14047,1,0,0,0,,3.0
5008916,F,N,N,2,190800.0,Working,Higher education,Married,House / apartment,-19307,-8,1,0,0,0,Laborers,4.0
5008917,F,N,Y,0,307300.0,Working,Secondary / secondary special,Married,House / apartment,-19850,-13273,1,0,0,0,Sales staff,2.0
5008918,F,Y,Y,0,655600.0,Working,Higher education,Married,House / apartment,-21178,-12140,1,1,0,0,Accountants,2.0
5008919,F,N,Y,1,235200.0,Student,Higher education,Married,House / apartment,-13531,-4959,1,1,0,0,Laborers,3.0
5008920,F,N,Y,0,425700.0,Working,Secondary / secondary special,Single / not married,House / apartment,-17599,-1017,1,0,0,0,,1.0
5008921,M,N,Y,1,563100.0,Working,Secondary / secondary special,Single / not married,House / apartment,-12240,-4620,1,0,0,0,Sales staff,2.0
5008922,F,N,Y,0,408000.0,Pensioner,Secondary / secondary special,Married,House / apartment,-22546,365243,1,0,1,0,,2.0
5008923,F,Y,N,0,242100.0,Commercial associate,Secondary / secondary special,Married,House / apartment,-18250,-3468,1,0,0,0,,2.0
5008924,F,Y,Y,0,336600.0,Working,Secondary / secondary special,Civil marriage,House / apartment,-11750,-4423,1,0,0,0,,2.0
5008925,F,N,Y,0,128300.0,Pensioner,Higher education,Married,House / apartment,-23737,365243,1,0,0,0,,2.0
5008926,M,Y,N,0,165300.0,Commercial associate,Secondary / secondary special,Married,House / apartment,-17913,-7443,1,0,0,0,Laborers,2.0
5008927,M,N,N,0,180400.0,Working,Secondary / secondary special,Single / not married,House / apartment,-16345,-4430,1,0,0,0,Sales staff,1.0
5008928,M,N,Y,0,748500.0,Commercial associate,Secondary / secondary special,Married,House / apartment,-7935,-319,1,0,0,0,,2.0
5008929,F,N,N,0,162600.0,Pensioner,Secondary / secondary special,Married,House / apartment,-23920,365243,1,0,0,0,,2.0
5008930,F,N,Y,0,161400.0,Working,Secondary / secondary special,Widow,House / apartment,-24696,-4381,1,0,0,0,,1.0
5008931,F,Y,N,0,144900.0,Commercial associate,Incomplete higher,Married,House / apartment,-17579,-3127,1,1,0,0,,2.0
5008932,M,Y,Y,1,323000.0,State servant,Secondary / secondary special,Separated,House / apartment,-15386,-7432,1,0,0,0,Laborers,2.0
5008933,F,N,Y,0,262200.0,Commercial associate,Higher education,Married,House / apartment,-13872,-1307,1,0,0,0,Managers,2.0
5008934,F,N,N,0,420400.0,Working,Higher education,Married,House / apartment,-12200,-1519,1,0,1,0,Sales staff,2.0
5008935,M,N,Y,3,341500.0,Working,Higher education,Married,Rented apartment,-17797,-10508,1,0,0,0,,5.0
5008936,M,Y,Y,2,122400.0,Commercial associate,Secondary / secondary special,Single / not married,House / apartment,-9644,-282,1,0,0,0,Private service staff,3.0
5008937,M,Y,Y,0,163100.0,Working,Secondary / secondary special,Married,With parents,-24091,-14814,1,0,0,0,High skill tech staff,2.0
5008938,F,N,Y,1,483200.0,State servant,Secondary / secondary special,Married,House / apartment,-10518,-943,1,0,0,0,,3.0
5008939,M,Y,Y,0,220500.0,Working,Secondary / secondary special,Single / not married,House / apartment,-20920,-7819,1,0,1,0,Core staff,1.0
5008940,F,N,Y,0,442100.0,Working,Lower secondary,Married,House / apartment,-12910,-6015,1,0,0,0,,2.0
5008941,F,Y,Y,0,226500.0,Commercial associate,Secondary / secondary special,Married,House / apartment,-11434,-1784,1,0,0,0,Core staff,2.0
5008942,F,N,Y,0,150500.0,Working,Secondary / secondary special,Married,House / apartment,-17493,-6887,1,0,0,0,,2.0
5008943,F,N,Y,1,209800.0,Working,Secondary / secondary special,Married,House / apartment,-21278,-976,1,0,0,0,Laborers,3.0
5008944,F,N,Y,1,150500.0,Working,Secondary / secondary special,Civil marriage,House / apartment,-20577,-13976,1,0,0,0,Laborers,3.0
5008945,M,Y,Y,3,184000.0,Commercial associate,Secondary / secondary special,Married,House / apartment,-11574,-3723,1,0,0,0,Core staff,5.0
5008946,F,N,N,1,269900.0,Pensioner,Secondary / secondary special,Married,House / apartment,-13341,365243,1,0,0,0,,3.0
5008947,M,N,Y,0,315300.0,Commercial associate,Higher education,Married,House / apartment,-23172,-6136,1,0,0,0,Core staff,2.0
5008948,M,N,Y,0,110200.0,Working,Secondary / secondary special,Married,House / apartment,-20513,-772,1,0,0,0,,2.0
5008949,M,N,N,4,242000.0,Working,Secondary / secondary special,Married,House / apartment,-20321,-11025,1,0,1,0,Sales staff,6.0
5008950,F,N,N,1,182100.0,Pensioner,Secondary / secondary special,Married,House / apartment,-12216,365243,1,1,0,0,,3.0
5008951,F,N,Y,1,176500.0,State servant,Secondary / secondary special,Widow,House / apartment,-21769,-7965,1,0,0,1,Core staff,2.0
5008952,M,N,N,2,260900.0,Working,Secondary / secondary special,Single / not married,House / apartment,-13851,-5358,1,0,1,0,Laborers,3.0
5008953,M,Y,Y,0,185400.0,Commercial associate,Higher education,Married,House / apartment,-14635,-544,1,0,1,0,Managers,2.0
5008954,F,Y,N,1,487300.0,Working,Secondary / secondary special,Married,House / apartment,-12557,-769,1,1,1,0,Laborers,3.0
5008955,M,Y,Y,1,442200.0,Working,Secondary / secondary special,Married,House / apartment,-9522,-192,1,0,0,0,Drivers,3.0
5008956,M,N,Y,2,440800.0,Pensioner,Incomplete higher,Married,House / apartment,-14982,365243,1,0,0,0,,4.0
5008957,F,N,Y,0,190600.0,Working,Higher education,Married,House / apartment,-7614,-944,1,0,0,0,Laborers,2.0
5008958,F,N,N,0,150900.0,Commercial associate,Secondary / secondary special,Married,House / apartment,-15631,-4397,1,0,1,0,Managers,2.0
5008959,M,Y,Y,0,254400.0,Working,Secondary / secondary special,Married,House / apartment,-20545,-13761,1,0,0,0,Laborers,2.0
5008960,F,Y,Y,0,226500.0,Working,Higher education,Married,House / apartment,-24851,-12206,1,1,0,0,,2.0
5008961,F,N,Y,0,180100.0,Commercial associate,Secondary / secondary special,Separated,House / apartment,-8741,-1087,1,0,1,0,Managers,1.0
5008962,M,N,N,0,135600.0,Working,Secondary / secondary special,Married,House / apartment,-12442,-940,1,0,1,0,Drivers,2.0
5008963,F,Y,N,0,239100.0,Commercial associate,Secondary / secondary special,Married,House / apartment,-16329,-695,1,0,0,0,Laborers,2.0
5008964,F,N,Y,0,199500.0,Working,Secondary / secondary special,Married,House / apartment,-10417,-2652,1,1,0,0,,2.0
5008965,F,Y,Y,0,344400.0,Commercial associate,Secondary / secondary special,Married,House / apartment,-9439,-1588,1,0,0,0,,2.0
5008966,F,Y,Y,0,340400.0,Working,Secondary / secondary special,Widow,House / apartment,-15565,365243,1,0,0,0,,1.0
5008967,F,N,Y,0,423300.0,Commercial associate,Secondary / secondary special,Married,House / apartment,-17911,-9555,1,0,1,0,,2.0
5008968,M,Y,N,0,130100.0,Commercial associate,Higher education,Separated,House / apartment,-22284,-14330,1,0,0,0,Laborers,1.0
5008969,F,N,Y,0,298300.0,State servant,Secondary / secondary special,Married,House / apartment,-25527,-2936,1,0,0,0,Laborers,2.0
5008970,M,Y,Y,0,169700.0,Pensioner,Secondary / secondary special,Married,House / apartment,-21445,365243,1,0,1,1,,2.0
5008971,M,Y,Y,0,132600.0,Working,Secondary / secondary special,Married,House / apartment,-11347,-2996,1,0,0,1,Laborers,2.0
5008972,M,Y,Y,0,197000.0,Working,Secondary / secondary special,Civil marriage,With parents,-20965,-12270,1,0,0,0,,2.0
5008973,F,N,Y,1,416600.0,Commercial associate,Secondary / secondary special,Married,House / apartment,-17115,-7750,1,0,0,0,,3.0
5008974,F,N,Y,0,202700.0,Commercial associate,Higher education,Widow,House / apartment,-15538,-6915,1,0,1,0,Sales staff,1.0
5008975,M,N,Y,0,534000.0,Working,Secondary / secondary special,Married,House / apartment,-24394,-1427,1,0,0,0,,2.0
5008976,F,Y,Y,1,321200.0,Working,Secondary / secondary special,Married,House / apartment,-20127,-12738,1,1,1,0,Managers,3.0
5008977,M,Y,Y,0,200500.0,Commercial associate,Higher education,Married,House / apartment,-19754,-6224,1,1,0,1,Laborers,2.0
5008978,F,N,Y,2,436000.0,Pensioner,Higher education,Married,House / apartment,-7520,365243,1,1,1,0,,4.0
5008979,M,N,Y,1,305000.0,Pensioner,Secondary / secondary special,Married,House / apartment,-23103,365243,1,0,0,0,,3.0
5008980,F,N,N,0,153200.0,Working,Secondary / secondary special,Civil marriage,House / apartment,-21793,-1313,1,1,0,0,,2.0
5008981,F,Y,Y,0,618400.0,Working,Secondary / secondary special,Married,House / apartment,-12764,-1774,1,0,0,1,Sales staff,2.0
5008982,F,N,Y,0,278000.0,Working,Secondary / secondary special,Married,House / apartment,-12640,-5304,1,1,1,0,Laborers,2.0
5008983,M,N,N,0,246400.0,Working,Secondary / secondary special,Married,House / apartment,-8282,-1113,1,0,0,1,,2.0
5008984,M,Y,Y,0,159200.0,Commercial associate,Secondary / secondary special,Married,House / apartment,-8234,-1444,1,0,0,0,Drivers,2.0
5008985,M,N,Y,0,440300.0,Pensioner,Higher education,Married,House / apartment,-19515,365243,1,0,1,0,,2.0
5008986,F,Y,Y,1,316200.0,Working,Higher education,Married,House / apartment,-10706,-374,1,1,0,0,Core staff,3.0
5008987,F,N,Y,0,334400.0,Working,Secondary / secondary special,Single / not married,House / apartment,-24171,-14557,1,0,1,0,,1.0
5008988,M,N,Y,0,189400.0,Working,Secondary / secondary special,Married,House / apartment,-22689,-14589,1,1,0,0,HR staff,2.0
5008989,F,N,Y,0,370500.0,State servant,Higher education,Single / not married,House / apartment,-13677,-6940,1,0,0,0,Laborers,1.0
5008990,F,N,N,0,385100.0,Working,Secondary / secondary special,Married,House / apartment,-14246,-385,1,0,1,0,,2.0
5008991,F,Y,N,0,174700.0,Working,Secondary / secondary special,Married,House / apartment,-13282,-740,1,0,0,0,Accountants,2.0
5008992,F,N,Y,0,120200.0,Commercial associate,Secondary / secondary special,Married,House / apartment,-8992,-2177,1,0,1,0,Laborers,2.0
5008993,M,Y,Y,0,326500.0,Commercial associate,Secondary / secondary special,Single / not married,House / apartment,-7879,-792,1,0,0,0,Sales staff,1.0
5008994,M,Y,Y,2,111200.0,Pensioner,Secondary / secondary special,Single / not married,House / apartment,-15562,365243,1,1,0,0,,3.0
5008995,F,N,Y,0,263400.0,Working,Lower secondary,Married,House / apartment,-24527,-17845,1,1,0,0,Sales staff,2.0
5008996,F,N,Y,0,195200.0,Working,Secondary / secondary special,Married,House / apartment,-24056,-16214,1,0,0,0,,2.0
5008997,F,N,N,0,449000.0,Working,Secondary / secondary special,Married,House / apartment,-22095,-4493,1,1,0,0,Managers,2.0
5008998,M,Y,Y,0,200600.0,Pensioner,Secondary / secondary special,Civil marriage,House / apartment,-18785,365243,1,0,0,0,,2.0
5008999,M,N,N,0,424700.0,Pensioner,Higher education,Single / not married,House / apartment,-22942,365243,1,0,0,0,,1.0
5009000,F,N,N,1,188800.0,Pensioner,Higher education,Married,With parents,-16711,365243,1,0,1,1,,3.0
5009001,F,Y,N,2,402500.0,Working,Secondary / secondary special,Married,House / apartment,-10595,365243,1,0,0,0,,4.0
5009002,F,Y,Y,0,683900.0,Pensioner,Higher education,Single / not married,House / apartment,-19800,365243,1,0,1,0,,1.0
5009003,F,Y,Y,0,143100.0,Working,Secondary / secondary special,Married,House / apartment,-24118,-15112,1,0,1,0,,2.0
5009004,F,Y,Y,0,282500.0,Working,Secondary / secondary special,Married,House / apartment,-7663,-657,1,0,1,1,Laborers,2.0
5009005,M,N,Y,0,965000.0,Working,Secondary / secondary special,Married,House / apartment,-11897,-573,1,0,0,0,Sales staff,2.0
5009006,M,N,Y,0,252400.0,Commercial associate,Secondary / secondary special,Married,House / apartment,-12153,-2351,1,0,1,0,,2.0
5009007,F,N,Y,0,251800.0,Working,Secondary / secondary special,Widow,House / apartment,-9114,-2300,1,0,0,0,Medicine staff,1.0
5009008,F,N,Y,0,362100.0,Pensioner,Secondary / secondary special,Separated,House / apartment,-11423,365243,1,0,0,0,,1.0
5009009,M,Y,Y,0,249200.0,Commercial associate,Secondary / secondary special,Married,House / apartment,-14317,-4390,1,0,1,0,Core staff,2.0
5009010,M,N,N,1,104000.0,Working,Secondary / secondary special,Married,House / apartment,-24469,-13157,1,0,0,1,High skill tech staff,3.0
5009011,F,N,Y,1,430000.0,Commercial associate,Secondary / secondary special,Single / not married,House / apartment,-23016,-10282,1,0,0,0,,2.0
5009012,M,N,Y,0,89700.0,Working,Secondary / secondary special,Married,House / apartment,-24581,-14843,1,0,0,0,Core staff,2.0
5009013,M,Y,Y,0,198200.0,Working,Secondary / secondary special,Married,With parents,-9507,-2800,1,1,0,0,Laborers,2.0
5009014,F,N,N,2,446500.0,Commercial associate,Secondary / secondary special,Married,House / apartment,-7817,-660,1,0,0,0,Laborers,4.0
5009015,F,Y,Y,0,204300.0,Pensioner,Higher education,Married,House / apartment,-9312,365243,1,0,1,0,,2.0
5009016,F,Y,Y,1,172600.0,Working,Higher education,Married,With parents,-24002,-5280,1,0,0,0,Core staff,3.0
5009017,M,N,Y,0,378900.0,Pensioner,Secondary / secondary special,Married,House / apartment,-10181,365243,1,0,0,0,,2.0
5009018,F,Y,N,0,159500.0,Pensioner,Secondary / secondary special,Married,House / apartment,-17763,365243,1,0,0,0,,2.0
5009019,M,N,N,0,132500.0,Working,Secondary / secondary special,Civil marriage,House / apartment,-11461,-3651,1,0,0,0,Cooking staff,2.0
5009020,M,N,Y,1,280000.0,Working,Higher education,Separated,With parents,-7682,365243,1,0,0,1,,2.0
5009021,F,N,Y,0,222800.0,Commercial associate,Secondary / secondary special,Single / not married,House / apartment,-8850,-1267,1,0,0,0,Low-skill Laborers,1.0
5009022,F,Y,Y,0,131100.0,Working,Higher education,Married,House / apartment,-20268,-1075,1,0,0,0,High skill tech staff,2.0
5009023,F,Y,Y,0,335700.0,Pensioner,Secondary / secondary special,Married,House / apartment,-10635,365243,1,0,0,0,,2.0
5009024,F,Y,Y,1,308000.0,Pensioner,Higher education,Single / not married,House / apartment,-11490,365243,1,0,0,1,,2.0
5009025,F,N,N,2,203900.0,Working,Secondary / secondary special,Separated,House / apartment,-14195,-4860,1,0,0,1,Drivers,3.0
5009026,M,Y,N,3,211000.0,State servant,Incomplete higher,Married,House / apartment,-19308,-4541,1,1,1,0,Core staff,5.0
5009027,F,Y,Y,2,308900.0,Working,Secondary / secondary special,Married,House / apartment,-15877,-2050,1,0,0,1,Laborers,4.0
5009028,M,Y,Y,0,442700.0,Pensioner,Higher education,Married,House / apartment,-24556,365243,1,1,0,0,,2.0
5009029,M,Y,Y,0,211900.0,Working,Secondary / secondary special,Married,House / apartment,-15234,-1599,1,0,1,0,Sales staff,2.0
5009030,F,N,N,0,338700.0,Pensioner,Secondary / secondary special,Married,House / apartment,-10942,365243,1,0,0,0,,2.0
5009031,F,N,N,0,323900.0,Working,Higher education,Separated,House / apartment,-17096,-32,1,0,1,1,Cooking staff,1.0
5009032,F,Y,Y,1,378900.0,Commercial associate,Higher education,Married,House / apartment,-15539,-1139,1,1,0,0,,3.0
5009033,F,N,Y,1,249000.0,Working,Secondary / secondary special,Married,House / apartment,-21680,-5041,1,0,0,0,Cleaning staff,3.0
5009034,F,N,Y,0,154700.0,Working,Secondary / secondary special,Separated,Municipal apartment,-24383,-1976,1,0,0,0,Accountants,1.0
5009035,F,N,Y,0,193700.0,Working,Higher education,Married,House / apartment,-22578,-14583,1,0,0,0,,2.0
5009036,F,N,N,2,289800.0,Pensioner,Higher education,Civil marriage,House / apartment,-14410,365243,1,0,0,0,,4.0
5009037,F,N,Y,0,606000.0,Working,Secondary / secondary special,Married,House / apartment,-11252,-1179,1,0,0,0,,2.0
5009038,M,N,N,0,191700.0,Commercial associate,Secondary / secondary special,Separated,House / apartment,-24006,-11607,1,0,0,0,,1.0
5009039,F,Y,Y,0,365100.0,Pensioner,Higher education,Married,House / apartment,-14353,365243,1,0,0,0,,2.0
5009040,M,N,N,0,207200.0,Pensioner,Secondary / secondary special,Widow,House / apartment,-21371,365243,1,1,0,0,,1.0
5009041,M,N,Y,0,258000.0,Working,Higher education,Married,House / apartment,-25376,-9977,1,0,1,0,Drivers,2.0
5009042,F,Y,N,0,520800.0,Pensioner,Higher education,Married,House / apartment,-17851,365243,1,1,1,0,,2.0
5009043,M,Y,Y,0,357800.0,Working,Higher education,Married,House / apartment,-16069,-4929,1,0,0,0,Low-skill Laborers,2.0
5009044,F,N,Y,3,131200.0,Commercial associate,Higher education,Married,House / apartment,-20086,-4701,1,0,0,0,,5.0
5009045,F,N,Y,0,183400.0,Commercial associate,Incomplete higher,Married,House / apartment,-10847,-3157,1,0,1,0,Managers,2.0
5009046,F,N,Y,0,457500.0,Working,Higher education,Widow,House / apartment,-16221,-3615,1,0,1,0,Sales staff,1.0
5009047,F,N,Y,2,262100.0,Working,Higher education,Married,House / apartment,-13009,-6162,1,1,0,0,,4.0
5009048,M,N,Y,0,137500.0,Working,Secondary / secondary special,Married,House / apartment,-10304,-1521,1,0,0,0,Core staff,2.0
5009049,F,N,N,0,162100.0,Working,Secondary / secondary special,Married,Office apartment,-18448,-7234,1,0,0,0,,2.0
5009050,F,N,Y,1,347000.0,Pensioner,Secondary / secondary special,Civil marriage,House / apartment,-17819,365243,1,0,0,0,,3.0
5009051,F,N,N,0,401400.0,Working,Secondary / secondary special,Married,House / apartment,-21206,-10435,1,1,1,0,Sales staff,2.0
5009052,F,N,N,1,246300.0,State servant,Secondary / secondary special,Widow,With parents,-23248,-11128,1,0,0,0,Laborers,2.0
5009053,F,N,Y,0,841700.0,Working,Secondary / secondary special,Married,House / apartment,-11330,-2307,1,0,0,0,,2.0
5009054,M,Y,Y,0,368600.0,State servant,Secondary / secondary special,Married,House / apartment,-21544,-6700,1,1,1,0,Managers,2.0
5009055,F,N,Y,0,216100.0,Commercial associate,Higher education,Married,Office apartment,-14014,-3134,1,0,0,0,Sales staff,2.0
5009056,F,N,Y,0,162400.0,Pensioner,Higher education,Single / not married,House / apartment,-18789,365243,1,1,0,0,,1.0
5009057,M,Y,Y,1,149900.0,Working,Higher education,Married,House / apartment,-22833,365243,1,0,1,0,,3.0
5009058,M,N,N,0,288700.0,Commercial associate,Secondary / secondary special,Single / not married,House / apartment,-11984,-367,1,1,1,0,,1.0
5009059,F,N,Y,2,191200.0,Working,Secondary / secondary special,Married,House / apartment,-18280,-9174,1,0,0,1,Laborers,4.0
5009060,F,Y,Y,1,563700.0,Working,Secondary / secondary special,Married,House / apartment,-16077,-288,1,1,0,0,,3.0
5009061,F,N,Y,0,508200.0,Commercial associate,Secondary / secondary special,Separated,House / apartment,-21743,-13704,1,0,0,1,Laborers,1.0
5009062,F,N,N,1,335000.0,Commercial associate,Secondary / secondary special,Married,House / apartment,-20038,-9022,1,0,1,0,High skill tech staff,3.0
5009063,M,N,Y,0,135400.0,Working,Secondary / secondary special,Married,House / apartment,-21360,-6622,1,0,1,0,Laborers,2.0
5009064,F,Y,Y,0,174400.0,Commercial associate,Secondary / secondary special,Single / not married,House / apartment,-12564,-1362,1,0,0,0,Managers,1.0
5009065,F,N,Y,1,457400.0,Commercial associate,Secondary / secondary special,Married,House / apartment,-20168,-4103,1,1,0,1,,3.0
5009066,M,N,Y,0,184200.0,Working,Secondary / secondary special,Married,House / apartment,-18369,-6197,1,0,0,0,Drivers,2.0
5009067,F,Y,N,0,427900.0,Working,Secondary / secondary special,Married,House / apartment,-15645,-6229,1,0,0,0,Sales staff,2.0
5009068,F,N,N,0,309500.0,Commercial associate,Secondary / secondary special,Widow,House / apartment,-14215,-1129,1,0,0,0,,1.0
5009069,F,N,Y,0,250500.0,Working,Secondary / secondary special,Civil marriage,House / apartment,-13361,-929,1,0,0,0,Managers,2.0
5009070,F,Y,Y,0,171800.0,Pensioner,Secondary / secondary special,Married,House / apartment,-7482,365243,1,0,0,0,,2.0
5009071,F,N,Y,0,232900.0,Commercial associate,Secondary / secondary special,Married,House / apartment,-10402,-1197,1,0,1,0,Managers,2.0
5009072,F,N,Y,0,268400.0,Pensioner,Secondary / secondary special,Married,Co-op apartment,-8382,365243,1,0,0,0,,2.0
5009073,M,Y,Y,0,409100.0,Working,Lower secondary,Civil marriage,House / apartment,-22798,-930,1,1,0,0,Laborers,2.0
5009074,F,Y,Y,0,156800.0,Pensioner,Secondary / secondary special,Married,House / apartment,-23012,365243,1,0,0,0,,2.0
5009075,F,Y,Y,0,214100.0,Working,Secondary / secondary special,Single / not married,House / apartment,-22759,-4902,1,0,0,0,Drivers,1.0
5009076,F,Y,N,0,249700.0,Working,Higher education,Married,House / apartment,-22242,-11953,1,0,0,0,Laborers,2.0
5009077,F,N,Y,1,340000.0,Working,Secondary / secondary special,Married,House / apartment,-11347,-1967,1,0,1,0,,3.0
5009078,F,N,N,0,155000.0,Pensioner,Secondary / secondary special,Married,House / apartment,-16286,365243,1,1,1,0,,2.0
5009079,F,Y,Y,0,126400.0,Commercial associate,Secondary / secondary special,Married,House / apartment,-23884,-3696,1,1,1,0,High skill tech staff,2.0
5009080,F,Y,Y,0,342000.0,Working,Secondary / secondary special,Single / not married,House / apartment,-21181,-11482,1,0,0,0,,1.0
5009081,F,Y,N,0,114300.0,Working,Secondary / secondary special,Single / not married,House / apartment,-7338,-160,1,0,0,0,,1.0
5009082,F,N,Y,0,464100.0,Working,Secondary / secondary special,Married,House / apartment,-15695,-7836,1,0,1,0,Laborers,2.0
5009083,F,Y,Y,2,225800.0,Working,Higher education,Married,House / apartment,-7500,-254,1,0,0,0,Managers,4.0
5009084,F,N,Y,2,112600.0,Commercial associate,Secondary / secondary special,Civil marriage,House / apartment,-12431,-609,1,0,1,1,Sales staff,4.0
5009085,M,N,Y,1,192000.0,Commercial associate,Higher education,Single / not married,House / apartment,-15263,-3730,1,0,1,0,Cleaning staff,2.0
5009086,F,Y,N,2,295100.0,State servant,Higher education,Married,House / apartment,-23612,-4562,1,0,0,0,Laborers,4.0
5009087,M,N,N,0,187000.0,State servant,Lower secondary,Married,House / apartment,-19256,-9995,1,1,0,0,,2.0
5009088,F,N,Y,0,246600.0,Commercial associate,Higher education,Civil marriage,House / apartment,-13925,-1964,1,0,0,0,Sales staff,2.0
5009089,M,N,Y,1,353500.0,Working,Secondary / secondary special,Married,House / apartment,-16266,-7037,1,1,0,0,Cooking staff,3.0
5009090,F,N,Y,0,220700.0,Working,Secondary / secondary special,Civil marriage,House / apartment,-22233,-13308,1,0,1,0,Sales staff,2.0
5009091,F,Y,Y,1,152800.0,Working,Secondary / secondary special,Single / not married,House / apartment,-12777,-4294,1,0,0,1,,2.0
5009092,M,Y,Y,1,210200.0,Working,Higher education,Single / not married,House / apartment,-18537,-9681,1,0,0,0,Managers,2.0
5009093,F,N,Y,4,495300.0,Commercial associate,Secondary / secondary special,Widow,House / apartment,-12094,-2157,1,1,1,0,,5.0
5009094,M,Y,Y,0,566900.0,State servant,Secondary / secondary special,Single / not married,House / apartment,-16070,-4961,1,0,0,0,Core staff,1.0
5009095,M,Y,Y,1,88900.0,Pensioner,Higher education,Married,House / apartment,-7755,365243,1,0,1,0,,3.0
5009096,F,Y,Y,0,421200.0,Working,Secondary / secondary special,Married,House / apartment,-22870,-828,1,0,0,0,,2.0
5009097,F,Y,Y,0,276700.0,Working,Secondary / secondary special,Married,House / apartment,-8188,-1314,1,0,1,0,,2.0
5009098,M,N,Y,0,387500.0,Pensioner,Secondary / secondary special,Married,House / apartment,-11402,365243,1,1,0,0,,2.0
5009099,F,Y,N,1,185400.0,Pensioner,Secondary / secondary special,Married,House / apartment,-13396,365243,1,1,0,0,,3.0
5009100,F,N,N,2,100800.0,Working,Secondary / secondary special,Married,House / apartment,-18722,-6885,1,0,0,0,Sales staff,4.0
5009101,M,N,Y,0,327000.0,Commercial associate,Secondary / secondary special,Married,House / apartment,-20455,-1867,1,1,0,0,Laborers,2.0
5009102,F,N,Y,0,152500.0,Commercial associate,Higher education,Married,House / apartment,-8774,-675,1,0,0,0,Sales staff,2.0
5009103,M,Y,N,0,121900.0,Working,Secondary / secondary special,Civil marriage,House / apartment,-8099,365243,1,0,0,0,,2.0
5009104,M,N,N,3,126300.0,Working,Secondary / secondary special,Single / not married,House / apartment,-21897,-2462,1,0,1,0,,4.0
5009105,F,Y,N,0,329700.0,Pensioner,Higher education,Separated,House / apartment,-20311,365243,1,1,1,0,,1.0
5009106,F,N,Y,0,261800.0,Commercial associate,Secondary / secondary special,Married,House / apartment,-22491,-6605,1,1,1,0,Security staff,2.0
5009107,F,N,N,0,361000.0,Working,Secondary / secondary special,Married,House / apartment,-19660,-3843,1,0,1,0,Medicine staff,2.0
5009108,F,N,Y,0,341100.0,Commercial associate,Secondary / secondary special,Married,With parents,-21020,-1907,1,0,0,0,,2.0
5009109,F,N,N,0,197800.0,Commercial associate,Secondary / secondary special,Married,House / apartment,-14227,-882,1,0,0,0,Sales staff,2.0
5009110,F,N,N,0,235700.0,Pensioner,Secondary / secondary special,Married,House / apartment,-18083,365243,1,1,0,0,,2.0
5009111,M,Y,Y,2,189000.0,Working,Secondary / secondary special,Married,House / apartment,-22013,-8940,1,0,0,1,Medicine staff,4.0
5009112,F,N,N,1,219800.0,State servant,Secondary / secondary special,Married,House / apartment,-10448,-1329,1,1,1,1,Managers,3.0
5009113,M,N,Y,0,150500.0,Working,Secondary / secondary special,Single / not married,House / apartment,-15027,-7541,1,0,1,0,,1.0
5009114,F,Y,N,3,296800.0,Commercial associate,Secondary / secondary special,Single / not married,House / apartment,-20828,-4970,1,0,1,0,Sales staff,4.0
5009115,M,N,Y,0,417900.0,Commercial associate,Higher education,Married,House / apartment,-17032,-8075,1,0,1,0,Sales staff,2.0
5009116,M,N,N,0,162300.0,Working,Higher education,Married,House / apartment,-19754,-5047,1,0,0,0,Laborers,2.0
5009117,F,N,Y,0,463300.0,Working,Secondary / secondary special,Married,House / apartment,-12654,-3629,1,0,1,0,Core staff,2.0
5009118,F,N,N,0,258400.0,Pensioner,Secondary / secondary special,Married,House / apartment,-7896,365243,1,0,0,0,,2.0
5009119,F,N,Y,1,275400.0,Commercial associate,Higher education,Separated,House / apartment,-7837,-395,1,0,1,0,Low-skill Laborers,2.0
5009120,F,Y,Y,0,104400.0,Working,Secondary / secondary special,Civil marriage,House / apartment,-24523,-8675,1,0,0,0,Sales staff,2.0
5009121,M,N,Y,0,98900.0,Working,Lower secondary,Married,House / apartment,-24555,-2696,1,0,0,0,Laborers,2.0
5009122,M,Y,N,1,262400.0,Working,Secondary / secondary special,Married,House / apartment,-11164,-612,1,0,0,0,Laborers,3.0
5009123,M,N,Y,0,362300.0,Working,Higher education,Married,House / apartment,-9998,-1503,1,0,0,0,Core staff,2.0
5009124,F,Y,Y,1,174500.0,State servant,Secondary / secondary special,Married,House / apartment,-7636,-1042,1,0,0,0,Core staff,3.0
5009125,F,Y,Y,1,562700.0,Pensioner,Secondary / secondary special,Separated,House / apartment,-11528,365243,1,0,0,0,,2.0
5009126,F,N,N,0,352500.0,State servant,Incomplete higher,Single / not married,House / apartment,-13411,-3308,1,0,1,0,IT staff,1.0
5009127,M,N,Y,1,155000.0,Working,Incomplete higher,Married,House / apartment,-11711,-3604,1,1,1,0,,3.0
5009128,F,Y,Y,0,247900.0,Commercial associate,Secondary / secondary special,Married,House / apartment,-21867,-9917,1,1,0,0,Core staff,2.0
5009129,F,N,Y,0,842300.0,Working,Higher education,Single / not married,House / apartment,-20991,-8139,1,0,1,0,,1.0
5009130,F,Y,Y,0,131200.0,Pensioner,Secondary / secondary special,Married,House / apartment,-8785,365243,1,0,1,0,,2.0
5009131,F,Y,Y,0,317900.0,Working,Secondary / secondary special,Married,House / apartment,-20040,-5041,1,1,0,0,IT staff,2.0
5009132,F,N,Y,2,207800.0,Working,Secondary / secondary special,Married,House / apartment,-16812,-3929,1,0,0,0,Laborers,4.0
5009133,M,N,N,0,347600.0,Commercial associate,Secondary / secondary special,Married,Municipal apartment,-9719,-1557,1,0,1,0,Medicine staff,2.0
5009134,F,Y,N,0,460100.0,Working,Higher education,Married,House / apartment,-20811,-3172,1,0,1,0,Core staff,2.0
5009135,F,Y,Y,2,201300.0,Commercial associate,Secondary / secondary special,Married,House / apartment,-8876,-877,1,0,0,0,Laborers,4.0
5009136,M,Y,Y,0,427200.0,Commercial associate,Secondary / secondary special,Married,House / apartment,-10540,-1559,1,0,0,0,Laborers,2.0
5009137,M,Y,Y,0,741200.0,Commercial associate,Secondary / secondary special,Married,House / apartment,-10030,-3000,1,0,1,0,Core staff,2.0
5009138,M,N,Y,0,252400.0,State servant,Secondary / secondary special,Married,House / apartment,-24454,-8897,1,0,0,0,Core staff,2.0
5009139,M,N,N,1,361500.0,Working,Secondary / secondary special,Single / not married,House / apartment,-20055,-1757,1,0,0,1,Waiters/barmen staff,2.0
5009140,F,Y,Y,0,181700.0,Working,Secondary / secondary special,Married,House / apartment,-14816,-3983,1,0,0,0,,2.0
5009141,F,N,Y,0,246500.0,Pensioner,Higher education,Single / not married,House / apartment,-22321,365243,1,0,0,0,,1.0
5009142,F,N,Y,0,223500.0,Commercial associate,Secondary / secondary special,Married,House / apartment,-11249,-3830,1,1,0,0,Core staff,2.0
5009143,M,Y,N,0,363600.0,Working,Secondary / secondary special,Married,House / apartment,-24309,-10722,1,0,0,0,Laborers,2.0
5009144,F,N,Y,1,445900.0,Pensioner,Secondary / secondary special,Single / not married,House / apartment,-20034,365243,1,0,0,0,,2.0
5009145,F,N,Y,0,231100.0,Working,Secondary / secondary special,Married,House / apartment,-17524,-9753,1,0,0,0,Laborers,2.0
5009146,M,Y,Y,0,525600.0,Working,Secondary / secondary special,Married,Rented apartment,-21817,-6355,1,0,0,0,,2.0
5009147,F,Y,N,0,524700.0,Working,Secondary / secondary special,Married,House / apartment,-19080,-2917,1,1,1,0,Core staff,2.0
5009148,F,N,N,1,372800.0,Working,Secondary / secondary special,Married,House / apartment,-23506,-5786,1,0,1,0,,3.0
5009149,F,N,Y,1,188600.0,Working,Higher education,Civil marriage,House / apartment,-22447,-14149,1,0,1,0,,3.0
5009150,F,Y,Y,0,179800.0,Working,Secondary / secondary special,Married,House / apartment,-10918,-4137,1,0,0,1,Managers,2.0
5009151,M,Y,N,0,162600.0,Working,Higher education,Married,House / apartment,-11682,-772,1,0,0,0,,2.0
5009152,F,N,Y,0,392400.0,Working,Secondary / secondary special,Married,House / apartment,-8494,-947,1,1,0,1,Cleaning staff,2.0
5009153,F,N,Y,0,133200.0,Working,Secondary / secondary special,Married,Municipal apartment,-11326,-3479,1,0,1,0,Sales staff,2.0
5009154,F,N,Y,0,342500.0,Commercial associate,Secondary / secondary special,Single / not married,House / apartment,-13578,-4585,1,1,0,0,Sales staff,1.0
5009155,F,N,Y,0,142200.0,Working,Secondary / secondary special,Married,House / apartment,-7831,-151,1,0,0,0,Laborers,2.0
5009156,F,Y,Y,0,368500.0,Working,Secondary / secondary special,Married,House / apartment,-13057,-1173,1,0,0,1,Laborers,2.0
5009157,M,N,N,2,246200.0,Working,Incomplete higher,Married,House / apartment,-21395,-7867,1,1,0,0,,4.0
5009158,M,N,Y,0,475600.0,Working,Secondary / secondary special,Married,House / apartment,-22651,-11518,1,0,1,1,Laborers,2.0
5009159,F,N,Y,1,432000.0,Working,Secondary / secondary special,Married,House / apartment,-7467,-673,1,0,0,0,Drivers,3.0
5009160,M,Y,N,0,500300.0,Working,Secondary / secondary special,Married,House / apartment,-7436,-525,1,0,0,0,Laborers,2.0
5009161,F,N,Y,2,506800.0,Commercial associate,Secondary / secondary special,Married,House / apartment,-9977,-2088,1,0,1,0,Laborers,4.0
5009162,F,N,Y,0,262300.0,Commercial associate,Secondary / secondary special,Single / not married,House / apartment,-23240,-15007,1,0,0,0,High skill tech staff,1.0
5009163,F,N,Y,0,136800.0,State servant,Higher education,Single / not married,Municipal apartment,-15875,-1138,1,0,0,0,Medicine staff,1.0
5009164,F,N,N,1,144200.0,Working,Secondary / secondary special,Married,House / apartment,-25255,365243,1,0,1,0,,3.0
5009165,F,Y,N,0,86000.0,Working,Higher education,Married,House / apartment,-23510,-7390,1,0,0,0,Medicine staff,2.0
5009166,F,N,N,0,142000.0,Working,Secondary / secondary special,Married,House / apartment,-23561,-11613,1,0,1,0,Sales staff,2.0
5009167,F,N,N,0,252700.0,Commercial associate,Secondary / secondary special,Married,House / apartment,-9651,-642,1,1,0,0,Managers,2.0
5009168,F,N,Y,1,184500.0,Working,Secondary / secondary special,Civil marriage,House / apartment,-15984,-85,1,0,0,1,Managers,3.0
5009169,F,N,Y,0,223100.0,Working,Secondary / secondary special,Widow,House / apartment,-25450,-7243,1,0,0,0,Drivers,1.0
5009170,F,N,N,1,312300.0,Working,Secondary / secondary special,Married,House / apartment,-10027,-1121,1,0,0,0,,3.0
5009171,F,Y,Y,0,209700.0,Commercial associate,Secondary / secondary special,Married,House / apartment,-17792,-6062,1,0,0,0,Drivers,2.0
5009172,M,N,Y,0,139300.0,Pensioner,Secondary / secondary special,Single / not married,House / apartment,-13592,365243,1,0,0,0,,1.0
5009173,M,Y,Y,0,237700.0,State servant,Higher education,Married,House / apartment,-14388,-4886,1,0,0,0,Laborers,2.0
5009174,M,Y,Y,0,155800.0,Working,Secondary / secondary special,Married,House / apartment,-23573,-8178,1,0,0,0,Laborers,2.0
5009175,M,Y,N,0,213200.0,Working,Higher education,Married,House / apartment,-18042,-6296,1,0,0,0,,2.0
5009176,M,N,Y,0,477800.0,Pensioner,Secondary / secondary special,Married,House / apartment,-21162,365243,1,0,0,0,,2.0
5009177,F,N,Y,0,213200.0,Working,Higher education,Married,House / apartment,-19600,-3558,1,0,0,1,Managers,2.0
5009178,M,N,N,0,591800.0,Working,Secondary / secondary special,Married,House / apartment,-16966,-582,1,1,0,0,,2.0
5009179,M,N,Y,0,499500.0,Commercial associate,Secondary / secondary special,Married,House / apartment,-21764,-6192,1,0,0,1,,2.0
5009180,F,N,Y,1,182700.0,Commercial associate,Incomplete higher,Single / not married,House / apartment,-25033,-13985,1,1,1,0,Managers,2.0
5009181,M,Y,Y,1,140100.0,State servant,Secondary / secondary special,Single / not married,House / apartment,-24962,-12755,1,0,0,0,,2.0
5009182,F,N,N,1,237800.0,Commercial associate,Secondary / secondary special,Widow,Rented apartment,-21722,-4006,1,0,0,0,,2.0
5009183,M,Y,N,0,434600.0,Working,Secondary / secondary special,Married,House / apartment,-16205,-2633,1,0,1,1,,2.0
5009184,M,Y,N,1,191100.0,Commercial associate,Secondary / secondary special,Married,House / apartment,-10285,-3036,1,0,1,0,Managers,3.0
5009185,F,N,N,0,384400.0,Pensioner,Higher education,Married,House / apartment,-8117,365243,1,0,0,0,,2.0
5009186,F,Y,Y,0,446700.0,Commercial associate,Higher education,Single / not married,House / apartment,-11532,-227,1,1,0,0,Managers,1.0
5009187,F,Y,N,1,165800.0,Commercial associate,Higher education,Married,House / apartment,-13519,-2044,1,1,0,0,Sales staff,3.0
5009188,F,N,N,2,174100.0,State servant,Incomplete higher,Married,House / apartment,-9676,-2522,1,0,0,0,Managers,4.0
5009189,F,N,Y,0,348600.0,Commercial associate,Secondary / secondary special,Married,House / apartment,-11410,-274,1,0,0,0,,2.0
5009190,M,N,Y,0,263400.0,Working,Secondary / secondary special,Widow,House / apartment,-8831,-1487,1,0,0,0,,1.0
5009191,M,N,N,0,173200.0,Commercial associate,Higher education,Civil marriage,House / apartment,-16869,-5492,1,0,1,0,,2.0
5009192,F,N,N,0,204700.0,Commercial associate,Secondary / secondary special,Married,Municipal apartment,-9612,-688,1,0,0,0,Sales staff,2.0
5009193,F,N,N,1,235700.0,Working,Secondary / secondary special,Civil marriage,House / apartment,-20870,-3824,1,1,0,0,High skill tech staff,3.0
5009194,F,Y,N,0,111600.0,Working,Secondary / secondary special,Married,House / apartment,-13380,-476,1,0,1,0,Low-skill Laborers,2.0
5009195,F,N,Y,1,358000.0,Commercial associate,Higher education,Married,House / apartment,-19579,-2060,1,1,0,0,Core staff,3.0
5009196,F,N,Y,0,192200.0,Working,Secondary / secondary special,Single / not married,House / apartment,-23422,-15793,1,0,0,1,Core staff,1.0
5009197,F,N,Y,1,60700.0,Pensioner,Higher education,Married,House / apartment,-8876,365243,1,0,0,1,,3.0
5009198,M,N,Y,2,241200.0,Working,Secondary / secondary special,Married,Rented apartment,-25367,-7940,1,0,0,0,Core staff,4.0
5009199,F,Y,N,0,168500.0,State servant,Secondary / secondary special,Civil marriage,House / apartment,-19089,-71,1,0,0,0,,2.0
5009200,F,Y,Y,0,568000.0,Working,Higher education,Married,House / apartment,-8280,-908,1,0,0,0,Sales staff,2.0
5009201,F,N,Y,1,182200.0,Working,Incomplete higher,Widow,House / apartment,-13039,-6087,1,1,0,0,Laborers,2.0
5009202,F,Y,Y,0,141000.0,Working,Secondary / secondary special,Married,House / apartment,-23490,-5708,1,0,1,0,,2.0
5009203,F,N,Y,0,314700.0,Commercial associate,Secondary / secondary special,Married,House / apartment,-18194,-9900,1,0,0,0,Laborers,2.0
5009204,M,Y,Y,0,175500.0,Working,Secondary / secondary special,Married,House / apartment,-12550,-575,1,0,1,0,HR staff,2.0
5009205,F,N,Y,0,165300.0,Working,Higher education,Civil marriage,House / apartment,-24481,-9721,1,0,0,0,Drivers,2.0
5009206,F,N,Y,1,315000.0,Commercial associate,Secondary / secondary special,Married,House / apartment,-21682,-3206,1,0,0,1,Managers,3.0
5009207,F,Y,Y,0,145100.0,Working,Secondary / secondary special,Married,House / apartment,-20738,-1124,1,0,0,0,Accountants,2.0
5009208,M,Y,N,2,117800.0,Commercial associate,Secondary / secondary special,Married,House / apartment,-23530,-3753,1,0,1,0,Drivers,4.0
5009209,F,N,Y,0,578700.0,Pensioner,Secondary / secondary special,Single / not married,House / apartment,-21363,365243,1,1,0,0,,1.0
5009210,F,N,Y,1,326200.0,Pensioner,Secondary / secondary special,Married,House / apartment,-12542,365243,1,1,1,0,,3.0
5009211,M,N,Y,0,213900.0,Working,Higher education,Married,House / apartment,-17968,-10882,1,0,0,0,Sales staff,2.0
5009212,F,Y,Y,0,243700.0,Commercial associate,Higher education,Married,House / apartment,-22687,-8344,1,0,1,0,Core staff,2.0
5009213,M,N,Y,0,314400.0,Working,Higher education,Married,House / apartment,-10608,-2466,1,0,0,0,,2.0
5009214,M,N,N,1,397200.0,Pensioner,Secondary / secondary special,Married,House / apartment,-10282,365243,1,0,0,0,,3.0
5009215,F,Y,N,0,167300.0,Pensioner,Higher education,Married,House / apartment,-10208,365243,1,0,1,0,,2.0
5009216,F,N,Y,1,293200.0,Working,Higher education,Civil marriage,House / apartment,-10853,-2710,1,0,0,0,,3.0
5009217,F,Y,Y,0,189500.0,Working,Secondary / secondary special,Married,Municipal apartment,-9190,-621,1,0,1,0,Cooking staff,2.0
5009218,F,Y,N,0,222100.0,Working,Secondary / secondary special,Married,House / apartment,-22602,-6143,1,0,0,0,Managers,2.0
5009219,F,Y,N,1,264600.0,Working,Secondary / secondary special,Married,House / apartment,-22250,-1988,1,0,1,0,,3.0
5009220,M,Y,Y,0,243300.0,Commercial associate,Secondary / secondary special,Separated,Municipal apartment,-10069,-1209,1,0,0,0,Drivers,1.0
5009221,M,Y,Y,0,352700.0,Commercial associate,Higher education,Married,House / apartment,-20190,-12702,1,0,0,0,,2.0
5009222,F,N,Y,0,311500.0,Working,Higher education,Single / not married,House / apartment,-18755,-8984,1,0,0,0,Sales staff,1.0
5009223,F,Y,Y,0,114800.0,Commercial associate,Secondary / secondary special,Civil marriage,House / apartment,-12349,-4227,1,0,1,0,Laborers,2.0
5009224,F,Y,Y,0,123800.0,State servant,Secondary / secondary special,Married,House / apartment,-11457,-3772,1,0,0,0,Drivers,2.0
5009225,F,Y,Y,0,202900.0,Commercial associate,Secondary / secondary special,Married,House / apartment,-11881,-1653,1,1,0,0,,2.0
5009226,M,N,Y,0,609100.0,Working,Higher education,Married,House / apartment,-20648,-3872,1,0,0,0,Drivers,2.0
5009227,F,N,Y,1,159500.0,Commercial associate,Secondary / secondary special,Single / not married,House / apartment,-13137,-3416,1,0,1,0,,2.0
5009228,M,N,N,2,220000.0,Commercial associate,Secondary / secondary special,Single / not married,Municipal apartment,-12381,-3488,1,0,0,0,Core staff,3.0
5009229,F,N,N,0,186700.0,Pensioner,Secondary / secondary special,Civil marriage,House / apartment,-7716,365243,1,0,0,0,,2.0
5009230,F,N,Y,0,185100.0,Working,Secondary / secondary special,Married,House / apartment,-23892,-10477,1,0,0,0,Sales staff,2.0
5009231,F,Y,N,0,266900.0,Working,Secondary / secondary special,Married,House / apartment,-21051,-10686,1,0,0,0,Laborers,2.0
5009232,F,N,Y,1,491800.0,Commercial associate,Higher education,Married,House / apartment,-15939,-6962,1,0,0,0,,3.0
5009233,M,N,N,0,306600.0,Working,Secondary / secondary special,Married,Municipal apartment,-24525,-7378,1,0,0,0,Laborers,2.0
5009234,M,N,Y,0,163400.0,Commercial associate,Secondary / secondary special,Married,House / apartment,-12666,-4185,1,0,1,1,Drivers,2.0
5009235,F,Y,Y,2,967100.0,Working,Secondary / secondary special,Married,House / apartment,-19627,-9421,1,0,0,0,Laborers,4.0
5009236,F,N,Y,0,253900.0,Commercial associate,Secondary / secondary special,Married,House / apartment,-12878,-1436,1,1,1,0,Core staff,2.0
5009237,M,Y,Y,1,182900.0,Working,Higher education,Married,House / apartment,-13050,-3907,1,0,0,0,Laborers,3.0
5009238,M,N,N,0,494600.0,Working,Secondary / secondary special,Married,House / apartment,-22732,-15962,1,1,0,1,Accountants,2.0
5009239,F,N,Y,0,193100.0,Commercial associate,Secondary / secondary special,Civil marriage,House / apartment,-21678,-4852,1,0,0,0,,2.0
5009240,M,Y,Y,1,560700.0,Working,Incomplete higher,Married,House / apartment,-12676,-4383,1,0,1,0,Sales staff,3.0
5009241,F,N,Y,0,158000.0,Working,Secondary / secondary special,Single / not married,House / apartment,-8791,365243,1,1,0,0,,1.0
5009242,F,Y,Y,1,499100.0,Commercial associate,Higher education,Married,House / apartment,-13835,-2491,1,0,0,0,Private service staff,3.0
5009243,M,N,Y,0,269900.0,Commercial associate,Secondary / secondary special,Married,House / apartment,-21186,-11562,1,0,1,0,,2.0
5009244,M,N,Y,1,465600.0,Working,Secondary / secondary special,Married,House / apartment,-9141,-2220,1,0,0,0,Laborers,3.0
5009245,F,Y,N,0,631800.0,Commercial associate,Secondary / secondary special,Married,Municipal apartment,-19579,-7185,1,0,0,0,,2.0
5009246,F,Y,N,0,138600.0,Working,Secondary / secondary special,Married,Municipal apartment,-23554,-13080,1,1,0,0,Laborers,2.0
5009247,F,N,N,0,462000.0,Working,Higher education,Civil marriage,House / apartment,-10578,-2111,1,0,0,0,Managers,2.0
5009248,F,Y,Y,0,120700.0,Working,Higher education,Married,House / apartment,-23051,-8240,1,1,0,0,Drivers,2.0
5009249,F,Y,N,0,144600.0,Working,Secondary / secondary special,Married,House / apartment,-8243,-1145,1,0,0,0,Medicine staff,2.0
5009250,F,Y,Y,0,163400.0,State servant,Secondary / secondary special,Married,House / apartment,-19484,-8068,1,0,0,0,Laborers,2.0
5009251,F,N,Y,0,314000.0,Working,Higher education,Married,House / apartment,-21751,-194,1,0,1,0,Core staff,2.0
5009252,F,N,Y,0,248200.0,Pensioner,Secondary / secondary special,Married,House / apartment,-15428,365243,1,0,0,0,,2.0
5009253,M,Y,N,0,224600.0,Pensioner,Secondary / secondary special,Single / not married,House / apartment,-11026,365243,1,0,0,0,,1.0
5009254,F,Y,N,0,262700.0,State servant,Secondary / secondary special,Married,House / apartment,-24193,-2294,1,0,0,0,,2.0
5009255,F,Y,N,0,328100.0,Working,Secondary / secondary special,Married,House / apartment,-7670,-499,1,0,0,0,Laborers,2.0
5009256,F,Y,N,3,341000.0,Pensioner,Secondary / secondary special,Married,House / apartment,-17442,365243,1,1,0,0,,5.0
5009257,F,N,N,0,421900.0,State servant,Secondary / secondary special,Married,House / apartment,-14114,-2543,1,1,0,0,Accountants,2.0
5009258,M,N,N,0,606500.0,Working,Secondary / secondary special,Married,House / apartment,-15725,-650,1,0,0,1,Security staff,2.0
5009259,F,Y,Y,0,241500.0,Working,Higher education,Married,House / apartment,-17104,-6428,1,0,0,0,,2.0
5009260,M,Y,Y,1,188100.0,Working,Secondary / secondary special,Single / not married,House / apartment,-17071,-8927,1,1,0,0,,2.0
5009261,F,Y,Y,0,331800.0,Commercial associate,Secondary / secondary special,Married,House / apartment,-11024,-2660,1,0,0,0,,2.0
5009262,M,N,Y,0,137800.0,Commercial associate,Secondary / secondary special,Married,House / apartment,-19718,-12005,1,0,1,0,Laborers,2.0
5009263,M,N,Y,0,173900.0,Working,Higher education,Married,House / apartment,-7655,-559,1,0,0,1,Laborers,2.0
5009264,M,N,Y,0,402400.0,Pensioner,Secondary / secondary special,Single / not married,House / apartment,-7692,365243,1,1,0,0,,1.0
5009265,F,Y,Y,1,229400.0,Working,Secondary / secondary special,Separated,House / apartment,-16043,-4473,1,0,1,0,Medicine staff,2.0
5009266,F,Y,N,0,133400.0,Pensioner,Higher education,Married,House / apartment,-17202,365243,1,0,0,0,,2.0
5009267,F,Y,N,0,115900.0,Working,Secondary / secondary special,Married,House / apartment,-12325,-2146,1,0,1,1,Sales staff,2.0
5009268,F,Y,Y,1,250200.0,Commercial associate,Secondary / secondary special,Married,Municipal apartment,-17380,-10803,1,0,0,0,Managers,3.0
5009269,F,N,Y,0,432100.0,Working,Incomplete higher,Married,House / apartment,-16730,-9018,1,0,1,0,Core staff,2.0
5009270,M,N,Y,1,429200.0,Working,Secondary / secondary special,Married,House / apartment,-13683,-1962,1,0,0,0,Managers,3.0
5009271,F,N,Y,0,258000.0,Commercial associate,Secondary / secondary special,Married,House / apartment,-19208,-152,1,0,0,0,Laborers,2.0
5009272,M,N,N,1,666600.0,Working,Secondary / secondary special,Married,House / apartment,-24799,-1695,1,0,0,0,,3.0
5009273,F,Y,Y,1,231700.0,Working,Higher education,Married,House / apartment,-16268,-43,1,0,0,0,Managers,3.0
5009274,M,N,Y,0,227800.0,Pensioner,Secondary / secondary special,Single / not married,House / apartment,-21660,365243,1,0,0,0,,1.0
5009275,F,Y,N,1,67600.0,Working,Higher education,Married,House / apartment,-11827,-4550,1,1,0,0,Medicine staff,3.0
5009276,M,Y,N,0,195200.0,Pensioner,Higher education,Married,House / apartment,-21220,365243,1,0,0,0,,2.0
5009277,F,N,Y,0,373800.0,Working,Secondary / secondary special,Married,House / apartment,-19156,-816,1,0,0,0,Laborers,2.0
5009278,F,Y,N,0,533600.0,Working,Higher education,Separated,House / apartment,-18987,-10272,1,0,0,1,Managers,1.0
5009279,F,N,Y,0,161200.0,Working,Secondary / secondary special,Married,House / apartment,-23614,-9986,1,1,0,0,Accountants,2.0
5009280,M,Y,Y,1,307600.0,State servant,Secondary / secondary special,Married,House / apartment,-11567,365243,1,0,0,0,,3.0
5009281,F,N,Y,0,412100.0,Working,Secondary / secondary special,Single / not married,House / apartment,-14034,-1981,1,0,1,0,Laborers,1.0
5009282,F,N,Y,2,245500.0,Pensioner,Secondary / secondary special,Married,House / apartment,-8822,365243,1,0,0,0,,4.0
5009283,F,Y,Y,0,78000.0,State servant,Secondary / secondary special,Married,Co-op apartment,-20566,-8376,1,0,0,0,Core staff,2.0
5009284,F,N,Y,0,276300.0,Working,Secondary / secondary special,Married,With parents,-22716,-2932,1,0,0,0,Laborers,2.0
5009285,F,Y,Y,0,357200.0,Commercial associate,Secondary / secondary special,Single / not married,House / apartment,-14717,-398,1,0,0,0,Core staff,1.0
5009286,F,N,N,0,152000.0,Pensioner,Secondary / secondary special,Separated,House / apartment,-13822,365243,1,0,0,0,,1.0
5009287,F,N,Y,1,215000.0,Working,Higher education,Single / not married,House / apartment,-19334,-2793,1,0,0,0,HR staff,2.0
5009288,F,N,Y,1,137000.0,Working,Secondary / secondary special,Widow,House / apartment,-8685,-376,1,0,1,1,Managers,2.0
5009289,F,N,N,1,67500.0,Working,Higher education,Married,House / apartment,-12671,-1005,1,0,1,0,Core staff,3.0
5009290,M,Y,Y,1,408000.0,Pensioner,Higher education,Separated,House / apartment,-13993,365243,1,0,0,0,,2.0
5009291,M,N,N,0,243700.0,Pensioner,Secondary / secondary special,Single / not married,House / apartment,-16776,365243,1,0,0,0,,1.0
5009292,F,N,Y,0,542700.0,Working,Secondary / secondary special,Separated,With parents,-16008,-3900,1,0,1,0,Core staff,1.0
5009293,F,N,Y,0,374800.0,Working,Secondary / secondary special,Married,House / apartment,-11116,-3751,1,0,1,0,,2.0
5009294,F,Y,Y,0,204500.0,Pensioner,Higher education,Single / not married,House / apartment,-17181,365243,1,0,0,0,,1.0
5009295,F,N,Y,0,234200.0,Working,Secondary / secondary special,Married,House / apartment,-24214,-4901,1,0,0,0,,2.0
5009296,M,N,Y,0,324000.0,Commercial associate,Secondary / secondary special,Married,Municipal apartment,-7800,-444,1,1,0,1,Drivers,2.0
5009297,M,Y,Y,0,395900.0,Working,Secondary / secondary special,Married,House / apartment,-19729,-9109,1,0,0,0,,2.0
5009298,F,N,Y,0,286900.0,Pensioner,Secondary / secondary special,Married,House / apartment,-18714,365243,1,0,0,0,,2.0
5009299,F,Y,Y,1,424300.0,Pensioner,Secondary / secondary special,Married,House / apartment,-24187,365243,1,0,0,0,,3.0
5009300,F,N,Y,0,210500.0,Working,Secondary / secondary special,Widow,House / apartment,-19091,-10566,1,1,0,0,Laborers,1.0
5009301,M,N,Y,0,148300.0,Working,Secondary / secondary special,Married,With parents,-18716,-2114,1,1,0,0,Drivers,2.0
5009302,F,N,Y,0,236300.0,Working,Higher education,Separated,With parents,-21364,-2710,1,1,0,0,Sales staff,1.0
5009303,F,N,Y,1,270500.0,Working,Incomplete higher,Widow,House / apartment,-12196,-1886,1,0,1,0,,2.0
5009304,F,N,Y,2,133900.0,Working,Secondary / secondary special,Married,House / apartment,-18185,-2053,1,1,1,0,Cooking staff,4.0
5009305,F,Y,Y,0,125100.0,Commercial associate,Higher education,Married,House / apartment,-16791,-2924,1,0,0,0,,2.0
5009306,M,Y,N,0,305300.0,Working,Higher education,Married,Municipal apartment,-15313,-6241,1,0,0,0,Laborers,2.0
5009307,F,N,Y,2,199200.0,Working,Secondary / secondary special,Married,House / apartment,-8757,-1657,1,0,0,0,Accountants,4.0
5009308,F,Y,N,0,224700.0,Pensioner,Secondary / secondary special,Married,House / apartment,-12649,365243,1,1,0,0,,2.0
5009309,M,Y,Y,1,203900.0,Commercial associate,Higher education,Married,House / apartment,-12418,-2110,1,0,0,0,Drivers,3.0
5009310,F,N,Y,1,522200.0,Working,Secondary / secondary special,Married,House / apartment,-20532,-9821,1,1,1,0,,3.0
5009311,F,Y,Y,0,458800.0,Commercial associate,Higher education,Married,House / apartment,-24118,-15234,1,1,0,0,High skill tech staff,2.0
5009312,F,Y,N,0,131500.0,Pensioner,Secondary / secondary special,Married,House / apartment,-11520,365243,1,0,0,0,,2.0
5009313,F,N,Y,0,187000.0,Commercial associate,Secondary / secondary special,Married,House / apartment,-8668,-1502,1,1,1,0,Sales staff,2.0
5009314,F,Y,Y,0,373400.0,Working,Secondary / secondary special,Civil marriage,With parents,-25567,-11330,1,0,0,0,Managers,2.0
5009315,F,N,Y,1,329900.0,Working,Secondary / secondary special,Married,House / apartment,-19928,-6742,1,0,0,0,Laborers,3.0
5009316,F,N,Y,1,239100.0,Pensioner,Secondary / secondary special,Married,House / apartment,-23494,365243,1,0,0,0,,3.0
5009317,F,N,Y,1,138200.0,Pensioner,Secondary / secondary special,Married,House / apartment,-9933,365243,1,1,1,0,,3.0
5009318,M,Y,Y,0,173500.0,Commercial associate,Secondary / secondary special,Single / not married,House / apartment,-21929,-5124,1,1,0,0,,1.0
5009319,M,N,Y,0,188500.0,Working,Secondary / secondary special,Married,House / apartment,-22158,-4598,1,0,1,0,Managers,2.0
5009320,F,N,Y,0,280400.0,Commercial associate,Secondary / secondary special,Married,House / apartment,-10072,-1406,1,0,0,0,Laborers,2.0
5009321,F,N,Y,0,572200.0,Pensioner,Higher education,Married,House / apartment,-10253,365243,1,0,0,0,,2.0
5009322,F,Y,N,0,173200.0,Working,Secondary / secondary special,Separated,House / apartment,-12701,-1038,1,0,1,0,Laborers,1.0
5009323,M,N,N,0,146200.0,Working,Higher education,Separated,House / apartment,-11264,-1853,1,0,0,0,,1.0
5009324,F,N,Y,0,231200.0,Commercial associate,Higher education,Married,House / apartment,-25118,-16369,1,0,0,0,,2.0
5009325,F,N,Y,3,408900.0,Pensioner,Secondary / secondary special,Single / not married,House / apartment,-13933,365243,1,0,0,0,,4.0
5009326,F,N,N,0,118400.0,Working,Secondary / secondary special,Married,House / apartment,-21208,-5805,1,0,0,0,Laborers,2.0
5009327,F,N,Y,1,505000.0,Commercial associate,Higher education,Married,Municipal apartment,-22007,-2395,1,0,0,0,,3.0
5009328,F,N,Y,0,224000.0,Commercial associate,Higher education,Married,House / apartment,-14353,-3158,1,0,0,0,Managers,2.0
5009329,F,Y,N,0,169100.0,Commercial associate,Secondary / secondary special,Married,House / apartment,-19771,-9960,1,0,1,0,Managers,2.0
5009330,F,N,Y,1,109700.0,Commercial associate,Secondary / secondary special,Single / not married,House / apartment,-9274,-1734,1,1,0,0,,2.0
5009331,M,Y,Y,1,347600.0,Commercial associate,Secondary / secondary special,Separated,House / apartment,-14555,-4730,1,0,0,0,Laborers,2.0
5009332,M,N,N,0,224100.0,Working,Secondary / secondary special,Married,House / apartment,-24971,-7874,1,0,1,1,,2.0
5009333,F,Y,Y,0,265900.0,Working,Secondary / secondary special,Married,House / apartment,-10383,-1184,1,0,0,0,Drivers,2.0
5009334,F,N,N,0,155600.0,Commercial associate,Secondary / secondary special,Married,House / apartment,-14349,-5440,1,0,0,0,Laborers,2.0
5009335,F,Y,N,0,208100.0,Working,Incomplete higher,Married,House / apartment,-21742,-454,1,1,0,0,Sales staff,2.0
5009336,F,N,N,2,191400.0,Commercial associate,Higher education,Separated,House / apartment,-19457,-7345,1,0,0,0,,3.0
5009337,F,N,Y,0,232200.0,Commercial associate,Secondary / secondary special,Civil marriage,House / apartment,-18838,-539,1,0,0,0,Laborers,2.0
5009338,F,Y,Y,0,174700.0,Working,Secondary / secondary special,Married,House / apartment,-22888,-13885,1,1,1,0,Sales staff,2.0
5009339,F,Y,Y,2,113400.0,Commercial associate,Secondary / secondary special,Married,House / apartment,-7836,365243,1,0,0,1,,4.0
5009340,F,Y,Y,0,955200.0,Commercial associate,Secondary / secondary special,Single / not married,House / apartment,-21388,-13628,1,0,0,0,Core staff,1.0
5009341,M,N,Y,0,123500.0,Working,Secondary / secondary special,Married,Municipal apartment,-23423,-10227,1,0,1,0,,2.0
5009342,F,N,Y,0,267300.0,Working,Secondary / secondary special,Widow,House / apartment,-7600,-156,1,0,0,0,Laborers,1.0
5009343,M,N,Y,0,100700.0,Pensioner,Secondary / secondary special,Married,House / apartment,-17513,365243,1,0,0,0,,2.0
5009344,F,Y,Y,0,89900.0,Working,Secondary / secondary special,Married,House / apartment,-13671,-3567,1,0,0,0,Laborers,2.0
5009345,F,N,Y,0,256400.0,Commercial associate,Higher education,Married,House / apartment,-8232,-294,1,0,0,0,Accountants,2.0
5009346,M,N,N,0,266400.0,Working,Higher education,Married,House / apartment,-14934,-4568,1,1,1,0,Sales staff,2.0
5009347,F,N,N,1,458700.0,Working,Secondary / secondary special,Married,House / apartment,-19067,-8300,1,1,0,0,,3.0
5009348,F,N,N,1,298100.0,Working,Secondary / secondary special,Married,House / apartment,-24088,-8003,1,0,1,0,,3.0
5009349,F,Y,Y,0,226500.0,Pensioner,Secondary / secondary special,Single / not married,House / apartment,-18637,365243,1,0,1,0,,1.0
5009350,M,Y,N,0,151900.0,Working,Secondary / secondary special,Married,House / apartment,-22951,-7512,1,0,0,0,Laborers,2.0
5009351,F,Y,N,0,516600.0,Working,Higher education,Married,House / apartment,-9525,-2186,1,0,1,0,,2.0
5009352,F,Y,Y,0,388400.0,Commercial associate,Secondary / secondary special,Civil marriage,House / apartment,-11150,-2926,1,0,0,0,,2.0
5009353,F,Y,Y,1,130900.0,Working,Secondary / secondary special,Single / not married,House / apartment,-25025,-18331,1,0,1,1,,2.0
5009354,F,Y,Y,0,248800.0,Working,Secondary / secondary special,Married,House / apartment,-23511,-5898,1,1,0,0,Laborers,2.0
5009355,F,Y,Y,0,262400.0,Working,Higher education,Civil marriage,House / apartment,-11601,-714,1,0,0,0,Laborers,2.0
5009356,F,N,Y,0,205400.0,Working,Secondary / secondary special,Widow,House / apartment,-18646,-6331,1,1,0,0,Laborers,1.0
5009357,F,N,Y,0,359100.0,Commercial associate,Secondary / secondary special,Married,House / apartment,-13928,-7287,1,1,0,0,Laborers,2.0
5009358,F,N,N,0,370000.0,Working,Higher education,Married,House / apartment,-15863,-4394,1,0,0,0,,2.0
5009359,F,N,Y,1,222000.0,Working,Secondary / secondary special,Married,House / apartment,-23027,-5260,1,0,0,0,,3.0
5009360,M,Y,Y,2,212100.0,Pensioner,Secondary / secondary special,Married,House / apartment,-20741,365243,1,0,0,0,,4.0
5009361,M,N,N,1,516600.0,Pensioner,Secondary / secondary special,Married,House / apartment,-11660,365243,1,0,0,0,,3.0
5009362,F,Y,Y,2,389200.0,Pensioner,Higher education,Married,With parents,-13076,365243,1,0,0,0,,4.0
5009363,F,N,N,2,253100.0,Pensioner,Higher education,Separated,House / apartment,-12596,365243,1,1,0,1,,3.0
5009364,F,Y,Y,0,108100.0,Commercial associate,Secondary / secondary special,Married,House / apartment,-21562,-11189,1,1,0,0,Core staff,2.0
5009365,M,N,N,0,290000.0,Commercial associate,Secondary / secondary special,Married,House / apartment,-16255,-1342,1,0,0,0,Cleaning staff,2.0
5009366,M,Y,Y,1,346100.0,Commercial associate,Secondary / secondary special,Single / not married,House / apartment,-24668,-9722,1,0,0,0,,2.0
5009367,M,Y,Y,0,61600.0,Pensioner,Secondary / secondary special,Married,House / apartment,-22220,365243,1,0,0,0,,2.0
5009368,F,N,Y,0,276900.0,Commercial associate,Secondary / secondary special,Married,House / apartment,-11162,-1691,1,0,0,0,,2.0
5009369,F,Y,N,0,198200.0,Working,Secondary / secondary special,Married,House / apartment,-21658,-14463,1,1,0,0,Laborers,2.0
5009370,F,N,N,0,218600.0,Pensioner,Secondary / secondary special,Married,House / apartment,-16547,365243,1,0,1,1,,2.0
5009371,F,N,Y,0,155100.0,Pensioner,Higher education,Widow,House / apartment,-11938,365243,1,0,1,0,,1.0
5009372,F,N,N,0,226700.0,Pensioner,Secondary / secondary special,Married,House / apartment,-13940,365243,1,0,1,0,,2.0
5009373,M,N,Y,0,489700.0,Working,Secondary / secondary special,Single / not married,House / apartment,-25058,-11474,1,0,0,0,,1.0
5009374,F,N,Y,1,195300.0,Working,Secondary / secondary special,Married,House / apartment,-16143,-3197,1,0,0,0,Managers,3.0
5009375,F,Y,N,0,395600.0,Working,Secondary / secondary special,Single / not married,House / apartment,-20447,-7437,1,0,1,0,,1.0
5009376,F,N,Y,1,163100.0,Working,Secondary / secondary special,Married,House / apartment,-16018,-180,1,0,0,0,Core staff,3.0
5009377,F,N,Y,0,356800.0,Working,Secondary / secondary special,Married,House / apartment,-14091,-1724,1,1,0,0,Sales staff,2.0
5009378,F,N,N,0,244300.0,Working,Higher education,Widow,House / apartment,-21850,-13656,1,0,1,0,Accountants,1.0
5009379,F,Y,N,0,291100.0,Working,Higher education,Married,House / apartment,-22798,-8516,1,1,0,0,Accountants,2.0
5009380,M,N,N,0,245000.0,Working,Secondary / secondary special,Married,House / apartment,-8618,-1543,1,1,1,0,Core staff,2.0
5009381,F,N,N,0,336500.0,Commercial associate,Secondary / secondary special,Married,House / apartment,-12400,-2025,1,0,0,0,Laborers,2.0
5009382,F,N,Y,1,67600.0,Pensioner,Secondary / secondary special,Married,House / apartment,-16580,365243,1,0,0,0,,3.0
5009383,M,N,N,1,120000.0,Working,Higher education,Civil marriage,House / apartment,-13085,-2339,1,0,0,0,Laborers,3.0
5009384,F,Y,Y,2,300700.0,Commercial associate,Secondary / secondary special,Single / not married,House / apartment,-21615,-11569,1,0,0,0,Cleaning staff,3.0
5009385,F,Y,N,0,87900.0,Working,Secondary / secondary special,Married,House / apartment,-9400,-2390,1,1,1,0,Core staff,2.0
5009386,F,N,Y,0,187200.0,Working,Incomplete higher,Separated,House / apartment,-21875,-7511,1,1,1,0,Drivers,1.0
5009387,M,N,Y,0,237600.0,Commercial associate,Higher education,Married,House / apartment,-18589,-6913,1,0,0,0,Laborers,2.0
5009388,F,N,Y,0,161400.0,Commercial associate,Higher education,Married,House / apartment,-12590,-1741,1,0,0,0,Core staff,2.0
5009389,M,Y,Y,0,172800.0,Pensioner,Higher education,Married,House / apartment,-13596,365243,1,1,1,0,,2.0
5009390,M,N,Y,0,279600.0,Working,Secondary / secondary special,Married,House / apartment,-10645,-2756,1,0,1,0,Drivers,2.0
5009391,M,N,N,0,404400.0,Pensioner,Higher education,Married,House / apartment,-11918,365243,1,1,0,0,,2.0
5009392,M,N,N,0,151200.0,Working,Secondary / secondary special,Married,House / apartment,-20404,-11405,1,0,1,0,,2.0
5009393,M,N,Y,0,183100.0,Working,Lower secondary,Widow,House / apartment,-14170,-3410,1,1,1,0,Laborers,1.0
5009394,M,Y,N,0,169400.0,Working,Secondary / secondary special,Married,House / apartment,-19860,-926,1,0,0,0,Core staff,2.0
5009395,F,N,Y,0,72700.0,Pensioner,Secondary / secondary special,Married,Rented apartment,-16694,365243,1,0,1,0,,2.0
5009396,M,Y,Y,1,262100.0,Working,Secondary / secondary special,Married,House / apartment,-9959,-3089,1,0,1,0,Managers,3.0
5009397,M,N,Y,0,389600.0,Working,Secondary / secondary special,Married,House / apartment,-16419,-2663,1,1,1,0,Laborers,2.0
5009398,F,Y,N,0,405900.0,Commercial associate,Secondary / secondary special,Married,House / apartment,-21120,-8149,1,0,0,0,Core staff,2.0
5009399,F,N,N,0,158000.0,Working,Secondary / secondary special,Married,House / apartment,-12741,-1825,1,0,0,0,Laborers,2.0
5009400,F,Y,Y,0,130600.0,Working,Secondary / secondary special,Married,House / apartment,-19141,-10184,1,0,0,0,Managers,2.0
5009401,M,N,Y,1,246800.0,Working,Secondary / secondary special,Married,House / apartment,-10940,-2105,1,1,1,0,,3.0
5009402,M,N,Y,1,369600.0,Working,Secondary / secondary special,Single / not married,House / apartment,-9783,-2473,1,0,0,0,Drivers,2.0
5009403,M,N,Y,0,263800.0,Commercial associate,Secondary / secondary special,Widow,House / apartment,-13884,-6016,1,0,0,1,Laborers,1.0
5009404,M,Y,Y,0,282100.0,Commercial associate,Secondary / secondary special,Married,House / apartment,-14413,365243,1,0,0,0,,2.0
5009405,M,Y,Y,2,432100.0,Working,Higher education,Married,House / apartment,-21203,-11350,1,0,0,0,Laborers,4.0
5009406,M,Y,Y,0,168700.0,Working,Secondary / secondary special,Married,House / apartment,-15707,-6648,1,0,1,1,,2.0
5009407,M,N,N,1,218700.0,Pensioner,Secondary / secondary special,Single / not married,House / apartment,-8789,365243,1,0,1,0,,2.0
5009408,M,Y,Y,0,552800.0,Working,Secondary / secondary special,Married,House / apartment,-18883,-7093,1,1,1,0,Laborers,2.0
5009409,F,N,Y,0,221300.0,Commercial associate,Higher education,Married,House / apartment,-15875,-6647,1,0,0,0,Sales staff,2.0
5009410,M,N,Y,1,129500.0,Working,Secondary / secondary special,Married,House / apartment,-13362,-1235,1,0,1,0,Laborers,3.0
5009411,F,N,N,0,174700.0,Working,Secondary / secondary special,Single / not married,House / apartment,-21956,-13537,1,0,0,0,Laborers,1.0
5009412,F,N,N,0,152700.0,State servant,Higher education,Married,House / apartment,-10124,-3111,1,0,0,0,Medicine staff,2.0
5009413,F,N,N,0,291900.0,Commercial associate,Higher education,Married,House / apartment,-23983,-13846,1,0,0,0,Drivers,2.0
5009414,M,Y,Y,0,156000.0,Working,Higher education,Married,House / apartment,-13406,-5782,1,1,1,0,,2.0
5009415,F,N,N,1,279600.0,Working,Secondary / secondary special,Married,House / apartment,-15723,-2009,1,0,0,0,,3.0
5009416,F,N,Y,0,169000.0,Working,Higher education,Single / not married,House / apartment,-24275,-3090,1,0,0,0,,1.0
5009417,M,Y,Y,0,84400.0,Working,Secondary / secondary special,Civil marriage,With parents,-21207,-7138,1,0,0,0,Laborers,2.0
5009418,F,N,Y,1,284600.0,State servant,Higher education,Single / not married,House / apartment,-8662,-1236,1,0,0,0,Laborers,2.0
5009419,F,N,Y,0,262900.0,Pensioner,Higher education,Married,House / apartment,-17866,365243,1,1,1,0,,2.0
5009420,M,N,N,0,316300.0,Working,Higher education,Married,House / apartment,-12973,-5997,1,0,0,0,Sales staff,2.0
5009421,M,Y,N,1,174400.0,Working,Secondary / secondary special,Married,House / apartment,-16591,-1623,1,0,0,0,Medicine staff,3.0
5009422,F,N,Y,4,165300.0,Pensioner,Higher education,Married,House / apartment,-20873,365243,1,0,1,0,,6.0
5009423,F,Y,Y,0,298400.0,Working,Secondary / secondary special,Civil marriage,House / apartment,-16366,-6039,1,1,0,0,Accountants,2.0
5009424,M,Y,Y,0,521800.0,Commercial associate,Secondary / secondary special,Married,House / apartment,-8602,-1595,1,0,0,0,Managers,2.0
5009425,M,N,Y,1,245500.0,Commercial associate,Secondary / secondary special,Married,Municipal apartment,-16984,-1649,1,1,1,0,Core staff,3.0
5009426,F,N,Y,1,301900.0,Commercial associate,Secondary / secondary special,Widow,House / apartment,-7746,-653,1,0,1,0,Laborers,2.0
5009427,F,N,N,1,207900.0,Commercial associate,Secondary / secondary special,Widow,House / apartment,-13668,-6836,1,0,0,0,Security staff,2.0
5009428,F,Y,N,0,112800.0,Commercial associate,Secondary / secondary special,Married,House / apartment,-16035,-1013,1,0,1,0,,2.0
5009429,F,N,Y,0,396000.0,State servant,Secondary / secondary special,Married,Rented apartment,-19078,-5523,1,0,0,0,,2.0
5009430,F,N,N,0,384500.0,Working,Secondary / secondary special,Married,House / apartment,-16550,-5537,1,0,0,0,,2.0
5009431,F,Y,Y,1,348300.0,Pensioner,Higher education,Separated,House / apartment,-10080,365243,1,0,0,0,,2.0
5009432,M,N,Y,1,222900.0,Working,Higher education,Married,House / apartment,-24330,-6140,1,0,0,0,Laborers,3.0
5009433,M,Y,Y,0,329100.0,Working,Secondary / secondary special,Widow,House / apartment,-19181,-12340,1,0,0,0,Laborers,1.0
5009434,F,N,Y,0,381700.0,Working,Lower secondary,Married,House / apartment,-13094,-1828,1,1,0,0,Managers,2.0
5009435,F,N,N,0,548800.0,Commercial associate,Secondary / secondary special,Married,House / apartment,-24945,-17417,1,0,0,0,Sales staff,2.0
5009436,F,Y,Y,2,400200.0,Working,Higher education,Married,House / apartment,-23423,-11109,1,0,1,0,Sales staff,4.0
5009437,F,Y,Y,0,252000.0,Pensioner,Secondary / secondary special,Married,House / apartment,-9925,365243,1,0,0,0,,2.0
5009438,M,Y,Y,0,126900.0,Commercial associate,Incomplete higher,Separated,House / apartment,-19275,-5516,1,0,1,0,HR staff,1.0
5009439,F,Y,N,0,263900.0,Working,Higher education,Married,House / apartment,-17533,-10397,1,0,0,0,,2.0
5009440,F,N,Y,0,277500.0,Commercial associate,Secondary / secondary special,Married,House / apartment,-10826,-1242,1,0,0,1,,2.0
5009441,M,N,N,0,348000.0,Pensioner,Secondary / secondary special,Married,House / apartment,-11569,365243,1,0,0,0,,2.0
5009442,M,Y,N,1,480400.0,Commercial associate,Secondary / secondary special,Single / not married,House / apartment,-17601,-6549,1,0,0,0,Laborers,2.0
5009443,F,Y,Y,1,232800.0,Working,Secondary / secondary special,Married,House / apartment,-13173,-629,1,0,1,0,Managers,3.0
5009444,M,N,Y,0,698000.0,Pensioner,Secondary / secondary special,Civil marriage,House / apartment,-22551,365243,1,0,0,0,,2.0
5009445,M,N,N,0,101300.0,Commercial associate,Secondary / secondary special,Married,House / apartment,-9090,-833,1,0,1,0,,2.0
5009446,M,Y,Y,1,301100.0,Working,Secondary / secondary special,Married,House / apartment,-23997,-12750,1,0,0,0,Laborers,3.0
5009447,M,Y,N,0,163800.0,Working,Secondary / secondary special,Married,House / apartment,-22656,-11741,1,0,0,0,,2.0
5009448,M,N,Y,0,94100.0,Working,Higher education,Married,House / apartment,-20794,-14020,1,1,0,0,Laborers,2.0
5009449,F,Y,Y,2,220700.0,Pensioner,Higher education,Married,House / apartment,-12100,365243,1,0,0,0,,4.0
5009450,F,Y,N,1,117800.0,Working,Secondary / secondary special,Widow,House / apartment,-20362,-3987,1,0,0,0,Managers,2.0
5009451,F,N,N,1,225200.0,Working,Secondary / secondary special,Married,House / apartment,-15318,-1187,1,1,0,0,,3.0
5009452,F,N,N,0,248400.0,Pensioner,Secondary / secondary special,Married,Municipal apartment,-18879,365243,1,0,1,0,,2.0
5009453,F,N,Y,0,427100.0,Working,Secondary / secondary special,Married,With parents,-13013,-384,1,0,0,0,,2.0
5009454,M,N,N,0,114900.0,Pensioner,Secondary / secondary special,Married,House / apartment,-22570,365243,1,0,1,0,,2.0
5009455,F,N,N,0,384500.0,Working,Higher education,Single / not married,House / apartment,-8046,-1440,1,0,0,0,Sales staff,1.0
5009456,F,Y,N,1,256400.0,Working,Higher education,Single / not married,Office apartment,-19933,-7981,1,0,0,0,Accountants,2.0
5009457,F,Y,Y,0,408400.0,Working,Secondary / secondary special,Married,House / apartment,-22438,-10619,1,0,0,0,,2.0
5009458,F,Y,Y,1,196700.0,Pensioner,Secondary / secondary special,Married,Municipal apartment,-19110,365243,1,0,0,0,,3.0
5009459,M,Y,N,0,125400.0,Commercial associate,Secondary / secondary special,Married,House / apartment,-10811,-1313,1,0,1,0,,2.0
5009460,M,N,Y,0,132800.0,Pensioner,Higher education,Married,House / apartment,-12509,365243,1,0,1,0,,2.0
5009461,F,N,Y,3,128000.0,Commercial associate,Higher education,Married,House / apartment,-16708,-2079,1,0,1,0,High skill tech staff,5.0
5009462,F,N,Y,0,310000.0,Working,Secondary / secondary special,Single / not married,House / apartment,-13322,-6112,1,0,0,0,Core staff,1.0
5009463,F,N,Y,0,510900.0,Working,Secondary / secondary special,Married,House / apartment,-7395,-87,1,0,1,0,Sales staff,2.0
5009464,F,Y,Y,0,184100.0,Working,Secondary / secondary special,Married,House / apartment,-8048,-902,1,0,0,0,High skill tech staff,2.0
5009465,F,Y,Y,0,334400.0,Commercial associate,Secondary / secondary special,Married,House / apartment,-21326,-8922,1,0,0,0,,2.0
5009466,F,N,N,0,114000.0,Pensioner,Higher education,Married,With parents,-8834,365243,1,1,1,0,,2.0
5009467,M,N,Y,0,267200.0,Working,Secondary / secondary special,Married,House / apartment,-24253,-14450,1,0,1,0,Drivers,2.0
5009468,M,N,Y,0,341000.0,Commercial associate,Higher education,Married,House / apartment,-15390,-7773,1,0,0,0,Cleaning staff,2.0
5009469,M,N,Y,1,118400.0,State servant,Secondary / secondary special,Civil marriage,House / apartment,-21151,-14105,1,0,0,0,Sales staff,3.0
5009470,M,N,Y,0,220500.0,Working,Lower secondary,Married,House / apartment,-9597,-1661,1,0,0,0,Drivers,2.0
5009471,M,N,Y,0,349200.0,Pensioner,Secondary / secondary special,Married,House / apartment,-24225,365243,1,0,0,0,,2.0
5009472,M,Y,N,0,56300.0,Working,Secondary / secondary special,Single / not married,House / apartment,-7922,-263,1,0,1,0,,1.0
5009473,M,N,Y,0,476000.0,Commercial associate,Secondary / secondary special,Single / not married,House / apartment,-8075,-970,1,0,0,0,,1.0
5009474,M,N,N,0,291400.0,Working,Secondary / secondary special,Married,House / apartment,-8302,-545,1,0,0,1,Laborers,2.0
5009475,F,Y,Y,0,349300.0,Working,Higher education,Married,House / apartment,-9193,-2506,1,0,0,0,,2.0
5009476,M,N,Y,0,198600.0,Working,Secondary / secondary special,Single / not married,House / apartment,-16196,-7307,1,0,1,0,Core staff,1.0
5009477,F,Y,Y,1,103200.0,State servant,Higher education,Married,House / apartment,-21701,-9444,1,0,0,0,,3.0
5009478,F,N,Y,2,318900.0,Pensioner,Secondary / secondary special,Married,House / apartment,-12509,365243,1,1,1,0,,4.0
5009479,F,Y,N,1,234300.0,Working,Secondary / secondary special,Married,House / apartment,-20925,-9496,1,0,1,0,Core staff,3.0
5009480,M,N,N,0,248100.0,Student,Higher education,Widow,House / apartment,-21441,-12665,1,0,0,0,Sales staff,1.0
5009481,F,Y,Y,0,420500.0,Commercial associate,Higher education,Married,House / apartment,-23892,-476,1,1,0,0,Laborers,2.0
5009482,F,N,Y,2,357400.0,Pensioner,Secondary / secondary special,Married,With parents,-10033,365243,1,0,0,0,,4.0
5009483,F,Y,Y,0,638000.0,Working,Incomplete higher,Married,House / apartment,-9780,-2913,1,0,0,0,,2.0
5009484,F,Y,Y,1,263700.0,Working,Secondary / secondary special,Civil marriage,House / apartment,-9535,-231,1,0,1,0,Sales staff,3.0
5009485,M,N,N,0,172800.0,Commercial associate,Secondary / secondary special,Married,House / apartment,-13867,-3821,1,0,0,0,,2.0
5009486,M,N,Y,0,222200.0,Working,Higher education,Single / not married,House / apartment,-16243,-6933,1,0,1,0,Private service staff,1.0
5009487,F,Y,N,1,300500.0,Working,Secondary / secondary special,Married,Rented apartment,-15735,-6461,1,0,0,0,,3.0
5009488,F,Y,Y,1,405700.0,Working,Secondary / secondary special,Married,House / apartment,-11999,-485,1,0,0,0,,3.0
5009489,F,N,Y,1,117200.0,Working,Secondary / secondary special,Civil marriage,House / apartment,-18664,-935,1,0,0,0,,3.0
5009490,F,N,Y,2,245200.0,Working,Secondary / secondary special,Married,House / apartment,-13483,-3199,1,0,0,0,Laborers,4.0
5009491,M,N,Y,0,545900.0,State servant,Secondary / secondary special,Separated,House / apartment,-13991,-4278,1,0,0,0,Accountants,1.0
5009492,F,Y,N,0,216500.0,Working,Secondary / secondary special,Civil marriage,House / apartment,-9232,-2434,1,0,0,0,,2.0
5009493,M,N,Y,2,388900.0,Working,Higher education,Separated,With parents,-18121,-4425,1,0,0,0,Core staff,3.0
5009494,M,Y,N,0,312400.0,Commercial associate,Secondary / secondary special,Single / not married,House / apartment,-19272,-7515,1,0,0,0,Drivers,1.0
5009495,F,Y,Y,0,393700.0,Commercial associate,Secondary / secondary special,Civil marriage,House / apartment,-21147,-3287,1,1,0,0,,2.0
5009496,F,N,N,0,162900.0,Commercial associate,Higher education,Married,House / apartment,-23814,-7518,1,0,1,0,Accountants,2.0
5009497,M,N,Y,0,163200.0,Commercial associate,Secondary / secondary special,Married,With parents,-21294,-9206,1,0,0,0,Medicine staff,2.0
5009498,M,N,N,0,246600.0,Working,Higher education,Married,House / apartment,-11610,-2349,1,1,0,0,Drivers,2.0
5009499,F,Y,N,0,113500.0,Working,Higher education,Married,With parents,-11609,-2712,1,0,0,0,Laborers,2.0
5009500,M,N,N,1,213300.0,Pensioner,Higher education,Single / not married,House / apartment,-24017,365243,1,0,0,0,,2.0
5009501,F,N,Y,1,277000.0,Pensioner,Secondary / secondary special,Married,Office apartment,-21735,365243,1,0,0,0,,3.0
5009502,M,N,N,0,595900.0,Commercial associate,Secondary / secondary special,Married,House / apartment,-21591,-677,1,0,1,0,,2.0
5009503,F,Y,Y,0,298600.0,Working,Secondary / secondary special,Single / not married,House / apartment,-20449,-4568,1,1,1,1,HR staff,1.0
5009504,F,Y,Y,0,333700.0,Working,Secondary / secondary special,Separated,House / apartment,-12185,-2439,1,0,1,0,,1.0
5009505,M,Y,Y,0,437000.0,Working,Secondary / secondary special,Single / not married,House / apartment,-22781,-8560,1,0,0,0,Cooking staff,1.0
5009506,M,N,Y,0,150700.0,Commercial associate,Secondary / secondary special,Civil marriage,House / apartment,-9914,-1934,1,0,1,0,Sales staff,2.0
5009507,M,Y,N,0,224800.0,Working,Secondary / secondary special,Married,House / apartment,-13697,-2432,1,1,0,0,High skill tech staff,2.0
5009508,M,N,Y,0,820900.0,Working,Secondary / secondary special,Civil marriage,House / apartment,-13632,-6059,1,0,1,1,,2.0
5009509,F,Y,Y,0,234700.0,Working,Secondary / secondary special,Married,House / apartment,-17534,-3814,1,0,0,0,Laborers,2.0
5009510,M,N,Y,0,426600.0,Working,Higher education,Widow,House / apartment,-15769,-5690,1,0,0,0,Laborers,1.0
5009511,F,Y,Y,0,395300.0,Working,Secondary / secondary special,Married,House / apartment,-15702,-6642,1,1,0,1,Sales staff,2.0
5009512,M,N,Y,0,116600.0,Working,Secondary / secondary special,Single / not married,Municipal apartment,-17415,-2085,1,0,0,0,Medicine staff,1.0
5009513,F,N,Y,0,285100.0,Commercial associate,Secondary / secondary special,Married,House / apartment,-14892,-3445,1,1,0,0,Laborers,2.0
5009514,F,Y,Y,0,262700.0,Working,Secondary / secondary special,Married,House / apartment,-11870,365243,1,1,0,0,,2.0
5009515,F,N,Y,2,287900.0,Commercial associate,Secondary / secondary special,Single / not married,House / apartment,-19434,-7767,1,1,0,0,IT staff,3.0
5009516,F,N,N,0,167400.0,Working,Secondary / secondary special,Civil marriage,House / apartment,-21744,-14561,1,0,1,0,High skill tech staff,2.0
5009517,F,N,N,1,139700.0,Working,Secondary / secondary special,Civil marriage,House / apartment,-16053,-4448,1,0,0,0,Core staff,3.0
5009518,M,N,N,0,192400.0,Commercial associate,Higher education,Married,House / apartment,-19166,-2642,1,0,0,0,Laborers,2.0
5009519,F,Y,Y,1,232500.0,Working,Secondary / secondary special,Married,House / apartment,-17082,-7378,1,0,1,0,Managers,3.0
5009520,F,Y,Y,0,441500.0,Commercial associate,Secondary / secondary special,Married,House / apartment,-8382,-1141,1,0,0,0,Cooking staff,2.0
5009521,F,Y,Y,1,605700.0,Commercial associate,Secondary / secondary special,Married,House / apartment,-15032,-5376,1,0,0,1,,3.0
5009522,M,Y,Y,0,490800.0,Pensioner,Secondary / secondary special,Married,House / apartment,-7485,365243,1,0,1,0,,2.0
5009523,F,Y,Y,1,375300.0,Working,Secondary / secondary special,Single / not married,House / apartment,-19393,-8938,1,0,0,0,High skill tech staff,2.0
5009524,F,Y,Y,0,147800.0,Working,Secondary / secondary special,Married,House / apartment,-16585,-9674,1,0,0,1,Laborers,2.0
5009525,M,N,Y,0,199000.0,Commercial associate,Higher education,Single / not married,House / apartment,-9621,-1048,1,1,0,0,,1.0
5009526,M,N,Y,1,271200.0,Working,Secondary / secondary special,Married,House / apartment,-17207,-5128,1,0,1,0,Managers,3.0
5009527,F,Y,N,0,177900.0,Working,Secondary / secondary special,Married,House / apartment,-23713,-3038,1,0,0,0,,2.0
5009528,F,Y,Y,2,325800.0,Commercial associate,Secondary / secondary special,Married,House / apartment,-13523,-5737,1,0,0,0,Laborers,4.0
5009529,F,N,Y,0,350000.0,Working,Higher education,Single / not married,House / apartment,-25246,-13178,1,0,0,0,Core staff,1.0
5009530,M,Y,Y,0,319200.0,Working,Secondary / secondary special,Single / not married,House / apartment,-24826,-145,1,0,0,0,Drivers,1.0
5009531,F,Y,Y,1,407600.0,Commercial associate,Secondary / secondary special,Married,House / apartment,-21647,-9518,1,0,0,0,,3.0
5009532,M,Y,Y,0,155300.0,State servant,Higher education,Married,House / apartment,-22167,-12028,1,0,0,0,,2.0
5009533,M,N,Y,0,389200.0,Pensioner,Incomplete higher,Married,House / apartment,-14803,365243,1,0,0,0,,2.0
5009534,M,N,Y,1,172400.0,Working,Secondary / secondary special,Single / not married,With parents,-14656,-579,1,0,0,0,Cleaning staff,2.0
5009535,F,Y,N,1,152500.0,Working,Secondary / secondary special,Single / not married,House / apartment,-24735,-59,1,0,1,0,Medicine staff,2.0
5009536,F,N,N,2,318500.0,Working,Secondary / secondary special,Married,House / apartment,-13993,-1804,1,0,0,0,Medicine staff,4.0
5009537,F,N,Y,0,448400.0,Working,Secondary / secondary special,Married,House / apartment,-9074,-860,1,1,0,0,High skill tech staff,2.0
5009538,F,N,Y,0,311600.0,Pensioner,Secondary / secondary special,Married,House / apartment,-10094,365243,1,1,0,0,,2.0
5009539,F,N,Y,0,246700.0,Working,Higher education,Married,House / apartment,-20279,-3642,1,0,0,0,Sales staff,2.0
5009540,F,N,N,0,285100.0,Working,Higher education,Married,House / apartment,-14299,-4179,1,0,0,0,IT staff,2.0
5009541,F,Y,Y,1,261400.0,State servant,Secondary / secondary special,Married,Office apartment,-10945,-4177,1,1,0,0,,3.0
5009542,F,Y,Y,0,139000.0,Pensioner,Higher education,Married,House / apartment,-22167,365243,1,1,0,0,,2.0
5009543,F,N,Y,0,131200.0,Pensioner,Higher education,Married,Rented apartment,-16229,365243,1,0,0,1,,2.0
5009544,F,N,Y,0,234700.0,Pensioner,Higher education,Married,House / apartment,-17672,365243,1,0,1,0,,2.0
5009545,M,N,N,1,254100.0,Commercial associate,Secondary / secondary special,Married,House / apartment,-10117,-325,1,0,0,0,Sales staff,3.0
5009546,F,N,Y,2,245500.0,Working,Secondary / secondary special,Married,Municipal apartment,-10825,-784,1,0,0,0,,4.0
5009547,F,N,Y,0,342300.0,Working,Secondary / secondary special,Married,House / apartment,-9603,-567,1,0,0,0,Sales staff,2.0
5009548,M,Y,Y,0,219200.0,Working,Secondary / secondary special,Married,House / apartment,-16702,-3316,1,0,1,0,Laborers,2.0
5009549,F,N,Y,1,323500.0,Working,Secondary / secondary special,Married,House / apartment,-21470,-14130,1,0,0,0,Managers,3.0
5009550,F,N,N,0,227100.0,Pensioner,Secondary / secondary special,Single / not married,House / apartment,-20678,365243,1,1,1,0,,1.0
5009551,F,N,N,0,607500.0,Working,Secondary / secondary special,Separated,House / apartment,-12076,-2887,1,0,0,0,,1.0
5009552,F,N,Y,0,254200.0,Working,Secondary / secondary special,Married,House / apartment,-22856,-10680,1,0,0,0,,2.0
5009553,F,N,Y,0,786900.0,Working,Secondary / secondary special,Married,House / apartment,-9235,-2363,1,1,0,0,Low-skill Laborers,2.0
5009554,M,Y,Y,0,291100.0,Working,Secondary / secondary special,Civil marriage,House / apartment,-9388,-430,1,0,0,0,Core staff,2.0
5009555,F,N,Y,1,219400.0,Pensioner,Secondary / secondary special,Separated,House / apartment,-22815,365243,1,1,0,0,,2.0
5009556,F,Y,Y,0,155700.0,Commercial associate,Secondary / secondary special,Married,House / apartment,-11769,-3243,1,0,1,0,Waiters/barmen staff,2.0
5009557,M,N,Y,0,118700.0,Commercial associate,Secondary / secondary special,Married,House / apartment,-20237,-11303,1,1,0,0,Drivers,2.0
5009558,M,N,Y,2,148700.0,Working,Secondary / secondary special,Single / not married,House / apartment,-7471,-230,1,0,0,0,,3.0
5009559,F,Y,Y,1,157300.0,Commercial associate,Incomplete higher,Married,House / apartment,-9014,-1399,1,0,0,0,Security staff,3.0
5009560,F,N,Y,0,297400.0,Commercial associate,Secondary / secondary special,Separated,House / apartment,-18432,-2154,1,0,1,1,Core staff,1.0
5009561,F,N,N,0,187700.0,Commercial associate,Secondary / secondary special,Married,House / apartment,-10636,-2396,1,1,0,1,Sales staff,2.0
5009562,F,N,Y,0,268000.0,State servant,Secondary / secondary special,Civil marriage,House / apartment,-7820,-259,1,0,0,0,Laborers,2.0
5009563,F,Y,N,0,463500.0,State servant,Secondary / secondary special,Married,House / apartment,-15833,-1232,1,0,0,0,Drivers,2.0
5009564,M,N,Y,0,233600.0,State servant,Secondary / secondary special,Married,House / apartment,-13341,-6136,1,0,0,0,Core staff,2.0
5009565,M,N,Y,0,690400.0,Commercial associate,Secondary / secondary special,Widow,House / apartment,-21956,-4720,1,1,1,0,,1.0
5009566,M,N,N,0,135600.0,State servant,Higher education,Married,House / apartment,-22259,-3926,1,0,0,0,Drivers,2.0
5009567,F,Y,Y,0,226400.0,Working,Higher education,Married,House / apartment,-18526,-4404,1,0,0,0,,2.0
5009568,M,N,N,0,186400.0,Pensioner,Secondary / secondary special,Civil marriage,House / apartment,-12657,365243,1,0,0,0,,2.0
5009569,F,N,Y,0,389900.0,Pensioner,Secondary / secondary special,Married,House / apartment,-15735,365243,1,0,0,0,,2.0
5009570,F,Y,Y,0,79700.0,Pensioner,Secondary / secondary special,Married,Co-op apartment,-20130,365243,1,0,0,0,,2.0
5009571,F,Y,Y,0,118600.0,Pensioner,Secondary / secondary special,Married,House / apartment,-8571,365243,1,0,0,0,,2.0
5009572,M,Y,Y,0,231400.0,Working,Higher education,Married,House / apartment,-13377,-2528,1,0,1,0,,2.0
5009573,F,N,Y,0,530300.0,Working,Secondary / secondary special,Single / not married,House / apartment,-22324,-9571,1,0,1,0,,1.0
5009574,M,N,Y,0,273300.0,Working,Secondary / secondary special,Civil marriage,House / apartment,-14720,-4369,1,0,1,0,,2.0
5009575,F,N,Y,0,124200.0,Pensioner,Secondary / secondary special,Married,House / apartment,-18713,365243,1,0,1,0,,2.0
5009576,M,Y,Y,0,134200.0,Working,Secondary / secondary special,Married,House / apartment,-9064,-1051,1,0,0,0,Sales staff,2.0
5009577,F,N,Y,1,563500.0,Working,Higher education,Married,House / apartment,-21496,-8729,1,0,0,1,Laborers,3.0
5009578,F,Y,Y,2,179000.0,Commercial associate,Secondary / secondary special,Civil marriage,House / apartment,-9140,-2285,1,1,1,0,Accountants,4.0
5009579,M,Y,Y,0,152400.0,Commercial associate,Secondary / secondary special,Single / not married,House / apartment,-23039,-15870,1,0,0,0,Laborers,1.0
5009580,M,N,Y,2,511000.0,State servant,Secondary / secondary special,Separated,House / apartment,-9252,-1809,1,0,0,0,Sales staff,3.0
5009581,F,Y,N,0,404700.0,Commercial associate,Secondary / secondary special,Widow,House / apartment,-23575,-894,1,0,1,0,Managers,1.0
5009582,F,N,N,0,461600.0,Pensioner,Secondary / secondary special,Married,House / apartment,-13948,365243,1,0,1,0,,2.0
5009583,F,Y,Y,4,151800.0,Commercial associate,Secondary / secondary special,Married,With parents,-18710,-3291,1,1,0,0,,6.0
5009584,F,N,N,0,113900.0,Pensioner,Secondary / secondary special,Married,House / apartment,-22765,365243,1,0,0,0,,2.0
5009585,F,N,Y,0,260900.0,Working,Secondary / secondary special,Married,House / apartment,-7492,-218,1,0,0,0,Laborers,2.0
5009586,M,N,N,0,288700.0,Working,Secondary / secondary special,Married,House / apartment,-12157,-267,1,0,0,1,High skill tech staff,2.0
5009587,M,Y,N,0,293000.0,Pensioner,Secondary / secondary special,Civil marriage,House / apartment,-23894,365243,1,0,0,0,,2.0
5009588,M,Y,N,0,511200.0,Commercial associate,Secondary / secondary special,Married,House / apartment,-14394,365243,1,0,0,0,,2.0
5009589,F,N,Y,0,102600.0,Commercial associate,Secondary / secondary special,Married,House / apartment,-20205,-6180,1,0,0,0,Laborers,2.0
5009590,F,Y,Y,0,375200.0,Working,Incomplete higher,Married,Office apartment,-9862,-847,1,0,1,0,Drivers,2.0
5009591,F,N,Y,0,141100.0,Working,Secondary / secondary special,Single / not married,House / apartment,-19694,-1017,1,0,0,0,,1.0
5009592,F,N,N,0,374500.0,Commercial associate,Secondary / secondary special,Married,Co-op apartment,-8641,-756,1,1,0,0,Managers,2.0
5009593,F,Y,Y,2,192500.0,Working,Higher education,Married,House / apartment,-20405,-6329,1,0,0,0,Laborers,4.0
5009594,M,Y,N,1,162500.0,Working,Secondary / secondary special,Married,House / apartment,-13218,-699,1,0,1,0,Cleaning staff,3.0
5009595,F,N,Y,0,180000.0,Working,Higher education,Civil marriage,With parents,-15813,-1815,1,1,1,0,Core staff,2.0
5009596,F,N,N,0,118500.0,Commercial associate,Higher education,Married,House / apartment,-10341,-967,1,0,0,0,,2.0
5009597,F,N,Y,1,249100.0,Commercial associate,Secondary / secondary special,Separated,House / apartment,-18771,-6030,1,0,0,0,Laborers,2.0
5009598,M,N,Y,0,165900.0,State servant,Lower secondary,Married,House / apartment,-13470,-6151,1,0,1,0,Core staff,2.0
5009599,F,N,Y,0,361700.0,Commercial associate,Secondary / secondary special,Widow,Municipal apartment,-14306,-2176,1,0,0,1,Sales staff,1.0
5009600,F,Y,Y,0,336200.0,Pensioner,Secondary / secondary special,Civil marriage,House / apartment,-19216,365243,1,1,0,0,,2.0
5009601,F,N,Y,1,567800.0,Commercial associate,Higher education,Married,House / apartment,-10571,-3169,1,0,0,0,Core staff,3.0
5009602,F,N,N,0,293200.0,Commercial associate,Secondary / secondary special,Married,House / apartment,-22865,-267,1,1,0,0,Laborers,2.0
5009603,F,Y,Y,0,316700.0,Working,Secondary / secondary special,Married,House / apartment,-20806,-12136,1,0,0,0,Accountants,2.0
5009604,F,Y,Y,0,491600.0,Working,Higher education,Single / not married,House / apartment,-17856,-8475,1,0,1,0,,1.0
5009605,M,Y,N,0,178400.0,Commercial associate,Higher education,Married,Municipal apartment,-9649,-1557,1,0,0,0,Sales staff,2.0
5009606,F,Y,Y,0,116000.0,Working,Secondary / secondary special,Married,House / apartment,-19853,-10521,1,0,1,1,Managers,2.0
5009607,F,N,N,0,269800.0,Pensioner,Incomplete higher,Married,House / apartment,-7636,365243,1,1,1,0,,2.0
5009608,F,Y,N,0,119900.0,Commercial associate,Secondary / secondary special,Single / not married,House / apartment,-21995,-14208,1,0,0,0,,1.0
5009609,F,Y,Y,0,832700.0,Pensioner,Secondary / secondary special,Married,House / apartment,-12853,365243,1,0,1,0,,2.0
5009610,F,Y,Y,0,505500.0,State servant,Secondary / secondary special,Married,House / apartment,-9446,-90,1,0,0,0,,2.0
5009611,F,N,Y,1,720300.0,Working,Secondary / secondary special,Married,House / apartment,-10309,365243,1,0,0,0,,3.0
5009612,F,N,N,1,251900.0,Working,Secondary / secondary special,Married,House / apartment,-24894,-6180,1,0,0,0,,3.0
5009613,M,N,Y,0,321500.0,Commercial associate,Secondary / secondary special,Married,House / apartment,-21437,-6984,1,1,0,0,Laborers,2.0
5009614,F,Y,Y,0,194000.0,Working,Secondary / secondary special,Single / not married,Office apartment,-11649,-2996,1,0,0,0,Drivers,1.0
5009615,F,N,N,0,379600.0,Working,Secondary / secondary special,Married,House / apartment,-24900,-4716,1,0,0,0,Managers,2.0
5009616,M,N,Y,0,132900.0,Pensioner,Higher education,Married,House / apartment,-9864,365243,1,1,0,1,,2.0
5009617,F,Y,N,1,68500.0,State servant,Secondary / secondary special,Married,With parents,-20701,-9493,1,0,0,0,Laborers,3.0
5009618,F,Y,N,0,164400.0,Pensioner,Secondary / secondary special,Widow,House / apartment,-19299,365243,1,1,1,0,,1.0
5009619,F,Y,Y,0,117900.0,Working,Higher education,Married,House / apartment,-22307,-5120,1,0,0,0,Laborers,2.0
5009620,F,Y,N,1,511200.0,Working,Secondary / secondary special,Widow,House / apartment,-14276,-3102,1,0,0,1,Laborers,2.0
5009621,F,N,N,2,605200.0,Commercial associate,Higher education,Married,House / apartment,-14644,-5175,1,0,1,0,Core staff,4.0
5009622,M,N,Y,0,121100.0,Working,Secondary / secondary special,Married,House / apartment,-18711,-6166,1,0,0,0,,2.0
5009623,M,N,Y,0,465700.0,Working,Secondary / secondary special,Single / not married,House / apartment,-14577,-3656,1,0,0,0,,1.0
5009624,F,N,Y,0,392800.0,Working,Secondary / secondary special,Married,House / apartment,-8060,-184,1,0,0,0,,2.0
5009625,M,N,Y,1,111400.0,Pensioner,Secondary / secondary special,Single / not married,House / apartment,-20631,365243,1,0,1,0,,2.0
5009626,M,N,N,1,200900.0,Commercial associate,Secondary / secondary special,Civil marriage,House / apartment,-19010,-265,1,0,1,0,Drivers,3.0
5009627,F,N,Y,0,182700.0,Commercial associate,Secondary / secondary special,Married,House / apartment,-15043,-1110,1,1,0,0,,2.0
5009628,F,Y,Y,0,354900.0,State servant,Higher education,Married,House / apartment,-12835,-6154,1,0,0,0,,2.0
5009629,F,Y,Y,0,132100.0,Working,Secondary / secondary special,Married,House / apartment,-13162,-2962,1,0,0,0,Private service staff,2.0
5009630,M,N,Y,0,232400.0,Working,Secondary / secondary special,Civil marriage,House / apartment,-20838,-9101,1,0,1,0,Drivers,2.0
5009631,M,Y,N,0,173300.0,Pensioner,Higher education,Married,House / apartment,-20621,365243,1,0,1,0,,2.0
5009632,F,Y,N,0,309300.0,Student,Secondary / secondary special,Married,House / apartment,-22260,-5386,1,0,0,0,Laborers,2.0
5009633,F,N,Y,0,219100.0,Commercial associate,Higher education,Married,House / apartment,-21224,-9446,1,0,0,0,Laborers,2.0
5009634,M,N,Y,1,186800.0,Working,Secondary / secondary special,Separated,House / apartment,-21147,-10471,1,0,0,0,Low-skill Laborers,2.0
5009635,F,N,Y,0,219400.0,Pensioner,Secondary / secondary special,Married,House / apartment,-11903,365243,1,0,1,0,,2.0
5009636,M,N,Y,0,675700.0,Working,Secondary / secondary special,Married,House / apartment,-9161,-2016,1,0,1,0,Laborers,2.0
5009637,M,N,Y,0,198200.0,Commercial associate,Secondary / secondary special,Married,House / apartment,-21217,-11115,1,0,1,0,High skill tech staff,2.0
5009638,F,N,Y,1,145100.0,Working,Secondary / secondary special,Single / not married,House / apartment,-9106,-1969,1,1,0,0,Drivers,2.0
5009639,F,N,N,0,326800.0,Pensioner,Higher education,Married,House / apartment,-25241,365243,1,0,0,1,,2.0
5009640,F,N,Y,2,227200.0,Working,Secondary / secondary special,Married,House / apartment,-23286,-4177,1,0,1,0,Sales staff,4.0
5009641,F,N,N,0,120300.0,Pensioner,Secondary / secondary special,Married,House / apartment,-17047,365243,1,0,1,0,,2.0
5009642,F,N,Y,2,745100.0,Working,Secondary / secondary special,Married,Office apartment,-13737,-3099,1,0,0,0,High skill tech staff,4.0
5009643,F,N,Y,1,204700.0,Working,Secondary / secondary special,Married,House / apartment,-16926,-7098,1,0,1,0,,3.0
5009644,M,N,N,0,202100.0,State servant,Secondary / secondary special,Married,House / apartment,-20715,-4885,1,0,1,0,Private service staff,2.0
5009645,F,Y,Y,2,264400.0,Working,Secondary / secondary special,Married,House / apartment,-21117,-8586,1,0,1,0,Laborers,4.0
5009646,M,Y,N,0,579800.0,Commercial associate,Secondary / secondary special,Married,House / apartment,-8650,-1477,1,0,0,0,,2.0
5009647,F,Y,Y,0,105400.0,Working,Secondary / secondary special,Married,House / apartment,-22004,-9632,1,0,0,0,Drivers,2.0
5009648,M,N,Y,0,280300.0,Pensioner,Higher education,Married,House / apartment,-19020,365243,1,1,1,0,,2.0
5009649,F,Y,N,0,693200.0,Working,Secondary / secondary special,Single / not married,House / apartment,-8046,-994,1,0,0,0,Laborers,1.0
5009650,M,Y,Y,1,260400.0,Working,Secondary / secondary special,Married,Municipal apartment,-13024,-5047,1,0,0,0,Accountants,3.0
5009651,F,N,N,1,131600.0,Commercial associate,Higher education,Married,House / apartment,-16631,-7189,1,0,0,0,,3.0
5009652,F,Y,N,0,179200.0,Working,Higher education,Married,Municipal apartment,-10747,-924,1,0,0,0,,2.0
5009653,F,N,Y,0,270700.0,Working,Secondary / secondary special,Married,House / apartment,-10140,-1392,1,0,0,0,Managers,2.0
5009654,M,Y,Y,0,474900.0,Commercial associate,Higher education,Civil marriage,House / apartment,-7566,-547,1,0,0,0,Sales staff,2.0
5009655,F,N,Y,0,206000.0,Working,Secondary / secondary special,Married,House / apartment,-23952,-1208,1,0,0,0,Private service staff,2.0
5009656,M,N,Y,0,369100.0,Working,Secondary / secondary special,Married,House / apartment,-8330,-117,1,0,0,0,Core staff,2.0
5009657,F,N,N,2,119100.0,Commercial associate,Higher education,Civil marriage,House / apartment,-13989,-6689,1,0,0,0,HR staff,4.0
5009658,M,N,Y,0,118600.0,Pensioner,Higher education,Single / not married,House / apartment,-11063,365243,1,0,1,0,,1.0
5009659,M,N,Y,0,191800.0,Working,Secondary / secondary special,Single / not married,House / apartment,-20838,-11161,1,0,0,0,Medicine staff,1.0
5009660,M,Y,N,1,501100.0,Commercial associate,Secondary / secondary special,Married,House / apartment,-20220,-11684,1,0,1,0,,3.0
5009661,F,Y,Y,0,252700.0,Commercial associate,Secondary / secondary special,Married,House / apartment,-22029,-5490,1,0,0,0,,2.0
5009662,F,Y,N,0,282200.0,Working,Secondary / secondary special,Separated,House / apartment,-18569,-6151,1,0,0,0,,1.0
5009663,M,N,Y,0,280500.0,Working,Higher education,Separated,House / apartment,-18110,-670,1,0,0,0,Sales staff,1.0
5009664,F,N,N,0,425100.0,Working,Secondary / secondary special,Married,House / apartment,-14740,-6306,1,0,1,0,Cooking staff,2.0
5009665,F,N,Y,3,179900.0,Pensioner,Secondary / secondary special,Single / not married,Office apartment,-18927,365243,1,0,0,0,,4.0
5009666,F,Y,Y,0,344400.0,Working,Secondary / secondary special,Married,House / apartment,-9409,-479,1,0,0,0,,2.0
5009667,F,N,Y,0,161100.0,Pensioner,Higher education,Married,House / apartment,-19806,365243,1,0,1,0,,2.0
5009668,F,N,Y,0,658100.0,Commercial associate,Secondary / secondary special,Married,House / apartment,-9202,-90,1,0,0,0,Sales staff,2.0
5009669,F,N,N,0,163600.0,Working,Secondary / secondary special,Married,House / apartment,-23043,-7391,1,0,0,0,Drivers,2.0
5009670,M,N,Y,1,157000.0,Working,Higher education,Married,House / apartment,-16540,-440,1,0,0,0,Sales staff,3.0
5009671,M,Y,N,2,321400.0,State servant,Secondary / secondary special,Married,Municipal apartment,-16991,-2111,1,1,0,0,Medicine staff,4.0
5009672,F,N,Y,1,254100.0,Working,Higher education,Married,House / apartment,-17986,-7138,1,0,0,0,Laborers,3.0
5009673,F,N,Y,0,287500.0,Working,Secondary / secondary special,Married,House / apartment,-21478,-10786,1,0,1,0,Managers,2.0
5009674,F,Y,Y,0,273500.0,Commercial associate,Secondary / secondary special,Married,House / apartment,-16043,-2081,1,0,0,1,Laborers,2.0
5009675,M,Y,Y,0,141500.0,Working,Secondary / secondary special,Civil marriage,House / apartment,-15114,-3357,1,1,0,0,Drivers,2.0
5009676,F,N,Y,0,547000.0,Working,Secondary / secondary special,Married,House / apartment,-12571,-2515,1,1,0,0,Laborers,2.0
5009677,F,N,Y,0,381600.0,Working,Secondary / secondary special,Civil marriage,House / apartment,-9643,365243,1,0,0,0,,2.0
5009678,M,N,N,0,481600.0,Working,Secondary / secondary special,Married,House / apartment,-10781,-3922,1,0,1,0,Laborers,2.0
5009679,M,Y,Y,2,187500.0,Working,Secondary / secondary special,Civil marriage,House / apartment,-7315,-175,1,0,1,0,,4.0
5009680,F,N,Y,0,300700.0,Pensioner,Secondary / secondary special,Married,Co-op apartment,-23183,365243,1,0,1,0,,2.0
5009681,F,N,Y,0,269500.0,State servant,Secondary / secondary special,Civil marriage,House / apartment,-21275,-9827,1,0,0,0,Laborers,2.0
5009682,M,N,Y,0,429100.0,Working,Secondary / secondary special,Married,House / apartment,-11299,-1753,1,0,1,0,,2.0
5009683,M,N,N,0,436100.0,Working,Secondary / secondary special,Married,House / apartment,-7349,-572,1,0,0,0,Accountants,2.0
5009684,M,Y,Y,0,268900.0,Working,Secondary / secondary special,Married,House / apartment,-16292,-5480,1,1,0,0,,2.0
5009685,F,N,Y,0,114300.0,Working,Secondary / secondary special,Widow,House / apartment,-14840,-4205,1,0,0,0,Sales staff,1.0
5009686,M,Y,Y,0,594400.0,Working,Secondary / secondary special,Single / not married,House / apartment,-21477,-10919,1,0,0,0,Laborers,1.0
5009687,M,N,Y,0,322400.0,Working,Secondary / secondary special,Married,House / apartment,-14663,-5110,1,0,1,0,,2.0
5009688,F,N,Y,1,180100.0,State servant,Secondary / secondary special,Married,With parents,-23086,-1112,1,0,1,0,Core staff,3.0
5009689,M,N,Y,0,299200.0,Working,Secondary / secondary special,Single / not married,House / apartment,-9055,-2230,1,0,1,0,Sales staff,1.0
5009690,F,N,Y,0,114700.0,Working,Secondary / secondary special,Widow,House / apartment,-13986,-5798,1,1,0,1,Laborers,1.0
5009691,M,N,Y,0,413800.0,Working,Higher education,Married,Municipal apartment,-24361,-6665,1,1,0,0,Sales staff,2.0
5009692,M,N,N,0,117000.0,Working,Secondary / secondary special,Separated,House / apartment,-7519,-616,1,0,1,0,Core staff,1.0
5009693,M,N,Y,2,218600.0,Pensioner,Secondary / secondary special,Married,House / apartment,-14442,365243,1,0,0,0,,4.0
5009694,F,N,N,0,275900.0,Working,Secondary / secondary special,Separated,House / apartment,-12048,-4837,1,0,0,0,Laborers,1.0
5009695,F,N,Y,0,410400.0,State servant,Higher education,Single / not married,House / apartment,-17018,-1036,1,1,0,0,Sales staff,1.0
5009696,F,N,N,1,257500.0,Working,Secondary / secondary special,Married,House / apartment,-12396,-5296,1,0,0,0,Sales staff,3.0
5009697,F,Y,Y,0,335400.0,Commercial associate,Secondary / secondary special,Married,House / apartment,-23192,-7650,1,0,1,0,Core staff,2.0
5009698,F,N,Y,0,240700.0,Student,Higher education,Married,House / apartment,-24419,-9865,1,0,0,0,Sales staff,2.0
5009699,M,Y,Y,0,240200.0,Working,Secondary / secondary special,Married,House / apartment,-22812,-4128,1,0,0,0,,2.0
5009700,M,N,Y,0,254800.0,Working,Secondary / secondary special,Separated,House / apartment,-14584,-4963,1,0,0,0,Drivers,1.0
5009701,F,Y,Y,1,222100.0,Pensioner,Secondary / secondary special,Single / not married,House / apartment,-25384,365243,1,0,0,0,,2.0
5009702,M,N,Y,0,105000.0,Working,Secondary / secondary special,Married,House / apartment,-20729,-14138,1,0,0,0,Sales staff,2.0
5009703,M,N,Y,0,166300.0,Commercial associate,Secondary / secondary special,Separated,House / apartment,-13799,-3991,1,0,0,1,,1.0
5009704,M,N,Y,0,275900.0,Working,Secondary / secondary special,Married,House / apartment,-9016,-1102,1,0,1,0,Laborers,2.0
5009705,M,N,Y,0,215500.0,Working,Higher education,Civil marriage,House / apartment,-19487,-7300,1,0,1,0,Accountants,2.0
5009706,M,Y,N,0,225800.0,Working,Secondary / secondary special,Civil marriage,House / apartment,-20610,-5431,1,1,0,0,Sales staff,2.0
5009707,F,Y,Y,0,207700.0,Pensioner,Higher education,Separated,House / apartment,-9541,365243,1,0,1,0,,1.0
5009708,F,Y,Y,0,158500.0,Working,Higher education,Married,House / apartment,-17345,-1337,1,0,1,0,Secretaries,2.0
5009709,F,N,Y,0,190800.0,Working,Secondary / secondary special,Married,House / apartment,-25332,-13129,1,0,0,0,,2.0
5009710,F,N,Y,2,209400.0,Commercial associate,Secondary / secondary special,Married,House / apartment,-13263,-6350,1,1,0,0,,4.0
5009711,M,N,Y,0,244800.0,Working,Secondary / secondary special,Married,House / apartment,-12818,-1471,1,0,1,0,Core staff,2.0
5009712,M,Y,N,0,297200.0,Working,Secondary / secondary special,Married,House / apartment,-23802,-12539,1,0,0,0,Sales staff,2.0
5009713,F,Y,Y,0,223100.0,Working,Secondary / secondary special,Civil marriage,With parents,-9449,-167,1,0,0,0,Core staff,2.0
5009714,F,N,Y,2,145900.0,Commercial associate,Secondary / secondary special,Married,House / apartment,-24354,-9470,1,0,1,0,,4.0
5009715,M,N,Y,1,121300.0,Commercial associate,Higher education,Married,Rented apartment,-21540,-12315,1,0,0,0,,3.0
5009716,F,N,Y,1,894600.0,Working,Secondary / secondary special,Married,House / apartment,-14443,-5323,1,1,1,0,Managers,3.0
5009717,F,N,N,0,138800.0,Working,Secondary / secondary special,Married,House / apartment,-8831,-1383,1,0,1,0,Core staff,2.0
5009718,F,N,N,1,188400.0,Commercial associate,Higher education,Married,House / apartment,-7655,-143,1,1,1,0,HR staff,3.0
5009719,F,Y,Y,0,316100.0,Pensioner,Secondary / secondary special,Married,House / apartment,-14169,365243,1,0,0,0,,2.0
5009720,M,N,Y,0,292400.0,Working,Secondary / secondary special,Married,House / apartment,-20187,-10464,1,0,1,0,,2.0
5009721,F,N,Y,0,316800.0,Working,Secondary / secondary special,Married,House / apartment,-16209,-4768,1,1,0,0,,2.0
5009722,F,Y,Y,1,195700.0,Working,Secondary / secondary special,Married,House / apartment,-20795,-2925,1,0,1,0,,3.0
5009723,M,N,Y,1,275100.0,Commercial associate,Secondary / secondary special,Married,House / apartment,-19551,-3084,1,1,0,0,Core staff,3.0
5009724,F,Y,N,1,251700.0,State servant,Incomplete higher,Civil marriage,House / apartment,-17768,-4371,1,1,0,0,Laborers,3.0
5009725,F,N,Y,2,208900.0,Working,Secondary / secondary special,Civil marriage,With parents,-24974,-1715,1,0,0,0,,4.0
5009726,F,Y,Y,0,276000.0,Working,Secondary / secondary special,Married,House / apartment,-20607,-307,1,0,0,0,Managers,2.0
5009727,F,N,Y,0,413800.0,Working,Secondary / secondary special,Married,House / apartment,-24008,-8754,1,0,0,0,Drivers,2.0
5009728,F,Y,N,0,241400.0,Working,Secondary / secondary special,Separated,House / apartment,-11727,-3974,1,0,0,0,Laborers,1.0
5009729,M,N,Y,1,242200.0,Working,Secondary / secondary special,Married,House / apartment,-20338,-7398,1,0,0,0,,3.0
5009730,M,N,N,0,416500.0,Pensioner,Secondary / secondary special,Married,With parents,-18222,365243,1,0,0,0,,2.0
5009731,F,N,Y,1,394800.0,Working,Secondary / secondary special,Married,House / apartment,-24185,-12238,1,1,0,0,Sales staff,3.0
5009732,F,N,Y,0,539000.0,Pensioner,Secondary / secondary special,Single / not married,House / apartment,-16627,365243,1,1,0,0,,1.0
5009733,M,N,N,0,101500.0,Working,Secondary / secondary special,Separated,House / apartment,-12412,-4341,1,0,0,0,Cleaning staff,1.0
5009734,M,Y,N,0,383900.0,Pensioner,Higher education,Married,House / apartment,-14333,365243,1,0,1,0,,2.0
5009735,F,Y,Y,0,329800.0,Working,Secondary / secondary special,Married,House / apartment,-11301,-3733,1,0,0,0,,2.0
5009736,F,Y,Y,1,156800.0,Working,Secondary / secondary special,Married,House / apartment,-11322,-4314,1,0,0,0,Laborers,3.0
5009737,F,N,N,0,276900.0,State servant,Secondary / secondary special,Widow,House / apartment,-15896,-8331,1,1,0,0,Accountants,1.0
5009738,M,Y,Y,0,412900.0,Working,Secondary / secondary special,Civil marriage,House / apartment,-23606,-733,1,0,0,0,Laborers,2.0
5009739,M,N,Y,0,161300.0,Commercial associate,Higher education,Married,House / apartment,-10809,-4126,1,1,0,0,,2.0
5009740,M,N,N,0,304600.0,Pensioner,Secondary / secondary special,Civil marriage,House / apartment,-12562,365243,1,0,0,0,,2.0
5009741,F,Y,Y,0,377400.0,Working,Lower secondary,Married,House / apartment,-22883,-4976,1,0,0,1,,2.0
5009742,M,Y,Y,0,142900.0,Commercial associate,Higher education,Married,House / apartment,-13501,-276,1,0,0,0,Drivers,2.0
5009743,F,Y,Y,1,227400.0,Pensioner,Secondary / secondary special,Married,House / apartment,-24881,365243,1,0,0,0,,3.0
5009744,M,N,Y,0,283800.0,State servant,Higher education,Married,House / apartment,-12216,-1339,1,0,0,0,Drivers,2.0
5009745,F,Y,Y,0,164000.0,Commercial associate,Secondary / secondary special,Married,House / apartment,-15380,-2200,1,0,0,0,Laborers,2.0
5009746,F,Y,Y,0,157300.0,Working,Secondary / secondary special,Civil marriage,House / apartment,-9051,-1365,1,0,0,0,,2.0
5009747,F,N,Y,0,228200.0,Commercial associate,Secondary / secondary special,Married,House / apartment,-25425,-7724,1,0,1,0,Laborers,2.0
5009748,M,N,Y,0,364500.0,Commercial associate,Secondary / secondary special,Married,House / apartment,-23561,-16216,1,0,0,0,,2.0
5009749,M,Y,Y,0,336800.0,Commercial associate,Secondary / secondary special,Married,House / apartment,-22236,-24,1,0,1,0,,2.0
5009750,M,Y,Y,0,158700.0,Pensioner,Secondary / secondary special,Married,House / apartment,-10178,365243,1,1,1,0,,2.0
5009751,F,Y,N,0,338300.0,Working,Secondary / secondary special,Married,House / apartment,-25008,-3829,1,1,1,0,High skill tech staff,2.0
5009752,F,N,Y,0,160700.0,Working,Secondary / secondary special,Married,House / apartment,-24274,-11429,1,0,0,0,Managers,2.0
5009753,F,N,N,1,109100.0,Commercial associate,Secondary / secondary special,Married,House / apartment,-15261,-7954,1,0,0,0,Medicine staff,3.0
5009754,F,Y,Y,2,203200.0,State servant,Higher education,Married,House / apartment,-19753,-5526,1,0,0,0,,4.0
5009755,F,Y,N,0,428000.0,Working,Secondary / secondary special,Married,House / apartment,-25430,-10216,1,0,1,0,Drivers,2.0
5009756,M,N,Y,0,338900.0,State servant,Secondary / secondary special,Married,House / apartment,-14788,-7065,1,0,0,0,Drivers,2.0
5009757,F,N,Y,0,243900.0,State servant,Secondary / secondary special,Married,House / apartment,-9369,-1911,1,0,0,0,,2.0
5009758,F,Y,N,0,198200.0,Pensioner,Secondary / secondary special,Married,House / apartment,-23153,365243,1,0,0,0,,2.0
5009759,F,N,N,1,200900.0,Pensioner,Incomplete higher,Married,House / apartment,-16007,365243,1,0,0,0,,3.0
5009760,F,Y,Y,1,257800.0,Pensioner,Secondary / secondary special,Single / not married,House / apartment,-25330,365243,1,0,1,0,,2.0
5009761,M,Y,N,0,143100.0,Pensioner,Higher education,Single / not married,Office apartment,-17366,365243,1,0,0,0,,1.0
5009762,M,N,Y,0,205100.0,Commercial associate,Secondary / secondary special,Separated,House / apartment,-7843,-583,1,1,0,0,,1.0
5009763,F,N,N,0,219200.0,Working,Higher education,Married,House / apartment,-16285,-121,1,0,0,0,Laborers,2.0
5009764,M,N,Y,0,124200.0,Working,Higher education,Married,House / apartment,-20419,-1264,1,0,0,0,,2.0
5009765,F,N,Y,1,160500.0,Working,Higher education,Single / not married,House / apartment,-7780,-750,1,0,0,0,Sales staff,2.0
5009766,M,N,Y,0,299800.0,Working,Secondary / secondary special,Married,House / apartment,-14856,-2104,1,0,0,0,,2.0
5009767,F,N,Y,0,245300.0,Working,Secondary / secondary special,Married,House / apartment,-10146,-1481,1,0,1,0,,2.0
5009768,M,N,N,0,209200.0,Pensioner,Secondary / secondary special,Single / not married,House / apartment,-19050,365243,1,0,1,0,,1.0
5009769,F,N,Y,0,154800.0,Commercial associate,Secondary / secondary special,Married,House / apartment,-24789,-447,1,0,0,0,,2.0
5009770,F,N,Y,0,537100.0,Working,Secondary / secondary special,Married,House / apartment,-18711,-10675,1,0,1,0,,2.0
5009771,M,Y,Y,0,160600.0,Pensioner,Secondary / secondary special,Single / not married,House / apartment,-19995,365243,1,0,0,0,,1.0
5009772,F,N,Y,0,276900.0,Working,Higher education,Single / not married,House / apartment,-14547,-804,1,0,0,0,High skill tech staff,1.0
5009773,F,N,Y,1,191300.0,Working,Secondary / secondary special,Single / not married,House / apartment,-17589,-5410,1,1,0,0,Drivers,2.0
5009774,F,N,Y,1,248600.0,Pensioner,Higher education,Married,House / apartment,-17237,365243,1,1,0,0,,3.0
5009775,F,Y,N,0,306900.0,Working,Secondary / secondary special,Civil marriage,House / apartment,-21177,-10267,1,1,0,0,High skill tech staff,2.0
5009776,F,N,Y,2,123000.0,Commercial associate,Secondary / secondary special,Single / not married,House / apartment,-22954,-330,1,0,0,0,,3.0
5009777,M,N,Y,0,243300.0,Working,Secondary / secondary special,Civil marriage,House / apartment,-19411,-11572,1,0,0,0,,2.0
5009778,M,Y,N,1,442800.0,Working,Secondary / secondary special,Single / not married,House / apartment,-25199,-14861,1,0,0,0,,2.0
5009779,M,N,Y,1,589000.0,Pensioner,Secondary / secondary special,Married,House / apartment,-22432,365243,1,0,0,0,,3.0
5009780,F,Y,N,0,228800.0,Working,Higher education,Married,House / apartment,-9581,-2036,1,1,0,0,,2.0
5009781,M,Y,N,1,249300.0,State servant,Secondary / secondary special,Single / not married,House / apartment,-16573,-7364,1,0,0,0,,2.0
5009782,F,N,Y,0,737600.0,Working,Higher education,Single / not married,House / apartment,-23800,-1553,1,0,0,0,Laborers,1.0
5009783,F,N,Y,0,430600.0,Commercial associate,Higher education,Married,House / apartment,-24544,-8318,1,0,1,0,Drivers,2.0
5009784,M,N,Y,0,179300.0,Pensioner,Secondary / secondary special,Single / not married,House / apartment,-14249,365243,1,1,1,0,,1.0
5009785,F,Y,Y,1,179100.0,State servant,Higher education,Married,House / apartment,-20558,-8914,1,0,0,0,Laborers,3.0
5009786,M,N,N,1,393900.0,Working,Higher education,Married,House / apartment,-14803,-5878,1,1,0,0,,3.0
5009787,M,Y,Y,0,147300.0,Working,Higher education,Married,House / apartment,-9563,-1718,1,0,0,0,Managers,2.0
5009788,F,Y,Y,0,420600.0,Commercial associate,Higher education,Married,With parents,-23460,365243,1,1,1,0,,2.0
5009789,F,Y,Y,0,288500.0,Working,Higher education,Married,House / apartment,-24325,-8850,1,0,0,1,Core staff,2.0
5009790,F,N,Y,3,316300.0,Working,Secondary / secondary special,Single / not married,House / apartment,-16523,-8048,1,0,0,0,,4.0
5009791,F,N,Y,0,214700.0,Pensioner,Secondary / secondary special,Married,House / apartment,-7639,365243,1,0,1,0,,2.0
5009792,M,N,N,1,178200.0,Commercial associate,Higher education,Married,House / apartment,-22208,-7604,1,0,0,0,Laborers,3.0
5009793,F,N,Y,0,507100.0,Working,Higher education,Widow,With parents,-16015,-4199,1,0,0,0,Managers,1.0
5009794,F,Y,Y,0,215800.0,Working,Secondary / secondary special,Married,Municipal apartment,-8675,365243,1,0,1,0,,2.0
5009795,F,N,Y,0,198800.0,Pensioner,Secondary / secondary special,Married,House / apartment,-10764,365243,1,1,1,1,,2.0
5009796,M,N,N,2,234500.0,Commercial associate,Secondary / secondary special,Separated,House / apartment,-10083,-262,1,1,0,0,Sales staff,3.0
5009797,F,N,Y,0,268900.0,Commercial associate,Secondary / secondary special,Married,House / apartment,-19838,-8303,1,0,1,0,Managers,2.0
5009798,F,Y,N,2,145800.0,Working,Secondary / secondary special,Single / not married,House / apartment,-12773,365243,1,0,0,0,,3.0
5009799,M,N,Y,0,184100.0,Working,Secondary / secondary special,Widow,With parents,-9637,-1955,1,0,0,0,Laborers,1.0
5009800,F,N,N,0,179200.0,Working,Higher education,Civil marriage,House / apartment,-24064,-1190,1,0,0,0,Sales staff,2.0
5009801,M,N,Y,1,372500.0,Commercial associate,Secondary / secondary special,Married,House / apartment,-24774,365243,1,0,0,0,,3.0
5009802,F,N,Y,1,156800.0,Working,Secondary / secondary special,Married,House / apartment,-9836,-946,1,0,0,0,Sales staff,3.0
5009803,F,Y,Y,2,101500.0,Commercial associate,Higher education,Married,House / apartment,-11510,-913,1,0,0,0,,4.0
5009804,M,N,Y,0,91300.0,Commercial associate,Higher education,Civil marriage,House / apartment,-18119,-1263,1,0,1,0,,2.0
5009805,F,Y,Y,0,117000.0,Commercial associate,Secondary / secondary special,Civil marriage,House / apartment,-10054,-3069,1,0,0,0,Cooking staff,2.0
5009806,F,N,Y,0,482300.0,Working,Secondary / secondary special,Civil marriage,House / apartment,-10201,-2501,1,0,0,0,Accountants,2.0
5009807,F,N,Y,0,246100.0,Commercial associate,Secondary / secondary special,Married,House / apartment,-13452,-6346,1,0,0,0,Security staff,2.0
5009808,F,Y,Y,2,313700.0,Commercial associate,Higher education,Married,House / apartment,-24639,-1913,1,0,0,0,Laborers,4.0
5009809,F,N,N,0,319200.0,Working,Secondary / secondary special,Married,House / apartment,-24882,365243,1,0,0,1,,2.0
5009810,F,N,Y,0,251100.0,Working,Secondary / secondary special,Married,House / apartment,-22678,365243,1,1,0,0,,2.0
5009811,F,Y,N,0,235200.0,Commercial associate,Higher education,Single / not married,House / apartment,-20010,-12248,1,0,0,0,High skill tech staff,1.0
5009812,M,N,Y,0,411600.0,Working,Higher education,Married,House / apartment,-20466,-4143,1,0,0,0,Accountants,2.0
5009813,F,Y,Y,0,262600.0,Working,Secondary / secondary special,Married,House / apartment,-15881,-3812,1,0,1,0,,2.0
5009814,M,N,Y,0,491400.0,Working,Secondary / secondary special,Civil marriage,House / apartment,-16987,-956,1,0,1,0,Managers,2.0
5009815,F,N,Y,0,333000.0,Working,Secondary / secondary special,Married,Municipal apartment,-18892,-7380,1,0,0,0,High skill tech staff,2.0
5009816,F,N,N,0,179300.0,State servant,Secondary / secondary special,Separated,House / apartment,-20660,-12712,1,0,0,0,,1.0
5009817,M,N,Y,3,190400.0,Commercial associate,Secondary / secondary special,Married,House / apartment,-9074,-1258,1,0,0,0,,5.0
5009818,F,N,N,0,169700.0,Working,Secondary / secondary special,Separated,House / apartment,-11412,-2427,1,0,0,0,Medicine staff,1.0
5009819,F,N,N,0,448800.0,State servant,Secondary / secondary special,Married,House / apartment,-24891,-6652,1,0,0,0,,2.0
5009820,M,Y,Y,3,199400.0,Commercial associate,Secondary / secondary special,Married,With parents,-13426,-2687,1,0,1,0,Drivers,5.0
5009821,F,N,N,1,163800.0,Commercial associate,Higher education,Married,House / apartment,-12208,-2520,1,0,0,1,Managers,3.0
5009822,F,N,Y,3,286500.0,Working,Secondary / secondary special,Civil marriage,House / apartment,-15010,-6977,1,0,1,0,Sales staff,5.0
5009823,M,Y,N,2,232600.0,Commercial associate,Secondary / secondary special,Married,House / apartment,-12618,-1390,1,0,0,0,Managers,4.0
5009824,F,N,N,0,282900.0,Working,Incomplete higher,Single / not married,House / apartment,-8970,-2246,1,0,0,0,Sales staff,1.0
5009825,M,N,Y,0,628000.0,Working,Secondary / secondary special,Widow,House / apartment,-11103,-1396,1,0,1,0,,1.0
5009826,F,N,N,0,385400.0,Working,Higher education,Married,House / apartment,-18996,-4257,1,1,0,0,,2.0
5009827,F,Y,Y,0,247500.0,Working,Secondary / secondary special,Civil marriage,House / apartment,-11381,-923,1,0,1,0,Core staff,2.0
5009828,F,Y,Y,1,120700.0,Working,Secondary / secondary special,Married,Rented apartment,-19133,-953,1,0,0,0,Drivers,3.0
5009829,F,Y,Y,0,190100.0,Working,Secondary / secondary special,Married,House / apartment,-9133,-1894,1,1,1,0,Sales staff,2.0
5009830,F,N,Y,1,348400.0,Pensioner,Secondary / secondary special,Married,House / apartment,-8070,365243,1,0,0,0,,3.0
5009831,F,Y,Y,1,135900.0,Working,Secondary / secondary special,Married,House / apartment,-23039,-12803,1,0,0,0,High skill tech staff,3.0
5009832,M,N,N,0,712100.0,Pensioner,Secondary / secondary special,Married,House / apartment,-21185,365243,1,0,0,0,,2.0
5009833,F,Y,Y,1,245900.0,Commercial associate,Secondary / secondary special,Married,House / apartment,-19468,-698,1,0,0,0,Security staff,3.0
5009834,M,N,Y,0,250200.0,Working,Secondary / secondary special,Married,House / apartment,-7869,-832,1,1,0,0,Drivers,2.0
5009835,F,Y,Y,0,174900.0,Working,Secondary / secondary special,Married,House / apartment,-11676,-996,1,0,1,1,,2.0
5009836,M,N,Y,1,313000.0,Pensioner,Secondary / secondary special,Married,House / apartment,-22140,365243,1,0,0,0,,3.0
5009837,M,Y,N,0,136800.0,Working,Secondary / secondary special,Married,House / apartment,-9947,-1641,1,1,0,0,Accountants,2.0
5009838,M,N,N,1,720700.0,Commercial associate,Incomplete higher,Married,House / apartment,-22150,-13283,1,0,0,1,,3.0
5009839,F,Y,N,0,471700.0,Commercial associate,Secondary / secondary special,Separated,House / apartment,-17975,-10552,1,0,1,0,Core staff,1.0
5009840,M,N,Y,0,399400.0,Working,Incomplete higher,Married,House / apartment,-20826,-113,1,1,1,0,Sales staff,2.0
5009841,F,N,Y,1,121800.0,Working,Secondary / secondary special,Married,House / apartment,-19075,-7340,1,0,0,1,Drivers,3.0
5009842,M,Y,N,0,270500.0,Working,Secondary / secondary special,Married,House / apartment,-14920,-5139,1,0,0,0,Drivers,2.0
5009843,M,N,N,0,446900.0,Pensioner,Secondary / secondary special,Single / not married,House / apartment,-12637,365243,1,0,1,0,,1.0
5009844,F,N,Y,0,328400.0,Pensioner,Higher education,Married,House / apartment,-19591,365243,1,0,0,1,,2.0
5009845,F,Y,Y,1,147900.0,State servant,Higher education,Married,House / apartment,-22041,-4544,1,0,0,0,Core staff,3.0
5009846,M,N,N,0,176400.0,Working,Higher education,Civil marriage,House / apartment,-8122,-322,1,0,0,0,Sales staff,2.0
5009847,F,Y,N,1,194800.0,Working,Secondary / secondary special,Married,House / apartment,-14243,-1849,1,0,0,0,Realty agents,3.0
5009848,F,N,Y,0,180500.0,Working,Higher education,Married,House / apartment,-13710,-2879,1,0,0,0,Laborers,2.0
5009849,F,N,N,0,524300.0,State servant,Secondary / secondary special,Separated,House / apartment,-17522,-9508,1,0,0,0,Laborers,1.0
5009850,M,Y,Y,2,93400.0,Working,Secondary / secondary special,Married,House / apartment,-9386,-533,1,0,0,0,,4.0
5009851,M,N,Y,0,338900.0,Working,Secondary / secondary special,Married,House / apartment,-24352,-9610,1,0,0,0,,2.0
5009852,F,N,Y,0,127900.0,Pensioner,Secondary / secondary special,Married,House / apartment,-17322,365243,1,0,0,0,,2.0
5009853,M,N,Y,1,151000.0,Working,Higher education,Married,House / apartment,-24175,-2918,1,0,0,0,,3.0
5009854,F,N,Y,1,89400.0,Commercial associate,Secondary / secondary special,Married,House / apartment,-22224,-9388,1,0,0,0,Laborers,3.0
5009855,F,N,Y,0,185500.0,Working,Secondary / secondary special,Married,House / apartment,-10805,-3752,1,0,0,0,,2.0
5009856,F,N,Y,0,519600.0,Working,Secondary / secondary special,Married,House / apartment,-9722,-3114,1,0,0,0,Drivers,2.0
5009857,F,Y,N,1,278700.0,Pensioner,Incomplete higher,Married,House / apartment,-23034,365243,1,0,0,0,,3.0
5009858,F,N,N,1,134100.0,Commercial associate,Secondary / secondary special,Separated,House / apartment,-17096,-5564,1,0,0,0,Core staff,2.0
5009859,F,N,Y,1,406000.0,Working,Secondary / secondary special,Single / not married,Co-op apartment,-7666,-480,1,1,0,0,Laborers,2.0
5009860,F,N,Y,0,451900.0,Working,Secondary / secondary special,Married,House / apartment,-24366,-5466,1,0,1,0,HR staff,2.0
5009861,F,N,N,4,257200.0,Working,Higher education,Married,House / apartment,-15944,-2652,1,1,0,0,Laborers,6.0
5009862,F,N,Y,0,675300.0,Commercial associate,Incomplete higher,Married,House / apartment,-12801,-239,1,1,1,0,Sales staff,2.0
5009863,F,N,N,0,368200.0,Working,Secondary / secondary special,Married,House / apartment,-16739,-6396,1,0,0,0,Laborers,2.0
5009864,F,N,N,0,343400.0,Commercial associate,Secondary / secondary special,Widow,House / apartment,-22334,-11891,1,0,0,0,,1.0
5009865,F,Y,Y,0,163400.0,Working,Higher education,Widow,House / apartment,-9319,-2623,1,1,0,1,Accountants,1.0
5009866,F,N,N,0,334100.0,Pensioner,Incomplete higher,Married,With parents,-13860,365243,1,1,1,0,,2.0
5009867,F,N,N,0,272100.0,Working,Secondary / secondary special,Married,House / apartment,-13128,-5398,1,0,0,0,Laborers,2.0
5009868,F,Y,Y,0,316600.0,Pensioner,Secondary / secondary special,Separated,House / apartment,-22639,365243,1,0,0,0,,1.0
5009869,F,N,Y,0,173400.0,Working,Higher education,Single / not married,House / apartment,-21522,-9830,1,0,0,0,Core staff,1.0
5009870,M,N,Y,0,260300.0,Working,Secondary / secondary special,Married,House / apartment,-14612,-2222,1,0,0,1,,2.0
5009871,M,Y,Y,0,162300.0,State servant,Secondary / secondary special,Married,House / apartment,-19440,-4639,1,0,0,0,Core staff,2.0
5009872,F,Y,Y,0,83400.0,Working,Secondary / secondary special,Married,With parents,-14509,-4230,1,0,0,0,,2.0
5009873,M,Y,Y,0,402200.0,Commercial associate,Secondary / secondary special,Separated,House / apartment,-17739,-5768,1,0,0,0,Sales staff,1.0
5009874,M,N,Y,0,115200.0,Working,Secondary / secondary special,Married,House / apartment,-25407,-7645,1,0,1,0,Accountants,2.0
5009875,M,Y,N,0,257600.0,Working,Lower secondary,Single / not married,House / apartment,-17086,-3646,1,0,0,1,Laborers,1.0
5009876,M,Y,Y,2,288400.0,Commercial associate,Secondary / secondary special,Married,House / apartment,-25359,-17689,1,0,0,0,Core staff,4.0
5009877,M,N,Y,1,287400.0,Working,Higher education,Separated,House / apartment,-20951,-4131,1,0,1,0,Laborers,2.0
5009878,F,Y,Y,1,211900.0,Commercial associate,Higher education,Married,House / apartment,-9510,-2862,1,0,0,0,Drivers,3.0
5009879,F,Y,Y,0,279600.0,Commercial associate,Secondary / secondary special,Married,House / apartment,-21841,-2105,1,0,0,0,High skill tech staff,2.0
5009880,F,Y,Y,0,309000.0,Pensioner,Higher education,Married,House / apartment,-10250,365243,1,0,0,0,,2.0
5009881,F,N,Y,0,352500.0,Working,Secondary / secondary special,Married,Office apartment,-17027,-10076,1,0,0,0,,2.0
5009882,M,N,Y,1,580800.0,Working,Secondary / secondary special,Married,With parents,-18504,-11141,1,0,0,0,,3.0
5009883,F,Y,N,0,274500.0,Commercial associate,Secondary / secondary special,Married,House / apartment,-23599,-13042,1,0,0,0,Laborers,2.0
5009884,F,N,N,0,252100.0,Working,Secondary / secondary special,Married,House / apartment,-11148,-903,1,0,0,0,Cleaning staff,2.0
5009885,M,N,Y,0,155100.0,Commercial associate,Secondary / secondary special,Married,House / apartment,-23302,-7268,1,0,1,0,Sales staff,2.0
5009886,F,Y,Y,0,303600.0,Working,Secondary / secondary special,Married,House / apartment,-24371,-17323,1,1,1,0,Managers,2.0
5009887,F,Y,Y,3,340800.0,Working,Secondary / secondary special,Married,House / apartment,-8939,-453,1,0,1,0,High skill tech staff,5.0
5009888,F,Y,N,1,221800.0,Pensioner,Secondary / secondary special,Married,House / apartment,-23473,365243,1,0,1,0,,3.0
5009889,F,N,Y,1,320500.0,Pensioner,Incomplete higher,Married,House / apartment,-12038,365243,1,0,1,0,,3.0
5009890,F,N,N,0,210900.0,Commercial associate,Higher education,Married,House / apartment,-8784,-1981,1,0,0,0,Drivers,2.0
5009891,M,Y,Y,1,341500.0,Pensioner,Secondary / secondary special,Married,House / apartment,-24811,365243,1,0,0,1,,3.0
5009892,F,N,Y,0,385300.0,Commercial associate,Secondary / secondary special,Married,House / apartment,-14468,-3675,1,1,0,0,Medicine staff,2.0
5009893,M,Y,Y,2,382600.0,Working,Secondary / secondary special,Married,House / apartment,-18682,-2520,1,0,0,0,Laborers,4.0
5009894,F,N,N,0,258900.0,State servant,Secondary / secondary special,Married,House / apartment,-17402,365243,1,0,0,0,,2.0
5009895,F,N,N,0,145100.0,Commercial associate,Higher education,Single / not married,Municipal apartment,-11198,-3760,1,0,0,0,Sales staff,1.0
5009896,F,Y,Y,0,179800.0,Commercial associate,Higher education,Married,House / apartment,-19533,-7377,1,0,1,0,Managers,2.0
5009897,F,N,Y,0,328700.0,Working,Secondary / secondary special,Married,With parents,-8147,-808,1,0,0,0,Medicine staff,2.0
5009898,M,Y,Y,1,830600.0,Pensioner,Secondary / secondary special,Single / not married,House / apartment,-11014,365243,1,0,0,0,,2.0
5009899,M,N,Y,2,205900.0,Working,Secondary / secondary special,Married,House / apartment,-24557,-8598,1,0,0,0,Managers,4.0
5009900,M,Y,N,0,306600.0,Working,Secondary / secondary special,Married,House / apartment,-24718,365243,1,0,0,1,,2.0
5009901,M,N,N,0,184900.0,Working,Higher education,Married,House / apartment,-16119,-5896,1,0,0,0,Drivers,2.0
5009902,F,Y,N,0,150000.0,Working,Secondary / secondary special,Single / not married,House / apartment,-10393,-3441,1,0,1,0,,1.0
5009903,F,N,N,1,174100.0,Working,Higher education,Single / not married,Municipal apartment,-15005,-4241,1,1,1,0,,2.0
5009904,M,Y,Y,0,86200.0,Pensioner,Secondary / secondary special,Single / not married,House / apartment,-23323,365243,1,0,0,0,,1.0
5009905,F,N,N,0,480300.0,Commercial associate,Secondary / secondary special,Civil marriage,House / apartment,-8588,-696,1,0,1,0,,2.0
5009906,F,Y,N,0,80000.0,Working,Secondary / secondary special,Single / not married,House / apartment,-9640,-2139,1,0,0,0,Sales staff,1.0
5009907,F,N,Y,0,214000.0,Pensioner,Secondary / secondary special,Civil marriage,House / apartment,-23662,365243,1,0,0,0,,2.0
5009908,F,Y,N,1,135500.0,Working,Higher education,Married,Municipal apartment,-14891,-6720,1,0,0,0,Accountants,3.0
5009909,M,Y,Y,0,156900.0,Working,Higher education,Married,House / apartment,-8829,-1681,1,1,1,0,,2.0
5009910,F,N,N,0,485900.0,Working,Higher education,Separated,House / apartment,-9847,-2757,1,0,0,0,Laborers,1.0
5009911,F,Y,Y,1,270000.0,Pensioner,Secondary / secondary special,Separated,House / apartment,-23421,365243,1,0,0,0,,2.0
5009912,F,Y,Y,0,150700.0,Working,Higher education,Married,House / apartment,-16256,-4881,1,0,0,0,Accountants,2.0
5009913,M,N,Y,0,181800.0,Working,Secondary / secondary special,Married,House / apartment,-10282,-3159,1,0,0,0,Core staff,2.0
5009914,F,N,Y,0,166500.0,Working,Secondary / secondary special,Civil marriage,House / apartment,-23633,-10140,1,0,0,0,,2.0
5009915,M,Y,Y,0,238900.0,Commercial associate,Secondary / secondary special,Married,House / apartment,-22742,-9730,1,1,1,1,Laborers,2.0
5009916,M,N,Y,0,266200.0,Commercial associate,Secondary / secondary special,Married,House / apartment,-7725,-1063,1,0,0,1,Sales staff,2.0
5009917,F,N,Y,4,629900.0,Working,Higher education,Married,House / apartment,-17915,-2204,1,0,1,0,Sales staff,6.0
5009918,F,Y,Y,1,93600.0,Working,Secondary / secondary special,Married,House / apartment,-11767,-3130,1,0,1,0,High skill tech staff,3.0
5009919,F,N,N,1,239900.0,Commercial associate,Secondary / secondary special,Married,House / apartment,-17041,-7923,1,0,0,0,Core staff,3.0
5009920,M,N,N,2,208500.0,Commercial associate,Secondary / secondary special,Single / not married,House / apartment,-12405,-2046,1,0,0,0,Sales staff,3.0
5009921,F,N,Y,0,391900.0,Working,Secondary / secondary special,Married,House / apartment,-13074,-3727,1,0,0,0,Managers,2.0
5009922,M,Y,N,0,291500.0,Pensioner,Secondary / secondary special,Separated,House / apartment,-18296,365243,1,0,0,0,,1.0
5009923,M,N,Y,0,328000.0,State servant,Secondary / secondary special,Separated,House / apartment,-17146,-3021,1,0,0,0,Drivers,1.0
5009924,F,Y,N,1,290100.0,Working,Higher education,Single / not married,Office apartment,-14522,-6378,1,1,0,1,High skill tech staff,2.0
5009925,F,Y,Y,0,153200.0,Commercial associate,Secondary / secondary special,Widow,House / apartment,-9269,-548,1,0,1,0,Laborers,1.0
5009926,F,Y,Y,0,447400.0,Working,Higher education,Married,House / apartment,-25009,-2484,1,0,0,0,,2.0
5009927,F,N,Y,0,363900.0,Commercial associate,Secondary / secondary special,Married,House / apartment,-10494,-1376,1,1,0,0,Laborers,2.0
5009928,F,N,Y,0,385900.0,Working,Secondary / secondary special,Civil marriage,House / apartment,-18867,-8549,1,0,0,0,,2.0
5009929,F,N,N,0,459300.0,Working,Secondary / secondary special,Married,House / apartment,-8816,-352,1,1,1,0,Laborers,2.0
5009930,M,N,N,1,300800.0,Commercial associate,Secondary / secondary special,Married,House / apartment,-19875,-7969,1,0,0,0,,3.0
5009931,F,Y,Y,0,511900.0,Pensioner,Secondary / secondary special,Married,House / apartment,-9037,365243,1,0,0,0,,2.0
5009932,F,Y,Y,2,294900.0,Working,Secondary / secondary special,Married,Rented apartment,-11496,-3768,1,1,0,0,,4.0
5009933,M,Y,N,0,218800.0,Working,Higher education,Single / not married,House / apartment,-19121,-9136,1,0,0,0,High skill tech staff,1.0
5009934,F,Y,N,1,243300.0,Working,Secondary / secondary special,Married,House / apartment,-12472,-5673,1,0,1,1,,3.0
5009935,F,N,Y,2,241200.0,Commercial associate,Higher education,Single / not married,House / apartment,-17036,365243,1,0,0,0,,3.0
5009936,M,N,Y,2,188300.0,Pensioner,Secondary / secondary special,Married,House / apartment,-9579,365243,1,1,0,0,,4.0
5009937,M,Y,Y,0,552100.0,Commercial associate,Higher education,Married,With parents,-11001,-2209,1,0,1,1,Laborers,2.0
5009938,F,Y,Y,0,283100.0,Commercial associate,Secondary / secondary special,Married,Rented apartment,-20706,-4862,1,1,0,0,Core staff,2.0
5009939,M,Y,Y,0,256000.0,Pensioner,Secondary / secondary special,Single / not married,House / apartment,-7947,365243,1,0,1,0,,1.0
5009940,F,N,Y,0,296400.0,Working,Secondary / secondary special,Married,House / apartment,-9347,-1239,1,0,1,0,,2.0
5009941,F,N,N,0,1083200.0,Commercial associate,Secondary / secondary special,Widow,House / apartment,-11231,-4093,1,0,1,0,Private service staff,1.0
5009942,F,N,Y,2,138600.0,Working,Higher education,Civil marriage,House / apartment,-7674,-1034,1,1,1,1,Laborers,4.0
5009943,F,N,N,0,160000.0,Pensioner,Higher education,Married,House / apartment,-9047,365243,1,0,0,0,,2.0
5009944,F,N,N,0,122400.0,Working,Secondary / secondary special,Widow,House / apartment,-12444,-1645,1,0,0,0,Security staff,1.0
5009945,M,Y,N,0,217300.0,Working,Secondary / secondary special,Married,House / apartment,-9002,-687,1,1,0,0,Laborers,2.0
5009946,F,Y,Y,1,276000.0,Working,Secondary / secondary special,Married,House / apartment,-23123,-14910,1,1,0,0,Managers,3.0
5009947,F,N,N,2,193500.0,Pensioner,Secondary / secondary special,Married,House / apartment,-8512,365243,1,0,0,0,,4.0
5009948,M,N,Y,0,186400.0,Working,Secondary / secondary special,Married,House / apartment,-23029,-5507,1,0,1,0,,2.0
5009949,F,Y,Y,0,262100.0,Working,Secondary / secondary special,Married,House / apartment,-22332,-1114,1,0,0,0,Managers,2.0
5009950,F,N,Y,1,189900.0,State servant,Secondary / secondary special,Married,House / apartment,-9145,-256,1,0,0,0,,3.0
5009951,F,N,Y,0,285100.0,Pensioner,Secondary / secondary special,Single / not married,House / apartment,-7765,365243,1,0,0,0,,1.0
5009952,F,N,N,0,426200.0,State servant,Secondary / secondary special,Married,House / apartment,-8218,-103,1,0,1,1,,2.0
5009953,F,N,N,1,342500.0,Working,Secondary / secondary special,Married,House / apartment,-18087,-555,1,0,0,0,Drivers,3.0
5009954,F,N,Y,2,379300.0,Pensioner,Secondary / secondary special,Married,Office apartment,-19547,365243,1,0,0,1,,4.0
5009955,F,N,Y,0,420200.0,Working,Secondary / secondary special,Married,House / apartment,-18640,-2714,1,0,0,1,Sales staff,2.0
5009956,F,Y,Y,0,281200.0,Working,Higher education,Married,House / apartment,-17194,-5242,1,1,0,0,Drivers,2.0
5009957,F,Y,Y,0,225500.0,Working,Secondary / secondary special,Married,House / apartment,-10495,-2933,1,1,1,0,,2.0
5009958,F,Y,N,0,165900.0,Working,Secondary / secondary special,Single / not married,House / apartment,-22663,-4831,1,0,1,0,,1.0
5009959,F,Y,Y,0,200800.0,Working,Higher education,Married,House / apartment,-13287,-6001,1,0,0,0,,2.0
5009960,M,N,N,0,187900.0,Commercial associate,Secondary / secondary special,Married,House / apartment,-25315,-8121,1,0,0,0,Medicine staff,2.0
5009961,F,N,Y,0,352000.0,Pensioner,Secondary / secondary special,Married,House / apartment,-14333,365243,1,1,1,0,,2.0
5009962,F,Y,Y,0,290400.0,Working,Secondary / secondary special,Married,House / apartment,-12108,-798,1,0,0,0,Sales staff,2.0
5009963,M,N,Y,0,345900.0,Working,Secondary / secondary special,Single / not married,House / apartment,-23636,-5176,1,0,0,0,,1.0
5009964,F,Y,Y,0,136700.0,Working,Secondary / secondary special,Widow,House / apartment,-17667,-2051,1,0,0,0,Drivers,1.0
5009965,M,Y,Y,0,499500.0,Pensioner,Secondary / secondary special,Single / not married,With parents,-20488,365243,1,0,0,0,,1.0
5009966,M,Y,N,0,197200.0,Working,Higher education,Married,Co-op apartment,-14763,-5048,1,1,1,0,Laborers,2.0
5009967,F,Y,N,0,140900.0,Working,Secondary / secondary special,Married,Municipal apartment,-23502,-8031,1,1,0,0,Medicine staff,2.0
5009968,M,Y,Y,0,196000.0,Working,Secondary / secondary special,Married,Office apartment,-24065,-8886,1,0,1,0,,2.0
5009969,F,N,Y,1,845200.0,Pensioner,Higher education,Married,House / apartment,-15281,365243,1,0,0,0,,3.0
5009970,F,N,Y,0,201100.0,Working,Secondary / secondary special,Married,House / apartment,-11701,-221,1,1,0,0,Accountants,2.0
5009971,F,N,Y,3,207500.0,Working,Secondary / secondary special,Married,House / apartment,-19133,-11862,1,0,0,0,,5.0
5009972,M,Y,Y,0,221800.0,Working,Secondary / secondary special,Married,House / apartment,-24738,-13378,1,1,1,0,Laborers,2.0
5009973,M,Y,Y,0,226600.0,Pensioner,Secondary / secondary special,Married,House / apartment,-18672,365243,1,0,0,0,,2.0
5009974,F,Y,N,0,165200.0,Working,Higher education,Married,House / apartment,-24731,-7385,1,1,0,0,Sales staff,2.0
5009975,F,N,N,0,262300.0,Commercial associate,Higher education,Single / not married,House / apartment,-13584,-5100,1,0,0,0,Sales staff,1.0
5009976,F,Y,N,1,418000.0,Working,Secondary / secondary special,Married,House / apartment,-24017,-4481,1,0,0,0,Security staff,3.0
5009977,M,N,Y,2,285700.0,State servant,Higher education,Married,House / apartment,-9361,-954,1,0,0,0,Laborers,4.0
5009978,F,N,N,4,140100.0,Commercial associate,Secondary / secondary special,Married,Office apartment,-13858,-1035,1,0,1,0,Laborers,6.0
5009979,F,N,Y,0,205500.0,Commercial associate,Secondary / secondary special,Married,House / apartment,-16335,-1792,1,0,0,0,,2.0
5009980,F,N,Y,0,185300.0,Working,Secondary / secondary special,Married,House / apartment,-19232,-9058,1,0,1,0,Laborers,2.0
5009981,M,Y,N,0,250700.0,Working,Secondary / secondary special,Married,House / apartment,-12677,-4179,1,0,0,0,,2.0
5009982,F,Y,Y,0,474800.0,Working,Secondary / secondary special,Married,House / apartment,-24184,-1621,1,0,0,0,Managers,2.0
5009983,F,Y,Y,0,226600.0,Commercial associate,Secondary / secondary special,Married,Office apartment,-23805,-14977,1,0,0,0,Sales staff,2.0
5009984,F,N,N,1,233600.0,State servant,Secondary / secondary special,Married,With parents,-21903,-5655,1,0,1,0,Managers,3.0
5009985,M,Y,N,2,593800.0,Working,Lower secondary,Civil marriage,House / apartment,-9394,-367,1,0,1,0,Managers,4.0
5009986,F,Y,N,0,378300.0,Pensioner,Higher education,Married,House / apartment,-8735,365243,1,1,0,0,,2.0
5009987,F,N,Y,0,325300.0,Working,Secondary / secondary special,Married,House / apartment,-16402,-6445,1,0,1,0,Core staff,2.0
5009988,M,Y,Y,0,649900.0,State servant,Secondary / secondary special,Married,House / apartment,-21282,-5755,1,0,0,0,Managers,2.0
5009989,F,N,N,0,311900.0,Working,Secondary / secondary special,Married,Municipal apartment,-9556,-1232,1,0,0,1,Sales staff,2.0
5009990,F,N,Y,0,90400.0,Working,Higher education,Married,House / apartment,-19019,-3674,1,0,0,0,Laborers,2.0
5009991,M,Y,Y,2,370200.0,Working,Higher education,Married,House / apartment,-16945,-4837,1,0,0,0,Security staff,4.0
5009992,M,Y,Y,0,110100.0,Commercial associate,Secondary / secondary special,Single / not married,House / apartment,-20563,-8376,1,0,0,0,,1.0
5009993,F,Y,Y,0,306000.0,Commercial associate,Secondary / secondary special,Married,House / apartment,-15256,-4047,1,0,0,0,,2.0
5009994,M,N,Y,0,103600.0,Working,Secondary / secondary special,Married,House / apartment,-19966,-13201,1,0,0,0,Laborers,2.0
5009995,F,N,Y,0,193300.0,Working,Secondary / secondary special,Married,House / apartment,-10220,-1922,1,0,0,0,Managers,2.0
5009996,M,N,Y,2,203500.0,Working,Secondary / secondary special,Married,House / apartment,-11224,-783,1,0,0,0,Laborers,4.0
5009997,F,N,Y,0,166100.0,Working,Secondary / secondary special,Widow,House / apartment,-23802,-16036,1,1,1,0,High skill tech staff,1.0
5009998,M,N,Y,3,205100.0,Working,Secondary / secondary special,Married,House / apartment,-13320,-4955,1,0,0,0,Laborers,5.0
5009999,F,Y,Y,0,409100.0,Commercial associate,Secondary / secondary special,Married,House / apartment,-25303,-5682,1,0,0,0,,2.0
5010000,F,Y,N,1,170800.0,Commercial associate,Secondary / secondary special,Widow,House / apartment,-8149,-1066,1,0,1,0,Laborers,2.0
5010001,F,N,Y,0,320600.0,Commercial associate,Higher education,Single / not married,House / apartment,-16361,-1850,1,1,1,0,Laborers,1.0
5010002,F,Y,Y,0,150600.0,Commercial associate,Secondary / secondary special,Married,House / apartment,-13240,-6014,1,0,1,0,,2.0
5010003,M,Y,N,1,222100.0,Working,Higher education,Single / not married,Municipal apartment,-25494,-9903,1,0,0,0,,2.0
5010004,F,N,Y,1,287000.0,Pensioner,Secondary / secondary special,Single / not married,With parents,-25386,365243,1,1,0,1,,2.0
5010005,M,N,Y,1,148300.0,Working,Secondary / secondary special,Single / not married,House / apartment,-11601,-4968,1,0,0,0,Managers,2.0
5010006,M,N,Y,0,126700.0,Commercial associate,Secondary / secondary special,Married,House / apartment,-12186,-747,1,0,0,0,,2.0
5010007,M,N,N,2,312200.0,Working,Incomplete higher,Married,House / apartment,-20996,-13036,1,1,0,0,,4.0
5010008,F,Y,N,4,428100.0,Commercial associate,Secondary / secondary special,Married,Rented apartment,-23553,-13472,1,0,0,0,Laborers,6.0
5010009,F,N,N,0,234700.0,Working,Secondary / secondary special,Married,House / apartment,-19426,-6343,1,0,0,0,,2.0
5010010,F,Y,N,2,194200.0,Working,Secondary / secondary special,Married,House / apartment,-23097,-6822,1,0,1,0,,4.0
5010011,F,Y,Y,0,263900.0,Commercial associate,Secondary / secondary special,Married,House / apartment,-8461,-1036,1,1,0,0,,2.0
5010012,M,N,Y,0,251000.0,Working,Secondary / secondary special,Married,House / apartment,-19003,-11662,1,0,1,0,Medicine staff,2.0
5010013,F,Y,Y,0,275700.0,Working,Incomplete higher,Married,House / apartment,-20092,-10045,1,1,1,0,,2.0
5010014,F,N,Y,2,69000.0,Commercial associate,Higher education,Married,House / apartment,-10781,-525,1,0,1,0,,4.0
5010015,F,Y,N,0,143000.0,Pensioner,Higher education,Married,House / apartment,-21513,365243,1,0,0,0,,2.0
5010016,M,N,Y,0,160000.0,Working,Incomplete higher,Civil marriage,House / apartment,-24550,-10998,1,0,0,1,Laborers,2.0
5010017,F,Y,Y,0,263300.0,Working,Secondary / secondary special,Single / not married,House / apartment,-23704,-386,1,0,0,0,Laborers,1.0
5010018,F,N,N,0,267900.0,Working,Secondary / secondary special,Widow,House / apartment,-11779,-3043,1,0,0,0,,1.0
5010019,M,N,Y,0,335600.0,Commercial associate,Secondary / secondary special,Married,Rented apartment,-13222,-1910,1,1,1,0,Sales staff,2.0
5010020,M,Y,Y,0,277700.0,Working,Secondary / secondary special,Single / not married,House / apartment,-16429,-3925,1,0,0,0,Private service staff,1.0
5010021,F,Y,Y,1,127400.0,Pensioner,Incomplete higher,Civil marriage,Municipal apartment,-10197,365243,1,0,1,0,,3.0
5010022,F,Y,Y,3,503300.0,Working,Secondary / secondary special,Civil marriage,House / apartment,-24727,-7246,1,1,1,0,Core staff,5.0
5010023,M,Y,Y,1,461100.0,Working,Higher education,Single / not married,House / apartment,-10256,-961,1,1,0,0,Managers,2.0
5010024,F,N,Y,1,130100.0,Working,Higher education,Married,House / apartment,-21210,-2486,1,0,0,0,Sales staff,3.0
5010025,M,N,Y,0,288300.0,Working,Secondary / secondary special,Married,House / apartment,-13540,-4004,1,0,0,0,Core staff,2.0
5010026,F,Y,N,0,181300.0,Commercial associate,Secondary / secondary special,Civil marriage,House / apartment,-17783,-6811,1,0,0,0,Managers,2.0
5010027,F,Y,N,0,261700.0,Working,Secondary / secondary special,Single / not married,House / apartment,-8167,-620,1,1,0,0,Laborers,1.0
5010028,F,Y,Y,0,413400.0,State servant,Secondary / secondary special,Civil marriage,House / apartment,-11049,-11,1,0,1,0,Laborers,2.0
5010029,F,N,Y,2,708200.0,Working,Secondary / secondary special,Married,Co-op apartment,-15421,-4336,1,0,0,0,High skill tech staff,4.0
5010030,F,Y,N,0,355400.0,Commercial associate,Secondary / secondary special,Married,With parents,-19672,-3746,1,0,0,0,Core staff,2.0
5010031,M,N,N,2,282900.0,Working,Secondary / secondary special,Married,House / apartment,-21505,-11695,1,0,0,0,Laborers,4.0
5010032,F,N,Y,0,206000.0,Pensioner,Higher education,Civil marriage,House / apartment,-7855,365243,1,1,0,0,,2.0
5010033,F,Y,Y,1,267400.0,Pensioner,Secondary / secondary special,Civil marriage,Municipal apartment,-10090,365243,1,0,1,0,,3.0
5010034,F,N,N,0,481800.0,Working,Secondary / secondary special,Married,Rented apartment,-20633,-11096,1,1,1,0,Laborers,2.0
5010035,M,N,Y,0,238700.0,State servant,Higher education,Married,House / apartment,-22153,-516,1,0,0,0,HR staff,2.0
5010036,M,N,Y,1,156800.0,Working,Secondary / secondary special,Married,House / apartment,-11625,-916,1,1,1,1,Core staff,3.0
5010037,M,Y,Y,0,108600.0,Commercial associate,Secondary / secondary special,Married,House / apartment,-11499,-3985,1,0,0,0,,2.0
5010038,F,Y,Y,1,315500.0,Pensioner,Higher education,Married,House / apartment,-8913,365243,1,1,0,0,,3.0
5010039,F,N,Y,0,276300.0,Commercial associate,Higher education,Single / not married,House / apartment,-10050,-1394,1,1,0,1,,1.0
5010040,F,N,Y,0,176800.0,Pensioner,Higher education,Civil marriage,House / apartment,-7451,365243,1,0,0,0,,2.0
5010041,F,N,N,2,407800.0,Pensioner,Secondary / secondary special,Married,House / apartment,-18077,365243,1,0,0,0,,4.0
5010042,F,N,Y,0,197700.0,State servant,Secondary / secondary special,Married,House / apartment,-23812,-10985,1,1,1,0,Drivers,2.0
5010043,M,N,Y,1,228200.0,Working,Secondary / secondary special,Married,House / apartment,-10037,-2230,1,0,0,0,,3.0
5010044,F,N,Y,0,242100.0,Working,Incomplete higher,Married,House / apartment,-21028,-5838,1,0,1,0,,2.0
5010045,F,Y,N,0,204800.0,Commercial associate,Secondary / secondary special,Widow,House / apartment,-17781,-11072,1,1,0,0,Sales staff,1.0
5010046,F,N,Y,0,274700.0,Commercial associate,Secondary / secondary special,Civil marriage,House / apartment,-24470,-9110,1,0,1,0,Laborers,2.0
5010047,F,N,Y,0,434200.0,Commercial associate,Higher education,Married,House / apartment,-21881,-10725,1,1,0,1,Medicine staff,2.0
5010048,F,N,Y,0,137900.0,Working,Incomplete higher,Married,Office apartment,-22878,-10915,1,0,0,0,Laborers,2.0
5010049,F,N,N,0,311700.0,Pensioner,Secondary / secondary special,Married,House / apartment,-18977,365243,1,0,0,0,,2.0
5010050,M,Y,Y,0,266100.0,State servant,Secondary / secondary special,Married,House / apartment,-22122,-11175,1,0,1,0,Cooking staff,2.0
5010051,M,N,Y,0,263600.0,Working,Secondary / secondary special,Married,House / apartment,-13713,-6718,1,0,0,0,,2.0
5010052,F,N,Y,0,377500.0,Working,Higher education,Married,Municipal apartment,-11122,-311,1,0,0,0,Laborers,2.0
5010053,F,Y,N,0,250200.0,Working,Secondary / secondary special,Civil marriage,House / apartment,-23970,-6981,1,0,1,0,,2.0
5010054,F,N,Y,0,310400.0,Working,Secondary / secondary special,Married,Office apartment,-20716,-13205,1,0,1,0,Accountants,2.0
5010055,F,Y,N,0,349200.0,Commercial associate,Secondary / secondary special,Widow,House / apartment,-8961,-1576,1,1,1,0,,1.0
5010056,M,Y,N,0,189700.0,Pensioner,Higher education,Married,House / apartment,-23137,365243,1,0,1,0,,2.0
5010057,M,Y,N,0,283500.0,Working,Secondary / secondary special,Civil marriage,House / apartment,-13677,365243,1,0,0,0,,2.0
5010058,F,N,Y,0,215400.0,Commercial associate,Secondary / secondary special,Single / not married,House / apartment,-12752,-2399,1,0,0,0,,1.0
5010059,F,N,N,4,228500.0,Commercial associate,Secondary / secondary special,Married,House / apartment,-18688,-9789,1,0,0,0,Laborers,6.0
5010060,M,N,Y,1,207800.0,Working,Secondary / secondary special,Married,House / apartment,-17689,-10969,1,1,0,0,,3.0
5010061,F,N,Y,0,309000.0,Commercial associate,Incomplete higher,Civil marriage,House / apartment,-17135,-7694,1,0,0,0,,2.0
5010062,M,N,N,0,254300.0,Commercial associate,Secondary / secondary special,Married,House / apartment,-11960,-2221,1,0,1,0,Cooking staff,2.0
5010063,F,Y,Y,1,297400.0,Pensioner,Secondary / secondary special,Married,House / apartment,-24833,365243,1,0,0,0,,3.0
5010064,M,Y,Y,0,242000.0,Working,Secondary / secondary special,Separated,House / apartment,-24657,-334,1,1,0,0,,1.0
5010065,F,N,Y,1,109500.0,Commercial associate,Secondary / secondary special,Married,House / apartment,-7381,-773,1,0,0,0,,3.0
5010066,M,Y,Y,2,248000.0,Working,Higher education,Married,Municipal apartment,-13475,-4834,1,0,0,1,Drivers,4.0
5010067,F,N,Y,0,252000.0,Working,Higher education,Married,House / apartment,-8137,-893,1,0,0,0,Core staff,2.0
5010068,M,N,N,0,275600.0,Working,Secondary / secondary special,Married,House / apartment,-22833,-4915,1,0,1,0,,2.0
5010069,M,N,N,1,181400.0,Working,Secondary / secondary special,Married,House / apartment,-23495,-15553,1,1,0,1,,3.0
5010070,F,N,Y,2,134300.0,Working,Secondary / secondary special,Married,House / apartment,-16770,-8809,1,0,1,0,,4.0
5010071,F,Y,Y,0,333600.0,Working,Higher education,Single / not married,House / apartment,-22640,-1613,1,0,0,0,,1.0
5010072,F,Y,N,0,212900.0,Commercial associate,Secondary / secondary special,Married,With parents,-20150,-11492,1,0,0,0,Laborers,2.0
5010073,M,N,Y,0,266000.0,Commercial associate,Higher education,Married,House / apartment,-16428,-5401,1,0,0,0,Sales staff,2.0
5010074,F,Y,Y,0,212100.0,Working,Secondary / secondary special,Married,House / apartment,-13949,365243,1,0,0,0,,2.0
5010075,F,N,Y,1,243400.0,Working,Higher education,Civil marriage,House / apartment,-12167,-4289,1,0,0,0,Laborers,3.0
5010076,F,Y,Y,2,195000.0,Commercial associate,Higher education,Married,House / apartment,-12043,-5375,1,0,1,0,,4.0
5010077,M,N,Y,0,150500.0,Working,Secondary / secondary special,Widow,Office apartment,-17570,-5104,1,1,1,0,,1.0
5010078,F,N,Y,1,309400.0,Working,Higher education,Married,House / apartment,-10351,-1265,1,1,1,0,Core staff,3.0
5010079,M,N,Y,0,180600.0,Commercial associate,Secondary / secondary special,Married,House / apartment,-10497,-1242,1,0,1,1,Managers,2.0
5010080,M,Y,Y,0,265000.0,Working,Secondary / secondary special,Married,Office apartment,-7495,-393,1,0,1,0,Sales staff,2.0
5010081,F,Y,Y,0,299700.0,Working,Secondary / secondary special,Married,Rented apartment,-18506,-7645,1,0,0,0,,2.0
5010082,M,N,N,0,182100.0,Working,Secondary / secondary special,Married,House / apartment,-25464,-18583,1,0,0,0,,2.0
5010083,F,Y,N,0,133700.0,Working,Secondary / secondary special,Single / not married,House / apartment,-23544,-12771,1,0,0,0,Laborers,1.0
5010084,F,N,Y,0,821200.0,State servant,Secondary / secondary special,Civil marriage,House / apartment,-20193,-2329,1,0,0,1,Accountants,2.0
5010085,F,N,Y,1,187500.0,Working,Secondary / secondary special,Married,House / apartment,-21651,-6314,1,0,0,0,Sales staff,3.0
5010086,F,N,N,1,333400.0,Working,Secondary / secondary special,Married,House / apartment,-14918,-5802,1,0,1,0,Sales staff,3.0
5010087,M,N,Y,0,643800.0,Commercial associate,Secondary / secondary special,Civil marriage,Municipal apartment,-12749,-5891,1,1,0,0,Laborers,2.0
5010088,M,Y,N,0,362400.0,Working,Secondary / secondary special,Married,House / apartment,-14037,-3906,1,0,0,0,High skill tech staff,2.0
5010089,F,N,Y,0,210100.0,Working,Secondary / secondary special,Married,House / apartment,-8792,-904,1,0,1,0,Laborers,2.0
5010090,M,N,N,3,236100.0,Pensioner,Secondary / secondary special,Married,House / apartment,-18880,365243,1,0,0,0,,5.0
5010091,F,N,Y,0,161000.0,Pensioner,Higher education,Married,House / apartment,-10498,365243,1,0,0,0,,2.0
5010092,M,N,Y,0,379400.0,Working,Secondary / secondary special,Married,House / apartment,-21237,-14447,1,0,0,0,,2.0
5010093,M,N,N,0,324000.0,Working,Secondary / secondary special,Married,House / apartment,-10774,-1722,1,0,0,0,Security staff,2.0
5010094,F,Y,Y,0,188800.0,Commercial associate,Secondary / secondary special,Married,House / apartment,-11471,-3556,1,0,0,0,Accountants,2.0
5010095,M,Y,Y,0,145000.0,Working,Secondary / secondary special,Single / not married,House / apartment,-24788,-16112,1,1,1,0,Laborers,1.0
5010096,F,N,Y,1,126100.0,Working,Secondary / secondary special,Married,House / apartment,-9230,-2435,1,0,1,0,,3.0
5010097,F,Y,N,1,399800.0,Working,Secondary / secondary special,Married,House / apartment,-16415,-7589,1,1,0,0,Managers,3.0
5010098,F,N,Y,0,259300.0,Working,Secondary / secondary special,Married,House / apartment,-8450,-281,1,0,0,0,Laborers,2.0
5010099,M,N,Y,0,271800.0,Working,Secondary / secondary special,Separated,Municipal apartment,-8956,-1850,1,0,0,0,Laborers,1.0
5010100,M,Y,Y,0,161800.0,Working,Secondary / secondary special,Married,House / apartment,-18874,-5762,1,0,1,0,Laborers,2.0
5010101,M,Y,Y,2,117400.0,Commercial associate,Secondary / secondary special,Married,House / apartment,-18824,-8072,1,0,0,0,Medicine staff,4.0
5010102,F,N,Y,0,395100.0,Working,Secondary / secondary special,Married,House / apartment,-10832,-2774,1,0,0,0,High skill tech staff,2.0
5010103,F,Y,Y,0,249300.0,Working,Secondary / secondary special,Married,House / apartment,-23239,-5410,1,1,1,0,Laborers,2.0
5010104,M,N,Y,0,384300.0,Working,Secondary / secondary special,Married,House / apartment,-20129,-10558,1,1,1,0,Drivers,2.0
5010105,F,N,Y,0,201300.0,Commercial associate,Secondary / secondary special,Married,With parents,-12795,-5714,1,0,1,0,,2.0
5010106,M,N,Y,0,216900.0,Working,Secondary / secondary special,Married,House / apartment,-11841,-3646,1,1,0,0,Sales staff,2.0
5010107,F,N,Y,0,348800.0,Working,Incomplete higher,Widow,House / apartment,-21080,-7210,1,0,0,0,Laborers,1.0
5010108,F,Y,Y,0,352100.0,Working,Higher education,Married,House / apartment,-20703,-8603,1,0,0,0,Security staff,2.0
5010109,F,N,Y,0,363800.0,Working,Secondary / secondary special,Single / not married,House / apartment,-10023,-3294,1,0,0,0,Core staff,1.0
5010110,F,Y,N,0,210600.0,State servant,Secondary / secondary special,Married,House / apartment,-13682,365243,1,0,0,0,,2.0
5010111,F,Y,Y,0,331900.0,Commercial associate,Secondary / secondary special,Married,House / apartment,-11262,365243,1,0,0,0,,2.0
5010112,M,N,N,0,425100.0,Working,Secondary / secondary special,Widow,House / apartment,-12677,-235,1,0,0,0,Core staff,1.0
5010113,F,N,Y,0,231700.0,Commercial associate,Secondary / secondary special,Single / not married,House / apartment,-12557,-5528,1,0,0,0,,1.0
5010114,M,Y,Y,0,188900.0,Working,Secondary / secondary special,Married,House / apartment,-25130,-12027,1,0,0,0,High skill tech staff,2.0
5010115,F,N,Y,2,477700.0,Working,Secondary / secondary special,Single / not married,House / apartment,-21006,-4584,1,0,1,0,Laborers,3.0
5010116,F,N,Y,0,176000.0,Working,Secondary / secondary special,Widow,House / apartment,-21551,-9435,1,0,0,0,,1.0
5010117,F,Y,N,0,334400.0,Commercial associate,Secondary / secondary special,Married,House / apartment,-12371,-4611,1,0,0,0,,2.0
5010118,F,Y,N,0,237100.0,Working,Secondary / secondary special,Married,House / apartment,-7315,-53,1,0,1,0,Laborers,2.0
5010119,F,N,N,0,97200.0,Working,Higher education,Married,Co-op apartment,-8367,-732,1,0,0,0,,2.0
5010120,F,N,Y,0,429200.0,Working,Secondary / secondary special,Married,House / apartment,-17404,-4503,1,0,0,0,,2.0
5010121,F,N,Y,1,61500.0,Working,Secondary / secondary special,Married,House / apartment,-12519,-1168,1,0,1,0,Sales staff,3.0
5010122,M,N,Y,0,90500.0,Commercial associate,Secondary / secondary special,Single / not married,House / apartment,-10829,-756,1,0,0,0,Core staff,1.0
5010123,M,Y,N,0,317800.0,Pensioner,Secondary / secondary special,Married,House / apartment,-8212,365243,1,1,1,0,,2.0
5010124,M,N,Y,1,317700.0,Commercial associate,Secondary / secondary special,Separated,House / apartment,-23301,-11956,1,0,0,0,Sales staff,2.0
5010125,M,N,Y,2,177500.0,Commercial associate,Secondary / secondary special,Married,House / apartment,-18265,-9944,1,0,0,0,Laborers,4.0
5010126,F,N,Y,2,262900.0,Pensioner,Secondary / secondary special,Married,House / apartment,-9266,365243,1,0,0,0,,4.0
5010127,M,Y,Y,1,68900.0,Working,Higher education,Married,House / apartment,-21301,-5585,1,0,0,0,Laborers,3.0
5010128,F,Y,N,2,347700.0,Working,Secondary / secondary special,Widow,House / apartment,-21108,-8481,1,1,0,0,Sales staff,3.0
5010129,M,Y,Y,0,276600.0,Working,Secondary / secondary special,Married,House / apartment,-12590,-2416,1,0,0,0,,2.0
5010130,M,N,Y,0,238600.0,Working,Higher education,Married,House / apartment,-10746,-348,1,0,0,0,Accountants,2.0
5010131,F,N,Y,0,246700.0,Working,Secondary / secondary special,Separated,House / apartment,-22170,-14987,1,0,1,0,,1.0
5010132,F,N,N,1,312400.0,Working,Higher education,Separated,House / apartment,-13324,-2964,1,0,0,0,,2.0
5010133,F,Y,Y,2,240600.0,Working,Higher education,Married,House / apartment,-22781,-1174,1,1,0,0,Managers,4.0
5010134,F,Y,N,0,95600.0,Working,Secondary / secondary special,Separated,House / apartment,-8102,-917,1,0,0,0,Laborers,1.0
5010135,F,N,Y,0,732100.0,Pensioner,Secondary / secondary special,Single / not married,Rented apartment,-16423,365243,1,0,1,0,,1.0
5010136,M,N,N,1,445000.0,Working,Higher education,Married,House / apartment,-10585,-207,1,0,1,0,,3.0
5010137,F,N,N,2,128400.0,Working,Higher education,Married,House / apartment,-19578,-12703,1,0,0,1,,4.0
5010138,F,Y,Y,0,205400.0,Commercial associate,Secondary / secondary special,Married,House / apartment,-25517,-7583,1,0,1,0,,2.0
5010139,F,N,Y,2,217000.0,Working,Secondary / secondary special,Married,House / apartment,-14838,-1108,1,0,0,0,Laborers,4.0
5010140,M,Y,Y,0,418700.0,Working,Secondary / secondary special,Single / not married,House / apartment,-9137,-1786,1,0,0,0,,1.0
5010141,F,Y,Y,0,82900.0,Working,Higher education,Married,House / apartment,-13107,-2411,1,0,0,0,Security staff,2.0
5010142,M,N,N,0,190200.0,Commercial associate,Secondary / secondary special,Civil marriage,House / apartment,-23586,-1544,1,0,1,0,,2.0
5010143,M,Y,Y,0,101200.0,Pensioner,Higher education,Civil marriage,House / apartment,-21290,365243,1,0,0,0,,2.0
5010144,M,Y,Y,0,211700.0,Commercial associate,Lower secondary,Married,House / apartment,-11546,-4507,1,0,1,0,Managers,2.0
5010145,F,N,Y,1,192800.0,Working,Higher education,Separated,House / apartment,-24720,-14061,1,0,1,0,,2.0
5010146,F,N,Y,1,254100.0,Working,Secondary / secondary special,Single / not married,House / apartment,-18668,-3537,1,0,0,1,Secretaries,2.0
5010147,F,N,N,1,180400.0,Working,Secondary / secondary special,Married,House / apartment,-10374,-1869,1,0,0,1,Sales staff,3.0
5010148,F,N,Y,0,167700.0,State servant,Secondary / secondary special,Single / not married,House / apartment,-17757,-4088,1,1,0,0,Drivers,1.0
5010149,F,Y,N,0,332800.0,Commercial associate,Secondary / secondary special,Separated,House / apartment,-15546,365243,1,0,1,0,,1.0
5010150,M,Y,N,0,306400.0,Working,Secondary / secondary special,Married,House / apartment,-22275,-2951,1,0,0,0,Laborers,2.0
5010151,F,N,Y,0,321600.0,Commercial associate,Secondary / secondary special,Widow,House / apartment,-13590,-225,1,1,0,0,Medicine staff,1.0
5010152,F,N,Y,0,223500.0,Working,Secondary / secondary special,Married,House / apartment,-23284,-1730,1,0,0,0,,2.0
5010153,M,N,N,0,183400.0,State servant,Secondary / secondary special,Married,House / apartment,-22134,-2137,1,0,0,0,,2.0
5010154,F,Y,Y,0,230000.0,Pensioner,Higher education,Single / not married,House / apartment,-19625,365243,1,0,1,0,,1.0
5010155,F,N,Y,1,313700.0,Working,Secondary / secondary special,Single / not married,House / apartment,-12028,-2268,1,0,0,0,Sales staff,2.0
5010156,F,Y,Y,0,82200.0,Commercial associate,Secondary / secondary special,Single / not married,House / apartment,-25026,-5946,1,0,0,0,Core staff,1.0
5010157,F,N,Y,2,297300.0,Working,Secondary / secondary special,Married,House / apartment,-17325,-10109,1,1,0,1,Sales staff,4.0
5010158,F,N,N,0,284900.0,Working,Higher education,Married,House / apartment,-23878,-12837,1,0,0,0,Managers,2.0
5010159,F,N,Y,3,251800.0,Commercial associate,Higher education,Single / not married,House / apartment,-11245,-1331,1,0,0,0,Laborers,4.0
5010160,F,N,Y,0,226600.0,Commercial associate,Secondary / secondary special,Married,House / apartment,-25264,-11254,1,0,0,0,Laborers,2.0
5010161,F,N,N,0,67700.0,Working,Secondary / secondary special,Married,House / apartment,-22208,-10487,1,0,0,0,,2.0
5010162,M,N,N,0,195900.0,Commercial associate,Higher education,Civil marriage,House / apartment,-24640,-6580,1,0,0,0,Sales staff,2.0
5010163,F,N,Y,1,597300.0,Commercial associate,Secondary / secondary special,Married,Municipal apartment,-11183,365243,1,0,0,0,,3.0
5010164,F,Y,N,0,245700.0,Working,Secondary / secondary special,Married,House / apartment,-15170,-1004,1,0,0,0,Sales staff,2.0
5010165,M,N,Y,0,209400.0,Working,Secondary / secondary special,Married,House / apartment,-9088,-920,1,0,1,0,Sales staff,2.0
5010166,F,Y,N,1,246200.0,Commercial associate,Secondary / secondary special,Married,House / apartment,-9806,-3021,1,0,0,0,,3.0
5010167,F,N,Y,0,291500.0,Working,Secondary / secondary special,Married,House / apartment,-12491,-3067,1,0,0,0,Managers,2.0
5010168,F,N,Y,0,339400.0,Pensioner,Secondary / secondary special,Married,House / apartment,-24684,365243,1,0,0,0,,2.0
5010169,M,N,N,0,217700.0,Working,Secondary / secondary special,Married,House / apartment,-19490,365243,1,0,1,0,,2.0
5010170,F,Y,Y,0,301900.0,Working,Secondary / secondary special,Married,House / apartment,-13051,-5107,1,0,0,0,,2.0
5010171,F,Y,N,0,564600.0,Working,Secondary / secondary special,Married,House / apartment,-24738,-826,1,0,0,0,Medicine staff,2.0
5010172,M,N,Y,0,403800.0,Working,Secondary / secondary special,Married,House / apartment,-20814,-4310,1,0,1,0,,2.0
5010173,M,N,N,0,786700.0,Commercial associate,Secondary / secondary special,Married,House / apartment,-23869,-16851,1,0,0,0,Sales staff,2.0
5010174,F,N,N,0,175800.0,Working,Secondary / secondary special,Married,House / apartment,-24238,365243,1,0,1,0,,2.0
5010175,M,Y,Y,1,564400.0,Working,Secondary / secondary special,Separated,House / apartment,-21016,-13703,1,0,0,0,,2.0
5010176,F,N,N,0,164400.0,Pensioner,Secondary / secondary special,Married,House / apartment,-11745,365243,1,1,1,0,,2.0
5010177,F,N,Y,0,291300.0,Working,Secondary / secondary special,Civil marriage,House / apartment,-25505,-16395,1,0,0,0,Managers,2.0
5010178,M,Y,N,0,352100.0,Working,Secondary / secondary special,Single / not married,House / apartment,-13242,-5854,1,0,1,0,,1.0
5010179,F,Y,Y,0,189100.0,Working,Secondary / secondary special,Married,House / apartment,-19572,-12772,1,1,1,0,Managers,2.0
5010180,F,N,N,0,255100.0,Working,Secondary / secondary special,Married,With parents,-22733,-10133,1,0,0,0,Sales staff,2.0
5010181,F,N,Y,0,384900.0,Working,Secondary / secondary special,Widow,House / apartment,-10504,-1715,1,1,1,1,Sales staff,1.0
5010182,F,N,Y,0,171200.0,Working,Secondary / secondary special,Married,House / apartment,-18428,-3117,1,0,1,0,Laborers,2.0
5010183,F,N,Y,2,562500.0,Working,Secondary / secondary special,Married,House / apartment,-14157,-4681,1,1,0,0,Laborers,4.0
5010184,M,N,Y,0,122200.0,Pensioner,Secondary / secondary special,Married,House / apartment,-11766,365243,1,0,1,0,,2.0
5010185,F,N,N,0,643900.0,Working,Higher education,Married,House / apartment,-7520,-472,1,1,0,0,Laborers,2.0
5010186,F,Y,Y,0,402800.0,Pensioner,Higher education,Single / not married,House / apartment,-23229,365243,1,0,0,0,,1.0
5010187,M,Y,Y,0,233400.0,Commercial associate,Higher education,Separated,House / apartment,-9787,-2550,1,0,0,0,Sales staff,1.0
5010188,F,N,Y,1,199600.0,Working,Secondary / secondary special,Married,House / apartment,-23342,-11553,1,1,1,0,Sales staff,3.0
5010189,M,N,Y,0,189500.0,Commercial associate,Secondary / secondary special,Married,House / apartment,-18275,-1325,1,0,1,0,Sales staff,2.0
5010190,F,N,Y,0,228100.0,Working,Higher education,Married,House / apartment,-18647,-999,1,0,1,0,Sales staff,2.0
5010191,M,N,N,0,238300.0,Working,Secondary / secondary special,Widow,House / apartment,-22438,-9905,1,0,0,0,,1.0
5010192,F,Y,N,0,457300.0,Pensioner,Secondary / secondary special,Married,House / apartment,-16609,365243,1,0,1,0,,2.0
5010193,F,N,Y,0,653300.0,Commercial associate,Secondary / secondary special,Civil marriage,House / apartment,-13830,-4072,1,0,0,0,Cleaning staff,2.0
5010194,M,Y,Y,0,269700.0,Pensioner,Higher education,Married,House / apartment,-9840,365243,1,1,0,0,,2.0
5010195,M,N,Y,0,160000.0,Pensioner,Secondary / secondary special,Single / not married,House / apartment,-17722,365243,1,0,0,0,,1.0
5010196,M,N,Y,0,185800.0,Working,Secondary / secondary special,Married,House / apartment,-17407,-6846,1,0,1,0,Cooking staff,2.0
5010197,F,N,Y,0,222800.0,Working,Secondary / secondary special,Separated,House / apartment,-12672,-2318,1,0,0,0,,1.0
5010198,M,N,N,0,145900.0,Working,Secondary / secondary special,Married,House / apartment,-18264,-152,1,0,0,0,Laborers,2.0
5010199,F,Y,Y,0,135400.0,Pensioner,Higher education,Single / not married,House / apartment,-15329,365243,1,1,0,0,,1.0
5010200,F,N,N,0,696600.0,Pensioner,Secondary / secondary special,Married,House / apartment,-22016,365243,1,0,0,0,,2.0
5010201,M,Y,Y,2,284000.0,Working,Secondary / secondary special,Single / not married,House / apartment,-17523,-754,1,0,0,0,High skill tech staff,3.0
5010202,F,N,Y,0,161000.0,Working,Secondary / secondary special,Married,Rented apartment,-24356,-10013,1,0,0,1,Laborers,2.0
5010203,F,N,Y,2,367200.0,Working,Higher education,Married,House / apartment,-16765,-3921,1,0,0,0,,4.0
5010204,M,N,Y,0,135400.0,Pensioner,Higher education,Married,House / apartment,-23513,365243,1,0,0,0,,2.0
5010205,M,N,Y,1,141100.0,Pensioner,Higher education,Married,House / apartment,-16811,365243,1,0,1,0,,3.0
5010206,M,Y,N,0,163400.0,Working,Higher education,Married,House / apartment,-17496,-5439,1,0,0,0,Drivers,2.0
5010207,F,N,Y,0,558300.0,Working,Secondary / secondary special,Married,Rented apartment,-14004,-131,1,0,0,0,,2.0
5010208,F,Y,N,1,215100.0,Working,Higher education,Married,House / apartment,-14613,-115,1,0,0,0,Core staff,3.0
5010209,F,N,Y,1,72000.0,Working,Secondary / secondary special,Married,House / apartment,-24346,-9238,1,0,0,0,,3.0
5010210,F,Y,Y,0,447100.0,Pensioner,Higher education,Married,House / apartment,-11383,365243,1,0,0,0,,2.0
5010211,F,Y,Y,0,209500.0,Working,Secondary / secondary special,Married,House / apartment,-9523,-1431,1,0,0,0,Managers,2.0
5010212,F,N,Y,0,96800.0,Commercial associate,Secondary / secondary special,Married,House / apartment,-22467,-10892,1,1,0,0,,2.0
5010213,F,N,Y,2,208400.0,Working,Secondary / secondary special,Married,House / apartment,-17841,-6539,1,0,0,0,Laborers,4.0
5010214,M,Y,Y,0,316800.0,Working,Secondary / secondary special,Civil marriage,House / apartment,-12503,-871,1,0,0,0,Sales staff,2.0
5010215,M,Y,Y,0,298800.0,Working,Secondary / secondary special,Married,House / apartment,-15202,-5151,1,1,0,0,Sales staff,2.0
5010216,M,N,Y,1,600000.0,Pensioner,Secondary / secondary special,Married,House / apartment,-16891,365243,1,0,0,0,,3.0
5010217,M,Y,Y,1,159400.0,Commercial associate,Secondary / secondary special,Married,House / apartment,-18119,-3556,1,1,1,1,,3.0
5010218,F,Y,Y,0,249900.0,Working,Incomplete higher,Widow,House / apartment,-22299,365243,1,1,0,0,,1.0
5010219,F,N,Y,0,172100.0,Working,Higher education,Married,House / apartment,-14507,-206,1,0,0,0,High skill tech staff,2.0
5010220,M,Y,N,2,112900.0,Working,Higher education,Civil marriage,House / apartment,-19660,-5523,1,1,1,0,,4.0
5010221,M,N,Y,0,380100.0,Working,Higher education,Married,House / apartment,-22550,-13331,1,0,0,0,,2.0
5010222,F,N,N,1,307800.0,Commercial associate,Secondary / secondary special,Married,House / apartment,-22714,-8835,1,0,0,1,,3.0
5010223,F,N,Y,0,281300.0,Working,Secondary / secondary special,Married,House / apartment,-11948,-3058,1,0,1,0,Core staff,2.0
5010224,M,N,N,0,302200.0,Working,Secondary / secondary special,Married,House / apartment,-13700,-704,1,0,1,1,Managers,2.0
5010225,F,N,Y,0,173300.0,Pensioner,Higher education,Married,House / apartment,-18169,365243,1,0,0,0,,2.0
5010226,M,Y,N,0,147700.0,Working,Higher education,Married,Co-op apartment,-23481,-1381,1,1,1,0,Accountants,2.0
5010227,M,Y,Y,1,248800.0,Working,Higher education,Separated,House / apartment,-21741,-13774,1,0,0,0,Core staff,2.0
5010228,F,N,N,0,436300.0,Working,Higher education,Married,House / apartment,-17970,-2702,1,0,0,0,,2.0
5010229,F,Y,Y,0,545500.0,Pensioner,Secondary / secondary special,Married,House / apartment,-25270,365243,1,1,0,0,,2.0
5010230,M,N,Y,0,363400.0,Commercial associate,Secondary / secondary special,Single / not married,House / apartment,-15322,-2576,1,0,1,0,Sales staff,1.0
5010231,F,N,Y,0,247700.0,Working,Incomplete higher,Single / not married,House / apartment,-22690,-5450,1,0,0,0,,1.0
5010232,F,Y,Y,0,279400.0,Commercial associate,Secondary / secondary special,Married,House / apartment,-22251,-13463,1,1,0,0,Drivers,2.0
5010233,F,N,Y,0,245600.0,Working,Secondary / secondary special,Single / not married,House / apartment,-23888,-1102,1,0,0,0,Sales staff,1.0
5010234,F,N,Y,0,146200.0,Pensioner,Secondary / secondary special,Married,House / apartment,-25342,365243,1,0,0,0,,2.0
5010235,F,N,Y,1,247200.0,Pensioner,Secondary / secondary special,Married,House / apartment,-16358,365243,1,0,0,0,,3.0
5010236,F,N,N,1,125200.0,Commercial associate,Higher education,Married,House / apartment,-10878,-729,1,0,1,0,,3.0
5010237,F,N,Y,0,229400.0,Commercial associate,Secondary / secondary special,Married,House / apartment,-15722,-109,1,0,0,0,Managers,2.0
5010238,M,N,N,0,553200.0,Working,Secondary / secondary special,Married,House / apartment,-22899,-8930,1,0,0,1,Laborers,2.0
5010239,M,N,Y,0,368400.0,Commercial associate,Secondary / secondary special,Married,House / apartment,-22574,-8597,1,0,0,0,,2.0
5010240,M,N,Y,0,153900.0,Commercial associate,Secondary / secondary special,Married,House / apartment,-13441,-1359,1,1,0,0,Cooking staff,2.0
5010241,F,Y,N,1,235400.0,Working,Higher education,Married,Municipal apartment,-8169,-777,1,0,0,0,Medicine staff,3.0
5010242,M,Y,N,0,160900.0,Commercial associate,Secondary / secondary special,Single / not married,House / apartment,-16616,-2731,1,0,0,0,Sales staff,1.0
5010243,F,N,N,0,236600.0,Pensioner,Secondary / secondary special,Married,House / apartment,-15963,365243,1,0,1,0,,2.0
5010244,F,Y,Y,0,410900.0,Working,Secondary / secondary special,Married,Municipal apartment,-8871,-1862,1,0,0,0,Laborers,2.0
5010245,M,Y,Y,0,338400.0,Working,Higher education,Civil marriage,House / apartment,-21822,-8539,1,0,0,0,Core staff,2.0
5010246,F,N,Y,0,845400.0,Commercial associate,Secondary / secondary special,Civil marriage,House / apartment,-12484,-1127,1,0,0,0,,2.0
5010247,F,Y,Y,0,443200.0,Pensioner,Higher education,Civil marriage,Office apartment,-19098,365243,1,0,0,0,,2.0
5010248,F,N,Y,0,270300.0,Pensioner,Secondary / secondary special,Married,Rented apartment,-9158,365243,1,0,0,0,,2.0
5010249,M,N,N,2,342500.0,Commercial associate,Secondary / secondary special,Married,House / apartment,-23024,-16309,1,1,1,0,,4.0
5010250,F,N,N,1,220600.0,Pensioner,Higher education,Married,House / apartment,-20806,365243,1,1,1,0,,3.0
5010251,F,N,Y,1,138900.0,Commercial associate,Secondary / secondary special,Married,House / apartment,-14399,-7151,1,0,0,0,Sales staff,3.0
5010252,F,Y,Y,2,469000.0,Working,Secondary / secondary special,Married,House / apartment,-18801,-6917,1,0,1,0,,4.0
5010253,F,N,N,0,404300.0,Pensioner,Secondary / secondary special,Married,House / apartment,-10728,365243,1,0,1,0,,2.0
5010254,F,N,Y,1,216400.0,Working,Secondary / secondary special,Widow,House / apartment,-25301,-4414,1,0,0,0,Managers,2.0
5010255,F,N,Y,0,280000.0,Working,Secondary / secondary special,Married,House / apartment,-21844,-6754,1,0,0,0,,2.0
5010256,F,N,Y,0,454000.0,Working,Secondary / secondary special,Married,House / apartment,-21713,-7712,1,0,0,0,Drivers,2.0
5010257,F,Y,Y,1,372700.0,Working,Secondary / secondary special,Married,House / apartment,-10106,-678,1,0,0,0,,3.0
5010258,M,N,N,0,117500.0,Working,Secondary / secondary special,Single / not married,House / apartment,-7629,-438,1,0,0,0,Sales staff,1.0
5010259,F,Y,Y,3,275800.0,Working,Higher education,Married,House / apartment,-17995,-10353,1,0,1,0,Accountants,5.0
5010260,F,N,Y,0,224500.0,Working,Secondary / secondary special,Married,House / apartment,-9937,-309,1,0,0,0,Laborers,2.0
5010261,F,N,Y,1,425900.0,Working,Secondary / secondary special,Widow,House / apartment,-21558,-8208,1,0,0,0,Core staff,2.0
5010262,M,Y,N,0,408800.0,Working,Secondary / secondary special,Single / not married,House / apartment,-14904,-8244,1,0,0,0,Private service staff,1.0
5010263,F,Y,N,0,472000.0,Pensioner,Secondary / secondary special,Single / not married,House / apartment,-13489,365243,1,0,0,0,,1.0
5010264,F,Y,Y,0,139600.0,Pensioner,Secondary / secondary special,Separated,House / apartment,-8650,365243,1,0,0,1,,1.0
5010265,F,N,Y,1,165000.0,Pensioner,Higher education,Married,House / apartment,-25496,365243,1,0,1,0,,3.0
5010266,M,N,Y,0,426100.0,Working,Higher education,Single / not married,House / apartment,-24764,-16311,1,0,1,0,,1.0
5010267,F,Y,Y,0,181600.0,Commercial associate,Secondary / secondary special,Married,House / apartment,-9708,-318,1,0,1,0,HR staff,2.0
5010268,F,N,Y,0,114100.0,Working,Secondary / secondary special,Single / not married,With parents,-13383,365243,1,1,0,0,,1.0
5010269,M,Y,Y,0,318600.0,Working,Secondary / secondary special,Married,House / apartment,-14442,-6052,1,0,1,0,High skill tech staff,2.0
5010270,F,N,Y,0,185700.0,Commercial associate,Incomplete higher,Married,House / apartment,-12725,-4844,1,0,0,1,Laborers,2.0
5010271,F,Y,Y,0,597400.0,Commercial associate,Secondary / secondary special,Married,House / apartment,-24371,-13347,1,0,0,0,Managers,2.0
5010272,F,N,Y,1,283100.0,Pensioner,Secondary / secondary special,Married,House / apartment,-20479,365243,1,0,0,0,,3.0
5010273,F,N,N,0,264500.0,Commercial associate,Secondary / secondary special,Married,House / apartment,-24762,-5708,1,0,0,0,Managers,2.0
5010274,F,N,Y,0,203000.0,Working,Secondary / secondary special,Married,House / apartment,-23276,-10378,1,0,0,0,,2.0
5010275,F,N,Y,0,540800.0,Pensioner,Secondary / secondary special,Married,House / apartment,-21085,365243,1,0,0,0,,2.0
5010276,F,N,N,0,292100.0,Commercial associate,Higher education,Married,House / apartment,-20033,-7644,1,1,0,0,Medicine staff,2.0
5010277,F,N,Y,0,199000.0,Pensioner,Secondary / secondary special,Married,House / apartment,-23123,365243,1,0,0,0,,2.0
5010278,M,N,N,1,164100.0,Pensioner,Secondary / secondary special,Married,House / apartment,-19799,365243,1,1,0,0,,3.0
5010279,F,N,Y,0,235300.0,Working,Secondary / secondary special,Married,House / apartment,-10751,-1156,1,0,0,0,Drivers,2.0
5010280,F,N,Y,0,149700.0,Working,Secondary / secondary special,Married,House / apartment,-19141,-12097,1,0,0,1,Laborers,2.0
5010281,F,Y,N,0,408400.0,Working,Secondary / secondary special,Married,House / apartment,-16710,-5267,1,0,0,0,,2.0
5010282,F,N,Y,0,98800.0,Working,Higher education,Single / not married,House / apartment,-25237,-550,1,1,0,0,Laborers,1.0
5010283,F,Y,N,0,227700.0,Working,Secondary / secondary special,Married,House / apartment,-16618,-4782,1,0,1,0,Medicine staff,2.0
5010284,F,N,Y,0,331200.0,Working,Secondary / secondary special,Married,House / apartment,-8007,-8,1,1,0,0,Core staff,2.0
5010285,M,N,Y,1,289700.0,Pensioner,Higher education,Married,House / apartment,-12130,365243,1,0,0,0,,3.0
5010286,F,N,Y,0,170600.0,Pensioner,Secondary / secondary special,Separated,House / apartment,-24059,365243,1,1,0,0,,1.0
5010287,M,Y,Y,0,339600.0,Commercial associate,Secondary / secondary special,Married,House / apartment,-24880,-10891,1,0,0,0,Managers,2.0
5010288,M,Y,Y,0,156800.0,Working,Secondary / secondary special,Married,House / apartment,-20609,-4877,1,0,0,1,,2.0
5010289,F,N,Y,0,241400.0,Working,Secondary / secondary special,Civil marriage,House / apartment,-8343,-751,1,1,1,0,,2.0
5010290,F,N,Y,2,338200.0,Commercial associate,Secondary / secondary special,Married,House / apartment,-7735,-620,1,1,0,0,High skill tech staff,4.0
5010291,F,Y,Y,0,307700.0,Working,Secondary / secondary special,Married,House / apartment,-16064,-9321,1,1,0,0,,2.0
5010292,F,N,N,3,174200.0,Pensioner,Secondary / secondary special,Married,House / apartment,-25562,365243,1,0,1,0,,5.0
5010293,F,N,Y,0,444300.0,Pensioner,Secondary / secondary special,Widow,With parents,-23181,365243,1,1,0,0,,1.0
5010294,M,N,N,0,254900.0,Working,Higher education,Civil marriage,House / apartment,-24346,-1893,1,0,1,0,Medicine staff,2.0
5010295,F,Y,Y,0,354000.0,Commercial associate,Secondary / secondary special,Married,House / apartment,-18692,-1740,1,1,0,0,,2.0
5010296,M,N,Y,0,524400.0,Working,Higher education,Married,House / apartment,-22995,-8229,1,0,1,0,Accountants,2.0
5010297,M,Y,N,0,426900.0,Commercial associate,Secondary / secondary special,Married,Municipal apartment,-13143,-989,1,1,0,0,Laborers,2.0
5010298,F,N,Y,0,427400.0,Working,Secondary / secondary special,Married,House / apartment,-7805,-1198,1,0,0,0,Core staff,2.0
5010299,F,Y,Y,0,268800.0,Working,Secondary / secondary special,Married,House / apartment,-24075,-16843,1,0,1,0,Laborers,2.0
5010300,F,Y,Y,0,363100.0,Commercial associate,Secondary / secondary special,Married,House / apartment,-11294,-169,1,0,0,0,Core staff,2.0
5010301,F,Y,Y,0,271600.0,Commercial associate,Secondary / secondary special,Married,House / apartment,-20609,-9828,1,0,0,0,Managers,2.0
5010302,F,Y,Y,0,133400.0,Commercial associate,Secondary / secondary special,Civil marriage,House / apartment,-19339,-4645,1,0,0,0,Laborers,2.0
5010303,F,N,N,1,284000.0,Working,Secondary / secondary special,Married,House / apartment,-10193,-2543,1,0,0,0,Laborers,3.0
5010304,F,Y,Y,0,277500.0,Commercial associate,Secondary / secondary special,Married,House / apartment,-10880,-356,1,0,0,0,,2.0
5010305,F,Y,N,1,326900.0,Pensioner,Higher education,Single / not married,House / apartment,-13315,365243,1,1,1,0,,2.0
5010306,M,N,Y,0,229000.0,State servant,Higher education,Married,House / apartment,-21128,-6938,1,0,0,0,,2.0
5010307,M,Y,Y,0,166800.0,Pensioner,Higher education,Civil marriage,House / apartment,-8022,365243,1,0,0,0,,2.0
5010308,F,Y,Y,0,339000.0,Pensioner,Lower secondary,Married,House / apartment,-14739,365243,1,0,1,0,,2.0
5010309,F,N,N,0,126600.0,Commercial associate,Secondary / secondary special,Single / not married,House / apartment,-19452,-6548,1,1,0,0,Drivers,1.0
5010310,F,N,N,0,506300.0,Commercial associate,Secondary / secondary special,Separated,House / apartment,-10436,-794,1,0,0,0,Laborers,1.0
5010311,F,N,Y,0,217500.0,Working,Secondary / secondary special,Married,House / apartment,-9486,-552,1,1,0,0,Sales staff,2.0
5010312,F,N,Y,0,276000.0,Working,Higher education,Married,House / apartment,-14431,-2937,1,0,0,0,Sales staff,2.0
5010313,F,N,Y,0,322800.0,Pensioner,Secondary / secondary special,Married,House / apartment,-12538,365243,1,0,0,0,,2.0
5010314,F,Y,Y,1,328000.0,Pensioner,Secondary / secondary special,Married,House / apartment,-19159,365243,1,1,0,1,,3.0
5010315,F,N,Y,0,120700.0,Commercial associate,Secondary / secondary special,Married,House / apartment,-25012,-10372,1,0,1,0,Cooking staff,2.0
5010316,F,N,N,0,368600.0,Working,Secondary / secondary special,Married,House / apartment,-7387,-355,1,0,0,1,Medicine staff,2.0
5010317,M,N,Y,0,284100.0,Working,Secondary / secondary special,Single / not married,House / apartment,-23785,-170,1,0,0,0,Medicine staff,1.0
5010318,M,N,N,1,177700.0,Working,Secondary / secondary special,Civil marriage,House / apartment,-15217,-5818,1,1,0,0,Sales staff,3.0
5010319,M,Y,Y,0,167800.0,Working,Higher education,Separated,House / apartment,-19431,-7209,1,0,0,0,,1.0
5010320,F,N,Y,0,206600.0,Working,Secondary / secondary special,Married,Co-op apartment,-22847,-3625,1,1,0,0,Laborers,2.0
5010321,F,N,Y,2,127500.0,Pensioner,Incomplete higher,Married,House / apartment,-17778,365243,1,0,0,0,,4.0
5010322,M,N,N,1,577600.0,Working,Secondary / secondary special,Civil marriage,House / apartment,-9082,-510,1,0,0,1,,3.0
5010323,F,Y,N,0,513300.0,Working,Higher education,Married,House / apartment,-9873,-559,1,0,0,0,Managers,2.0
5010324,M,Y,Y,0,306000.0,Working,Secondary / secondary special,Married,House / apartment,-21719,-4439,1,0,1,0,Managers,2.0
5010325,F,Y,Y,1,218300.0,State servant,Secondary / secondary special,Married,Co-op apartment,-11489,-3150,1,0,0,0,High skill tech staff,3.0
5010326,F,N,Y,1,221200.0,Pensioner,Secondary / secondary special,Married,House / apartment,-17697,365243,1,0,1,0,,3.0
5010327,M,Y,Y,0,356600.0,Working,Secondary / secondary special,Married,House / apartment,-15123,-4365,1,0,0,0,High skill tech staff,2.0
5010328,F,Y,Y,0,587900.0,Student,Higher education,Married,House / apartment,-12850,-5104,1,0,0,0,Laborers,2.0
5010329,M,N,N,0,183600.0,Working,Secondary / secondary special,Married,House / apartment,-21677,-6894,1,0,0,0,Laborers,2.0
5010330,M,Y,Y,0,139600.0,Working,Secondary / secondary special,Married,House / apartment,-20659,-6907,1,0,0,0,Drivers,2.0
5010331,M,N,N,0,529300.0,Commercial associate,Secondary / secondary special,Civil marriage,House / apartment,-19105,-7183,1,1,0,1,Core staff,2.0
5010332,F,Y,Y,0,99900.0,Working,Secondary / secondary special,Married,House / apartment,-14111,-3382,1,1,1,0,Sales staff,2.0
5010333,F,N,Y,2,147400.0,Commercial associate,Secondary / secondary special,Married,House / apartment,-11441,-2269,1,1,0,1,,4.0
5010334,M,N,N,1,215800.0,State servant,Secondary / secondary special,Married,House / apartment,-16727,-10095,1,0,0,0,Sales staff,3.0
5010335,F,N,Y,0,111900.0,Pensioner,Secondary / secondary special,Married,House / apartment,-22227,365243,1,0,0,0,,2.0
5010336,F,N,N,0,425700.0,Working,Secondary / secondary special,Married,House / apartment,-17818,-5333,1,0,0,0,,2.0
5010337,M,Y,Y,0,374700.0,Working,Higher education,Married,With parents,-25022,-2601,1,0,1,0,Laborers,2.0
5010338,F,Y,Y,0,183200.0,Working,Secondary / secondary special,Married,House / apartment,-7587,-550,1,1,0,0,Laborers,2.0
5010339,M,Y,N,0,462900.0,Working,Secondary / secondary special,Married,House / apartment,-25537,-12733,1,1,0,0,Drivers,2.0
5010340,M,N,N,0,503900.0,Working,Secondary / secondary special,Married,House / apartment,-19932,-3857,1,0,0,0,Laborers,2.0
5010341,F,N,Y,0,230700.0,Working,Secondary / secondary special,Single / not married,House / apartment,-22512,-9407,1,1,1,0,,1.0
5010342,M,N,Y,0,194900.0,Commercial associate,Secondary / secondary special,Married,House / apartment,-13422,-953,1,0,0,0,,2.0
5010343,F,N,N,1,755600.0,Commercial associate,Secondary / secondary special,Married,House / apartment,-16589,-8626,1,1,0,0,,3.0
5010344,F,Y,N,0,350100.0,Working,Higher education,Separated,House / apartment,-21860,-12737,1,0,1,0,Sales staff,1.0
5010345,M,N,Y,0,277500.0,Working,Higher education,Married,House / apartment,-21196,-590,1,0,1,0,,2.0
5010346,F,N,N,1,482700.0,Working,Secondary / secondary special,Married,House / apartment,-13405,-2910,1,0,1,0,,3.0
5010347,M,Y,Y,0,283900.0,Working,Secondary / secondary special,Married,House / apartment,-13230,-6037,1,1,1,0,Core staff,2.0
5010348,F,N,Y,0,189600.0,Working,Secondary / secondary special,Married,House / apartment,-19410,-10065,1,0,0,0,Medicine staff,2.0
5010349,F,Y,Y,0,254100.0,Working,Incomplete higher,Married,House / apartment,-24356,-5257,1,1,0,0,Core staff,2.0
5010350,F,N,Y,3,410400.0,Commercial associate,Incomplete higher,Married,House / apartment,-15318,-5933,1,0,0,0,,5.0
5010351,F,N,N,0,90200.0,Pensioner,Secondary / secondary special,Married,House / apartment,-13751,365243,1,1,1,0,,2.0
5010352,M,Y,Y,0,211400.0,Working,Secondary / secondary special,Separated,House / apartment,-23644,-7935,1,1,1,0,Medicine staff,1.0
5010353,F,N,N,0,487500.0,Commercial associate,Secondary / secondary special,Married,House / apartment,-19779,-10457,1,0,0,0,Core staff,2.0
5010354,F,Y,Y,0,189000.0,Working,Secondary / secondary special,Married,House / apartment,-14396,-1260,1,1,0,0,,2.0
5010355,F,N,N,0,528900.0,Pensioner,Secondary / secondary special,Married,House / apartment,-8351,365243,1,0,0,0,,2.0
5010356,F,N,N,0,495300.0,Working,Secondary / secondary special,Married,House / apartment,-20481,-12722,1,1,1,1,Laborers,2.0
5010357,F,Y,Y,2,236300.0,Working,Secondary / secondary special,Married,House / apartment,-13750,-5701,1,0,0,0,,4.0
5010358,M,N,Y,2,183700.0,Working,Secondary / secondary special,Separated,House / apartment,-8594,-1352,1,0,0,0,,3.0
5010359,M,N,Y,0,211500.0,Working,Secondary / secondary special,Married,House / apartment,-18487,-11026,1,0,0,0,Core staff,2.0
5010360,F,Y,N,0,925200.0,Commercial associate,Secondary / secondary special,Widow,House / apartment,-13204,-5623,1,0,0,0,,1.0
5010361,F,Y,N,0,623200.0,State servant,Secondary / secondary special,Married,House / apartment,-13486,-2907,1,0,1,0,Managers,2.0
5010362,F,N,Y,1,259900.0,Pensioner,Secondary / secondary special,Married,House / apartment,-16056,365243,1,0,0,0,,3.0
5010363,F,N,N,0,180100.0,Working,Secondary / secondary special,Married,House / apartment,-20408,-7446,1,1,1,0,Core staff,2.0
5010364,F,Y,Y,0,258800.0,Commercial associate,Secondary / secondary special,Married,House / apartment,-12351,-5592,1,0,0,1,Core staff,2.0
5010365,M,Y,Y,1,275800.0,Commercial associate,Secondary / secondary special,Married,House / apartment,-8783,-585,1,0,0,1,,3.0
5010366,F,Y,N,1,131100.0,Pensioner,Secondary / secondary special,Married,House / apartment,-15056,365243,1,1,1,0,,3.0
5010367,M,N,Y,0,254100.0,Commercial associate,Secondary / secondary special,Married,House / apartment,-8308,-772,1,1,1,0,,2.0
5010368,F,Y,N,2,472900.0,Commercial associate,Secondary / secondary special,Married,House / apartment,-20039,-1091,1,0,1,0,High skill tech staff,4.0
5010369,F,Y,Y,2,99300.0,Commercial associate,Higher education,Single / not married,House / apartment,-24823,-724,1,0,0,0,,3.0
5010370,F,N,Y,0,369100.0,Commercial associate,Secondary / secondary special,Married,House / apartment,-19336,-8082,1,0,1,0,Drivers,2.0
5010371,M,N,Y,0,485500.0,Working,Secondary / secondary special,Married,House / apartment,-12334,-5012,1,0,1,0,,2.0
5010372,F,Y,Y,4,184500.0,Working,Higher education,Married,House / apartment,-10623,-1348,1,0,0,0,,6.0
5010373,F,N,N,0,569500.0,Commercial associate,Secondary / secondary special,Married,House / apartment,-11556,-417,1,0,0,1,,2.0
5010374,F,N,Y,0,172900.0,Pensioner,Secondary / secondary special,Single / not married,House / apartment,-11352,365243,1,0,0,0,,1.0
5010375,M,Y,Y,0,304400.0,Working,Secondary / secondary special,Married,House / apartment,-13036,-3123,1,0,1,0,Sales staff,2.0
5010376,F,Y,Y,1,209400.0,State servant,Secondary / secondary special,Separated,House / apartment,-9083,-294,1,0,0,0,Laborers,2.0
5010377,F,N,Y,1,209400.0,Working,Secondary / secondary special,Civil marriage,House / apartment,-23663,-5957,1,0,0,0,Managers,3.0
5010378,M,Y,N,0,179300.0,Working,Higher education,Married,House / apartment,-23470,-11769,1,0,0,0,,2.0
5010379,M,N,Y,3,346200.0,Working,Secondary / secondary special,Married,House / apartment,-18541,-1076,1,1,0,0,Laborers,5.0
5010380,M,N,Y,1,373200.0,State servant,Secondary / secondary special,Single / not married,House / apartment,-8436,-443,1,1,1,0,Laborers,2.0
5010381,F,Y,N,1,236400.0,Working,Incomplete higher,Civil marriage,House / apartment,-21988,-6967,1,0,1,0,,3.0
5010382,F,Y,Y,0,123700.0,Working,Secondary / secondary special,Married,House / apartment,-8433,-1362,1,1,1,0,Managers,2.0
5010383,F,N,N,0,298700.0,Working,Secondary / secondary special,Separated,House / apartment,-9249,-1580,1,0,1,0,,1.0
5010384,M,N,Y,0,301500.0,Working,Higher education,Separated,House / apartment,-13246,-2648,1,0,0,1,Core staff,1.0
5010385,F,N,Y,0,219100.0,Pensioner,Higher education,Married,House / apartment,-15185,365243,1,0,1,0,,2.0
5010386,F,N,N,0,621000.0,Working,Secondary / secondary special,Single / not married,House / apartment,-13768,365243,1,0,0,0,,1.0
5010387,F,Y,N,1,111700.0,Pensioner,Higher education,Married,House / apartment,-10323,365243,1,1,1,0,,3.0
5010388,F,N,Y,0,80600.0,Pensioner,Secondary / secondary special,Married,House / apartment,-9353,365243,1,0,0,0,,2.0
5010389,M,N,Y,1,169400.0,Working,Higher education,Married,House / apartment,-23000,-581,1,0,0,0,Cleaning staff,3.0
5010390,F,N,Y,0,348300.0,Commercial associate,Higher education,Married,House / apartment,-13938,-2635,1,0,0,0,HR staff,2.0
5010391,F,Y,Y,0,144000.0,Working,Secondary / secondary special,Single / not married,House / apartment,-11297,-3566,1,0,1,0,Accountants,1.0
5010392,F,Y,N,0,149500.0,Working,Secondary / secondary special,Married,House / apartment,-16199,-2172,1,0,0,0,Laborers,2.0
5010393,F,N,Y,0,392800.0,Commercial associate,Secondary / secondary special,Married,House / apartment,-7977,-937,1,0,0,0,,2.0
5010394,F,N,Y,0,307700.0,Commercial associate,Higher education,Civil marriage,Rented apartment,-18268,-11493,1,0,0,1,Security staff,2.0
5010395,F,Y,N,1,294800.0,Working,Higher education,Married,Rented apartment,-11843,-4066,1,0,0,0,,3.0
5010396,M,Y,Y,0,360800.0,Working,Secondary / secondary special,Married,House / apartment,-18230,-8456,1,0,1,0,Sales staff,2.0
5010397,M,N,Y,0,197400.0,Pensioner,Higher education,Married,Municipal apartment,-18520,365243,1,0,0,0,,2.0
5010398,F,N,N,0,202000.0,Commercial associate,Higher education,Married,House / apartment,-22083,-14010,1,0,0,0,Laborers,2.0
5010399,F,Y,N,0,366000.0,Working,Secondary / secondary special,Civil marriage,House / apartment,-11504,-1366,1,0,0,0,,2.0
5010400,M,Y,Y,0,124600.0,Working,Higher education,Married,House / apartment,-15769,-8111,1,0,0,0,,2.0
5010401,M,Y,Y,0,83600.0,Working,Secondary / secondary special,Married,House / apartment,-24871,-17877,1,0,0,0,,2.0
5010402,M,N,Y,0,196600.0,Working,Secondary / secondary special,Married,House / apartment,-20584,-11570,1,0,0,0,,2.0
5010403,F,N,Y,1,388800.0,Working,Higher education,Married,House / apartment,-25117,-7918,1,0,0,0,,3.0
5010404,M,N,Y,0,277400.0,Working,Higher education,Married,Municipal apartment,-24241,-3571,1,0,1,0,,2.0
5010405,M,N,N,1,374800.0,Working,Secondary / secondary special,Married,House / apartment,-18459,-10729,1,0,0,1,Cleaning staff,3.0
5010406,M,Y,N,0,89100.0,Pensioner,Secondary / secondary special,Married,House / apartment,-12125,365243,1,0,0,0,,2.0
5010407,F,N,N,2,285800.0,Working,Higher education,Married,House / apartment,-21128,-7587,1,0,0,1,Laborers,4.0
5010408,M,N,Y,0,338500.0,Commercial associate,Higher education,Married,House / apartment,-20054,-768,1,0,0,0,,2.0
5010409,F,Y,N,0,124300.0,Working,Secondary / secondary special,Married,House / apartment,-18060,-59,1,0,0,0,Sales staff,2.0
5010410,M,Y,Y,0,375700.0,Working,Secondary / secondary special,Married,House / apartment,-20049,-6250,1,0,0,0,Sales staff,2.0
5010411,F,N,Y,4,230900.0,Working,Higher education,Single / not married,With parents,-18511,-4086,1,0,1,0,Sales staff,5.0
5010412,M,N,Y,0,1133900.0,Commercial associate,Higher education,Married,Rented apartment,-16790,-77,1,0,0,0,Sales staff,2.0
5010413,F,Y,Y,0,82200.0,Working,Higher education,Married,House / apartment,-14901,-7606,1,0,0,0,,2.0
5010414,F,N,N,0,484100.0,Working,Higher education,Civil marriage,House / apartment,-8121,-486,1,1,0,0,Laborers,2.0
5010415,F,N,Y,0,200500.0,Working,Secondary / secondary special,Separated,House / apartment,-23115,-5434,1,1,1,0,Medicine staff,1.0
5010416,F,Y,Y,0,108800.0,Working,Lower secondary,Married,House / apartment,-23112,-4517,1,1,0,0,Laborers,2.0
5010417,M,Y,N,0,187600.0,Working,Higher education,Married,House / apartment,-18154,-7867,1,1,1,0,,2.0
5010418,M,Y,Y,0,280500.0,Commercial associate,Secondary / secondary special,Married,House / apartment,-12197,-3279,1,1,1,1,,2.0
5010419,F,N,N,0,410100.0,Working,Higher education,Separated,House / apartment,-7819,365243,1,1,0,0,,1.0
5010420,F,Y,Y,0,577500.0,Commercial associate,Higher education,Married,House / apartment,-7331,-720,1,0,1,0,,2.0
5010421,F,Y,Y,0,497000.0,State servant,Higher education,Separated,House / apartment,-8636,-238,1,0,1,0,,1.0
5010422,F,N,N,0,150700.0,Working,Secondary / secondary special,Married,House / apartment,-13877,-7044,1,0,0,0,Managers,2.0
5010423,F,N,Y,2,429600.0,Pensioner,Secondary / secondary special,Married,House / apartment,-10746,365243,1,0,0,0,,4.0
5010424,F,Y,Y,0,296900.0,Commercial associate,Secondary / secondary special,Single / not married,House / apartment,-12146,-3905,1,0,1,0,,1.0
5010425,M,N,Y,1,176000.0,Pensioner,Secondary / secondary special,Single / not married,House / apartment,-20083,365243,1,1,0,0,,2.0
5010426,F,N,Y,0,219600.0,Working,Secondary / secondary special,Single / not married,House / apartment,-24821,-6150,1,1,0,0,Core staff,1.0
5010427,F,N,Y,2,171200.0,Pensioner,Secondary / secondary special,Civil marriage,House / apartment,-11081,365243,1,0,1,0,,4.0
5010428,M,N,Y,0,248700.0,Pensioner,Secondary / secondary special,Single / not married,House / apartment,-15809,365243,1,0,1,0,,1.0
5010429,F,Y,Y,0,169500.0,Working,Higher education,Married,House / apartment,-25412,-6912,1,0,0,0,Managers,2.0
5010430,M,N,N,0,146000.0,Working,Secondary / secondary special,Married,House / apartment,-24320,-14396,1,0,0,0,Medicine staff,2.0
5010431,F,N,Y,1,310200.0,State servant,Secondary / secondary special,Married,House / apartment,-13739,-3924,1,0,1,0,Core staff,3.0
5010432,M,N,Y,0,334300.0,Commercial associate,Secondary / secondary special,Married,House / apartment,-13143,-3063,1,1,1,0,Sales staff,2.0
5010433,F,N,Y,0,222300.0,Working,Secondary / secondary special,Married,House / apartment,-11728,-2798,1,1,1,0,,2.0
5010434,F,N,N,0,483700.0,Pensioner,Higher education,Married,House / apartment,-10143,365243,1,0,0,0,,2.0
5010435,M,Y,N,0,214300.0,Working,Secondary / secondary special,Married,House / apartment,-15707,-2457,1,0,0,0,Managers,2.0
5010436,F,N,N,0,209800.0,Working,Secondary / secondary special,Married,House / apartment,-13535,-4822,1,0,0,0,Core staff,2.0
5010437,F,N,N,0,339700.0,Commercial associate,Secondary / secondary special,Separated,House / apartment,-20908,-8890,1,0,0,0,Managers,1.0
5010438,F,N,Y,0,228500.0,Commercial associate,Secondary / secondary special,Married,House / apartment,-11631,-2758,1,0,1,0,Cleaning staff,2.0
5010439,M,Y,Y,0,254700.0,Pensioner,Secondary / secondary special,Married,House / apartment,-20752,365243,1,1,0,0,,2.0
5010440,F,N,Y,1,69200.0,Working,Secondary / secondary special,Married,House / apartment,-12567,-1412,1,0,0,0,Cleaning staff,3.0
5010441,M,N,Y,0,246200.0,Pensioner,Secondary / secondary special,Married,House / apartment,-18130,365243,1,0,0,0,,2.0
5010442,F,Y,Y,0,97900.0,Working,Secondary / secondary special,Married,House / apartment,-18964,-3068,1,1,0,0,Laborers,2.0
5010443,F,N,Y,1,132600.0,Commercial associate,Higher education,Married,House / apartment,-19573,-5926,1,0,0,0,,3.0
5010444,F,N,N,0,125200.0,Working,Secondary / secondary special,Married,House / apartment,-10507,-3786,1,0,0,1,,2.0
5010445,F,N,N,0,145000.0,Working,Secondary / secondary special,Single / not married,House / apartment,-12468,-3977,1,0,0,0,Core staff,1.0
5010446,F,N,Y,1,185500.0,Pensioner,Secondary / secondary special,Single / not married,House / apartment,-11800,365243,1,0,0,0,,2.0
5010447,F,N,N,0,191400.0,Working,Secondary / secondary special,Married,House / apartment,-17827,-2217,1,0,0,0,Core staff,2.0
5010448,M,Y,Y,0,340300.0,Pensioner,Secondary / secondary special,Married,House / apartment,-8688,365243,1,0,0,1,,2.0
5010449,F,N,Y,2,272800.0,Working,Secondary / secondary special,Married,House / apartment,-16770,-5573,1,0,0,0,Cooking staff,4.0
5010450,M,N,Y,2,94400.0,Working,Secondary / secondary special,Single / not married,House / apartment,-8902,-1545,1,1,1,0,,3.0
5010451,F,N,Y,0,254500.0,Working,Secondary / secondary special,Married,House / apartment,-13460,-2380,1,0,0,0,,2.0
5010452,F,N,Y,0,286200.0,Commercial associate,Secondary / secondary special,Married,House / apartment,-19846,-395,1,0,0,0,Laborers,2.0
5010453,F,N,N,0,207100.0,Working,Secondary / secondary special,Married,House / apartment,-14839,-266,1,0,0,0,,2.0
5010454,M,Y,Y,0,236800.0,Commercial associate,Higher education,Married,House / apartment,-12425,-563,1,0,1,0,,2.0
5010455,M,N,Y,0,268500.0,Commercial associate,Secondary / secondary special,Married,With parents,-18552,-7525,1,1,0,0,,2.0
5010456,M,Y,Y,0,357800.0,Working,Secondary / secondary special,Married,House / apartment,-20824,-12128,1,1,0,0,Managers,2.0
5010457,F,Y,Y,2,111100.0,Working,Higher education,Single / not married,Municipal apartment,-11954,-668,1,0,1,0,,3.0
5010458,M,Y,N,1,216100.0,Working,Secondary / secondary special,Married,House / apartment,-12773,-6063,1,0,1,0,Laborers,3.0
5010459,F,N,Y,0,519000.0,State servant,Secondary / secondary special,Married,House / apartment,-18998,-7699,1,0,1,0,,2.0
5010460,F,Y,N,0,495700.0,Working,Secondary / secondary special,Civil marriage,House / apartment,-24932,-7190,1,1,0,0,Managers,2.0
5010461,M,Y,N,0,373600.0,Working,Secondary / secondary special,Civil marriage,House / apartment,-11211,-1652,1,0,0,0,Drivers,2.0
5010462,F,Y,Y,0,319300.0,Working,Secondary / secondary special,Married,House / apartment,-19253,-12204,1,0,0,0,Cooking staff,2.0
5010463,F,Y,Y,0,558400.0,Commercial associate,Higher education,Married,House / apartment,-23862,-5920,1,0,0,0,Laborers,2.0
5010464,F,N,N,1,636900.0,Commercial associate,Secondary / secondary special,Married,House / apartment,-15742,-8507,1,0,1,0,Laborers,3.0
5010465,F,N,N,0,228900.0,Pensioner,Secondary / secondary special,Married,House / apartment,-13091,365243,1,0,0,0,,2.0
5010466,F,Y,Y,1,150400.0,Pensioner,Secondary / secondary special,Single / not married,House / apartment,-19484,365243,1,1,1,0,,2.0
5010467,F,N,N,0,213300.0,Working,Secondary / secondary special,Single / not married,Municipal apartment,-7879,-701,1,0,0,0,,1.0
5010468,F,N,N,0,1148300.0,Working,Secondary / secondary special,Married,Municipal apartment,-13882,-7273,1,0,0,0,Cooking staff,2.0
5010469,F,N,Y,0,111400.0,Commercial associate,Secondary / secondary special,Married,House / apartment,-12016,-3089,1,0,0,0,,2.0
5010470,M,Y,Y,0,193000.0,Pensioner,Secondary / secondary special,Married,House / apartment,-11407,365243,1,1,1,0,,2.0
5010471,F,N,N,2,120500.0,Working,Secondary / secondary special,Married,House / apartment,-10588,-3678,1,0,0,0,Managers,4.0
5010472,M,Y,Y,1,259800.0,Working,Higher education,Married,House / apartment,-20766,-11154,1,0,1,0,Managers,3.0
5010473,F,Y,Y,0,133800.0,Pensioner,Secondary / secondary special,Married,House / apartment,-24748,365243,1,0,0,0,,2.0
5010474,F,Y,Y,0,231200.0,Working,Secondary / secondary special,Married,House / apartment,-14332,-3086,1,1,0,0,Security staff,2.0
5010475,F,N,Y,0,92100.0,Working,Secondary / secondary special,Married,House / apartment,-8202,-1315,1,0,0,0,Drivers,2.0
5010476,F,Y,Y,4,332500.0,Pensioner,Secondary / secondary special,Married,House / apartment,-20434,365243,1,0,0,1,,6.0
5010477,F,Y,N,1,449800.0,Pensioner,Secondary / secondary special,Married,House / apartment,-17134,365243,1,0,0,0,,3.0
5010478,F,Y,Y,0,201500.0,Working,Higher education,Married,House / apartment,-20521,-12565,1,1,0,0,Managers,2.0
5010479,M,N,Y,0,228200.0,Working,Secondary / secondary special,Married,House / apartment,-19137,-8679,1,0,1,0,Managers,2.0
5010480,M,N,Y,0,225000.0,Working,Secondary / secondary special,Married,House / apartment,-23841,-13787,1,0,0,1,Managers,2.0
5010481,F,Y,Y,0,267200.0,Pensioner,Higher education,Single / not married,House / apartment,-9870,365243,1,0,0,0,,1.0
5010482,M,N,Y,0,239500.0,Student,Secondary / secondary special,Single / not married,House / apartment,-10394,-3156,1,1,0,0,Laborers,1.0
5010483,F,N,Y,0,358400.0,Pensioner,Higher education,Single / not married,With parents,-13543,365243,1,0,0,0,,1.0
5010484,M,N,Y,2,452200.0,Working,Secondary / secondary special,Married,House / apartment,-16279,-6668,1,0,0,0,Core staff,4.0
5010485,F,Y,Y,0,162500.0,Working,Secondary / secondary special,Married,House / apartment,-24211,-7763,1,0,0,0,,2.0
5010486,F,N,Y,0,209100.0,Commercial associate,Higher education,Married,House / apartment,-23868,-16623,1,0,1,0,Laborers,2.0
5010487,F,Y,Y,1,383200.0,Working,Higher education,Civil marriage,House / apartment,-23228,-12464,1,0,1,0,Drivers,3.0
5010488,M,N,N,0,119900.0,Commercial associate,Secondary / secondary special,Civil marriage,House / apartment,-11369,-4054,1,0,0,0,Laborers,2.0
5010489,F,Y,Y,0,91100.0,Commercial associate,Secondary / secondary special,Civil marriage,House / apartment,-20631,-6315,1,1,0,0,,2.0
5010490,F,Y,Y,0,273400.0,Working,Secondary / secondary special,Married,House / apartment,-14309,-3837,1,0,0,0,,2.0
5010491,F,Y,N,0,312900.0,State servant,Secondary / secondary special,Civil marriage,House / apartment,-24311,-17657,1,0,0,0,,2.0
5010492,F,N,Y,0,170100.0,Working,Higher education,Civil marriage,House / apartment,-11223,-2999,1,0,0,0,,2.0
5010493,F,Y,Y,0,182800.0,Commercial associate,Secondary / secondary special,Married,House / apartment,-9885,-2924,1,1,1,0,Laborers,2.0
5010494,M,N,Y,1,166900.0,Working,Secondary / secondary special,Married,House / apartment,-22689,-953,1,1,0,0,Drivers,3.0
5010495,F,Y,Y,0,158300.0,Commercial associate,Higher education,Married,House / apartment,-20398,-7809,1,1,0,0,Managers,2.0
5010496,F,N,N,1,345300.0,Commercial associate,Higher education,Married,With parents,-22306,-10842,1,0,1,0,Sales staff,3.0
5010497,M,N,N,0,135300.0,Working,Secondary / secondary special,Married,House / apartment,-10189,-2858,1,0,1,0,Drivers,2.0
5010498,F,N,Y,1,213800.0,Working,Higher education,Civil marriage,House / apartment,-23464,-3613,1,0,0,0,Cleaning staff,3.0
5010499,M,N,Y,0,155300.0,Working,Secondary / secondary special,Civil marriage,Municipal apartment,-19680,-10576,1,1,0,0,Core staff,2.0
5010500,M,N,Y,0,117900.0,Working,Higher education,Separated,House / apartment,-19204,-10278,1,0,0,0,,1.0
5010501,M,Y,N,0,377200.0,Commercial associate,Secondary / secondary special,Married,House / apartment,-17944,-11024,1,0,1,0,Security staff,2.0
5010502,F,N,N,0,188300.0,Working,Higher education,Married,House / apartment,-21274,-958,1,0,1,0,,2.0
5010503,F,Y,Y,0,268300.0,Working,Secondary / secondary special,Married,House / apartment,-14895,-5529,1,0,0,0,,2.0
5010504,F,N,Y,1,114900.0,Working,Secondary / secondary special,Married,House / apartment,-9731,-2846,1,0,0,0,Core staff,3.0
5010505,F,N,Y,0,168500.0,Commercial associate,Secondary / secondary special,Married,House / apartment,-17153,-861,1,0,0,0,,2.0
5010506,M,Y,Y,0,356300.0,Commercial associate,Higher education,Single / not married,House / apartment,-20967,-5820,1,0,0,0,Sales staff,1.0
5010507,F,Y,Y,0,890100.0,Working,Higher education,Married,House / apartment,-10111,-2769,1,0,0,0,Core staff,2.0
5010508,F,N,Y,1,90900.0,Commercial associate,Secondary / secondary special,Married,House / apartment,-11396,-2110,1,0,1,0,Medicine staff,3.0
5010509,M,N,Y,0,220800.0,Pensioner,Secondary / secondary special,Married,House / apartment,-20026,365243,1,1,0,0,,2.0
5010510,F,N,N,2,300000.0,Working,Secondary / secondary special,Separated,House / apartment,-12230,-2923,1,0,1,0,Managers,3.0
5010511,M,N,N,2,179400.0,Commercial associate,Secondary / secondary special,Married,House / apartment,-10409,-2419,1,0,0,0,Accountants,4.0
5010512,F,N,Y,0,373300.0,Working,Secondary / secondary special,Married,House / apartment,-23548,-10478,1,0,1,0,Medicine staff,2.0
5010513,F,N,Y,0,158300.0,Working,Secondary / secondary special,Separated,House / apartment,-10243,-2061,1,0,0,0,,1.0
5010514,M,Y,N,1,263700.0,Commercial associate,Secondary / secondary special,Married,House / apartment,-13590,-1111,1,0,0,0,Security staff,3.0
5010515,M,Y,Y,0,188000.0,Working,Secondary / secondary special,Married,House / apartment,-15129,-402,1,0,0,0,Cleaning staff,2.0
5010516,F,N,Y,0,449200.0,Pensioner,Higher education,Married,House / apartment,-16001,365243,1,0,0,0,,2.0
5010517,F,N,Y,2,174100.0,Working,Secondary / secondary special,Married,House / apartment,-13903,-1813,1,0,1,0,Sales staff,4.0
5010518,M,N,Y,2,204700.0,Working,Secondary / secondary special,Married,House / apartment,-23970,-6508,1,0,0,0,Laborers,4.0
5010519,F,N,Y,2,391700.0,Working,Secondary / secondary special,Civil marriage,House / apartment,-19333,-1491,1,1,0,0,Core staff,4.0
5010520,M,Y,Y,0,146000.0,Commercial associate,Secondary / secondary special,Married,House / apartment,-13870,-33,1,0,0,1,High skill tech staff,2.0
5010521,F,N,Y,0,252700.0,Commercial associate,Secondary / secondary special,Married,House / apartment,-13838,-5785,1,1,0,0,,2.0
5010522,F,Y,Y,0,98100.0,Working,Secondary / secondary special,Married,House / apartment,-16490,-6379,1,0,0,0,,2.0
5010523,M,Y,Y,0,141700.0,Pensioner,Secondary / secondary special,Married,House / apartment,-7920,365243,1,0,1,0,,2.0
5010524,M,N,Y,0,295500.0,State servant,Secondary / secondary special,Married,House / apartment,-24228,-217,1,0,0,0,High skill tech staff,2.0
5010525,M,Y,N,0,148800.0,Working,Secondary / secondary special,Married,House / apartment,-11383,-2219,1,1,0,0,Sales staff,2.0
5010526,M,N,Y,0,185900.0,Pensioner,Secondary / secondary special,Married,House / apartment,-20045,365243,1,0,1,0,,2.0
5010527,M,N,Y,1,312400.0,Working,Secondary / secondary special,Married,House / apartment,-21508,-4280,1,0,0,0,IT staff,3.0
5010528,F,N,Y,1,182700.0,Working,Secondary / secondary special,Married,Municipal apartment,-22415,-12638,1,0,1,1,Accountants,3.0
5010529,M,Y,Y,1,368400.0,Working,Secondary / secondary special,Married,House / apartment,-10330,-824,1,0,1,0,,3.0
5010530,F,Y,Y,0,271900.0,Working,Secondary / secondary special,Married,House / apartment,-17106,-414,1,0,1,0,Core staff,2.0
5010531,F,Y,N,0,303600.0,State servant,Secondary / secondary special,Married,House / apartment,-8833,-593,1,0,1,0,Laborers,2.0
5010532,F,N,Y,1,454000.0,Working,Secondary / secondary special,Single / not married,House / apartment,-22003,-177,1,0,0,0,Laborers,2.0
5010533,F,N,Y,0,286500.0,Commercial associate,Higher education,Married,House / apartment,-16189,-8308,1,0,1,0,Sales staff,2.0
5010534,M,N,N,0,527000.0,Working,Secondary / secondary special,Civil marriage,House / apartment,-10199,-1615,1,0,1,0,Cleaning staff,2.0
5010535,F,Y,Y,0,385000.0,Commercial associate,Secondary / secondary special,Married,House / apartment,-20430,-6627,1,0,0,0,,2.0
5010536,F,N,Y,0,187900.0,Working,Secondary / secondary special,Separated,With parents,-13353,-3311,1,0,0,0,Core staff,1.0
5010537,F,Y,Y,0,466000.0,Pensioner,Secondary / secondary special,Married,House / apartment,-9396,365243,1,0,0,0,,2.0
5010538,M,Y,Y,1,278600.0,Working,Secondary / secondary special,Separated,Municipal apartment,-15725,-1070,1,0,0,0,,2.0
5010539,F,N,N,2,200400.0,Pensioner,Secondary / secondary special,Married,House / apartment,-11601,365243,1,0,1,0,,4.0
5010540,F,N,Y,0,280600.0,Pensioner,Higher education,Single / not married,House / apartment,-24658,365243,1,0,1,0,,1.0
5010541,M,Y,Y,0,425800.0,Commercial associate,Secondary / secondary special,Separated,House / apartment,-13904,-355,1,0,0,0,,1.0
5010542,F,Y,N,1,306500.0,Working,Incomplete higher,Married,House / apartment,-17759,-7723,1,0,1,0,Accountants,3.0
5010543,F,N,Y,0,607200.0,Working,Secondary / secondary special,Civil marriage,House / apartment,-24624,-3379,1,0,0,0,,2.0
5010544,F,Y,Y,0,420300.0,Pensioner,Secondary / secondary special,Married,House / apartment,-14495,365243,1,0,1,0,,2.0
5010545,F,Y,Y,2,317100.0,Working,Secondary / secondary special,Married,House / apartment,-13845,-3853,1,1,0,0,,4.0
5010546,F,N,Y,1,146200.0,Working,Secondary / secondary special,Married,Municipal apartment,-10271,-2556,1,0,1,0,Core staff,3.0
5010547,M,N,N,2,223100.0,Commercial associate,Higher education,Married,House / apartment,-24441,-6682,1,0,1,1,High skill tech staff,4.0
5010548,F,N,N,0,253000.0,Working,Secondary / secondary special,Married,House / apartment,-21929,-14209,1,0,1,0,Laborers,2.0
5010549,F,N,Y,0,345900.0,Working,Secondary / secondary special,Widow,House / apartment,-11341,-2629,1,0,1,0,,1.0
5010550,M,N,Y,1,335800.0,Commercial associate,Secondary / secondary special,Single / not married,House / apartment,-13380,-499,1,0,0,0,Core staff,2.0
5010551,M,Y,Y,0,265700.0,Working,Secondary / secondary special,Single / not married,With parents,-24014,-12780,1,0,0,0,Managers,1.0
5010552,F,N,Y,1,259300.0,Working,Secondary / secondary special,Married,House / apartment,-17117,-6614,1,1,1,0,Medicine staff,3.0
5010553,M,N,Y,0,350000.0,Commercial associate,Secondary / secondary special,Married,House / apartment,-17465,-439,1,0,0,0,Core staff,2.0
5010554,F,Y,Y,1,158900.0,Working,Secondary / secondary special,Married,House / apartment,-19142,-4158,1,0,1,0,,3.0
5010555,M,N,N,0,569900.0,Commercial associate,Incomplete higher,Married,With parents,-21224,-12239,1,0,0,1,,2.0
5010556,M,Y,N,0,87700.0,Working,Secondary / secondary special,Married,House / apartment,-24459,-13746,1,0,0,0,,2.0
5010557,M,Y,Y,0,505400.0,Commercial associate,Secondary / secondary special,Married,House / apartment,-21956,-13402,1,1,0,0,,2.0
5010558,F,Y,Y,0,238700.0,Working,Secondary / secondary special,Single / not married,House / apartment,-24372,-12111,1,0,0,0,,1.0
5010559,F,N,Y,0,403000.0,Working,Higher education,Married,House / apartment,-22291,-3925,1,0,0,0,,2.0
5010560,F,N,N,0,292800.0,Working,Secondary / secondary special,Married,House / apartment,-8153,-1160,1,0,1,1,Drivers,2.0
5010561,F,N,N,1,290200.0,Working,Higher education,Married,House / apartment,-9451,-1152,1,0,0,0,Laborers,3.0
5010562,M,N,N,0,322100.0,Pensioner,Secondary / secondary special,Married,Office apartment,-23465,365243,1,0,0,0,,2.0
5010563,F,Y,Y,0,365900.0,Working,Secondary / secondary special,Married,House / apartment,-7811,-641,1,1,1,0,Sales staff,2.0
5010564,F,Y,Y,0,207100.0,Commercial associate,Secondary / secondary special,Married,House / apartment,-21809,-13145,1,0,0,0,Drivers,2.0
5010565,F,Y,Y,2,409600.0,State servant,Lower secondary,Married,House / apartment,-22825,-148,1,1,0,0,,4.0
5010566,M,Y,Y,0,141900.0,Commercial associate,Secondary / secondary special,Separated,House / apartment,-14892,-3474,1,0,1,0,Core staff,1.0
5010567,F,Y,Y,0,243500.0,Working,Secondary / secondary special,Married,House / apartment,-13786,-2852,1,0,1,0,,2.0
5010568,M,N,Y,1,370800.0,Working,Secondary / secondary special,Single / not married,Municipal apartment,-10855,-2838,1,0,0,0,Laborers,2.0
5010569,M,N,Y,0,401500.0,State servant,Secondary / secondary special,Married,House / apartment,-8198,-1274,1,1,0,0,Laborers,2.0
5010570,F,N,Y,0,307400.0,Commercial associate,Secondary / secondary special,Married,Municipal apartment,-20918,-901,1,0,1,0,,2.0
5010571,F,Y,Y,0,200500.0,Commercial associate,Higher education,Single / not married,House / apartment,-8651,-6,1,0,0,0,Managers,1.0
5010572,F,N,Y,1,382200.0,Working,Higher education,Married,House / apartment,-24557,-11277,1,0,1,0,,3.0
5010573,F,Y,Y,0,174700.0,Pensioner,Higher education,Married,House / apartment,-12724,365243,1,0,1,0,,2.0
5010574,F,Y,Y,1,586100.0,Commercial associate,Secondary / secondary special,Married,House / apartment,-21810,-10087,1,0,1,0,Laborers,3.0
5010575,F,N,Y,1,234000.0,Working,Secondary / secondary special,Single / not married,House / apartment,-8395,-1029,1,0,1,0,,2.0
5010576,F,N,Y,0,113100.0,Commercial associate,Secondary / secondary special,Married,House / apartment,-17099,-4641,1,0,0,0,,2.0
5010577,F,Y,Y,1,134300.0,Working,Secondary / secondary special,Married,House / apartment,-13680,-5590,1,0,0,0,Managers,3.0
5010578,F,N,N,0,249500.0,Working,Higher education,Married,House / apartment,-7853,-580,1,0,0,0,Laborers,2.0
5010579,M,Y,Y,0,261800.0,Pensioner,Secondary / secondary special,Married,House / apartment,-19282,365243,1,0,0,0,,2.0
5010580,F,N,Y,0,653600.0,Working,Higher education,Single / not married,Rented apartment,-24530,-14918,1,0,0,0,Medicine staff,1.0
5010581,F,N,Y,2,145300.0,Working,Higher education,Civil marriage,House / apartment,-7501,-207,1,1,0,0,Laborers,4.0
5010582,M,N,N,0,249000.0,Working,Secondary / secondary special,Married,House / apartment,-12244,-267,1,1,0,0,Managers,2.0
5010583,F,Y,Y,0,143700.0,Working,Secondary / secondary special,Married,House / apartment,-20155,-3508,1,0,0,0,,2.0
5010584,M,Y,Y,0,190800.0,Working,Secondary / secondary special,Separated,House / apartment,-23216,-6601,1,1,0,0,,1.0
5010585,F,N,Y,0,566600.0,State servant,Secondary / secondary special,Married,House / apartment,-10789,-1029,1,1,0,0,Drivers,2.0
5010586,F,N,N,0,138300.0,Working,Secondary / secondary special,Single / not married,House / apartment,-8596,-1127,1,0,0,0,,1.0
5010587,F,Y,N,0,327400.0,Working,Higher education,Married,House / apartment,-7463,-350,1,0,1,0,,2.0
5010588,F,N,Y,0,297100.0,Commercial associate,Secondary / secondary special,Married,With parents,-11235,-4155,1,1,1,0,,2.0
5010589,F,N,N,0,241200.0,Working,Secondary / secondary special,Civil marriage,House / apartment,-8607,-1263,1,0,1,0,Laborers,2.0
5010590,F,N,N,0,316500.0,Working,Higher education,Married,House / apartment,-13868,-118,1,0,1,0,Drivers,2.0
5010591,F,N,Y,0,136700.0,Working,Higher education,Single / not married,House / apartment,-15343,-1724,1,0,0,0,Managers,1.0
5010592,M,N,Y,1,558800.0,Working,Higher education,Married,House / apartment,-16070,-2489,1,0,0,0,Sales staff,3.0
5010593,F,N,Y,2,639100.0,Working,Secondary / secondary special,Married,House / apartment,-9904,-2512,1,0,1,0,Laborers,4.0
5010594,M,N,N,0,250000.0,Working,Secondary / secondary special,Single / not married,House / apartment,-15779,-961,1,1,0,0,Laborers,1.0
5010595,F,Y,Y,0,820000.0,Working,Secondary / secondary special,Married,House / apartment,-7470,-674,1,0,1,0,Drivers,2.0
5010596,F,Y,N,2,200000.0,Pensioner,Secondary / secondary special,Single / not married,House / apartment,-11677,365243,1,1,0,0,,3.0
5010597,F,Y,Y,1,298200.0,Working,Secondary / secondary special,Widow,House / apartment,-14045,-930,1,0,0,0,Sales staff,2.0
5010598,M,N,Y,0,499500.0,Pensioner,Secondary / secondary special,Separated,House / apartment,-9466,365243,1,0,0,0,,1.0
5010599,M,Y,N,0,194100.0,Commercial associate,Higher education,Single / not married,House / apartment,-22171,-11413,1,0,1,0,Managers,1.0
5010600,F,N,Y,0,122400.0,Working,Secondary / secondary special,Married,House / apartment,-10980,-321,1,0,0,0,,2.0
5010601,M,Y,Y,0,109100.0,State servant,Secondary / secondary special,Married,House / apartment,-21091,-10288,1,1,0,0,Core staff,2.0
5010602,M,Y,Y,0,684100.0,Working,Secondary / secondary special,Single / not married,With parents,-15959,-4530,1,1,0,0,,1.0
5010603,M,N,Y,2,187400.0,Working,Secondary / secondary special,Married,House / apartment,-16066,-4073,1,0,1,0,Core staff,4.0
5010604,F,Y,Y,0,222500.0,Working,Secondary / secondary special,Married,House / apartment,-19088,-5430,1,0,0,0,Managers,2.0
5010605,F,Y,Y,0,140000.0,Commercial associate,Secondary / secondary special,Married,Municipal apartment,-8114,-142,1,0,1,0,,2.0
5010606,F,Y,Y,1,392200.0,Working,Higher education,Married,House / apartment,-8743,-565,1,0,0,0,Laborers,3.0
5010607,M,N,N,1,165200.0,Working,Secondary / secondary special,Separated,Co-op apartment,-13274,-1694,1,0,0,0,,2.0
5010608,M,N,N,1,191000.0,Working,Secondary / secondary special,Married,House / apartment,-14917,-2926,1,0,0,0,Core staff,3.0
5010609,F,N,Y,2,283600.0,Commercial associate,Secondary / secondary special,Married,House / apartment,-15157,-7657,1,0,0,0,Medicine staff,4.0
5010610,F,N,N,0,143400.0,Working,Secondary / secondary special,Married,House / apartment,-19667,-3933,1,0,1,0,Laborers,2.0
5010611,M,N,Y,2,223300.0,Working,Higher education,Civil marriage,House / apartment,-7318,-711,1,0,0,0,Sales staff,4.0
5010612,M,Y,Y,1,492200.0,Working,Secondary / secondary special,Separated,House / apartment,-24821,-15481,1,0,0,0,Cooking staff,2.0
5010613,M,Y,Y,0,302400.0,Pensioner,Secondary / secondary special,Married,House / apartment,-10492,365243,1,0,0,0,,2.0
5010614,F,N,N,0,260600.0,Working,Secondary / secondary special,Single / not married,House / apartment,-11846,-4962,1,0,0,0,Core staff,1.0
5010615,F,Y,N,0,271800.0,Working,Higher education,Married,House / apartment,-23844,-750,1,0,1,0,Laborers,2.0
5010616,M,Y,Y,2,201000.0,Pensioner,Secondary / secondary special,Married,House / apartment,-7405,365243,1,0,0,0,,4.0
5010617,M,N,Y,0,662300.0,Working,Secondary / secondary special,Single / not married,House / apartment,-25409,-10760,1,0,0,0,Cooking staff,1.0
5010618,M,N,Y,0,162700.0,Commercial associate,Secondary / secondary special,Married,House / apartment,-7962,-414,1,0,1,0,Laborers,2.0
5010619,F,Y,Y,0,271300.0,State servant,Higher education,Married,House / apartment,-9506,-2080,1,0,1,0,Core staff,2.0
5010620,M,Y,Y,0,258600.0,Pensioner,Higher education,Married,House / apartment,-11690,365243,1,1,0,0,,2.0
5010621,F,N,Y,0,404300.0,Working,Secondary / secondary special,Married,House / apartment,-15317,-5280,1,0,0,0,,2.0
5010622,F,N,N,0,423800.0,Working,Higher education,Married,House / apartment,-16773,-4390,1,0,0,0,,2.0
5010623,F,N,Y,1,240300.0,Working,Secondary / secondary special,Married,House / apartment,-9217,-2275,1,0,0,0,,3.0
5010624,M,N,N,0,282300.0,State servant,Secondary / secondary special,Married,House / apartment,-8650,-1722,1,0,1,0,Managers,2.0
5010625,M,N,Y,0,287700.0,State servant,Secondary / secondary special,Married,Co-op apartment,-7887,-749,1,0,0,0,Laborers,2.0
5010626,F,N,Y,0,78400.0,Working,Higher education,Married,With parents,-11994,-1940,1,0,0,0,,2.0
5010627,F,N,N,0,110300.0,Commercial associate,Secondary / secondary special,Married,House / apartment,-24134,-4631,1,0,1,0,,2.0
5010628,F,Y,N,0,180400.0,Pensioner,Higher education,Separated,House / apartment,-14424,365243,1,0,0,0,,1.0
5010629,F,N,Y,0,184400.0,Working,Secondary / secondary special,Married,House / apartment,-21258,-26,1,1,1,0,Core staff,2.0
5010630,M,Y,Y,0,134000.0,Working,Higher education,Widow,House / apartment,-10778,-3986,1,0,0,0,Medicine staff,1.0
5010631,F,Y,N,0,355100.0,Working,Secondary / secondary special,Married,House / apartment,-8486,-809,1,0,0,0,,2.0
5010632,F,N,Y,0,244400.0,Working,Secondary / secondary special,Single / not married,House / apartment,-17428,-5345,1,0,0,0,,1.0
5010633,M,N,Y,0,219300.0,Pensioner,Secondary / secondary special,Married,House / apartment,-22318,365243,1,0,0,0,,2.0
5010634,F,N,Y,0,130300.0,Pensioner,Secondary / secondary special,Single / not married,House / apartment,-23713,365243,1,1,0,0,,1.0
5010635,F,Y,N,0,238800.0,Working,Secondary / secondary special,Married,House / apartment,-17280,-6480,1,1,0,0,Laborers,2.0
5010636,F,N,N,0,65700.0,Working,Secondary / secondary special,Married,House / apartment,-12675,-5182,1,0,0,1,Sales staff,2.0
5010637,F,N,N,1,225000.0,Working,Lower secondary,Married,House / apartment,-9305,-2348,1,0,0,0,Laborers,3.0
5010638,F,N,Y,1,252000.0,Pensioner,Secondary / secondary special,Married,House / apartment,-19501,365243,1,0,0,0,,3.0
5010639,F,Y,Y,0,275500.0,Commercial associate,Secondary / secondary special,Single / not married,House / apartment,-12426,-14,1,0,0,1,,1.0
5010640,M,Y,Y,0,111700.0,Working,Secondary / secondary special,Separated,House / apartment,-22718,-14171,1,0,0,0,Laborers,1.0
5010641,M,N,N,0,273200.0,Commercial associate,Secondary / secondary special,Married,House / apartment,-18356,-5358,1,0,1,0,Laborers,2.0
5010642,F,Y,Y,0,145000.0,Working,Secondary / secondary special,Separated,House / apartment,-22990,-14524,1,0,1,0,,1.0
5010643,M,N,Y,1,162600.0,Working,Higher education,Married,House / apartment,-17654,-3829,1,0,1,0,Drivers,3.0
5010644,F,N,Y,2,349600.0,State servant,Secondary / secondary special,Single / not married,House / apartment,-21399,-12199,1,1,1,0,,3.0
5010645,F,Y,Y,1,668300.0,Working,Higher education,Separated,House / apartment,-12680,-2820,1,0,0,0,Laborers,2.0
5010646,F,Y,N,1,250500.0,Working,Secondary / secondary special,Married,House / apartment,-16492,-3539,1,0,0,0,,3.0
5010647,F,Y,Y,1,162300.0,Working,Incomplete higher,Married,House / apartment,-7659,-72,1,1,0,1,Core staff,3.0
5010648,F,N,N,0,268300.0,Commercial associate,Secondary / secondary special,Married,House / apartment,-18406,-4486,1,0,0,0,,2.0
5010649,M,Y,Y,0,390400.0,Commercial associate,Secondary / secondary special,Married,House / apartment,-17052,-2336,1,0,0,0,,2.0
5010650,M,N,N,1,333000.0,Commercial associate,Secondary / secondary special,Single / not married,Municipal apartment,-21098,-14095,1,0,0,0,Laborers,2.0
5010651,M,N,N,0,962200.0,Pensioner,Higher education,Married,House / apartment,-20618,365243,1,0,0,0,,2.0
5010652,F,N,Y,0,170700.0,Working,Secondary / secondary special,Widow,House / apartment,-18767,-4228,1,1,1,1,Laborers,1.0
5010653,F,Y,N,0,276900.0,Working,Secondary / secondary special,Married,House / apartment,-8340,-1313,1,0,0,0,,2.0
5010654,M,Y,Y,1,529600.0,Working,Secondary / secondary special,Married,House / apartment,-23796,-15312,1,0,0,0,Managers,3.0
5010655,F,N,N,0,513300.0,Pensioner,Higher education,Married,Co-op apartment,-7634,365243,1,0,0,0,,2.0
5010656,F,N,N,0,92100.0,Working,Secondary / secondary special,Separated,House / apartment,-21975,-6075,1,0,0,0,,1.0
5010657,F,N,N,2,243700.0,Pensioner,Secondary / secondary special,Married,House / apartment,-16059,365243,1,0,1,0,,4.0
5010658,F,Y,Y,1,512800.0,Working,Higher education,Widow,House / apartment,-22244,-6047,1,0,0,0,Core staff,2.0
5010659,M,Y,Y,3,1035900.0,Working,Higher education,Married,House / apartment,-15798,-1407,1,0,0,0,Laborers,5.0
5010660,F,N,Y,0,347100.0,Working,Secondary / secondary special,Married,House / apartment,-19120,-5341,1,0,1,0,Sales staff,2.0
5010661,F,Y,Y,0,203100.0,State servant,Lower secondary,Married,With parents,-13939,-1439,1,0,0,0,Drivers,2.0
5010662,F,N,N,1,147400.0,Working,Secondary / secondary special,Civil marriage,Rented apartment,-20886,365243,1,0,1,0,,3.0
5010663,F,N,N,0,740300.0,Working,Secondary / secondary special,Married,House / apartment,-11947,-4828,1,0,0,0,,2.0
5010664,F,Y,N,0,351500.0,Working,Secondary / secondary special,Married,House / apartment,-20442,-6705,1,1,0,0,Laborers,2.0
5010665,F,N,Y,0,159800.0,Working,Secondary / secondary special,Married,House / apartment,-10837,-3705,1,0,0,0,,2.0
5010666,M,N,N,0,220600.0,Working,Higher education,Married,House / apartment,-20494,-11503,1,0,1,0,Waiters/barmen staff,2.0
5010667,F,Y,N,0,285100.0,Working,Higher education,Married,Office apartment,-12668,-3449,1,0,1,0,Private service staff,2.0
5010668,F,N,N,0,320400.0,Working,Secondary / secondary special,Single / not married,House / apartment,-12394,-2902,1,0,1,0,Accountants,1.0
5010669,F,Y,Y,0,155700.0,Working,Secondary / secondary special,Married,House / apartment,-22125,-9076,1,1,0,0,Laborers,2.0
5010670,M,Y,Y,1,179600.0,Working,Secondary / secondary special,Civil marriage,House / apartment,-22165,-13960,1,0,1,0,Laborers,3.0
5010671,M,Y,Y,0,106800.0,Working,Secondary / secondary special,Married,House / apartment,-19932,-5986,1,0,0,1,Accountants,2.0
5010672,M,N,Y,0,410600.0,Commercial associate,Secondary / secondary special,Married,House / apartment,-24178,-1955,1,0,0,0,Managers,2.0
5010673,F,N,Y,0,205800.0,Working,Higher education,Married,House / apartment,-10157,-535,1,0,0,0,,2.0
5010674,F,N,N,0,308200.0,Working,Secondary / secondary special,Married,House / apartment,-12223,-5326,1,0,1,0,Managers,2.0
5010675,M,Y,Y,2,497100.0,Working,Secondary / secondary special,Single / not married,House / apartment,-12674,-4071,1,0,0,0,Laborers,3.0
5010676,F,N,Y,0,272500.0,Working,Secondary / secondary special,Civil marriage,House / apartment,-12880,-4793,1,0,1,0,Core staff,2.0
5010677,F,Y,Y,1,230700.0,Commercial associate,Higher education,Married,House / apartment,-13296,-1459,1,0,1,0,Laborers,3.0
5010678,F,N,N,0,269000.0,Commercial associate,Secondary / secondary special,Separated,House / apartment,-20034,-2224,1,0,0,0,,1.0
5010679,F,N,N,0,252000.0,Commercial associate,Higher education,Married,House / apartment,-12250,-2961,1,0,0,0,Sales staff,2.0
5010680,F,Y,N,0,455200.0,Working,Secondary / secondary special,Civil marriage,House / apartment,-12527,-2674,1,0,1,0,Medicine staff,2.0
5010681,F,Y,Y,0,285200.0,Working,Secondary / secondary special,Married,House / apartment,-17722,-8799,1,0,0,0,,2.0
5010682,M,N,Y,0,186000.0,Working,Secondary / secondary special,Married,House / apartment,-10836,-985,1,1,0,0,Core staff,2.0
5010683,F,Y,N,0,412300.0,Commercial associate,Higher education,Married,House / apartment,-13969,-723,1,0,0,0,Sales staff,2.0
5010684,F,N,Y,0,451700.0,Working,Secondary / secondary special,Married,House / apartment,-8363,-1420,1,0,0,0,Managers,2.0
5010685,F,Y,Y,1,125000.0,Working,Higher education,Widow,With parents,-24701,-4666,1,0,0,1,High skill tech staff,2.0
5010686,F,Y,Y,1,525400.0,Pensioner,Secondary / secondary special,Married,House / apartment,-13100,365243,1,1,1,0,,3.0
5010687,F,N,Y,0,293000.0,Working,Secondary / secondary special,Married,House / apartment,-22829,-8806,1,0,0,0,Medicine staff,2.0
5010688,M,N,N,0,281300.0,State servant,Secondary / secondary special,Married,House / apartment,-16983,-10232,1,0,0,0,,2.0
5010689,F,N,Y,0,403800.0,Working,Secondary / secondary special,Married,House / apartment,-11473,-554,1,0,0,0,,2.0
5010690,M,Y,Y,2,183900.0,Pensioner,Secondary / secondary special,Married,House / apartment,-10837,365243,1,1,0,0,,4.0
5010691,M,Y,Y,0,393400.0,Working,Secondary / secondary special,Married,House / apartment,-19997,-4636,1,0,1,1,Core staff,2.0
5010692,F,Y,Y,0,202200.0,Pensioner,Higher education,Married,House / apartment,-24926,365243,1,0,0,0,,2.0
5010693,F,N,Y,0,116800.0,Working,Secondary / secondary special,Married,House / apartment,-10648,-3202,1,0,0,0,Drivers,2.0
5010694,M,N,Y,0,148200.0,Working,Secondary / secondary special,Married,With parents,-9413,-1398,1,0,0,0,,2.0
5010695,F,N,Y,0,324200.0,Working,Secondary / secondary special,Married,House / apartment,-14374,-2109,1,0,1,1,,2.0
5010696,F,N,Y,0,152200.0,State servant,Secondary / secondary special,Single / not married,House / apartment,-14497,-6180,1,0,0,1,Medicine staff,1.0
5010697,M,Y,Y,1,546100.0,State servant,Secondary / secondary special,Single / not married,House / apartment,-22029,-573,1,0,1,0,Managers,2.0
5010698,F,N,Y,1,442500.0,Working,Incomplete higher,Single / not married,House / apartment,-15868,-5887,1,0,1,0,,2.0
5010699,F,N,Y,0,475500.0,Commercial associate,Secondary / secondary special,Widow,House / apartment,-8446,-1298,1,0,1,0,Sales staff,1.0
5010700,F,N,Y,0,259800.0,Commercial associate,Higher education,Civil marriage,House / apartment,-24119,-1377,1,0,0,0,,2.0
5010701,M,Y,N,0,277700.0,Working,Secondary / secondary special,Married,House / apartment,-14120,-5902,1,0,0,0,,2.0
5010702,F,Y,Y,2,134400.0,Working,Secondary / secondary special,Married,Rented apartment,-19514,-3426,1,0,0,0,Laborers,4.0
5010703,F,N,Y,1,401700.0,State servant,Secondary / secondary special,Separated,Rented apartment,-19495,-2336,1,0,0,0,,2.0
5010704,F,Y,Y,0,295200.0,Working,Secondary / secondary special,Married,House / apartment,-8334,-1285,1,1,1,0,Managers,2.0
5010705,M,Y,N,0,324200.0,Working,Secondary / secondary special,Married,Rented apartment,-7371,-497,1,0,0,0,Sales staff,2.0
5010706,F,Y,Y,0,567900.0,Working,Secondary / secondary special,Married,House / apartment,-8913,-605,1,0,0,0,Accountants,2.0
5010707,M,N,Y,0,180300.0,Working,Higher education,Widow,House / apartment,-24774,-2691,1,1,1,0,Laborers,1.0
5010708,F,Y,N,0,229200.0,Working,Incomplete higher,Civil marriage,House / apartment,-21805,-8876,1,0,0,0,,2.0
5010709,M,Y,N,2,287400.0,Working,Secondary / secondary special,Married,House / apartment,-9716,-472,1,0,0,0,,4.0
5010710,F,Y,N,0,152900.0,Working,Secondary / secondary special,Separated,House / apartment,-18534,-78,1,0,1,0,Laborers,1.0
5010711,F,N,Y,0,222300.0,Working,Secondary / secondary special,Widow,House / apartment,-18481,-2795,1,0,0,0,Accountants,1.0
5010712,M,N,Y,1,312400.0,Working,Secondary / secondary special,Married,Municipal apartment,-7315,-446,1,0,0,0,Accountants,3.0
5010713,M,N,Y,0,207500.0,Working,Higher education,Civil marriage,House / apartment,-15141,-1570,1,0,0,0,,2.0
5010714,M,N,N,2,469800.0,Pensioner,Secondary / secondary special,Civil marriage,Office apartment,-20304,365243,1,0,0,1,,4.0
5010715,F,N,Y,0,114700.0,Working,Higher education,Married,House / apartment,-10716,-3673,1,0,0,0,Managers,2.0
5010716,F,Y,Y,2,428000.0,Commercial associate,Secondary / secondary special,Married,House / apartment,-22845,-14863,1,1,0,1,Laborers,4.0
5010717,F,Y,N,0,339800.0,Working,Secondary / secondary special,Married,House / apartment,-19364,-84,1,0,0,0,Laborers,2.0
5010718,F,Y,N,0,183700.0,Working,Secondary / secondary special,Married,House / apartment,-7431,-620,1,0,0,0,,2.0
5010719,F,Y,N,0,153800.0,Working,Higher education,Separated,House / apartment,-22918,-14967,1,0,0,0,,1.0
5010720,F,Y,N,0,86300.0,Commercial associate,Secondary / secondary special,Married,House / apartment,-7659,-106,1,0,0,0,Managers,2.0
5010721,F,N,N,0,164000.0,Pensioner,Secondary / secondary special,Married,House / apartment,-23521,365243,1,1,1,0,,2.0
5010722,F,N,Y,2,412100.0,Working,Secondary / secondary special,Separated,House / apartment,-13400,-1287,1,0,1,0,Core staff,3.0
5010723,F,N,N,1,237400.0,Working,Secondary / secondary special,Widow,House / apartment,-20064,-4796,1,1,0,0,Managers,2.0
5010724,F,N,N,0,436700.0,Commercial associate,Secondary / secondary special,Married,House / apartment,-21685,-12923,1,0,0,0,,2.0
5010725,M,Y,Y,0,179100.0,Working,Higher education,Separated,House / apartment,-12442,-384,1,0,1,0,Laborers,1.0
5010726,F,Y,Y,1,347700.0,Commercial associate,Higher education,Married,Rented apartment,-13814,-489,1,0,0,0,High skill tech staff,3.0
5010727,F,N,N,1,170500.0,Working,Higher education,Married,House / apartment,-16611,-2201,1,0,0,0,,3.0
5010728,F,N,Y,0,150600.0,Commercial associate,Higher education,Single / not married,House / apartment,-17946,365243,1,1,1,0,,1.0
5010729,M,Y,N,2,231400.0,Working,Higher education,Single / not married,House / apartment,-12638,-5878,1,1,0,0,Laborers,3.0
5010730,F,N,Y,0,175100.0,Working,Higher education,Single / not married,House / apartment,-25429,-5641,1,0,0,0,Sales staff,1.0
5010731,F,N,Y,0,112900.0,Commercial associate,Secondary / secondary special,Married,House / apartment,-20765,-9632,1,0,0,0,Low-skill Laborers,2.0
5010732,F,N,Y,0,222900.0,Working,Secondary / secondary special,Married,House / apartment,-12312,-4855,1,0,1,0,Laborers,2.0
5010733,M,N,Y,1,257500.0,Working,Lower secondary,Separated,House / apartment,-19001,-1885,1,1,0,0,High skill tech staff,2.0
5010734,F,Y,Y,0,460300.0,Working,Secondary / secondary special,Married,House / apartment,-15256,-6374,1,0,0,0,Medicine staff,2.0
5010735,F,Y,Y,0,390000.0,Working,Higher education,Married,House / apartment,-23017,-6455,1,0,0,0,Core staff,2.0
5010736,F,N,Y,0,449300.0,Working,Secondary / secondary special,Civil marriage,House / apartment,-13312,-6154,1,1,0,0,,2.0
5010737,F,Y,Y,0,350000.0,State servant,Higher education,Married,House / apartment,-10736,-2555,1,0,0,0,,2.0
5010738,F,N,Y,0,288300.0,Commercial associate,Secondary / secondary special,Married,House / apartment,-8148,-366,1,0,0,0,Sales staff,2.0
5010739,F,N,Y,0,132100.0,Working,Secondary / secondary special,Married,House / apartment,-25281,-153,1,1,1,0,Laborers,2.0
5010740,M,Y,N,0,263100.0,Pensioner,Secondary / secondary special,Civil marriage,House / apartment,-13865,365243,1,0,1,0,,2.0
5010741,F,N,Y,0,329000.0,Working,Secondary / secondary special,Widow,House / apartment,-11332,-4094,1,0,1,0,Cooking staff,1.0
5010742,F,N,Y,1,505900.0,Commercial associate,Higher education,Married,House / apartment,-16286,-6168,1,0,0,1,Laborers,3.0
5010743,M,Y,Y,0,344100.0,Working,Secondary / secondary special,Married,House / apartment,-12631,-1736,1,0,0,0,,2.0
5010744,M,N,Y,1,453900.0,Commercial associate,Higher education,Married,House / apartment,-11558,-247,1,0,0,0,Cleaning staff,3.0
5010745,M,N,Y,0,145700.0,Commercial associate,Secondary / secondary special,Civil marriage,House / apartment,-18562,-4243,1,0,0,0,Accountants,2.0
5010746,F,N,Y,0,207400.0,Commercial associate,Higher education,Married,House / apartment,-8672,-760,1,0,1,0,Managers,2.0
5010747,F,Y,N,0,302600.0,Working,Secondary / secondary special,Single / not married,House / apartment,-16600,-5484,1,0,0,0,Managers,1.0
5010748,F,N,N,0,436200.0,Working,Secondary / secondary special,Married,House / apartment,-14380,-1409,1,0,1,0,Core staff,2.0
5010749,F,N,N,0,227000.0,Working,Secondary / secondary special,Married,House / apartment,-17030,-4807,1,1,0,0,Medicine staff,2.0
5010750,F,Y,Y,1,234300.0,Working,Lower secondary,Civil marriage,House / apartment,-13157,-2856,1,0,0,0,Drivers,3.0
5010751,M,Y,Y,2,344200.0,Working,Secondary / secondary special,Married,House / apartment,-17720,-2673,1,0,0,0,Accountants,4.0
5010752,M,N,Y,0,139000.0,Commercial associate,Secondary / secondary special,Civil marriage,House / apartment,-8799,-799,1,1,0,0,High skill tech staff,2.0
5010753,F,Y,N,0,545300.0,Pensioner,Secondary / secondary special,Married,House / apartment,-14175,365243,1,0,0,0,,2.0
5010754,M,N,N,2,157300.0,Working,Secondary / secondary special,Married,House / apartment,-11642,-759,1,1,0,1,,4.0
5010755,M,N,Y,0,93500.0,Working,Higher education,Married,House / apartment,-15306,-3352,1,0,0,0,Sales staff,2.0
5010756,F,N,Y,0,245400.0,Pensioner,Secondary / secondary special,Married,Office apartment,-14580,365243,1,1,0,0,,2.0
5010757,F,Y,Y,2,570700.0,Pensioner,Secondary / secondary special,Married,House / apartment,-18832,365243,1,0,0,0,,4.0
5010758,F,N,N,2,327300.0,Working,Higher education,Single / not married,House / apartment,-18788,-10788,1,1,0,0,HR staff,3.0
5010759,F,Y,N,0,355400.0,Working,Secondary / secondary special,Married,House / apartment,-14854,-8220,1,0,0,0,Core staff,2.0
5010760,F,N,Y,0,249200.0,Commercial associate,Higher education,Civil marriage,House / apartment,-10622,-2195,1,0,0,0,,2.0
5010761,F,N,N,0,226200.0,Pensioner,Secondary / secondary special,Married,House / apartment,-17932,365243,1,0,0,0,,2.0
5010762,F,N,Y,1,112800.0,Working,Incomplete higher,Married,House / apartment,-24956,-17191,1,0,0,1,,3.0
5010763,F,N,N,2,78900.0,Commercial associate,Secondary / secondary special,Married,House / apartment,-10692,-1299,1,0,0,0,,4.0
5010764,M,N,N,0,269300.0,Commercial associate,Higher education,Civil marriage,House / apartment,-8566,-1123,1,0,1,0,Cooking staff,2.0
5010765,F,Y,N,1,470600.0,Working,Secondary / secondary special,Married,House / apartment,-12137,-5178,1,0,1,0,Laborers,3.0
5010766,F,N,Y,1,290000.0,Commercial associate,Secondary / secondary special,Married,House / apartment,-14846,-7607,1,0,0,0,Accountants,3.0
5010767,F,N,Y,0,333500.0,Working,Secondary / secondary special,Married,House / apartment,-12897,-4388,1,0,0,0,Cooking staff,2.0
5010768,F,Y,Y,1,538900.0,Commercial associate,Secondary / secondary special,Married,House / apartment,-22549,-6385,1,0,0,0,Core staff,3.0
5010769,F,Y,Y,0,287800.0,Working,Secondary / secondary special,Married,House / apartment,-16309,-4233,1,0,0,1,Managers,2.0
5010770,M,N,N,0,229600.0,Working,Secondary / secondary special,Married,House / apartment,-11800,-5105,1,0,0,0,High skill tech staff,2.0
5010771,F,Y,Y,0,162100.0,Commercial associate,Lower secondary,Married,House / apartment,-24658,-3763,1,0,1,0,Managers,2.0
5010772,M,N,Y,1,671000.0,Commercial associate,Secondary / secondary special,Married,House / apartment,-9589,-1849,1,0,0,0,Cleaning staff,3.0
5010773,M,N,N,0,317700.0,State servant,Secondary / secondary special,Single / not married,House / apartment,-9550,-1890,1,0,0,0,Laborers,1.0
5010774,M,Y,Y,0,152300.0,Working,Secondary / secondary special,Civil marriage,House / apartment,-11785,-643,1,0,0,0,High skill tech staff,2.0
5010775,F,N,Y,1,135900.0,Working,Secondary / secondary special,Married,House / apartment,-8707,-1597,1,0,1,0,Drivers,3.0
5010776,M,Y,Y,0,456800.0,State servant,Secondary / secondary special,Married,House / apartment,-21032,-1277,1,0,1,0,Laborers,2.0
5010777,F,N,Y,2,145300.0,Commercial associate,Incomplete higher,Married,House / apartment,-13018,-6001,1,1,0,0,Laborers,4.0
5010778,M,N,Y,0,616900.0,State servant,Higher education,Civil marriage,House / apartment,-20634,-9429,1,0,0,1,Security staff,2.0
5010779,F,N,N,0,61500.0,Working,Secondary / secondary special,Married,House / apartment,-21234,-8899,1,0,0,0,,2.0
5010780,M,N,Y,0,497200.0,Working,Secondary / secondary special,Married,With parents,-11643,365243,1,0,1,0,,2.0
5010781,F,N,N,2,311400.0,Working,Secondary / secondary special,Separated,House / apartment,-16772,-7456,1,0,0,0,Accountants,3.0
5010782,F,N,Y,0,259000.0,Pensioner,Secondary / secondary special,Widow,Rented apartment,-16794,365243,1,1,1,0,,1.0
5010783,F,Y,Y,0,223600.0,Pensioner,Secondary / secondary special,Civil marriage,House / apartment,-23218,365243,1,1,0,0,,2.0
5010784,M,Y,Y,1,628300.0,Working,Higher education,Widow,House / apartment,-7773,-5,1,0,1,0,Laborers,2.0
5010785,F,N,Y,0,347700.0,Working,Secondary / secondary special,Civil marriage,House / apartment,-13091,-5341,1,0,0,0,Sales staff,2.0
5010786,F,N,Y,2,155400.0,Working,Higher education,Single / not married,House / apartment,-23421,-11948,1,1,0,0,,3.0
5010787,F,N,Y,1,103400.0,Commercial associate,Secondary / secondary special,Married,House / apartment,-11630,-3616,1,0,0,0,Sales staff,3.0
5010788,M,N,Y,0,266800.0,Working,Secondary / secondary special,Separated,House / apartment,-9805,-1069,1,1,0,0,Drivers,1.0
5010789,M,Y,Y,0,244000.0,Commercial associate,Higher education,Civil marriage,House / apartment,-17827,-7264,1,0,1,0,,2.0
5010790,F,N,Y,0,114200.0,Working,Secondary / secondary special,Married,House / apartment,-12891,-1156,1,0,0,0,,2.0
5010791,F,N,Y,0,237500.0,Working,Secondary / secondary special,Married,House / apartment,-15839,-9185,1,0,0,0,,2.0
5010792,F,Y,N,1,183200.0,Working,Secondary / secondary special,Married,House / apartment,-22280,-933,1,0,1,0,Managers,3.0
5010793,F,Y,N,2,245300.0,Commercial associate,Secondary / secondary special,Separated,House / apartment,-16814,-1771,1,1,1,0,Managers,3.0
5010794,F,N,Y,0,351000.0,Working,Secondary / secondary special,Married,House / apartment,-16726,-2822,1,0,0,0,Core staff,2.0
5010795,M,Y,Y,0,514900.0,Pensioner,Secondary / secondary special,Married,House / apartment,-12385,365243,1,0,0,0,,2.0
5010796,F,Y,N,0,384600.0,Commercial associate,Secondary / secondary special,Married,House / apartment,-21785,-5751,1,0,1,0,Sales staff,2.0
5010797,M,Y,Y,0,170200.0,Working,Higher education,Widow,House / apartment,-20816,-8522,1,0,0,0,Sales staff,1.0
5010798,F,N,N,0,293600.0,Working,Secondary / secondary special,Married,House / apartment,-11581,-1924,1,0,0,0,Laborers,2.0
5010799,F,N,Y,0,252000.0,Pensioner,Secondary / secondary special,Married,House / apartment,-13149,365243,1,0,0,0,,2.0
5010800,F,N,N,0,125400.0,Working,Secondary / secondary special,Married,House / apartment,-21707,-14979,1,1,0,0,,2.0
5010801,M,N,Y,0,297900.0,Working,Secondary / secondary special,Married,House / apartment,-13838,-6222,1,0,0,0,Core staff,2.0
5010802,M,Y,N,1,617700.0,State servant,Secondary / secondary special,Married,House / apartment,-14675,-2666,1,0,1,1,Laborers,3.0
5010803,M,N,Y,0,248100.0,Commercial associate,Secondary / secondary special,Married,House / apartment,-13960,-4660,1,1,1,0,,2.0
5010804,M,Y,Y,1,110000.0,Commercial associate,Secondary / secondary special,Married,House / apartment,-10257,-3022,1,0,1,1,Sales staff,3.0
5010805,M,Y,Y,0,247900.0,Working,Secondary / secondary special,Married,With parents,-13531,-171,1,0,1,0,Medicine staff,2.0
5010806,F,N,Y,1,133100.0,Pensioner,Higher education,Married,House / apartment,-21969,365243,1,0,1,0,,3.0
5010807,M,N,N,0,376000.0,Working,Higher education,Married,House / apartment,-16273,-5924,1,0,0,0,High skill tech staff,2.0
5010808,M,Y,Y,1,317400.0,Working,Secondary / secondary special,Separated,House / apartment,-15673,-5718,1,0,1,0,High skill tech staff,2.0
5010809,F,Y,N,1,224100.0,Working,Secondary / secondary special,Married,House / apartment,-10160,-1955,1,0,0,0,Laborers,3.0
5010810,F,N,Y,0,206900.0,Working,Secondary / secondary special,Married,House / apartment,-10548,-1735,1,1,0,0,Core staff,2.0
5010811,F,Y,N,0,219600.0,State servant,Secondary / secondary special,Married,House / apartment,-8089,-1234,1,0,0,0,,2.0
5010812,M,Y,Y,2,245100.0,Commercial associate,Secondary / secondary special,Married,With parents,-7560,-704,1,0,0,0,,4.0
5010813,F,Y,N,1,165900.0,Commercial associate,Incomplete higher,Married,House / apartment,-16217,-3361,1,0,1,0,Laborers,3.0
5010814,M,Y,N,2,122000.0,State servant,Secondary / secondary special,Married,House / apartment,-14779,-3617,1,1,1,0,Drivers,4.0
5010815,M,N,Y,1,431400.0,Working,Higher education,Single / not married,House / apartment,-12334,-4458,1,0,0,0,Core staff,2.0
5010816,F,Y,N,0,201300.0,Working,Secondary / secondary special,Married,House / apartment,-25386,-9988,1,0,0,1,Laborers,2.0
5010817,M,Y,N,0,265400.0,Commercial associate,Secondary / secondary special,Married,House / apartment,-14573,-1983,1,0,0,0,Core staff,2.0
5010818,F,N,Y,0,281600.0,Working,Secondary / secondary special,Separated,Municipal apartment,-21711,-2566,1,0,1,0,Security staff,1.0
5010819,F,N,Y,2,286800.0,Working,Higher education,Married,House / apartment,-11150,-2197,1,0,0,1,,4.0
5010820,M,Y,Y,0,135700.0,Working,Secondary / secondary special,Single / not married,House / apartment,-11817,-1335,1,0,0,0,Core staff,1.0
5010821,F,Y,N,0,105600.0,Working,Secondary / secondary special,Married,House / apartment,-17685,-5658,1,0,0,0,Accountants,2.0
5010822,M,Y,Y,1,181900.0,Working,Secondary / secondary special,Married,House / apartment,-7379,-423,1,1,1,0,Managers,3.0
5010823,F,N,Y,1,297500.0,Working,Higher education,Married,House / apartment,-7623,-1018,1,0,0,0,Accountants,3.0
5010824,F,N,Y,0,169600.0,Working,Higher education,Married,House / apartment,-9902,-2330,1,0,0,0,Laborers,2.0
5010825,F,N,Y,0,204400.0,Working,Secondary / secondary special,Separated,House / apartment,-11380,-2132,1,0,0,0,Laborers,1.0
5010826,F,N,N,0,707200.0,Working,Secondary / secondary special,Married,House / apartment,-16945,-7969,1,1,0,0,Managers,2.0
5010827,M,N,N,0,97000.0,Working,Incomplete higher,Married,House / apartment,-19837,-7312,1,1,0,0,,2.0
5010828,F,N,Y,1,167400.0,State servant,Higher education,Married,House / apartment,-13001,-6144,1,0,1,0,,3.0
5010829,M,N,Y,0,630200.0,State servant,Secondary / secondary special,Married,House / apartment,-11671,-1908,1,0,1,0,Laborers,2.0
5010830,F,Y,N,1,238700.0,Commercial associate,Higher education,Single / not married,House / apartment,-22332,-3760,1,0,0,0,Cooking staff,2.0
5010831,F,N,Y,1,171500.0,State servant,Secondary / secondary special,Married,House / apartment,-10278,-1609,1,0,0,0,,3.0
5010832,M,Y,Y,0,437900.0,State servant,Secondary / secondary special,Single / not married,House / apartment,-19693,-11875,1,1,0,0,Cooking staff,1.0
5010833,F,Y,Y,0,251000.0,Working,Secondary / secondary special,Civil marriage,House / apartment,-24313,-4680,1,0,1,0,Laborers,2.0
5010834,M,N,Y,0,205100.0,Working,Secondary / secondary special,Married,House / apartment,-11546,-1292,1,0,1,0,Drivers,2.0
5010835,F,Y,Y,0,268800.0,State servant,Higher education,Married,House / apartment,-8893,-1394,1,0,0,0,Laborers,2.0
5010836,F,N,N,0,175700.0,Commercial associate,Secondary / secondary special,Married,House / apartment,-25198,-2692,1,0,1,0,,2.0
5010837,F,N,Y,1,146800.0,Working,Secondary / secondary special,Married,House / apartment,-12250,-399,1,0,0,0,Managers,3.0
5010838,F,N,N,0,230700.0,Commercial associate,Higher education,Married,House / apartment,-12339,-1382,1,0,0,0,,2.0
5010839,M,N,Y,1,147300.0,Working,Higher education,Widow,House / apartment,-16140,-7569,1,0,0,1,Laborers,2.0
5010840,M,Y,Y,0,245400.0,Working,Secondary / secondary special,Married,House / apartment,-11525,-3317,1,1,1,0,Laborers,2.0
5010841,M,N,N,0,291500.0,Working,Secondary / secondary special,Married,House / apartment,-25437,-12416,1,0,0,0,Private service staff,2.0
5010842,M,N,Y,2,374000.0,Working,Higher education,Married,House / apartment,-8090,-916,1,0,0,0,,4.0
5010843,M,N,Y,0,429100.0,Working,Higher education,Married,House / apartment,-15550,-2966,1,0,0,0,,2.0
5010844,F,N,Y,0,199300.0,Pensioner,Higher education,Married,House / apartment,-17319,365243,1,1,0,0,,2.0
5010845,F,Y,Y,0,313400.0,Working,Secondary / secondary special,Married,House / apartment,-15833,-3999,1,0,0,0,Sales staff,2.0
5010846,F,N,N,0,312300.0,Working,Secondary / secondary special,Married,House / apartment,-16811,-9548,1,0,0,0,,2.0
5010847,M,Y,Y,1,287600.0,Working,Higher education,Married,House / apartment,-25341,-15120,1,0,0,0,Managers,3.0
5010848,F,N,N,0,192100.0,Commercial associate,Higher education,Married,House / apartment,-23319,-5682,1,0,1,0,Sales staff,2.0
5010849,F,Y,Y,0,146000.0,State servant,Secondary / secondary special,Separated,House / apartment,-12938,-3738,1,1,1,0,Sales staff,1.0
5010850,M,N,Y,0,313800.0,Working,Secondary / secondary special,Married,House / apartment,-17376,-5379,1,1,0,0,Sales staff,2.0
5010851,F,Y,N,2,104000.0,Working,Higher education,Civil marriage,House / apartment,-7311,-255,1,0,1,0,Laborers,4.0
5010852,F,Y,N,0,213500.0,Working,Secondary / secondary special,Married,House / apartment,-14785,-3199,1,0,1,1,High skill tech staff,2.0
5010853,M,N,Y,0,68100.0,Commercial associate,Secondary / secondary special,Single / not married,House / apartment,-10298,-500,1,0,0,0,Laborers,1.0
5010854,F,N,Y,0,125100.0,Working,Secondary / secondary special,Married,With parents,-20296,-3077,1,1,0,0,Low-skill Laborers,2.0
5010855,F,N,Y,0,157500.0,Working,Secondary / secondary special,Civil marriage,House / apartment,-11343,-2639,1,0,0,0,,2.0
5010856,M,N,Y,0,422500.0,Working,Secondary / secondary special,Civil marriage,House / apartment,-20982,-13146,1,0,0,0,Laborers,2.0
5010857,F,N,N,0,344400.0,Working,Secondary / secondary special,Single / not married,House / apartment,-13024,-3420,1,0,1,0,Managers,1.0
5010858,F,N,N,0,185100.0,Pensioner,Secondary / secondary special,Civil marriage,House / apartment,-24213,365243,1,0,0,0,,2.0
5010859,F,Y,Y,0,351600.0,Working,Incomplete higher,Married,House / apartment,-15439,-8566,1,0,0,0,Low-skill Laborers,2.0
5010860,F,N,N,0,380500.0,Working,Higher education,Married,House / apartment,-22637,-12167,1,0,0,0,Core staff,2.0
5010861,F,Y,Y,2,225300.0,Pensioner,Higher education,Married,House / apartment,-18777,365243,1,1,0,0,,4.0
5010862,F,N,Y,1,122200.0,Pensioner,Higher education,Married,House / apartment,-25155,365243,1,1,0,0,,3.0
5010863,F,N,Y,0,220000.0,Working,Secondary / secondary special,Married,Rented apartment,-20869,-3392,1,0,0,0,Core staff,2.0
5010864,M,N,N,0,232500.0,State servant,Secondary / secondary special,Married,House / apartment,-20595,-8952,1,0,1,0,,2.0
5010865,F,N,N,0,131800.0,Commercial associate,Secondary / secondary special,Married,House / apartment,-12142,-1737,1,1,1,0,Low-skill Laborers,2.0
5010866,F,N,Y,1,293300.0,Working,Secondary / secondary special,Married,House / apartment,-16525,-8246,1,0,0,0,Cleaning staff,3.0
5010867,F,N,Y,0,280800.0,Working,Secondary / secondary special,Married,House / apartment,-12603,-5538,1,0,0,0,,2.0
5010868,M,Y,N,1,305000.0,Working,Secondary / secondary special,Married,House / apartment,-7657,-103,1,1,1,0,,3.0
5010869,F,N,Y,0,280700.0,Working,Lower secondary,Married,House / apartment,-20282,-6754,1,0,0,0,Drivers,2.0
5010870,M,Y,Y,0,351600.0,Working,Secondary / secondary special,Married,Municipal apartment,-11612,-2326,1,0,0,0,,2.0
5010871,M,N,N,2,223200.0,Commercial associate,Secondary / secondary special,Widow,House / apartment,-14561,-1914,1,1,0,0,Medicine staff,3.0
5010872,M,Y,N,1,270000.0,Pensioner,Secondary / secondary special,Civil marriage,House / apartment,-12503,365243,1,1,0,1,,3.0
5010873,M,Y,Y,1,200100.0,Working,Secondary / secondary special,Married,House / apartment,-10951,-4352,1,1,0,0,Laborers,3.0
5010874,F,Y,Y,0,182300.0,Working,Higher education,Married,House / apartment,-8531,-3,1,0,1,0,Core staff,2.0
5010875,F,N,Y,0,476700.0,Working,Secondary / secondary special,Married,House / apartment,-13476,-5929,1,0,0,0,Private service staff,2.0
5010876,M,N,Y,0,87900.0,Commercial associate,Secondary / secondary special,Married,House / apartment,-8798,-1193,1,0,0,0,,2.0
5010877,F,Y,N,0,378500.0,Commercial associate,Higher education,Married,House / apartment,-17173,-8601,1,0,0,0,Secretaries,2.0
5010878,F,N,Y,0,179000.0,Working,Secondary / secondary special,Separated,House / apartment,-7663,-934,1,1,1,0,,1.0
5010879,F,Y,N,0,167800.0,Commercial associate,Secondary / secondary special,Separated,House / apartment,-24472,-12081,1,1,0,0,Core staff,1.0
5010880,M,N,Y,0,278200.0,Working,Secondary / secondary special,Single / not married,House / apartment,-24955,-2537,1,1,1,0,Laborers,1.0
5010881,F,N,Y,0,115900.0,Commercial associate,Higher education,Married,House / apartment,-12869,-1971,1,0,0,0,Laborers,2.0
5010882,F,N,Y,1,162300.0,Working,Secondary / secondary special,Married,House / apartment,-12057,-3635,1,0,0,0,,3.0
5010883,F,N,N,2,159700.0,Working,Higher education,Married,House / apartment,-9212,-217,1,1,1,0,Sales staff,4.0
5010884,M,Y,Y,0,218500.0,Working,Higher education,Married,House / apartment,-23831,-10651,1,0,1,0,Managers,2.0
5010885,M,N,Y,0,163300.0,Pensioner,Secondary / secondary special,Married,House / apartment,-18023,365243,1,0,1,0,,2.0
5010886,F,N,Y,0,543600.0,Commercial associate,Secondary / secondary special,Single / not married,With parents,-18447,-6358,1,0,0,0,,1.0
5010887,F,N,Y,2,599600.0,State servant,Higher education,Single / not married,House / apartment,-23666,-6347,1,0,1,0,,3.0
5010888,F,N,Y,0,88800.0,Working,Secondary / secondary special,Single / not married,House / apartment,-23938,365243,1,1,0,0,,1.0
5010889,F,Y,Y,1,320500.0,Working,Lower secondary,Married,With parents,-22433,-2081,1,0,0,1,High skill tech staff,3.0
5010890,M,N,Y,1,375000.0,Working,Secondary / secondary special,Single / not married,House / apartment,-21430,-13082,1,0,0,1,Managers,2.0
5010891,F,N,Y,0,320300.0,Commercial associate,Secondary / secondary special,Married,House / apartment,-23326,-3018,1,1,0,0,Laborers,2.0
5010892,F,Y,Y,0,175700.0,Pensioner,Secondary / secondary special,Married,House / apartment,-23302,365243,1,1,0,0,,2.0
5010893,F,Y,Y,2,216100.0,Pensioner,Secondary / secondary special,Married,House / apartment,-14037,365243,1,0,0,0,,4.0
5010894,F,Y,Y,0,167900.0,Commercial associate,Secondary / secondary special,Married,House / apartment,-25082,-4740,1,1,1,0,Core staff,2.0
5010895,F,N,Y,0,197900.0,Commercial associate,Higher education,Married,House / apartment,-20256,-7134,1,1,0,0,Laborers,2.0
5010896,M,N,Y,2,133300.0,State servant,Secondary / secondary special,Married,House / apartment,-14066,-3796,1,1,0,0,,4.0
5010897,F,Y,N,0,230500.0,Working,Higher education,Widow,Rented apartment,-15378,-5371,1,0,1,1,,1.0
5010898,M,Y,Y,1,115200.0,Pensioner,Secondary / secondary special,Married,House / apartment,-19854,365243,1,0,0,0,,3.0
5010899,F,N,Y,2,220900.0,Pensioner,Secondary / secondary special,Separated,Municipal apartment,-13900,365243,1,0,0,0,,3.0
5010900,F,N,Y,1,130800.0,Working,Higher education,Married,House / apartment,-22400,-7047,1,0,0,0,Laborers,3.0
5010901,F,Y,N,0,270700.0,Commercial associate,Incomplete higher,Married,House / apartment,-10009,-1680,1,1,0,0,Drivers,2.0
5010902,F,Y,N,0,173800.0,Working,Higher education,Married,House / apartment,-23880,-9112,1,0,0,0,Laborers,2.0
5010903,F,N,Y,0,282300.0,Working,Higher education,Married,House / apartment,-12806,-3212,1,1,0,0,,2.0
5010904,F,Y,Y,1,419300.0,Commercial associate,Secondary / secondary special,Married,House / apartment,-10094,-3407,1,0,0,0,Sales staff,3.0
5010905,F,Y,Y,1,540500.0,Working,Higher education,Married,Office apartment,-22975,-7925,1,0,1,0,Cooking staff,3.0
5010906,M,N,N,0,69000.0,Working,Secondary / secondary special,Single / not married,House / apartment,-11678,-298,1,0,1,0,,1.0
5010907,F,N,N,0,160900.0,Pensioner,Secondary / secondary special,Married,House / apartment,-22708,365243,1,0,0,0,,2.0
5010908,F,Y,Y,0,209800.0,Working,Secondary / secondary special,Married,House / apartment,-12716,-6050,1,0,1,1,Drivers,2.0
5010909,M,Y,N,1,307300.0,Working,Higher education,Married,House / apartment,-24360,-4518,1,1,0,0,Core staff,3.0
5010910,F,Y,N,1,107000.0,Commercial associate,Secondary / secondary special,Single / not married,Municipal apartment,-11306,-236,1,0,0,0,Managers,2.0
5010911,F,Y,Y,2,149400.0,Working,Secondary / secondary special,Married,House / apartment,-8577,-199,1,0,1,0,,4.0
5010912,M,N,Y,1,260600.0,Working,Secondary / secondary special,Married,House / apartment,-24408,-1011,1,1,0,0,Laborers,3.0
5010913,F,N,Y,1,254700.0,Working,Secondary / secondary special,Married,House / apartment,-10330,365243,1,1,0,0,,3.0
5010914,M,N,Y,1,294900.0,Working,Higher education,Married,Municipal apartment,-24547,-16940,1,0,0,0,Medicine staff,3.0
5010915,M,N,N,0,304800.0,Working,Secondary / secondary special,Separated,House / apartment,-22353,-4401,1,0,1,0,Laborers,1.0
5010916,M,N,Y,0,289200.0,Pensioner,Secondary / secondary special,Married,House / apartment,-8801,365243,1,0,0,0,,2.0
5010917,F,Y,N,2,269000.0,Working,Secondary / secondary special,Single / not married,House / apartment,-15434,-4781,1,0,0,0,Sales staff,3.0
5010918,F,N,N,0,251000.0,Working,Secondary / secondary special,Married,Municipal apartment,-8645,-806,1,0,1,1,,2.0
5010919,M,N,Y,0,340400.0,State servant,Secondary / secondary special,Married,House / apartment,-13328,365243,1,0,0,0,,2.0
5010920,F,N,Y,0,79700.0,Pensioner,Secondary / secondary special,Widow,House / apartment,-13724,365243,1,0,0,0,,1.0
5010921,F,Y,N,0,528400.0,Working,Secondary / secondary special,Married,House / apartment,-18256,365243,1,0,0,0,,2.0
5010922,M,N,N,0,81100.0,Working,Secondary / secondary special,Civil marriage,House / apartment,-25127,-13954,1,0,0,0,Core staff,2.0
5010923,F,N,N,0,142300.0,Commercial associate,Higher education,Married,House / apartment,-10405,-3492,1,0,0,0,Core staff,2.0
5010924,F,N,Y,0,218000.0,Commercial associate,Incomplete higher,Married,House / apartment,-13316,-4978,1,1,0,0,Sales staff,2.0
5010925,F,Y,Y,0,341700.0,Pensioner,Secondary / secondary special,Single / not married,House / apartment,-18027,365243,1,1,0,0,,1.0
5010926,F,N,Y,0,54600.0,Working,Secondary / secondary special,Separated,House / apartment,-10436,-3229,1,1,0,0,Drivers,1.0
5010927,F,N,N,1,240700.0,Working,Higher education,Civil marriage,House / apartment,-20284,-8582,1,0,0,1,Laborers,3.0
5010928,F,N,Y,0,362800.0,Working,Secondary / secondary special,Married,Municipal apartment,-14677,-4841,1,0,0,0,Laborers,2.0
5010929,F,N,N,0,401400.0,Commercial associate,Secondary / secondary special,Married,House / apartment,-24647,-12347,1,0,1,0,Cleaning staff,2.0
5010930,F,Y,Y,0,172300.0,Commercial associate,Secondary / secondary special,Married,House / apartment,-18808,-2397,1,0,1,0,Laborers,2.0
5010931,M,Y,N,0,210000.0,Working,Higher education,Married,House / apartment,-13936,-3107,1,0,0,0,Medicine staff,2.0
5010932,F,Y,Y,0,179400.0,Working,Secondary / secondary special,Married,House / apartment,-20444,-9244,1,0,0,0,,2.0
5010933,F,N,Y,1,200600.0,State servant,Secondary / secondary special,Married,House / apartment,-22623,-10472,1,0,0,1,Laborers,3.0
5010934,M,Y,Y,1,145700.0,Working,Secondary / secondary special,Single / not married,House / apartment,-21924,-3566,1,1,1,0,Medicine staff,2.0
5010935,M,N,Y,0,156500.0,Working,Secondary / secondary special,Single / not married,House / apartment,-12104,-163,1,0,0,0,Managers,1.0
5010936,F,N,Y,0,303400.0,Pensioner,Secondary / secondary special,Civil marriage,House / apartment,-14920,365243,1,0,1,0,,2.0
5010937,F,Y,Y,0,260700.0,Working,Secondary / secondary special,Separated,House / apartment,-15563,-8861,1,1,0,0,Drivers,1.0
5010938,F,N,Y,3,312200.0,Working,Higher education,Married,House / apartment,-14398,-7274,1,0,0,0,Drivers,5.0
5010939,F,N,Y,2,271700.0,Working,Secondary / secondary special,Civil marriage,House / apartment,-12982,-1441,1,0,1,0,Accountants,4.0
5010940,M,N,N,0,347200.0,Commercial associate,Secondary / secondary special,Married,House / apartment,-21052,365243,1,1,0,0,,2.0
5010941,F,N,Y,0,378700.0,Working,Secondary / secondary special,Separated,Rented apartment,-7528,-664,1,0,0,0,Low-skill Laborers,1.0
5010942,M,N,Y,1,102200.0,Pensioner,Secondary / secondary special,Married,House / apartment,-12666,365243,1,1,0,0,,3.0
5010943,F,Y,N,1,159300.0,Working,Higher education,Married,House / apartment,-9891,-1104,1,0,0,0,Laborers,3.0
5010944,F,N,Y,0,217500.0,Commercial associate,Secondary / secondary special,Single / not married,House / apartment,-9657,-485,1,0,0,0,Accountants,1.0
5010945,F,Y,N,2,241400.0,Working,Secondary / secondary special,Separated,House / apartment,-12363,-980,1,0,1,0,,3.0
5010946,F,N,Y,0,174600.0,Working,Secondary / secondary special,Civil marriage,House / apartment,-21224,-7310,1,0,0,0,Security staff,2.0
5010947,M,Y,Y,0,385200.0,Commercial associate,Secondary / secondary special,Single / not married,House / apartment,-25009,-5308,1,0,0,0,,1.0
5010948,F,N,Y,1,657000.0,Working,Higher education,Married,House / apartment,-16703,-7426,1,1,1,1,Laborers,3.0
5010949,F,N,Y,0,267900.0,Commercial associate,Secondary / secondary special,Single / not married,House / apartment,-13495,-4221,1,0,0,0,Managers,1.0
5010950,F,N,Y,1,254600.0,Working,Secondary / secondary special,Single / not married,House / apartment,-22448,-13286,1,0,0,0,Laborers,2.0
5010951,F,Y,Y,0,373300.0,Working,Secondary / secondary special,Single / not married,House / apartment,-8530,-1281,1,1,0,0,Sales staff,1.0
5010952,F,N,Y,0,96000.0,Working,Higher education,Married,House / apartment,-9006,-686,1,0,0,0,Core staff,2.0
5010953,F,N,Y,0,247600.0,Commercial associate,Secondary / secondary special,Married,House / apartment,-13612,-2007,1,0,1,0,Laborers,2.0
5010954,M,N,Y,0,398300.0,Working,Secondary / secondary special,Married,House / apartment,-15494,-7168,1,0,0,0,,2.0
5010955,M,Y,Y,0,177000.0,Pensioner,Secondary / secondary special,Married,House / apartment,-21876,365243,1,0,0,1,,2.0
5010956,F,N,Y,4,132200.0,Working,Higher education,Widow,House / apartment,-24203,-12742,1,0,1,0,Laborers,5.0
5010957,F,N,Y,0,222500.0,Working,Secondary / secondary special,Married,House / apartment,-17007,-9996,1,0,0,0,Sales staff,2.0
5010958,M,Y,Y,1,236800.0,Working,Secondary / secondary special,Married,House / apartment,-16357,-4681,1,0,0,1,,3.0
5010959,M,N,Y,0,155000.0,Working,Secondary / secondary special,Widow,House / apartment,-11195,-853,1,0,0,0,Laborers,1.0
5010960,M,N,Y,1,696300.0,Working,Secondary / secondary special,Married,With parents,-15545,-7020,1,0,1,0,Sales staff,3.0
5010961,M,N,Y,0,192200.0,Pensioner,Secondary / secondary special,Married,House / apartment,-24173,365243,1,0,0,0,,2.0
5010962,F,Y,Y,0,137100.0,Working,Secondary / secondary special,Married,House / apartment,-14480,-575,1,0,0,0,Core staff,2.0
5010963,F,N,Y,0,233000.0,Working,Secondary / secondary special,Married,House / apartment,-11153,-1943,1,0,1,0,Core staff,2.0
5010964,F,N,Y,0,384400.0,State servant,Secondary / secondary special,Married,Office apartment,-13465,-930,1,0,0,1,,2.0
5010965,F,N,Y,0,246300.0,Working,Secondary / secondary special,Civil marriage,With parents,-16703,-8926,1,0,0,0,Core staff,2.0
5010966,F,N,Y,0,311200.0,Working,Secondary / secondary special,Married,House / apartment,-18237,-10418,1,1,0,0,,2.0
5010967,F,N,Y,2,157900.0,Working,Secondary / secondary special,Married,House / apartment,-15202,-3980,1,1,0,0,,4.0
5010968,F,N,Y,1,513700.0,Working,Higher education,Married,House / apartment,-21158,-14246,1,1,0,0,Medicine staff,3.0
5010969,F,Y,Y,2,323300.0,Working,Secondary / secondary special,Married,House / apartment,-17979,-760,1,0,0,0,,4.0
5010970,F,N,N,0,412200.0,Working,Secondary / secondary special,Married,House / apartment,-19450,-6294,1,1,0,0,Sales staff,2.0
5010971,M,N,N,2,293000.0,Working,Higher education,Married,House / apartment,-23064,-2319,1,1,0,0,,4.0
5010972,F,Y,Y,1,368800.0,Commercial associate,Secondary / secondary special,Civil marriage,House / apartment,-23115,-12195,1,0,0,0,Laborers,3.0
5010973,M,Y,Y,0,157800.0,Pensioner,Secondary / secondary special,Married,House / apartment,-11022,365243,1,0,0,0,,2.0
5010974,F,N,Y,0,190900.0,Commercial associate,Secondary / secondary special,Married,House / apartment,-18689,-11765,1,0,0,1,Laborers,2.0
5010975,M,N,N,0,478600.0,Working,Secondary / secondary special,Married,House / apartment,-20393,-9505,1,0,0,0,Laborers,2.0
5010976,M,Y,Y,0,532500.0,Working,Secondary / secondary special,Married,House / apartment,-9969,-1872,1,0,1,0,Drivers,2.0
5010977,F,N,N,0,137600.0,Commercial associate,Secondary / secondary special,Married,House / apartment,-22696,-2586,1,0,1,1,Sales staff,2.0
5010978,M,Y,Y,0,276600.0,Working,Secondary / secondary special,Married,House / apartment,-10601,-2334,1,0,1,0,,2.0
5010979,F,N,Y,1,196800.0,Working,Higher education,Separated,House / apartment,-21902,-1873,1,0,0,0,,2.0
5010980,M,N,Y,0,172300.0,Working,Secondary / secondary special,Married,With parents,-10254,-2528,1,1,0,0,High skill tech staff,2.0
5010981,F,N,Y,0,281500.0,Working,Secondary / secondary special,Married,House / apartment,-20852,-13018,1,0,0,0,Laborers,2.0
5010982,F,Y,Y,1,431900.0,Commercial associate,Lower secondary,Single / not married,House / apartment,-10011,-83,1,0,0,0,Managers,2.0
5010983,F,N,Y,1,306000.0,Working,Secondary / secondary special,Married,House / apartment,-14223,-4249,1,0,0,0,,3.0
5010984,M,Y,Y,2,208100.0,State servant,Higher education,Married,House / apartment,-9926,-564,1,0,0,0,Accountants,4.0
5010985,M,N,N,0,315800.0,Commercial associate,Secondary / secondary special,Married,House / apartment,-12249,-1070,1,0,0,0,,2.0
5010986,M,N,Y,0,203900.0,Working,Secondary / secondary special,Separated,House / apartment,-25285,-17859,1,0,0,0,Core staff,1.0
5010987,M,N,Y,0,300000.0,Working,Higher education,Separated,House / apartment,-9271,-1342,1,0,0,0,,1.0
5010988,F,Y,Y,0,490800.0,Commercial associate,Secondary / secondary special,Married,House / apartment,-14728,-4243,1,1,0,0,Accountants,2.0
5010989,F,N,N,0,86400.0,Commercial associate,Secondary / secondary special,Married,House / apartment,-19667,-10769,1,0,0,0,Sales staff,2.0
5010990,F,N,N,0,363700.0,Working,Secondary / secondary special,Married,House / apartment,-9033,-1943,1,0,0,0,Laborers,2.0
5010991,F,Y,Y,3,113100.0,Working,Secondary / secondary special,Married,Municipal apartment,-9296,-39,1,0,0,0,,5.0
5010992,F,N,Y,0,451200.0,Working,Secondary / secondary special,Married,House / apartment,-9921,-876,1,0,0,1,Medicine staff,2.0
5010993,F,N,Y,0,177500.0,Working,Secondary / secondary special,Married,House / apartment,-19084,-6703,1,0,0,0,Laborers,2.0
5010994,M,N,Y,0,132800.0,State servant,Secondary / secondary special,Civil marriage,House / apartment,-23912,-13399,1,0,0,0,Waiters/barmen staff,2.0
5010995,F,N,Y,1,345600.0,Working,Secondary / secondary special,Married,House / apartment,-22390,-11138,1,0,0,0,Core staff,3.0
5010996,F,N,N,0,292900.0,Working,Secondary / secondary special,Married,House / apartment,-25258,-9629,1,0,0,0,Medicine staff,2.0
5010997,F,Y,Y,0,148100.0,Working,Secondary / secondary special,Civil marriage,House / apartment,-17863,-10054,1,0,1,0,,2.0
5010998,M,N,Y,0,130500.0,Pensioner,Secondary / secondary special,Single / not married,House / apartment,-24864,365243,1,0,0,0,,1.0
5010999,F,N,Y,0,222300.0,Commercial associate,Secondary / secondary special,Married,House / apartment,-12874,-5069,1,1,1,0,,2.0
5011000,F,Y,N,0,133700.0,Pensioner,Secondary / secondary special,Separated,House / apartment,-15003,365243,1,1,0,0,,1.0
5011001,F,N,Y,0,143600.0,Pensioner,Higher education,Married,House / apartment,-14538,365243,1,1,1,0,,2.0
5011002,F,N,Y,0,258700.0,Pensioner,Secondary / secondary special,Married,House / apartment,-8170,365243,1,1,1,0,,2.0
5011003,F,N,Y,1,150600.0,Commercial associate,Secondary / secondary special,Married,House / apartment,-22457,-9820,1,0,1,0,Laborers,3.0
5011004,F,Y,Y,0,302200.0,Working,Higher education,Married,House / apartment,-7756,-794,1,0,0,0,Managers,2.0
5011005,M,Y,N,1,514300.0,Working,Secondary / secondary special,Married,House / apartment,-20634,-1228,1,0,0,0,High skill tech staff,3.0
5011006,F,N,Y,0,226700.0,Commercial associate,Secondary / secondary special,Married,House / apartment,-14739,-4681,1,0,0,0,,2.0
5011007,M,Y,N,0,260500.0,Working,Secondary / secondary special,Married,House / apartment,-7419,-352,1,0,0,0,Managers,2.0
5011008,F,N,Y,0,669700.0,Commercial associate,Secondary / secondary special,Married,House / apartment,-12600,-5275,1,0,1,0,Laborers,2.0
5011009,F,Y,Y,0,134800.0,Working,Secondary / secondary special,Married,House / apartment,-13626,-4072,1,0,1,0,Laborers,2.0
5011010,M,Y,N,0,442900.0,Commercial associate,Lower secondary,Married,House / apartment,-24923,-14662,1,1,1,0,Laborers,2.0
5011011,F,N,Y,0,417000.0,Working,Secondary / secondary special,Married,House / apartment,-19378,-10147,1,0,0,0,Laborers,2.0
5011012,M,Y,Y,1,374200.0,Working,Secondary / secondary special,Married,House / apartment,-17232,-8900,1,0,0,1,Laborers,3.0
5011013,F,N,Y,1,465700.0,Commercial associate,Higher education,Married,House / apartment,-9625,-346,1,0,0,0,,3.0
5011014,F,N,Y,1,280900.0,Working,Secondary / secondary special,Widow,House / apartment,-14448,-1429,1,1,0,0,Accountants,2.0
5011015,F,Y,Y,0,182400.0,Commercial associate,Secondary / secondary special,Single / not married,Office apartment,-7958,-810,1,1,0,1,Medicine staff,1.0
5011016,M,Y,N,0,422000.0,Commercial associate,Secondary / secondary special,Married,House / apartment,-21215,-12677,1,0,0,0,,2.0
5011017,F,N,N,0,430100.0,State servant,Secondary / secondary special,Married,House / apartment,-10278,-3691,1,0,1,1,Laborers,2.0
5011018,F,Y,Y,0,424300.0,Pensioner,Higher education,Married,House / apartment,-18161,365243,1,0,1,0,,2.0
5011019,M,N,Y,0,249600.0,Working,Secondary / secondary special,Married,House / apartment,-20078,-6960,1,0,0,0,Laborers,2.0
5011020,F,N,Y,0,170600.0,Commercial associate,Higher education,Married,Municipal apartment,-13998,-4301,1,0,0,0,Medicine staff,2.0
5011021,M,N,Y,1,268600.0,Working,Secondary / secondary special,Married,Rented apartment,-18858,-9205,1,1,0,0,Core staff,3.0
5011022,F,N,Y,0,391000.0,Working,Higher education,Married,With parents,-21262,-6501,1,0,0,0,Medicine staff,2.0
5011023,M,N,Y,0,407400.0,Commercial associate,Secondary / secondary special,Married,House / apartment,-10668,-401,1,0,0,0,Cooking staff,2.0
5011024,F,N,Y,0,196900.0,Commercial associate,Higher education,Married,House / apartment,-18278,-4464,1,1,0,0,Managers,2.0
5011025,F,Y,Y,0,285800.0,Working,Secondary / secondary special,Married,House / apartment,-20708,-4116,1,0,0,0,Sales staff,2.0
5011026,M,Y,Y,2,126900.0,Working,Higher education,Separated,House / apartment,-13826,-6541,1,0,1,0,Sales staff,3.0
5011027,M,Y,Y,0,399500.0,Pensioner,Secondary / secondary special,Married,House / apartment,-10272,365243,1,0,0,0,,2.0
5011028,M,N,N,2,165000.0,Working,Secondary / secondary special,Married,House / apartment,-12530,-2382,1,0,1,0,Security staff,4.0
5011029,F,N,Y,0,361500.0,Pensioner,Secondary / secondary special,Married,House / apartment,-24345,365243,1,0,0,0,,2.0
5011030,M,N,Y,0,137400.0,Commercial associate,Secondary / secondary special,Married,House / apartment,-13833,-2242,1,1,0,1,Core staff,2.0
5011031,F,Y,Y,1,408900.0,Working,Secondary / secondary special,Married,House / apartment,-9272,-1523,1,0,1,0,,3.0
5011032,M,N,Y,0,286800.0,Working,Secondary / secondary special,Married,Municipal apartment,-8816,-1700,1,0,0,0,Laborers,2.0
5011033,M,N,Y,0,165200.0,Working,Secondary / secondary special,Married,House / apartment,-10601,-2791,1,0,0,0,High skill tech staff,2.0
5011034,F,Y,Y,0,344900.0,Pensioner,Higher education,Single / not married,House / apartment,-9634,365243,1,0,0,0,,1.0
5011035,M,N,N,0,181700.0,Pensioner,Secondary / secondary special,Married,House / apartment,-16346,365243,1,0,1,0,,2.0
5011036,F,Y,Y,1,355100.0,Commercial associate,Secondary / secondary special,Married,House / apartment,-13652,-2035,1,0,1,0,Sales staff,3.0
5011037,F,N,Y,1,212900.0,Working,Secondary / secondary special,Separated,House / apartment,-22671,-6885,1,0,0,0,Managers,2.0
5011038,F,Y,Y,1,103300.0,Commercial associate,Secondary / secondary special,Married,House / apartment,-23396,-15898,1,0,1,0,Drivers,3.0
5011039,F,N,N,0,149400.0,Working,Higher education,Married,House / apartment,-15948,365243,1,0,1,0,,2.0
5011040,F,N,N,0,196900.0,Commercial associate,Secondary / secondary special,Married,House / apartment,-23532,-13143,1,1,0,0,Sales staff,2.0
5011041,M,N,N,0,483900.0,Working,Secondary / secondary special,Married,House / apartment,-15532,-3292,1,1,0,0,,2.0
5011042,M,N,Y,1,383100.0,Pensioner,Secondary / secondary special,Married,House / apartment,-19029,365243,1,0,1,0,,3.0
5011043,M,N,N,2,549800.0,Commercial associate,Secondary / secondary special,Married,House / apartment,-10273,-21,1,0,0,1,,4.0
5011044,F,N,Y,0,558100.0,Working,Secondary / secondary special,Married,House / apartment,-8265,-998,1,0,0,0,Sales staff,2.0
5011045,M,N,Y,0,186900.0,Pensioner,Secondary / secondary special,Married,House / apartment,-10229,365243,1,0,0,1,,2.0
5011046,F,Y,N,0,222200.0,Working,Secondary / secondary special,Married,House / apartment,-11904,-1123,1,0,0,0,,2.0
5011047,F,N,N,0,198800.0,Working,Secondary / secondary special,Single / not married,House / apartment,-21020,-10373,1,0,1,0,Laborers,1.0
5011048,F,Y,Y,0,174500.0,Working,Secondary / secondary special,Single / not married,House / apartment,-10474,-1538,1,0,0,0,,1.0
5011049,F,Y,Y,0,97200.0,Commercial associate,Secondary / secondary special,Married,With parents,-9691,-2192,1,0,0,0,Secretaries,2.0
5011050,M,N,Y,0,242300.0,Pensioner,Secondary / secondary special,Widow,House / apartment,-24245,365243,1,0,0,0,,1.0
5011051,F,N,Y,1,128400.0,Pensioner,Higher education,Married,House / apartment,-19884,365243,1,0,0,0,,3.0
5011052,F,Y,Y,1,240000.0,Commercial associate,Incomplete higher,Single / not married,House / apartment,-15949,-3800,1,0,0,0,,2.0
5011053,M,N,N,2,703200.0,Working,Higher education,Married,House / apartment,-9039,-1446,1,0,0,1,Core staff,4.0
5011054,M,N,Y,0,189200.0,Working,Higher education,Civil marriage,House / apartment,-22861,-3537,1,0,0,0,,2.0
5011055,F,N,N,0,269100.0,Working,Secondary / secondary special,Separated,House / apartment,-9282,-2261,1,0,0,0,,1.0
5011056,F,Y,N,0,384200.0,Pensioner,Secondary / secondary special,Married,House / apartment,-18464,365243,1,0,0,0,,2.0
5011057,F,N,Y,0,280900.0,State servant,Secondary / secondary special,Married,With parents,-19498,-10142,1,0,1,0,,2.0
5011058,F,Y,N,0,282600.0,Working,Secondary / secondary special,Single / not married,House / apartment,-14613,-4195,1,0,0,0,Managers,1.0
5011059,F,N,Y,1,203700.0,Pensioner,Higher education,Married,House / apartment,-23946,365243,1,0,0,0,,3.0
5011060,F,Y,Y,0,217400.0,Commercial associate,Secondary / secondary special,Married,House / apartment,-8231,-568,1,0,1,0,,2.0
5011061,F,Y,Y,2,151100.0,Working,Secondary / secondary special,Married,House / apartment,-22246,-4454,1,0,0,0,,4.0
5011062,M,N,Y,1,372700.0,Commercial associate,Secondary / secondary special,Married,House / apartment,-17419,-7052,1,0,0,0,Drivers,3.0
5011063,F,N,N,1,102200.0,Pensioner,Secondary / secondary special,Married,House / apartment,-18467,365243,1,0,0,0,,3.0
5011064,F,Y,N,1,396700.0,Working,Secondary / secondary special,Married,House / apartment,-25327,-12968,1,0,0,0,,3.0
5011065,F,Y,Y,0,121000.0,Pensioner,Secondary / secondary special,Married,House / apartment,-17946,365243,1,0,0,0,,2.0
5011066,F,N,N,1,395100.0,Working,Incomplete higher,Separated,House / apartment,-21861,-3084,1,0,0,1,Core staff,2.0
5011067,F,Y,Y,0,204500.0,Working,Secondary / secondary special,Married,House / apartment,-10109,-1283,1,0,1,0,,2.0
5011068,F,N,N,1,131900.0,Working,Secondary / secondary special,Married,House / apartment,-22085,-3104,1,0,1,0,Sales staff,3.0
5011069,F,Y,Y,0,326200.0,Pensioner,Secondary / secondary special,Married,House / apartment,-21204,365243,1,0,0,0,,2.0
5011070,F,Y,Y,0,388400.0,Working,Secondary / secondary special,Civil marriage,House / apartment,-24985,-3829,1,0,0,1,Core staff,2.0
5011071,F,Y,Y,0,196100.0,Pensioner,Secondary / secondary special,Married,House / apartment,-24393,365243,1,0,0,0,,2.0
5011072,M,N,Y,0,350000.0,Commercial associate,Secondary / secondary special,Single / not married,House / apartment,-11213,-1793,1,0,0,0,Managers,1.0
5011073,F,Y,Y,0,77900.0,Working,Secondary / secondary special,Married,House / apartment,-15796,-1628,1,1,0,0,Cooking staff,2.0
5011074,M,Y,N,0,126100.0,Pensioner,Secondary / secondary special,Married,House / apartment,-23951,365243,1,1,0,0,,2.0
5011075,F,N,Y,1,465900.0,Working,Secondary / secondary special,Married,House / apartment,-19007,-393,1,0,1,0,Laborers,3.0
5011076,F,N,N,0,218300.0,Pensioner,Secondary / secondary special,Married,House / apartment,-15773,365243,1,0,1,0,,2.0
5011077,F,Y,N,0,96200.0,Working,Higher education,Single / not married,House / apartment,-9294,-767,1,0,0,0,Laborers,1.0
5011078,F,N,Y,0,172100.0,Commercial associate,Secondary / secondary special,Married,House / apartment,-13729,-7025,1,0,0,0,Core staff,2.0
5011079,F,N,Y,0,153900.0,Commercial associate,Secondary / secondary special,Married,House / apartment,-19454,-5904,1,0,0,0,,2.0
5011080,F,Y,N,0,224700.0,Pensioner,Higher education,Single / not married,House / apartment,-21493,365243,1,1,0,1,,1.0
5011081,F,Y,Y,1,202800.0,Working,Secondary / secondary special,Married,House / apartment,-15471,-272,1,0,0,0,Managers,3.0
5011082,F,N,Y,0,267000.0,Commercial associate,Secondary / secondary special,Married,House / apartment,-8325,-650,1,0,0,0,Sales staff,2.0
5011083,M,N,Y,0,235800.0,Working,Secondary / secondary special,Separated,Rented apartment,-18868,-11211,1,0,0,0,Laborers,1.0
5011084,M,N,Y,0,481800.0,Working,Higher education,Married,House / apartment,-24135,-3889,1,0,0,0,Core staff,2.0
5011085,F,Y,N,0,301900.0,Working,Higher education,Civil marriage,House / apartment,-16371,-9456,1,0,0,0,Laborers,2.0
5011086,F,Y,Y,0,306900.0,Working,Secondary / secondary special,Single / not married,House / apartment,-24260,-17355,1,0,0,0,,1.0
5011087,M,N,Y,1,437200.0,Pensioner,Secondary / secondary special,Married,House / apartment,-13772,365243,1,0,0,0,,3.0
5011088,M,Y,Y,0,201000.0,Commercial associate,Secondary / secondary special,Married,Office apartment,-23492,-4525,1,0,1,0,,2.0
5011089,M,N,N,0,129900.0,Working,Higher education,Married,House / apartment,-21666,-752,1,0,0,0,Drivers,2.0
5011090,F,N,N,0,446400.0,Pensioner,Secondary / secondary special,Married,House / apartment,-24869,365243,1,0,0,0,,2.0
5011091,M,Y,Y,0,261300.0,Working,Higher education,Single / not married,House / apartment,-21751,-5423,1,0,0,0,Core staff,1.0
5011092,F,N,Y,1,261700.0,Commercial associate,Secondary / secondary special,Married,House / apartment,-13176,-3122,1,0,1,0,Drivers,3.0
5011093,M,N,Y,0,177900.0,Pensioner,Secondary / secondary special,Married,House / apartment,-23752,365243,1,0,0,0,,2.0
5011094,F,N,Y,0,179300.0,Pensioner,Secondary / secondary special,Married,House / apartment,-19536,365243,1,0,0,0,,2.0
5011095,M,Y,Y,1,372800.0,Working,Secondary / secondary special,Married,House / apartment,-10265,-2422,1,0,0,0,Drivers,3.0
5011096,M,Y,N,0,399400.0,Commercial associate,Secondary / secondary special,Married,House / apartment,-8144,-1532,1,0,1,0,Core staff,2.0
5011097,F,N,Y,1,361300.0,Working,Secondary / secondary special,Single / not married,House / apartment,-13986,-5098,1,0,1,0,,2.0
5011098,M,Y,Y,0,362900.0,Pensioner,Secondary / secondary special,Single / not married,House / apartment,-21675,365243,1,1,0,0,,1.0
5011099,M,N,N,0,324500.0,Commercial associate,Secondary / secondary special,Civil marriage,House / apartment,-18595,-1416,1,0,0,0,,2.0
5011100,M,Y,Y,1,260700.0,Pensioner,Higher education,Married,House / apartment,-16932,365243,1,0,1,0,,3.0
5011101,M,N,Y,1,223600.0,Working,Secondary / secondary special,Married,House / apartment,-7373,-381,1,0,0,0,Managers,3.0
5011102,M,Y,Y,0,447100.0,Commercial associate,Secondary / secondary special,Married,House / apartment,-15258,-5646,1,0,1,0,Laborers,2.0
5011103,M,N,Y,1,202500.0,Commercial associate,Secondary / secondary special,Widow,House / apartment,-10185,-1381,1,0,1,0,Laborers,2.0
5011104,F,Y,N,0,293700.0,Commercial associate,Secondary / secondary special,Married,House / apartment,-15607,-8019,1,0,0,0,Medicine staff,2.0
5011105,F,N,Y,0,163300.0,Commercial associate,Secondary / secondary special,Separated,Office apartment,-25417,-9002,1,0,1,0,Laborers,1.0
5011106,F,Y,Y,0,175600.0,Pensioner,Secondary / secondary special,Single / not married,House / apartment,-23368,365243,1,0,1,0,,1.0
5011107,M,N,Y,0,216900.0,Pensioner,Secondary / secondary special,Single / not married,House / apartment,-12978,365243,1,0,0,0,,1.0
5011108,F,Y,N,1,163300.0,Working,Secondary / secondary special,Married,House / apartment,-18144,-6366,1,1,0,0,Core staff,3.0
5011109,F,N,Y,0,363800.0,Pensioner,Secondary / secondary special,Married,House / apartment,-16475,365243,1,0,0,0,,2.0
5011110,M,N,Y,0,124400.0,Working,Secondary / secondary special,Married,House / apartment,-9680,-2906,1,0,0,0,Laborers,2.0
5011111,F,Y,N,1,256600.0,Commercial associate,Higher education,Married,House / apartment,-25381,-2053,1,0,0,0,Sales staff,3.0
5011112,M,N,Y,0,260900.0,Pensioner,Secondary / secondary special,Separated,House / apartment,-15070,365243,1,0,0,0,,1.0
5011113,M,Y,N,0,98700.0,Working,Secondary / secondary special,Single / not married,House / apartment,-16540,-8149,1,0,0,0,Security staff,1.0
5011114,F,N,Y,0,195800.0,Pensioner,Higher education,Single / not married,House / apartment,-19132,365243,1,0,0,0,,1.0
5011115,F,N,Y,0,277400.0,Pensioner,Higher education,Married,House / apartment,-10803,365243,1,0,1,0,,2.0
5011116,F,Y,Y,1,302500.0,Working,Secondary / secondary special,Married,House / apartment,-11363,-2625,1,0,0,0,Laborers,3.0
5011117,F,Y,Y,0,220400.0,Working,Secondary / secondary special,Married,House / apartment,-10822,-3598,1,1,0,0,Laborers,2.0
5011118,F,Y,Y,0,342500.0,Working,Secondary / secondary special,Married,House / apartment,-14326,-3304,1,0,1,0,Managers,2.0
5011119,M,N,Y,1,231100.0,State servant,Secondary / secondary special,Civil marriage,House / apartment,-10952,-2264,1,0,0,0,Managers,3.0
5011120,M,Y,Y,0,245800.0,Working,Secondary / secondary special,Single / not married,House / apartment,-24223,-16954,1,0,1,0,Drivers,1.0
5011121,F,N,Y,0,276900.0,Commercial associate,Higher education,Married,House / apartment,-20350,-4103,1,0,0,0,,2.0
5011122,F,N,Y,1,388100.0,Working,Secondary / secondary special,Married,House / apartment,-23702,365243,1,0,1,0,,3.0
5011123,F,N,N,0,174100.0,Working,Secondary / secondary special,Single / not married,House / apartment,-22800,-10744,1,0,1,0,Managers,1.0
5011124,F,Y,Y,0,191400.0,Pensioner,Higher education,Married,House / apartment,-20146,365243,1,1,1,0,,2.0
5011125,F,N,N,0,174700.0,Working,Secondary / secondary special,Married,House / apartment,-11738,-347,1,0,0,0,,2.0
5011126,F,N,Y,0,206800.0,State servant,Secondary / secondary special,Married,House / apartment,-18542,-2074,1,1,0,0,,2.0
5011127,M,N,Y,0,498100.0,Working,Higher education,Married,Rented apartment,-10707,-2801,1,0,0,0,Low-skill Laborers,2.0
5011128,F,Y,Y,0,325100.0,Working,Higher education,Single / not married,Co-op apartment,-9724,-411,1,0,1,0,Drivers,1.0
5011129,F,Y,N,1,138700.0,Working,Secondary / secondary special,Married,House / apartment,-18857,-10543,1,1,0,0,,3.0
5011130,F,Y,N,0,180800.0,State servant,Secondary / secondary special,Single / not married,House / apartment,-18712,-5107,1,0,0,0,,1.0
5011131,M,N,Y,0,294200.0,Working,Secondary / secondary special,Married,House / apartment,-10165,-818,1,0,0,0,Laborers,2.0
5011132,F,Y,N,1,155200.0,Commercial associate,Secondary / secondary special,Separated,House / apartment,-13741,-2617,1,1,0,0,Laborers,2.0
5011133,M,N,Y,0,169900.0,Working,Secondary / secondary special,Widow,Office apartment,-8515,-1837,1,0,1,0,Core staff,1.0
5011134,M,Y,Y,1,478300.0,Working,Secondary / secondary special,Married,House / apartment,-20376,-6258,1,0,0,0,,3.0
5011135,M,N,N,0,179700.0,Commercial associate,Higher education,Married,House / apartment,-25339,-3575,1,0,0,0,Core staff,2.0
5011136,F,N,N,0,393500.0,Commercial associate,Higher education,Married,Municipal apartment,-20818,-1601,1,0,0,0,,2.0
5011137,F,N,N,2,457300.0,Working,Higher education,Married,House / apartment,-22721,-1693,1,0,0,0,Managers,4.0
5011138,M,Y,Y,0,169200.0,Working,Secondary / secondary special,Married,House / apartment,-16004,-5914,1,1,0,0,,2.0
5011139,F,Y,Y,3,156400.0,Pensioner,Secondary / secondary special,Married,House / apartment,-9051,365243,1,0,0,0,,5.0
5011140,F,Y,Y,0,212600.0,Working,Higher education,Single / not married,House / apartment,-20575,-13897,1,0,1,0,Core staff,1.0
5011141,F,Y,Y,0,141700.0,Working,Higher education,Married,House / apartment,-11990,-790,1,0,0,0,,2.0
5011142,M,N,N,0,259400.0,Working,Higher education,Married,Municipal apartment,-14396,-1032,1,1,0,0,Sales staff,2.0
5011143,F,N,Y,0,220300.0,Working,Incomplete higher,Married,With parents,-20145,-7705,1,1,0,0,High skill tech staff,2.0
5011144,F,N,Y,1,292400.0,Working,Higher education,Separated,House / apartment,-23829,-11807,1,0,0,0,Core staff,2.0
5011145,M,Y,Y,0,490900.0,Working,Secondary / secondary special,Married,House / apartment,-16185,-4883,1,0,0,0,,2.0
5011146,M,N,Y,1,367400.0,Commercial associate,Secondary / secondary special,Married,House / apartment,-24866,-17148,1,1,0,0,Drivers,3.0
5011147,F,N,Y,0,311800.0,Working,Secondary / secondary special,Separated,House / apartment,-16800,-4697,1,1,0,0,Managers,1.0
5011148,F,N,Y,0,91300.0,Commercial associate,Secondary / secondary special,Married,House / apartment,-9542,-276,1,0,0,0,Private service staff,2.0
5011149,F,Y,N,0,304700.0,State servant,Secondary / secondary special,Married,House / apartment,-16773,-1727,1,0,0,0,Laborers,2.0
5011150,F,N,Y,0,577700.0,State servant,Higher education,Married,Municipal apartment,-23022,-10482,1,0,0,0,Sales staff,2.0
5011151,F,N,N,0,54200.0,Pensioner,Secondary / secondary special,Married,Municipal apartment,-17131,365243,1,0,0,0,,2.0
5011152,F,N,Y,0,344600.0,Working,Higher education,Married,House / apartment,-20961,-1199,1,1,0,0,Security staff,2.0
5011153,M,N,Y,0,225400.0,Working,Secondary / secondary special,Civil marriage,House / apartment,-17312,365243,1,0,0,0,,2.0
5011154,F,Y,Y,1,159600.0,Pensioner,Secondary / secondary special,Married,House / apartment,-17277,365243,1,0,1,0,,3.0
5011155,F,Y,N,1,364400.0,Working,Higher education,Married,House / apartment,-12505,-2695,1,0,0,0,Managers,3.0
5011156,F,N,Y,0,574000.0,Working,Secondary / secondary special,Married,House / apartment,-10981,-4327,1,1,0,0,Laborers,2.0
5011157,F,N,Y,0,359700.0,Commercial associate,Secondary / secondary special,Married,House / apartment,-12399,-3369,1,0,0,0,Drivers,2.0
5011158,F,Y,Y,0,202800.0,Working,Secondary / secondary special,Married,House / apartment,-15356,-1361,1,0,0,0,,2.0
5011159,M,N,Y,0,152300.0,Pensioner,Higher education,Separated,House / apartment,-22090,365243,1,0,0,0,,1.0
5011160,F,N,N,0,262400.0,Pensioner,Higher education,Separated,House / apartment,-22444,365243,1,1,0,0,,1.0
5011161,M,N,N,0,377800.0,Commercial associate,Higher education,Married,Office apartment,-10289,-3701,1,0,1,1,Core staff,2.0
5011162,F,Y,Y,1,201200.0,Pensioner,Higher education,Married,House / apartment,-17402,365243,1,0,1,0,,3.0
5011163,M,N,Y,0,211100.0,Working,Higher education,Married,House / apartment,-14903,-5566,1,1,1,0,,2.0
5011164,M,N,N,0,1001000.0,Commercial associate,Secondary / secondary special,Separated,House / apartment,-17732,-7428,1,0,0,0,Waiters/barmen staff,1.0
5011165,F,N,Y,0,418700.0,Working,Secondary / secondary special,Married,House / apartment,-19132,-6790,1,0,1,0,,2.0
5011166,M,N,Y,2,433900.0,Commercial associate,Secondary / secondary special,Married,House / apartment,-12411,-2608,1,0,1,0,,4.0
5011167,F,N,Y,0,117600.0,Working,Secondary / secondary special,Single / not married,House / apartment,-24093,-5048,1,0,1,0,,1.0
5011168,F,N,Y,1,171400.0,Commercial associate,Higher education,Married,House / apartment,-24389,-7298,1,1,0,0,Managers,3.0
5011169,M,Y,Y,2,253400.0,State servant,Secondary / secondary special,Married,House / apartment,-9229,-414,1,0,0,0,,4.0
5011170,M,N,N,1,148000.0,Working,Secondary / secondary special,Married,House / apartment,-20144,-10332,1,1,0,0,Security staff,3.0
5011171,F,N,Y,3,543400.0,Working,Secondary / secondary special,Married,House / apartment,-7912,-746,1,0,0,0,Laborers,5.0
5011172,M,Y,Y,0,494200.0,Working,Secondary / secondary special,Single / not married,House / apartment,-8155,-615,1,0,0,0,Laborers,1.0
5011173,F,N,N,0,187000.0,Working,Secondary / secondary special,Married,House / apartment,-24797,-1562,1,1,1,0,,2.0
5011174,F,N,Y,0,595700.0,Working,Secondary / secondary special,Married,House / apartment,-19995,-9488,1,1,1,0,,2.0
5011175,F,N,Y,0,243600.0,Pensioner,Higher education,Married,House / apartment,-13232,365243,1,0,1,0,,2.0
5011176,F,Y,Y,0,891100.0,Working,Secondary / secondary special,Single / not married,House / apartment,-19539,-3676,1,0,1,0,Laborers,1.0
5011177,F,N,Y,0,262400.0,Working,Incomplete higher,Civil marriage,Rented apartment,-22752,-2580,1,0,0,0,Laborers,2.0
5011178,F,Y,N,0,325600.0,Commercial associate,Secondary / secondary special,Married,House / apartment,-23210,-7101,1,0,0,0,,2.0
5011179,M,Y,N,1,491600.0,Working,Secondary / secondary special,Married,House / apartment,-7680,-763,1,1,0,0,Laborers,3.0
5011180,M,N,Y,0,462400.0,Working,Secondary / secondary special,Married,House / apartment,-22248,-1152,1,0,0,0,Laborers,2.0
5011181,F,N,N,0,315200.0,Commercial associate,Secondary / secondary special,Married,House / apartment,-22887,-10729,1,0,1,1,,2.0
5011182,F,N,Y,2,227500.0,Pensioner,Secondary / secondary special,Married,House / apartment,-18182,365243,1,0,1,0,,4.0
5011183,F,Y,N,0,315700.0,Working,Secondary / secondary special,Married,House / apartment,-16069,-1471,1,0,0,0,Low-skill Laborers,2.0
5011184,F,N,Y,1,162300.0,Working,Secondary / secondary special,Widow,House / apartment,-9332,-2641,1,0,1,0,High skill tech staff,2.0
5011185,F,Y,Y,1,263400.0,Working,Higher education,Married,House / apartment,-11681,-4011,1,0,0,1,Accountants,3.0
5011186,F,N,Y,0,140200.0,Working,Secondary / secondary special,Married,House / apartment,-16262,-2138,1,0,0,0,,2.0
5011187,F,N,Y,0,100200.0,Working,Secondary / secondary special,Civil marriage,House / apartment,-23104,-3792,1,1,1,0,Sales staff,2.0
5011188,M,N,Y,0,250400.0,Commercial associate,Secondary / secondary special,Married,House / apartment,-21972,-777,1,0,0,0,Laborers,2.0
5011189,F,Y,Y,1,458900.0,Pensioner,Secondary / secondary special,Married,House / apartment,-16362,365243,1,0,0,0,,3.0
5011190,F,Y,N,0,387800.0,Working,Secondary / secondary special,Married,House / apartment,-21653,-8493,1,1,0,0,Managers,2.0
5011191,F,N,Y,0,234300.0,Commercial associate,Higher education,Married,House / apartment,-21289,-13131,1,0,0,0,Core staff,2.0
5011192,F,Y,N,1,584800.0,Working,Secondary / secondary special,Separated,House / apartment,-17879,-6888,1,1,0,0,,2.0
5011193,F,N,Y,0,183700.0,Working,Academic degree,Married,House / apartment,-11329,-630,1,0,0,0,Core staff,2.0
5011194,F,N,Y,1,93600.0,Commercial associate,Secondary / secondary special,Married,House / apartment,-13660,-3894,1,0,1,0,Laborers,3.0
5011195,M,Y,N,1,82000.0,Pensioner,Secondary / secondary special,Separated,House / apartment,-10301,365243,1,0,1,0,,2.0
5011196,F,N,Y,1,135200.0,Working,Higher education,Married,Office apartment,-7436,-59,1,1,0,0,,3.0
5011197,M,N,N,1,367200.0,Working,Secondary / secondary special,Married,With parents,-8776,-880,1,0,0,0,Managers,3.0
5011198,F,Y,N,0,177700.0,Commercial associate,Higher education,Married,House / apartment,-21178,-12803,1,0,0,0,,2.0
5011199,M,Y,Y,3,307400.0,Working,Secondary / secondary special,Widow,House / apartment,-7917,-691,1,1,1,0,,4.0
5011200,M,Y,Y,0,556000.0,Working,Secondary / secondary special,Married,Municipal apartment,-14607,-6820,1,1,0,0,Private service staff,2.0
5011201,M,N,Y,0,140800.0,Working,Secondary / secondary special,Married,With parents,-25308,-16797,1,1,1,1,Drivers,2.0
5011202,F,N,Y,0,310100.0,Commercial associate,Higher education,Married,House / apartment,-21828,-14345,1,0,0,0,Laborers,2.0
5011203,F,Y,Y,3,319600.0,Working,Secondary / secondary special,Widow,House / apartment,-21013,365243,1,0,0,0,,4.0
5011204,M,Y,N,1,158800.0,State servant,Secondary / secondary special,Single / not married,House / apartment,-12322,-483,1,0,1,0,Managers,2.0
5011205,M,N,Y,1,480500.0,Working,Lower secondary,Married,House / apartment,-19025,-5278,1,0,0,0,Laborers,3.0
5011206,F,N,Y,0,211400.0,Working,Secondary / secondary special,Single / not married,House / apartment,-16413,-1644,1,0,1,0,Laborers,1.0
5011207,M,N,Y,1,201500.0,Commercial associate,Secondary / secondary special,Civil marriage,House / apartment,-18698,-7443,1,0,0,0,High skill tech staff,3.0
5011208,F,Y,N,1,701700.0,Working,Lower secondary,Single / not married,Co-op apartment,-15264,-5164,1,0,0,0,Drivers,2.0
5011209,F,Y,Y,0,317100.0,Working,Secondary / secondary special,Married,House / apartment,-17002,-6267,1,1,0,0,,2.0
5011210,F,N,Y,0,387700.0,Working,Secondary / secondary special,Married,Municipal apartment,-25356,-4982,1,0,1,0,Core staff,2.0
5011211,M,N,Y,0,480700.0,Working,Higher education,Married,House / apartment,-13319,-4863,1,0,1,0,Laborers,2.0
5011212,F,Y,N,0,176400.0,Pensioner,Secondary / secondary special,Single / not married,House / apartment,-11258,365243,1,0,0,0,,1.0
5011213,F,N,N,0,456100.0,Working,Secondary / secondary special,Married,House / apartment,-15496,-4476,1,0,1,0,Managers,2.0
5011214,F,N,Y,0,190000.0,Pensioner,Secondary / secondary special,Married,House / apartment,-16880,365243,1,0,0,0,,2.0
5011215,M,N,N,0,185900.0,Pensioner,Secondary / secondary special,Married,House / apartment,-8869,365243,1,0,1,0,,2.0
5011216,F,Y,Y,0,213100.0,Working,Secondary / secondary special,Civil marriage,House / apartment,-22024,-7075,1,1,0,0,,2.0
5011217,M,N,N,0,178900.0,Working,Secondary / secondary special,Married,Rented apartment,-15013,-4003,1,1,0,0,Sales staff,2.0
5011218,F,N,Y,0,368300.0,Working,Secondary / secondary special,Married,House / apartment,-14851,-3907,1,0,0,0,,2.0
5011219,F,N,Y,2,279000.0,Working,Secondary / secondary special,Civil marriage,House / apartment,-19337,-2368,1,0,1,0,,4.0
5011220,F,Y,Y,0,191000.0,Commercial associate,Secondary / secondary special,Single / not married,House / apartment,-21426,-1721,1,0,0,0,Laborers,1.0
5011221,M,Y,Y,0,342100.0,Working,Secondary / secondary special,Separated,House / apartment,-25311,-18652,1,0,0,0,Sales staff,1.0
5011222,M,Y,N,0,212800.0,Pensioner,Secondary / secondary special,Married,House / apartment,-10474,365243,1,0,0,0,,2.0
5011223,F,N,Y,0,207200.0,Working,Secondary / secondary special,Married,House / apartment,-13616,-4125,1,1,0,0,,2.0
5011224,M,Y,N,2,250100.0,Working,Secondary / secondary special,Single / not married,House / apartment,-10378,-1994,1,1,0,0,,3.0
5011225,M,N,Y,0,307800.0,Working,Secondary / secondary special,Married,House / apartment,-23392,-7105,1,0,0,1,Core staff,2.0
5011226,F,Y,Y,0,296700.0,Working,Secondary / secondary special,Married,House / apartment,-17322,-9377,1,0,1,0,,2.0
5011227,F,N,Y,2,203600.0,Pensioner,Secondary / secondary special,Married,House / apartment,-22873,365243,1,0,0,1,,4.0
5011228,M,N,Y,0,372900.0,Commercial associate,Secondary / secondary special,Single / not married,House / apartment,-25298,-4905,1,0,1,0,,1.0
5011229,F,Y,N,0,218400.0,Working,Secondary / secondary special,Married,House / apartment,-17353,-6426,1,1,0,0,Laborers,2.0
5011230,M,Y,Y,0,176000.0,Pensioner,Secondary / secondary special,Married,House / apartment,-9463,365243,1,0,0,0,,2.0
5011231,F,Y,Y,0,117200.0,Pensioner,Secondary / secondary special,Married,House / apartment,-13903,365243,1,0,0,0,,2.0
5011232,M,N,Y,3,399100.0,Commercial associate,Incomplete higher,Married,House / apartment,-7966,-1243,1,1,0,0,High skill tech staff,5.0
5011233,F,N,Y,0,245600.0,Pensioner,Secondary / secondary special,Separated,Municipal apartment,-22815,365243,1,0,0,0,,1.0
5011234,F,Y,N,2,271300.0,Commercial associate,Secondary / secondary special,Married,House / apartment,-7632,-718,1,0,0,0,Laborers,4.0
5011235,F,N,Y,4,411800.0,Working,Higher education,Married,House / apartment,-18120,-3323,1,0,0,0,Core staff,6.0
5011236,F,Y,N,0,192300.0,Working,Secondary / secondary special,Married,House / apartment,-9243,-1811,1,0,0,0,Drivers,2.0
5011237,M,Y,Y,0,122800.0,Working,Higher education,Married,House / apartment,-7443,-277,1,0,0,0,,2.0
5011238,F,Y,Y,0,252800.0,Commercial associate,Incomplete higher,Separated,House / apartment,-11983,-4282,1,0,0,0,Sales staff,1.0
5011239,F,N,N,0,284800.0,Pensioner,Secondary / secondary special,Widow,House / apartment,-17383,365243,1,1,1,1,,1.0
5011240,F,Y,Y,0,214100.0,Commercial associate,Higher education,Married,House / apartment,-8676,-1332,1,0,0,0,Laborers,2.0
5011241,M,Y,Y,0,510100.0,Pensioner,Secondary / secondary special,Married,House / apartment,-18534,365243,1,0,1,0,,2.0
5011242,F,Y,Y,0,70400.0,Working,Secondary / secondary special,Married,House / apartment,-19577,-3431,1,0,0,0,,2.0
5011243,M,Y,Y,2,427400.0,Commercial associate,Secondary / secondary special,Married,Municipal apartment,-25014,-11156,1,1,0,0,Laborers,4.0
5011244,F,N,N,0,362600.0,Commercial associate,Secondary / secondary special,Married,House / apartment,-23733,-16304,1,1,0,0,Laborers,2.0
5011245,F,Y,Y,0,306800.0,Commercial associate,Secondary / secondary special,Married,House / apartment,-17656,-8804,1,1,1,0,Laborers,2.0
5011246,F,Y,N,1,46100.0,Commercial associate,Secondary / secondary special,Single / not married,House / apartment,-21794,-14199,1,0,0,0,Security staff,2.0
5011247,F,N,Y,0,463900.0,Working,Higher education,Single / not married,House / apartment,-13946,-4026,1,0,0,0,,1.0
5011248,F,Y,Y,0,146100.0,Working,Secondary / secondary special,Married,House / apartment,-18002,-2256,1,0,0,0,Drivers,2.0
5011249,M,N,Y,0,189400.0,State servant,Secondary / secondary special,Single / not married,House / apartment,-14671,-3827,1,1,1,0,Laborers,1.0
5011250,M,N,Y,0,224200.0,Working,Secondary / secondary special,Civil marriage,House / apartment,-13460,-3213,1,0,0,0,,2.0
5011251,M,Y,N,0,299300.0,Working,Secondary / secondary special,Married,House / apartment,-20594,-12954,1,0,0,0,,2.0
5011252,M,N,Y,0,336100.0,Working,Secondary / secondary special,Separated,House / apartment,-12723,-309,1,0,0,1,Laborers,1.0
5011253,M,Y,Y,0,381500.0,Working,Higher education,Single / not married,House / apartment,-14255,-294,1,0,0,0,Core staff,1.0
5011254,M,N,N,3,367100.0,Pensioner,Secondary / secondary special,Married,House / apartment,-14010,365243,1,0,0,0,,5.0
5011255,F,N,N,0,277000.0,Commercial associate,Secondary / secondary special,Separated,House / apartment,-23201,-5634,1,0,1,0,High skill tech staff,1.0
5011256,F,Y,Y,0,300600.0,Pensioner,Secondary / secondary special,Married,House / apartment,-10417,365243,1,0,0,0,,2.0
5011257,M,N,N,0,141500.0,Working,Secondary / secondary special,Married,House / apartment,-14272,-1881,1,0,0,0,Laborers,2.0
5011258,F,N,Y,0,167700.0,Commercial associate,Secondary / secondary special,Married,House / apartment,-23520,-6674,1,0,0,1,Managers,2.0
5011259,M,N,Y,0,382000.0,Pensioner,Secondary / secondary special,Civil marriage,House / apartment,-7584,365243,1,0,0,1,,2.0
5011260,F,N,Y,2,371000.0,State servant,Secondary / secondary special,Married,House / apartment,-24615,-16109,1,0,0,0,Managers,4.0
5011261,F,N,Y,0,350600.0,State servant,Secondary / secondary special,Married,House / apartment,-23721,-10367,1,0,0,0,Drivers,2.0
5011262,F,Y,Y,0,188800.0,Commercial associate,Higher education,Married,House / apartment,-14936,-5701,1,0,0,0,,2.0
5011263,F,Y,Y,0,384900.0,Working,Higher education,Married,House / apartment,-19231,-6631,1,1,0,0,,2.0
5011264,F,N,Y,0,136600.0,Working,Secondary / secondary special,Married,House / apartment,-25404,-9251,1,0,1,0,,2.0
5011265,F,Y,N,0,418400.0,Pensioner,Higher education,Married,House / apartment,-17440,365243,1,1,1,0,,2.0
5011266,F,N,N,0,214300.0,Pensioner,Higher education,Married,House / apartment,-9075,365243,1,0,0,0,,2.0
5011267,F,Y,N,0,566700.0,Commercial associate,Secondary / secondary special,Civil marriage,Office apartment,-22895,-800,1,0,0,1,Cooking staff,2.0
5011268,F,Y,Y,0,114100.0,Working,Secondary / secondary special,Married,House / apartment,-9755,-1263,1,0,0,1,Cooking staff,2.0
5011269,M,Y,Y,0,589600.0,Commercial associate,Secondary / secondary special,Civil marriage,House / apartment,-12003,-1036,1,1,0,0,Sales staff,2.0
5011270,F,N,Y,0,203800.0,Working,Secondary / secondary special,Married,Municipal apartment,-23258,-11644,1,0,1,0,,2.0
5011271,M,N,Y,0,201900.0,Working,Secondary / secondary special,Married,House / apartment,-11981,-2947,1,0,0,0,Core staff,2.0
5011272,F,N,Y,3,269100.0,Working,Secondary / secondary special,Single / not married,House / apartment,-20912,-10782,1,1,1,0,Drivers,4.0
5011273,F,Y,Y,0,172300.0,Pensioner,Secondary / secondary special,Married,House / apartment,-15481,365243,1,0,0,0,,2.0
5011274,M,N,N,1,235500.0,Working,Secondary / secondary special,Single / not married,House / apartment,-21180,-12776,1,1,1,0,,2.0
5011275,F,Y,Y,0,168800.0,Commercial associate,Secondary / secondary special,Married,House / apartment,-11548,-698,1,0,0,0,,2.0
5011276,F,N,Y,0,171900.0,Working,Secondary / secondary special,Married,House / apartment,-14967,-374,1,0,0,0,Laborers,2.0
5011277,F,N,Y,0,311400.0,Commercial associate,Secondary / secondary special,Married,Office apartment,-13115,-2694,1,1,0,0,Core staff,2.0
5011278,F,Y,Y,0,155500.0,Commercial associate,Secondary / secondary special,Married,House / apartment,-11853,-952,1,0,0,0,Laborers,2.0
5011279,F,N,Y,0,166300.0,Pensioner,Secondary / secondary special,Married,House / apartment,-13047,365243,1,0,1,0,,2.0
5011280,M,N,Y,0,122900.0,Working,Higher education,Married,House / apartment,-13204,-1275,1,0,1,0,Security staff,2.0
5011281,F,Y,Y,1,189800.0,Working,Secondary / secondary special,Married,House / apartment,-24753,-9625,1,0,1,0,Cooking staff,3.0
5011282,M,N,Y,0,470400.0,Pensioner,Secondary / secondary special,Married,House / apartment,-17043,365243,1,0,0,0,,2.0
5011283,F,N,Y,0,159900.0,Working,Secondary / secondary special,Married,House / apartment,-15743,-5928,1,0,1,0,Core staff,2.0
5011284,M,Y,N,0,169300.0,Working,Secondary / secondary special,Married,House / apartment,-16497,-8942,1,0,1,0,Sales staff,2.0
5011285,F,Y,N,1,269000.0,Working,Secondary / secondary special,Married,House / apartment,-25497,-9656,1,0,0,0,,3.0
5011286,F,N,Y,1,202800.0,Commercial associate,Secondary / secondary special,Married,House / apartment,-19241,-11282,1,0,0,0,Laborers,3.0
5011287,M,N,Y,0,743800.0,Working,Secondary / secondary special,Civil marriage,House / apartment,-20152,-5283,1,0,0,0,,2.0
5011288,F,N,N,1,225100.0,Working,Secondary / secondary special,Married,With parents,-13033,-242,1,0,0,0,Core staff,3.0
5011289,F,N,Y,0,288700.0,Pensioner,Secondary / secondary special,Married,House / apartment,-15916,365243,1,0,1,1,,2.0
5011290,F,N,Y,0,391300.0,Working,Secondary / secondary special,Married,House / apartment,-10666,-1650,1,1,0,0,Medicine staff,2.0
5011291,F,N,Y,0,387600.0,Working,Higher education,Married,House / apartment,-19818,-8097,1,0,0,0,,2.0
5011292,F,N,Y,1,274300.0,Working,Secondary / secondary special,Married,Municipal apartment,-13596,-3282,1,1,0,0,Core staff,3.0
5011293,F,N,N,2,225200.0,Commercial associate,Secondary / secondary special,Married,House / apartment,-20971,-4407,1,0,0,0,Sales staff,4.0
5011294,M,Y,N,2,671600.0,Working,Secondary / secondary special,Married,House / apartment,-11198,-514,1,0,0,0,Core staff,4.0
5011295,M,Y,Y,0,232300.0,Pensioner,Higher education,Married,House / apartment,-14674,365243,1,0,0,0,,2.0
5011296,F,Y,Y,2,195800.0,Commercial associate,Secondary / secondary special,Married,House / apartment,-15910,-9244,1,0,0,0,Laborers,4.0
5011297,F,N,Y,0,176800.0,Working,Secondary / secondary special,Married,House / apartment,-10346,-2667,1,0,0,0,Laborers,2.0
5011298,F,N,Y,0,103000.0,Pensioner,Secondary / secondary special,Married,House / apartment,-8576,365243,1,0,0,0,,2.0
5011299,F,Y,N,0,368200.0,Working,Secondary / secondary special,Married,House / apartment,-13095,-1569,1,0,1,0,Core staff,2.0
5011300,F,Y,Y,0,75500.0,Working,Secondary / secondary special,Married,Rented apartment,-17256,-6740,1,0,1,0,Drivers,2.0
5011301,F,N,Y,0,243400.0,Commercial associate,Incomplete higher,Married,House / apartment,-19225,-604,1,0,0,0,Managers,2.0
5011302,F,Y,N,0,220400.0,Commercial associate,Secondary / secondary special,Married,House / apartment,-15072,-7313,1,0,1,0,Managers,2.0
5011303,F,N,N,2,748200.0,Working,Incomplete higher,Married,House / apartment,-16441,-6344,1,0,0,0,,4.0
5011304,F,N,N,0,97700.0,Working,Secondary / secondary special,Married,House / apartment,-17225,-9402,1,0,0,0,Sales staff,2.0
5011305,F,N,Y,0,155600.0,Working,Higher education,Civil marriage,House / apartment,-16654,-4985,1,0,1,0,Medicine staff,2.0
5011306,F,Y,Y,2,228100.0,Working,Secondary / secondary special,Married,House / apartment,-8955,-21,1,0,0,0,IT staff,4.0
5011307,F,Y,Y,0,221200.0,Commercial associate,Secondary / secondary special,Married,Office apartment,-14701,-6430,1,1,1,0,Managers,2.0
5011308,M,N,Y,0,185500.0,Commercial associate,Secondary / secondary special,Married,House / apartment,-11037,-1594,1,0,0,0,,2.0
5011309,M,N,N,0,234400.0,Working,Secondary / secondary special,Married,House / apartment,-17052,-2219,1,0,0,0,Laborers,2.0
5011310,F,N,Y,0,130100.0,Working,Secondary / secondary special,Married,House / apartment,-21149,-10874,1,1,0,1,Laborers,2.0
5011311,F,Y,N,0,291900.0,Working,Secondary / secondary special,Married,House / apartment,-17888,-4614,1,0,0,0,Sales staff,2.0
5011312,F,N,Y,0,76500.0,Working,Secondary / secondary special,Married,House / apartment,-11356,-909,1,0,0,0,Managers,2.0
5011313,F,N,N,1,241000.0,Working,Secondary / secondary special,Married,House / apartment,-11099,-3703,1,0,0,1,Laborers,3.0
5011314,M,N,Y,0,180800.0,Working,Secondary / secondary special,Married,House / apartment,-7981,-537,1,0,0,0,,2.0
5011315,F,N,N,0,405800.0,Working,Higher education,Married,House / apartment,-15092,-2946,1,0,0,0,Laborers,2.0
5011316,F,Y,Y,0,587200.0,Commercial associate,Secondary / secondary special,Separated,House / apartment,-15210,-111,1,0,1,0,Core staff,1.0
5011317,F,Y,Y,0,206900.0,Pensioner,Secondary / secondary special,Civil marriage,House / apartment,-11623,365243,1,1,0,0,,2.0
5011318,F,N,N,0,489300.0,Working,Secondary / secondary special,Widow,House / apartment,-21262,-4416,1,0,0,0,,1.0
5011319,F,N,Y,2,208400.0,State servant,Higher education,Married,House / apartment,-14363,-3539,1,0,0,0,Private service staff,4.0
5011320,M,Y,Y,1,150600.0,Pensioner,Secondary / secondary special,Civil marriage,House / apartment,-19530,365243,1,0,0,0,,3.0
5011321,F,Y,N,0,584400.0,State servant,Secondary / secondary special,Single / not married,House / apartment,-18994,-10256,1,1,1,0,Core staff,1.0
5011322,F,N,Y,2,316700.0,Pensioner,Secondary / secondary special,Separated,House / apartment,-18349,365243,1,1,0,0,,3.0
5011323,F,Y,Y,0,244700.0,Commercial associate,Secondary / secondary special,Married,House / apartment,-23889,-11087,1,0,0,0,Laborers,2.0
5011324,F,Y,Y,0,344200.0,Commercial associate,Secondary / secondary special,Single / not married,Office apartment,-7595,-486,1,0,0,0,Core staff,1.0
5011325,M,N,N,0,280000.0,Working,Secondary / secondary special,Married,House / apartment,-8548,-602,1,0,0,0,,2.0
5011326,M,N,Y,0,235800.0,Commercial associate,Secondary / secondary special,Married,House / apartment,-20493,-7629,1,1,1,0,,2.0
5011327,F,N,Y,1,125800.0,Commercial associate,Secondary / secondary special,Married,House / apartment,-13761,-6710,1,0,0,0,Core staff,3.0
5011328,F,Y,Y,0,213200.0,Working,Higher education,Separated,House / apartment,-25321,-8313,1,0,0,0,,1.0
5011329,M,N,Y,0,333400.0,Commercial associate,Secondary / secondary special,Married,House / apartment,-11257,-2950,1,0,0,0,Laborers,2.0
5011330,M,N,Y,1,229600.0,Working,Secondary / secondary special,Married,House / apartment,-10655,365243,1,1,0,0,,3.0
5011331,F,N,Y,2,383300.0,Working,Secondary / secondary special,Separated,House / apartment,-18047,-832,1,0,1,0,,3.0
5011332,M,N,Y,1,295800.0,Working,Secondary / secondary special,Married,House / apartment,-12408,-2368,1,0,1,0,,3.0
5011333,F,Y,Y,0,157400.0,Commercial associate,Secondary / secondary special,Civil marriage,House / apartment,-13523,-962,1,0,1,0,Accountants,2.0
5011334,F,Y,Y,0,126200.0,Pensioner,Secondary / secondary special,Single / not married,House / apartment,-24125,365243,1,0,0,0,,1.0
5011335,F,Y,Y,0,225700.0,Pensioner,Secondary / secondary special,Married,House / apartment,-7784,365243,1,1,0,0,,2.0
5011336,M,Y,Y,0,187800.0,Pensioner,Secondary / secondary special,Married,House / apartment,-17007,365243,1,1,0,0,,2.0
5011337,M,N,Y,2,288800.0,Working,Secondary / secondary special,Married,Municipal apartment,-13421,-1694,1,0,0,0,Sales staff,4.0
5011338,F,N,Y,2,170500.0,Pensioner,Secondary / secondary special,Widow,House / apartment,-13624,365243,1,0,1,0,,3.0
5011339,F,N,Y,1,179500.0,Working,Secondary / secondary special,Civil marriage,Municipal apartment,-11831,-1330,1,0,0,1,Laborers,3.0
5011340,F,N,Y,0,413300.0,Pensioner,Secondary / secondary special,Married,House / apartment,-9768,365243,1,0,0,0,,2.0
5011341,M,Y,N,1,262900.0,Working,Higher education,Married,House / apartment,-7935,-442,1,0,0,0,Drivers,3.0
5011342,F,N,Y,2,171800.0,Working,Secondary / secondary special,Married,House / apartment,-25343,-10944,1,1,1,0,,4.0
5011343,F,Y,Y,0,246300.0,Commercial associate,Secondary / secondary special,Single / not married,House / apartment,-19365,-5576,1,0,1,0,,1.0
5011344,F,Y,Y,0,486500.0,Commercial associate,Higher education,Married,House / apartment,-21499,-10353,1,0,0,0,Drivers,2.0
5011345,F,Y,Y,1,282800.0,Working,Higher education,Married,Co-op apartment,-8492,-1186,1,0,0,0,,3.0
5011346,F,N,N,0,328400.0,Commercial associate,Secondary / secondary special,Single / not married,With parents,-7576,-500,1,0,1,1,Managers,1.0
5011347,F,N,Y,3,167600.0,Commercial associate,Secondary / secondary special,Married,House / apartment,-18268,-9064,1,0,0,0,Drivers,5.0
5011348,M,Y,Y,0,407900.0,Working,Higher education,Married,House / apartment,-20524,-7201,1,0,0,0,Cooking staff,2.0
5011349,F,Y,Y,1,778000.0,Commercial associate,Higher education,Single / not married,House / apartment,-14516,-7789,1,0,0,0,Security staff,2.0
5011350,M,N,Y,1,164300.0,Working,Secondary / secondary special,Married,House / apartment,-14386,-2474,1,0,1,0,Drivers,3.0
5011351,F,Y,Y,0,135200.0,Commercial associate,Secondary / secondary special,Married,House / apartment,-14327,-6761,1,1,0,0,Sales staff,2.0
5011352,F,N,Y,1,266500.0,Working,Secondary / secondary special,Married,House / apartment,-10095,-1085,1,1,0,0,Cooking staff,3.0
5011353,M,N,N,0,378200.0,Commercial associate,Secondary / secondary special,Married,House / apartment,-21073,-4847,1,0,1,0,,2.0
5011354,M,N,Y,0,233200.0,Working,Higher education,Married,House / apartment,-11235,-4566,1,0,0,1,,2.0
5011355,M,N,Y,0,144200.0,Working,Higher education,Civil marriage,House / apartment,-13230,-5074,1,0,0,0,Sales staff,2.0
5011356,F,N,Y,0,231200.0,Working,Higher education,Married,House / apartment,-19564,-9814,1,0,0,0,,2.0
5011357,F,N,Y,1,329200.0,Commercial associate,Secondary / secondary special,Married,House / apartment,-7307,-367,1,0,1,0,Core staff,3.0
5011358,M,N,Y,2,199200.0,State servant,Secondary / secondary special,Married,House / apartment,-21299,-11733,1,1,0,0,,4.0
5011359,F,N,Y,0,330700.0,Pensioner,Secondary / secondary special,Married,House / apartment,-23725,365243,1,0,0,1,,2.0
5011360,F,Y,Y,0,437100.0,Commercial associate,Higher education,Married,House / apartment,-8248,-1193,1,1,0,0,,2.0
5011361,M,N,Y,0,275300.0,Working,Secondary / secondary special,Married,House / apartment,-18110,-1096,1,0,0,0,Core staff,2.0
5011362,M,N,N,0,240700.0,Working,Higher education,Single / not married,House / apartment,-14764,-1297,1,1,0,0,,1.0
5011363,F,N,Y,2,369600.0,Working,Secondary / secondary special,Married,House / apartment,-8738,-189,1,1,0,0,Sales staff,4.0
5011364,F,N,N,0,159100.0,Working,Secondary / secondary special,Married,House / apartment,-19764,-13136,1,0,0,0,Medicine staff,2.0
5011365,F,N,Y,0,151500.0,Pensioner,Higher education,Single / not married,House / apartment,-18487,365243,1,0,1,0,,1.0
5011366,M,Y,Y,0,213700.0,Working,Secondary / secondary special,Married,House / apartment,-19042,-5960,1,0,0,0,,2.0
5011367,M,N,N,0,190900.0,Working,Secondary / secondary special,Married,House / apartment,-22161,-1844,1,1,0,0,Core staff,2.0
5011368,F,N,Y,1,163400.0,Working,Higher education,Married,House / apartment,-12545,-951,1,0,0,0,Core staff,3.0
5011369,M,N,N,0,609700.0,Working,Secondary / secondary special,Married,House / apartment,-19670,-12582,1,0,0,0,Sales staff,2.0
5011370,M,N,N,0,723200.0,Working,Higher education,Married,House / apartment,-20880,-12579,1,1,1,0,Laborers,2.0
5011371,M,Y,Y,1,204600.0,Commercial associate,Secondary / secondary special,Married,House / apartment,-10388,-589,1,0,0,0,Medicine staff,3.0
5011372,F,N,Y,1,255600.0,Working,Higher education,Married,House / apartment,-24783,-13254,1,0,0,0,,3.0
5011373,F,Y,Y,1,222200.0,Commercial associate,Secondary / secondary special,Married,House / apartment,-13514,-1522,1,0,0,0,High skill tech staff,3.0
5011374,F,Y,N,2,424700.0,Commercial associate,Secondary / secondary special,Married,House / apartment,-20339,-4060,1,1,0,0,Medicine staff,4.0
5011375,F,N,N,3,469000.0,Pensioner,Secondary / secondary special,Married,Municipal apartment,-21075,365243,1,1,0,0,,5.0
5011376,M,Y,Y,0,100400.0,Commercial associate,Secondary / secondary special,Married,House / apartment,-16510,-6482,1,0,0,0,Managers,2.0
5011377,F,N,Y,0,309700.0,Pensioner,Secondary / secondary special,Single / not married,House / apartment,-9656,365243,1,0,1,0,,1.0
5011378,M,Y,Y,0,127000.0,Working,Higher education,Married,House / apartment,-12339,-2680,1,0,0,0,,2.0
5011379,F,Y,Y,1,588100.0,Working,Higher education,Married,House / apartment,-11583,-653,1,0,1,1,Accountants,3.0
5011380,F,N,Y,0,304200.0,State servant,Incomplete higher,Married,House / apartment,-16777,-9869,1,0,0,0,Managers,2.0
5011381,F,N,Y,0,161700.0,Working,Secondary / secondary special,Married,House / apartment,-12076,-3725,1,0,0,0,Low-skill Laborers,2.0
5011382,F,N,Y,0,216400.0,Working,Secondary / secondary special,Separated,House / apartment,-17290,-150,1,0,1,0,,1.0
5011383,F,N,Y,1,211300.0,Working,Secondary / secondary special,Civil marriage,House / apartment,-12568,365243,1,0,1,0,,3.0
5011384,M,N,N,0,317400.0,Commercial associate,Incomplete higher,Married,House / apartment,-7323,-371,1,0,0,0,High skill tech staff,2.0
5011385,F,Y,N,0,411000.0,Working,Secondary / secondary special,Married,House / apartment,-13939,-837,1,0,0,0,Laborers,2.0
5011386,F,Y,N,0,137500.0,Commercial associate,Secondary / secondary special,Widow,House / apartment,-18388,-9785,1,0,1,0,Cooking staff,1.0
5011387,F,Y,N,1,612200.0,Commercial associate,Secondary / secondary special,Single / not married,House / apartment,-21435,-14749,1,0,1,0,Sales staff,2.0
5011388,F,N,Y,0,544900.0,Working,Secondary / secondary special,Married,House / apartment,-7823,-808,1,0,1,0,Core staff,2.0
5011389,F,N,Y,0,157600.0,Working,Higher education,Married,House / apartment,-12022,-4754,1,0,0,0,Managers,2.0
5011390,M,N,Y,0,253200.0,Working,Secondary / secondary special,Married,House / apartment,-25302,-3620,1,0,0,0,,2.0
5011391,F,N,N,0,574300.0,Working,Higher education,Single / not married,House / apartment,-12086,-3675,1,0,0,0,,1.0
5011392,M,N,N,0,452200.0,Working,Secondary / secondary special,Single / not married,House / apartment,-21499,-8939,1,0,0,1,,1.0
5011393,F,Y,N,0,206300.0,Working,Higher education,Married,House / apartment,-16607,-3923,1,0,0,0,Core staff,2.0
5011394,F,Y,N,0,366800.0,Commercial associate,Secondary / secondary special,Married,House / apartment,-9536,-2558,1,0,0,0,,2.0
5011395,F,N,Y,1,1092600.0,Commercial associate,Secondary / secondary special,Separated,House / apartment,-19055,-5361,1,0,0,0,Accountants,2.0
5011396,F,N,Y,0,257300.0,Working,Secondary / secondary special,Civil marriage,House / apartment,-24953,-876,1,0,1,1,,2.0
5011397,F,N,Y,0,177900.0,Commercial associate,Secondary / secondary special,Married,House / apartment,-23501,-1645,1,0,0,0,Sales staff,2.0
5011398,M,Y,Y,1,266100.0,Commercial associate,Secondary / secondary special,Married,House / apartment,-19911,-7653,1,0,0,0,Managers,3.0
5011399,F,N,Y,1,276200.0,Working,Secondary / secondary special,Married,House / apartment,-16658,-3739,1,0,0,0,Laborers,3.0
5011400,M,Y,Y,0,187800.0,Working,Secondary / secondary special,Married,With parents,-13137,-2118,1,0,0,0,Core staff,2.0
5011401,F,Y,Y,0,304500.0,Pensioner,Secondary / secondary special,Married,House / apartment,-13824,365243,1,0,0,0,,2.0
5011402,M,N,Y,1,130400.0,Commercial associate,Secondary / secondary special,Married,Municipal apartment,-13628,-3429,1,0,0,0,,3.0
5011403,M,Y,Y,1,175000.0,Commercial associate,Secondary / secondary special,Separated,House / apartment,-24145,-11056,1,1,1,0,Drivers,2.0
5011404,F,N,Y,0,356700.0,Working,Higher education,Civil marriage,House / apartment,-11164,-1632,1,0,0,0,,2.0
5011405,M,Y,Y,0,101500.0,Commercial associate,Incomplete higher,Married,House / apartment,-14209,-4812,1,0,0,0,Private service staff,2.0
5011406,F,N,Y,0,383500.0,Commercial associate,Secondary / secondary special,Civil marriage,House / apartment,-15194,-7956,1,0,1,0,,2.0
5011407,M,N,Y,0,89300.0,Working,Secondary / secondary special,Married,With parents,-14773,365243,1,1,0,1,,2.0
5011408,M,Y,N,0,102700.0,Pensioner,Secondary / secondary special,Married,House / apartment,-7382,365243,1,0,0,0,,2.0
5011409,F,N,Y,0,190200.0,Working,Secondary / secondary special,Civil marriage,House / apartment,-12254,-5108,1,0,0,0,Managers,2.0
5011410,M,Y,Y,0,281800.0,Working,Higher education,Married,With parents,-16410,-9422,1,0,0,0,Waiters/barmen staff,2.0
5011411,M,N,N,0,473600.0,Working,Secondary / secondary special,Civil marriage,Office apartment,-21194,-6092,1,0,0,0,Laborers,2.0
5011412,F,Y,N,0,251300.0,Commercial associate,Secondary / secondary special,Married,House / apartment,-17705,-1590,1,1,1,0,Drivers,2.0
5011413,M,Y,N,0,215800.0,Commercial associate,Secondary / secondary special,Married,House / apartment,-14334,-114,1,0,0,0,Laborers,2.0
5011414,F,Y,Y,0,326200.0,Commercial associate,Higher education,Married,House / apartment,-19452,-10910,1,0,0,0,Laborers,2.0
5011415,M,Y,Y,0,157900.0,Pensioner,Secondary / secondary special,Married,House / apartment,-19466,365243,1,0,0,0,,2.0
5011416,M,N,Y,1,261800.0,Working,Higher education,Married,Rented apartment,-11833,-498,1,1,0,0,,3.0
5011417,F,Y,Y,0,134000.0,Commercial associate,Higher education,Separated,House / apartment,-9200,-339,1,0,0,0,,1.0
5011418,M,Y,N,1,254400.0,Commercial associate,Secondary / secondary special,Married,House / apartment,-21973,-12460,1,0,0,0,Cleaning staff,3.0
5011419,M,N,Y,0,228800.0,State servant,Secondary / secondary special,Married,House / apartment,-16980,-8756,1,0,0,0,Core staff,2.0
5011420,F,Y,Y,0,163300.0,Working,Secondary / secondary special,Married,House / apartment,-10529,-1313,1,0,0,0,Laborers,2.0
5011421,M,N,Y,0,265100.0,State servant,Secondary / secondary special,Civil marriage,House / apartment,-12091,-3431,1,0,0,0,Managers,2.0
5011422,F,N,Y,2,264300.0,Working,Secondary / secondary special,Married,House / apartment,-21302,-7423,1,1,0,0,,4.0
5011423,M,N,Y,0,439400.0,Pensioner,Secondary / secondary special,Married,House / apartment,-19235,365243,1,0,0,0,,2.0
5011424,F,N,N,0,109400.0,Commercial associate,Secondary / secondary special,Single / not married,House / apartment,-24566,-5485,1,0,1,0,Sales staff,1.0
5011425,F,N,N,0,235000.0,Pensioner,Secondary / secondary special,Separated,House / apartment,-15796,365243,1,0,0,1,,1.0
5011426,F,Y,N,2,166900.0,Working,Higher education,Single / not married,House / apartment,-8258,-410,1,1,1,0,Security staff,3.0
5011427,F,N,Y,3,377100.0,Working,Higher education,Married,House / apartment,-20096,-794,1,1,1,0,,5.0
5011428,F,N,Y,0,355900.0,Working,Secondary / secondary special,Married,House / apartment,-11960,-1456,1,1,0,0,Laborers,2.0
5011429,F,N,Y,0,314700.0,Commercial associate,Secondary / secondary special,Single / not married,House / apartment,-13219,-1224,1,0,0,0,,1.0
5011430,M,N,Y,0,171700.0,Commercial associate,Secondary / secondary special,Separated,House / apartment,-10896,-2195,1,0,0,1,,1.0
5011431,F,N,N,0,380100.0,Pensioner,Higher education,Widow,House / apartment,-12947,365243,1,0,0,0,,1.0
5011432,F,N,Y,0,113600.0,Working,Higher education,Married,House / apartment,-22453,-9673,1,0,0,0,,2.0
5011433,F,N,N,1,102500.0,Working,Secondary / secondary special,Civil marriage,House / apartment,-17837,-7074,1,0,0,0,,3.0
5011434,F,N,Y,1,129000.0,Working,Secondary / secondary special,Married,House / apartment,-9298,-1039,1,0,0,0,,3.0
5011435,F,N,Y,0,240100.0,Working,Secondary / secondary special,Married,House / apartment,-18018,-5437,1,0,0,0,Core staff,2.0
5011436,M,Y,Y,0,342200.0,Pensioner,Secondary / secondary special,Married,House / apartment,-18875,365243,1,0,0,0,,2.0
5011437,M,N,Y,0,55100.0,Pensioner,Secondary / secondary special,Widow,House / apartment,-23464,365243,1,0,0,0,,1.0
5011438,F,N,N,0,473000.0,State servant,Secondary / secondary special,Married,House / apartment,-23004,-11033,1,1,1,0,Sales staff,2.0
5011439,F,Y,Y,0,260700.0,Working,Higher education,Married,House / apartment,-8453,-1708,1,0,0,0,Core staff,2.0
5011440,F,Y,N,0,111500.0,Working,Secondary / secondary special,Separated,House / apartment,-23133,-10452,1,0,1,0,,1.0
5011441,F,N,N,0,256800.0,Working,Higher education,Married,House / apartment,-8234,-1304,1,1,0,0,Managers,2.0
5011442,F,Y,Y,0,421600.0,Commercial associate,Secondary / secondary special,Married,House / apartment,-10120,-3047,1,0,0,0,,2.0
5011443,F,Y,N,1,329500.0,State servant,Secondary / secondary special,Single / not married,House / apartment,-9342,-1222,1,0,0,0,,2.0
5011444,M,N,Y,0,422900.0,Working,Secondary / secondary special,Single / not married,House / apartment,-10623,-110,1,0,0,0,,1.0
5011445,M,Y,Y,0,123300.0,Working,Higher education,Married,House / apartment,-21975,-5282,1,0,0,0,Drivers,2.0
5011446,F,N,N,0,198500.0,Commercial associate,Higher education,Separated,With parents,-19835,-167,1,0,0,0,Medicine staff,1.0
5011447,F,Y,N,0,153800.0,Commercial associate,Higher education,Married,House / apartment,-19851,-4598,1,1,0,0,Core staff,2.0
5011448,M,Y,Y,2,576200.0,Working,Higher education,Separated,House / apartment,-24145,-17225,1,0,1,0,,3.0
5011449,F,N,Y,1,336100.0,Pensioner,Secondary / secondary special,Single / not married,House / apartment,-14461,365243,1,0,0,0,,2.0
5011450,F,N,Y,0,1013600.0,Working,Higher education,Married,House / apartment,-7365,-276,1,0,0,0,,2.0
5011451,F,Y,Y,1,193200.0,Pensioner,Higher education,Single / not married,House / apartment,-18989,365243,1,0,0,0,,2.0
5011452,F,Y,Y,0,169900.0,Working,Secondary / secondary special,Married,House / apartment,-23158,-10978,1,0,0,0,HR staff,2.0
5011453,F,N,N,3,227300.0,Working,Secondary / secondary special,Married,House / apartment,-25134,-15973,1,0,0,0,Sales staff,5.0
5011454,M,Y,Y,0,486300.0,Working,Higher education,Separated,House / apartment,-13951,-3869,1,0,1,0,,1.0
5011455,F,Y,Y,0,203300.0,Working,Higher education,Married,House / apartment,-22320,-9912,1,0,0,0,,2.0
5011456,F,Y,Y,0,259800.0,Working,Secondary / secondary special,Married,House / apartment,-22814,-12500,1,1,0,0,Sales staff,2.0
5011457,M,N,Y,1,256200.0,Commercial associate,Higher education,Married,House / apartment,-9943,-567,1,0,0,0,,3.0
5011458,F,N,Y,0,249000.0,Working,Higher education,Married,House / apartment,-18838,-5846,1,0,0,0,Sales staff,2.0
5011459,F,N,Y,1,176200.0,Commercial associate,Secondary / secondary special,Civil marriage,House / apartment,-10467,-1773,1,0,0,0,High skill tech staff,3.0
5011460,F,N,N,0,227900.0,Working,Higher education,Separated,House / apartment,-15462,-5253,1,1,1,0,,1.0
5011461,F,N,Y,2,223100.0,Working,Secondary / secondary special,Married,House / apartment,-23363,-10691,1,0,0,0,Sales staff,4.0
5011462,M,N,Y,0,243200.0,State servant,Secondary / secondary special,Married,House / apartment,-21723,-11478,1,0,0,0,Core staff,2.0
5011463,F,N,N,2,391300.0,Pensioner,Secondary / secondary special,Married,House / apartment,-17721,365243,1,0,0,0,,4.0
5011464,F,Y,Y,0,588800.0,Working,Higher education,Married,House / apartment,-22074,-8967,1,0,0,0,Drivers,2.0
5011465,F,N,Y,0,160400.0,Working,Secondary / secondary special,Married,House / apartment,-10096,-51,1,0,1,0,Private service staff,2.0
5011466,M,N,Y,2,200700.0,Commercial associate,Higher education,Married,House / apartment,-10865,-342,1,0,1,0,Core staff,4.0
5011467,F,N,Y,3,161600.0,Working,Secondary / secondary special,Married,House / apartment,-11119,365243,1,0,1,0,,5.0
5011468,F,Y,Y,0,268100.0,Commercial associate,Higher education,Married,House / apartment,-21477,-14248,1,0,0,0,Medicine staff,2.0
5011469,M,Y,Y,0,186500.0,Commercial associate,Higher education,Separated,House / apartment,-23576,365243,1,0,0,0,,1.0
5011470,M,N,N,0,275200.0,Working,Higher education,Single / not married,House / apartment,-17584,-9475,1,0,0,0,Managers,1.0
5011471,F,N,N,0,423900.0,Working,Higher education,Single / not married,House / apartment,-24800,-7376,1,0,0,0,,1.0
5011472,F,N,Y,0,69000.0,Commercial associate,Higher education,Married,House / apartment,-20601,-8046,1,1,0,0,Drivers,2.0
5011473,M,Y,Y,0,312200.0,Working,Secondary / secondary special,Civil marriage,With parents,-17599,-7201,1,0,0,0,Drivers,2.0
5011474,F,N,Y,0,194000.0,Working,Secondary / secondary special,Separated,House / apartment,-18474,-5809,1,0,0,0,Laborers,1.0
5011475,F,N,Y,1,307300.0,Commercial associate,Secondary / secondary special,Separated,Office apartment,-22820,-8276,1,0,0,0,Cleaning staff,2.0
5011476,F,N,Y,1,155900.0,Commercial associate,Higher education,Married,House / apartment,-8952,-908,1,0,0,0,Managers,3.0
5011477,M,N,Y,0,444000.0,Working,Secondary / secondary special,Married,Rented apartment,-10373,-1108,1,0,0,0,Laborers,2.0
5011478,F,N,Y,0,385400.0,Pensioner,Secondary / secondary special,Married,House / apartment,-12168,365243,1,0,1,0,,2.0
5011479,M,N,N,0,324400.0,Commercial associate,Higher education,Married,House / apartment,-23646,-13161,1,0,1,0,,2.0
5011480,F,N,Y,0,363000.0,Working,Secondary / secondary special,Widow,House / apartment,-24562,-14641,1,0,0,0,Managers,1.0
5011481,M,N,N,0,168200.0,Working,Higher education,Married,Office apartment,-13810,-1545,1,0,0,0,,2.0
5011482,M,Y,N,0,179100.0,Commercial associate,Secondary / secondary special,Married,House / apartment,-24177,-12691,1,0,0,0,Drivers,2.0
5011483,F,Y,Y,0,355600.0,Working,Secondary / secondary special,Married,House / apartment,-17292,-9164,1,1,1,1,Laborers,2.0
5011484,M,N,N,0,166300.0,Working,Secondary / secondary special,Married,House / apartment,-15948,-5901,1,0,0,0,High skill tech staff,2.0
5011485,F,N,N,1,503000.0,Commercial associate,Secondary / secondary special,Separated,House / apartment,-22513,-1948,1,0,0,0,Managers,2.0
5011486,M,N,Y,1,207700.0,Commercial associate,Secondary / secondary special,Married,House / apartment,-17278,-914,1,0,0,0,Sales staff,3.0
5011487,F,N,Y,0,313800.0,Commercial associate,Secondary / secondary special,Married,House / apartment,-15605,-1920,1,0,0,0,Laborers,2.0
5011488,M,Y,Y,0,697400.0,Commercial associate,Secondary / secondary special,Married,House / apartment,-7597,-862,1,1,1,0,Sales staff,2.0
5011489,M,N,N,2,171500.0,Working,Secondary / secondary special,Married,House / apartment,-7541,-742,1,0,1,0,,4.0
5011490,M,N,Y,0,252700.0,Working,Secondary / secondary special,Single / not married,House / apartment,-18766,-2312,1,0,0,0,Low-skill Laborers,1.0
5011491,F,Y,Y,1,413600.0,Commercial associate,Secondary / secondary special,Single / not married,House / apartment,-8646,-20,1,0,1,0,,2.0
5011492,F,Y,Y,1,392800.0,Pensioner,Secondary / secondary special,Married,House / apartment,-20763,365243,1,1,0,0,,3.0
5011493,F,N,Y,1,207200.0,Commercial associate,Higher education,Separated,House / apartment,-18671,-2607,1,0,0,0,Managers,2.0
5011494,F,Y,Y,0,188500.0,Working,Higher education,Married,House / apartment,-15664,-3303,1,1,0,0,,2.0
5011495,F,N,N,0,217300.0,State servant,Secondary / secondary special,Single / not married,House / apartment,-20268,-6415,1,0,0,0,Core staff,1.0
5011496,M,Y,Y,2,503500.0,Working,Incomplete higher,Separated,House / apartment,-25441,-11790,1,0,0,0,Accountants,3.0
5011497,F,N,N,0,212300.0,Working,Higher education,Married,Municipal apartment,-11804,-1557,1,0,0,0,Laborers,2.0
5011498,F,N,N,0,253900.0,Working,Secondary / secondary special,Married,House / apartment,-17478,-4049,1,1,1,0,Laborers,2.0
5011499,F,N,Y,0,197200.0,Working,Secondary / secondary special,Married,House / apartment,-22698,-13238,1,0,0,0,Managers,2.0
5011500,F,N,Y,0,347400.0,Commercial associate,Secondary / secondary special,Single / not married,House / apartment,-7613,-2,1,0,0,0,Sales staff,1.0
5011501,M,N,N,1,263900.0,Working,Higher education,Widow,House / apartment,-11022,-1374,1,0,0,1,Sales staff,2.0
5011502,F,Y,N,0,147800.0,Working,Secondary / secondary special,Married,House / apartment,-16819,-7793,1,0,0,0,Accountants,2.0
5011503,F,Y,Y,1,150400.0,Working,Higher education,Married,House / apartment,-17390,-1702,1,0,0,0,,3.0
5011504,F,N,Y,1,89900.0,Commercial associate,Secondary / secondary special,Married,House / apartment,-8882,-1869,1,0,0,0,Core staff,3.0
5011505,F,N,Y,0,161100.0,Pensioner,Lower secondary,Single / not married,House / apartment,-14746,365243,1,0,1,0,,1.0
5011506,M,N,N,0,363100.0,Pensioner,Higher education,Married,House / apartment,-16798,365243,1,0,0,0,,2.0
5011507,M,Y,N,1,473200.0,Working,Higher education,Civil marriage,House / apartment,-15030,-980,1,0,0,1,Core staff,3.0
5011508,F,Y,Y,0,343900.0,Commercial associate,Secondary / secondary special,Civil marriage,House / apartment,-20100,-4508,1,0,0,0,High skill tech staff,2.0
5011509,F,Y,N,2,322200.0,Working,Secondary / secondary special,Married,House / apartment,-21392,-11040,1,0,0,0,Managers,4.0
5011510,M,N,Y,1,229200.0,Working,Higher education,Married,House / apartment,-15711,-8016,1,1,0,0,Managers,3.0
5011511,M,N,N,0,359700.0,Pensioner,Higher education,Married,House / apartment,-15079,365243,1,0,0,0,,2.0
5011512,M,N,Y,1,281700.0,Working,Secondary / secondary special,Married,House / apartment,-20187,-5359,1,0,1,1,Accountants,3.0
5011513,M,N,Y,0,601800.0,Working,Higher education,Married,House / apartment,-17446,-3209,1,1,0,0,,2.0
5011514,F,Y,Y,0,232400.0,Working,Secondary / secondary special,Married,House / apartment,-23201,-16031,1,0,0,0,,2.0
5011515,F,Y,Y,1,477800.0,Working,Secondary / secondary special,Married,House / apartment,-16092,-70,1,0,0,1,Accountants,3.0
5011516,M,Y,Y,1,378000.0,Working,Secondary / secondary special,Married,House / apartment,-17794,-1790,1,0,0,0,Laborers,3.0
5011517,F,N,Y,0,352600.0,Working,Higher education,Civil marriage,House / apartment,-9657,-172,1,0,1,0,Drivers,2.0
5011518,M,Y,Y,0,89300.0,Working,Secondary / secondary special,Single / not married,House / apartment,-22572,-10927,1,1,0,0,Laborers,1.0
5011519,M,N,Y,0,388500.0,State servant,Higher education,Widow,House / apartment,-15017,-2933,1,0,1,0,,1.0
5011520,F,Y,Y,0,229100.0,Commercial associate,Secondary / secondary special,Married,With parents,-20437,-579,1,1,0,0,Accountants,2.0
5011521,F,N,N,0,195500.0,Pensioner,Higher education,Married,House / apartment,-15148,365243,1,0,1,0,,2.0
5011522,F,N,N,0,116300.0,Pensioner,Higher education,Married,House / apartment,-7323,365243,1,1,0,1,,2.0
5011523,M,N,Y,0,243500.0,Commercial associate,Secondary / secondary special,Married,House / apartment,-14617,-4439,1,1,1,0,Core staff,2.0
5011524,F,N,Y,2,248300.0,Working,Secondary / secondary special,Married,House / apartment,-9999,-301,1,0,0,0,,4.0
5011525,F,N,Y,0,127300.0,Working,Secondary / secondary special,Married,House / apartment,-14585,-7773,1,0,0,0,,2.0
5011526,F,Y,N,0,116900.0,Commercial associate,Higher education,Married,House / apartment,-13174,-1304,1,0,0,0,Sales staff,2.0
5011527,F,N,N,1,311400.0,Working,Secondary / secondary special,Married,House / apartment,-11004,-4199,1,0,0,0,Sales staff,3.0
5011528,F,N,Y,1,377500.0,Working,Secondary / secondary special,Married,House / apartment,-9565,-1319,1,0,0,0,,3.0
5011529,M,Y,N,2,268500.0,Working,Secondary / secondary special,Married,House / apartment,-20610,-6878,1,0,0,0,Sales staff,4.0
5011530,M,Y,N,0,434000.0,Commercial associate,Secondary / secondary special,Married,House / apartment,-21091,-9702,1,1,0,0,Cleaning staff,2.0
5011531,M,N,N,0,233800.0,State servant,Secondary / secondary special,Civil marriage,House / apartment,-12145,-3354,1,0,0,0,High skill tech staff,2.0
5011532,M,N,Y,0,237600.0,Working,Higher education,Married,House / apartment,-16348,-2458,1,0,0,0,,2.0
5011533,F,N,Y,0,154300.0,Commercial associate,Secondary / secondary special,Married,House / apartment,-15780,-8886,1,0,0,0,Managers,2.0
5011534,F,N,Y,0,111900.0,Pensioner,Secondary / secondary special,Married,House / apartment,-13793,365243,1,1,0,0,,2.0
5011535,F,Y,Y,0,617100.0,Working,Higher education,Married,House / apartment,-12375,-504,1,0,1,0,,2.0
5011536,M,Y,Y,0,429800.0,Working,Secondary / secondary special,Civil marriage,House / apartment,-10702,-2868,1,1,1,0,Drivers,2.0
5011537,F,N,Y,0,121700.0,Working,Secondary / secondary special,Married,House / apartment,-23246,-12110,1,0,0,0,,2.0
5011538,F,Y,Y,0,263900.0,Pensioner,Higher education,Single / not married,Municipal apartment,-22523,365243,1,0,0,0,,1.0
5011539,F,N,Y,0,232200.0,Working,Secondary / secondary special,Married,Office apartment,-14924,-2858,1,1,0,0,,2.0
5011540,F,N,Y,0,212900.0,Working,Secondary / secondary special,Married,House / apartment,-20476,-1308,1,1,0,0,,2.0
5011541,F,Y,Y,0,199000.0,Working,Secondary / secondary special,Separated,House / apartment,-16406,-7653,1,0,0,0,Drivers,1.0
5011542,F,N,N,0,295400.0,Pensioner,Secondary / secondary special,Civil marriage,House / apartment,-8864,365243,1,1,1,0,,2.0
5011543,M,Y,N,0,367500.0,State servant,Secondary / secondary special,Married,House / apartment,-22324,-12931,1,1,1,0,Core staff,2.0
5011544,F,N,Y,0,298500.0,Working,Incomplete higher,Civil marriage,Municipal apartment,-11309,-2615,1,0,0,0,,2.0
5011545,M,Y,Y,0,229900.0,State servant,Secondary / secondary special,Married,House / apartment,-20213,-1777,1,1,1,0,,2.0
5011546,M,N,Y,0,225700.0,Working,Higher education,Married,House / apartment,-16937,-1600,1,1,1,0,Drivers,2.0
5011547,M,Y,Y,1,390000.0,Working,Secondary / secondary special,Married,With parents,-19916,-3087,1,0,0,0,Sales staff,3.0
5011548,F,N,N,0,307800.0,State servant,Higher education,Separated,House / apartment,-15910,-5899,1,0,0,0,,1.0
5011549,F,N,Y,0,253200.0,Working,Higher education,Married,House / apartment,-20136,-12757,1,1,0,0,Drivers,2.0
5011550,F,Y,Y,3,239800.0,Working,Higher education,Single / not married,House / apartment,-7904,-362,1,0,0,0,Laborers,4.0
5011551,M,N,N,0,290100.0,Working,Secondary / secondary special,Married,Rented apartment,-8051,-1129,1,1,0,0,Laborers,2.0
5011552,F,Y,Y,0,193200.0,Pensioner,Secondary / secondary special,Married,House / apartment,-23674,365243,1,0,0,0,,2.0
5011553,F,N,Y,0,368100.0,Pensioner,Secondary / secondary special,Civil marriage,With parents,-20996,365243,1,0,1,0,,2.0
5011554,F,Y,Y,1,142600.0,Pensioner,Higher education,Married,Municipal apartment,-22435,365243,1,0,1,0,,3.0
5011555,F,N,Y,0,198700.0,Commercial associate,Higher education,Married,House / apartment,-15643,-1327,1,0,1,0,Sales staff,2.0
5011556,M,Y,Y,0,331400.0,Pensioner,Secondary / secondary special,Married,House / apartment,-15699,365243,1,0,1,0,,2.0
5011557,M,N,Y,0,138600.0,Working,Higher education,Single / not married,House / apartment,-17057,-3782,1,0,0,0,Sales staff,1.0
5011558,F,Y,Y,0,111200.0,Commercial associate,Higher education,Married,House / apartment,-11755,-3477,1,0,0,0,Laborers,2.0
5011559,M,N,N,0,252000.0,Commercial associate,Secondary / secondary special,Married,House / apartment,-20701,-10366,1,1,0,0,Core staff,2.0
5011560,F,Y,Y,1,104500.0,Working,Secondary / secondary special,Married,With parents,-22453,-11374,1,0,0,0,Laborers,3.0
5011561,F,N,N,0,127500.0,Working,Higher education,Separated,House / apartment,-23873,-886,1,0,0,0,Core staff,1.0
5011562,F,N,Y,0,356400.0,Working,Secondary / secondary special,Married,House / apartment,-16747,-3219,1,1,0,0,Laborers,2.0
5011563,M,Y,Y,0,220400.0,Commercial associate,Higher education,Single / not married,House / apartment,-14876,-4783,1,0,0,1,Laborers,1.0
5011564,M,N,Y,0,464300.0,Working,Higher education,Single / not married,House / apartment,-22480,-13472,1,0,1,0,Laborers,1.0
5011565,M,Y,Y,1,133700.0,Working,Secondary / secondary special,Married,House / apartment,-21051,-3160,1,0,1,1,Core staff,3.0
5011566,F,Y,Y,0,232900.0,Working,Secondary / secondary special,Married,House / apartment,-23144,365243,1,1,0,0,,2.0
5011567,F,N,Y,0,298100.0,Working,Secondary / secondary special,Married,House / apartment,-19280,-389,1,0,0,0,,2.0
5011568,M,N,N,0,136000.0,Commercial associate,Higher education,Married,House / apartment,-23437,-10707,1,0,0,0,,2.0
5011569,F,N,Y,0,408900.0,Working,Secondary / secondary special,Married,House / apartment,-8931,-193,1,0,0,0,Managers,2.0
5011570,F,Y,Y,0,315200.0,Working,Secondary / secondary special,Single / not married,House / apartment,-19715,-13100,1,0,1,0,Laborers,1.0
5011571,M,Y,N,1,109200.0,Commercial associate,Higher education,Married,House / apartment,-8927,-255,1,0,0,0,Core staff,3.0
5011572,F,Y,Y,0,239600.0,Pensioner,Secondary / secondary special,Married,House / apartment,-20982,365243,1,0,0,0,,2.0
5011573,F,N,Y,1,296100.0,Working,Secondary / secondary special,Married,With parents,-18782,-6582,1,1,0,0,Core staff,3.0
5011574,M,N,N,1,181800.0,Working,Secondary / secondary special,Married,House / apartment,-7597,-589,1,1,0,0,Core staff,3.0
5011575,M,N,Y,1,116500.0,State servant,Secondary / secondary special,Married,House / apartment,-18249,-11353,1,1,1,0,Laborers,3.0
5011576,F,Y,Y,0,280600.0,Working,Secondary / secondary special,Single / not married,House / apartment,-9976,-887,1,0,0,0,Managers,1.0
5011577,F,Y,Y,0,737500.0,State servant,Secondary / secondary special,Married,Office apartment,-9906,-1317,1,0,1,0,,2.0
5011578,F,Y,Y,2,201200.0,Working,Incomplete higher,Married,Municipal apartment,-10053,-1234,1,0,0,0,High skill tech staff,4.0
5011579,F,Y,Y,1,535000.0,Working,Secondary / secondary special,Single / not married,House / apartment,-16141,-2054,1,0,0,0,Laborers,2.0
5011580,M,Y,Y,1,167600.0,Working,Secondary / secondary special,Married,House / apartment,-9415,-2696,1,0,0,0,Laborers,3.0
5011581,M,N,N,0,271900.0,Working,Secondary / secondary special,Single / not married,House / apartment,-9600,-909,1,1,1,0,Laborers,1.0
5011582,F,N,N,0,359100.0,Pensioner,Secondary / secondary special,Married,House / apartment,-11983,365243,1,0,0,0,,2.0
5011583,M,N,Y,1,243100.0,State servant,Secondary / secondary special,Single / not married,House / apartment,-7321,365243,1,1,1,0,,2.0
5011584,M,N,Y,0,210400.0,State servant,Secondary / secondary special,Married,House / apartment,-12342,-4598,1,0,0,0,Laborers,2.0
5011585,F,Y,N,0,351000.0,Pensioner,Higher education,Married,House / apartment,-18599,365243,1,0,0,0,,2.0
5011586,F,N,Y,0,628600.0,Pensioner,Secondary / secondary special,Married,House / apartment,-18291,365243,1,0,0,1,,2.0
5011587,F,Y,Y,0,283700.0,Commercial associate,Secondary / secondary special,Married,House / apartment,-25011,-8094,1,0,0,0,Laborers,2.0
5011588,F,N,Y,0,188600.0,Pensioner,Secondary / secondary special,Single / not married,House / apartment,-9490,365243,1,0,1,0,,1.0
5011589,M,N,N,0,222000.0,Working,Secondary / secondary special,Married,House / apartment,-23112,-5414,1,0,0,0,Laborers,2.0
5011590,F,Y,Y,0,860500.0,Working,Secondary / secondary special,Married,With parents,-14449,-3373,1,0,0,0,,2.0
5011591,M,N,N,0,261200.0,Commercial associate,Secondary / secondary special,Married,House / apartment,-14373,-6158,1,0,0,0,Managers,2.0
5011592,F,Y,Y,0,181400.0,Pensioner,Secondary / secondary special,Married,Rented apartment,-13675,365243,1,0,0,0,,2.0
5011593,F,N,Y,0,137700.0,Commercial associate,Secondary / secondary special,Married,House / apartment,-9583,-563,1,0,0,0,Managers,2.0
5011594,F,N,Y,1,98000.0,Pensioner,Secondary / secondary special,Married,House / apartment,-16044,365243,1,0,0,0,,3.0
5011595,F,Y,Y,0,292800.0,Working,Secondary / secondary special,Married,House / apartment,-21684,-12826,1,0,1,0,Laborers,2.0
5011596,F,N,N,0,338700.0,Commercial associate,Secondary / secondary special,Married,House / apartment,-23293,-11063,1,0,1,0,Laborers,2.0
5011597,M,N,N,1,200200.0,State servant,Secondary / secondary special,Separated,House / apartment,-24889,-1091,1,0,0,0,Core staff,2.0
5011598,F,N,Y,2,242300.0,Working,Higher education,Married,House / apartment,-21646,-6055,1,0,0,0,Accountants,4.0
5011599,F,Y,N,0,136000.0,Pensioner,Higher education,Married,House / apartment,-18684,365243,1,0,0,0,,2.0
5011600,M,N,N,0,260900.0,Working,Incomplete higher,Married,House / apartment,-16391,-8792,1,0,0,0,Accountants,2.0
5011601,F,Y,Y,0,310600.0,Commercial associate,Secondary / secondary special,Civil marriage,House / apartment,-23283,-10479,1,0,0,0,Medicine staff,2.0
5011602,F,Y,Y,0,186800.0,Pensioner,Secondary / secondary special,Married,House / apartment,-20810,365243,1,1,0,0,,2.0
5011603,M,Y,Y,1,568500.0,Working,Secondary / secondary special,Married,House / apartment,-10250,-1954,1,0,1,0,Sales staff,3.0
5011604,F,Y,Y,2,160600.0,Working,Higher education,Married,House / apartment,-19770,-10333,1,0,1,0,Sales staff,4.0
5011605,F,Y,Y,2,281300.0,Working,Secondary / secondary special,Married,House / apartment,-15177,-729,1,1,0,0,Laborers,4.0
5011606,F,N,Y,0,373100.0,Working,Secondary / secondary special,Married,House / apartment,-18186,-7462,1,0,0,0,Medicine staff,2.0
5011607,F,Y,Y,0,234900.0,Working,Secondary / secondary special,Single / not married,Municipal apartment,-23711,-12967,1,0,0,0,Core staff,1.0
5011608,F,Y,N,2,222200.0,Working,Secondary / secondary special,Married,House / apartment,-19223,-5956,1,0,0,0,,4.0
5011609,F,Y,N,0,119500.0,Pensioner,Secondary / secondary special,Married,House / apartment,-24448,365243,1,1,0,0,,2.0
5011610,F,N,Y,0,481200.0,Working,Secondary / secondary special,Civil marriage,House / apartment,-23127,-12045,1,0,0,0,Medicine staff,2.0
5011611,M,N,Y,1,224300.0,Working,Secondary / secondary special,Married,House / apartment,-9659,-1356,1,0,1,0,Core staff,3.0
5011612,F,Y,Y,0,319400.0,State servant,Higher education,Married,House / apartment,-7518,-691,1,0,0,0,Sales staff,2.0
5011613,F,Y,Y,0,341700.0,Pensioner,Higher education,Married,House / apartment,-14325,365243,1,1,0,0,,2.0
5011614,M,Y,Y,1,178300.0,Commercial associate,Secondary / secondary special,Widow,House / apartment,-23108,-1437,1,0,1,0,Laborers,2.0
5011615,F,Y,Y,0,221200.0,Commercial associate,Secondary / secondary special,Married,House / apartment,-11508,-1654,1,0,0,0,,2.0
5011616,F,Y,Y,0,475800.0,Working,Secondary / secondary special,Married,House / apartment,-19932,-7590,1,0,1,0,,2.0
5011617,M,N,Y,0,139600.0,Working,Secondary / secondary special,Married,House / apartment,-15998,-4994,1,0,0,0,Cleaning staff,2.0
5011618,F,Y,Y,0,707500.0,Working,Secondary / secondary special,Married,House / apartment,-20930,-11146,1,0,0,0,Drivers,2.0
5011619,F,N,Y,0,168200.0,Pensioner,Secondary / secondary special,Married,House / apartment,-10318,365243,1,0,1,1,,2.0
5011620,F,Y,N,0,135400.0,Working,Higher education,Civil marriage,House / apartment,-11671,-2452,1,0,0,0,Core staff,2.0
5011621,M,N,N,0,260800.0,Commercial associate,Secondary / secondary special,Married,House / apartment,-11734,-3450,1,1,1,0,Core staff,2.0
5011622,M,N,Y,1,736500.0,Working,Secondary / secondary special,Single / not married,House / apartment,-17321,-3782,1,0,0,0,,2.0
5011623,F,N,Y,0,93900.0,Working,Secondary / secondary special,Married,House / apartment,-12594,-1007,1,1,1,1,Cooking staff,2.0
5011624,F,Y,Y,1,227500.0,Commercial associate,Secondary / secondary special,Separated,House / apartment,-22129,-12228,1,1,0,0,Laborers,2.0
5011625,M,Y,Y,0,309800.0,Pensioner,Higher education,Widow,House / apartment,-13638,365243,1,0,0,0,,1.0
5011626,F,N,Y,0,248300.0,Working,Secondary / secondary special,Married,House / apartment,-19374,-1524,1,1,0,0,,2.0
5011627,M,N,Y,0,295500.0,Working,Secondary / secondary special,Married,House / apartment,-24627,-17016,1,1,0,0,Core staff,2.0
5011628,M,N,N,0,170500.0,Working,Secondary / secondary special,Single / not married,With parents,-18389,-6821,1,1,1,0,,1.0
5011629,F,N,Y,1,180900.0,Working,Secondary / secondary special,Married,House / apartment,-11727,-2549,1,0,0,0,Sales staff,3.0
5011630,F,N,N,0,226700.0,Commercial associate,Secondary / secondary special,Married,House / apartment,-22471,-9590,1,1,0,0,IT staff,2.0
5011631,M,Y,Y,0,138800.0,Working,Secondary / secondary special,Widow,House / apartment,-7534,-552,1,0,0,0,Core staff,1.0
5011632,F,N,Y,0,238700.0,Working,Secondary / secondary special,Married,House / apartment,-11990,-2922,1,0,0,0,Managers,2.0
5011633,M,Y,Y,0,201000.0,Pensioner,Secondary / secondary special,Married,House / apartment,-14382,365243,1,0,1,0,,2.0
5011634,F,Y,Y,0,193000.0,Commercial associate,Higher education,Civil marriage,House / apartment,-10884,-3724,1,1,0,0,Core staff,2.0
5011635,F,N,Y,0,286600.0,Working,Secondary / secondary special,Married,House / apartment,-18336,-4870,1,0,0,0,Core staff,2.0
5011636,M,Y,Y,0,98200.0,Working,Secondary / secondary special,Married,House / apartment,-17495,-4236,1,0,0,0,High skill tech staff,2.0
5011637,M,N,Y,0,217700.0,Working,Higher education,Married,House / apartment,-14729,-4627,1,0,0,1,,2.0
5011638,F,Y,Y,0,777700.0,Working,Secondary / secondary special,Married,House / apartment,-12681,-2766,1,0,0,0,Laborers,2.0
5011639,F,N,Y,0,141800.0,Commercial associate,Lower secondary,Separated,House / apartment,-15229,-7900,1,0,1,0,Laborers,1.0
5011640,F,N,N,0,464300.0,Commercial associate,Secondary / secondary special,Separated,House / apartment,-12623,-2759,1,0,0,0,,1.0
5011641,M,N,Y,0,250900.0,Working,Secondary / secondary special,Married,House / apartment,-11346,-2333,1,0,0,0,Laborers,2.0
5011642,F,Y,Y,1,180600.0,Commercial associate,Secondary / secondary special,Civil marriage,House / apartment,-13720,-3707,1,0,1,0,,3.0
5011643,F,N,Y,1,126100.0,Working,Higher education,Married,House / apartment,-18305,-7788,1,0,1,0,Sales staff,3.0
5011644,F,N,N,1,261800.0,Working,Secondary / secondary special,Married,House / apartment,-19146,-8746,1,0,1,0,Core staff,3.0
5011645,F,N,Y,0,504900.0,Pensioner,Secondary / secondary special,Married,With parents,-12735,365243,1,1,1,0,,2.0
5011646,F,Y,Y,2,201000.0,Working,Secondary / secondary special,Married,House / apartment,-24607,-13677,1,0,0,0,Sales staff,4.0
5011647,F,N,Y,0,234400.0,Working,Higher education,Married,House / apartment,-12089,-1331,1,0,0,0,,2.0
5011648,F,N,Y,3,404600.0,Pensioner,Secondary / secondary special,Married,House / apartment,-20310,365243,1,0,0,0,,5.0
5011649,F,N,Y,0,289500.0,Working,Higher education,Married,House / apartment,-8793,-822,1,0,0,0,Sales staff,2.0
5011650,F,N,N,0,111200.0,Working,Secondary / secondary special,Married,House / apartment,-19447,-6664,1,0,0,0,Security staff,2.0
5011651,M,N,N,0,256500.0,Commercial associate,Secondary / secondary special,Widow,House / apartment,-15705,365243,1,0,1,0,,1.0
5011652,F,Y,Y,0,520000.0,Commercial associate,Secondary / secondary special,Widow,House / apartment,-17698,-5712,1,0,0,0,,1.0
5011653,F,Y,Y,1,239700.0,Pensioner,Secondary / secondary special,Civil marriage,House / apartment,-10667,365243,1,0,0,0,,3.0
5011654,F,Y,Y,1,62000.0,Working,Higher education,Married,House / apartment,-15223,-177,1,1,0,0,Drivers,3.0
5011655,M,N,Y,3,296400.0,Working,Secondary / secondary special,Married,House / apartment,-21299,-2379,1,0,0,0,Sales staff,5.0
5011656,M,N,N,0,221100.0,Working,Higher education,Married,House / apartment,-21314,-11343,1,1,0,0,,2.0
5011657,F,Y,Y,0,97800.0,Commercial associate,Secondary / secondary special,Married,House / apartment,-11643,-3537,1,0,1,1,Cooking staff,2.0
5011658,M,N,Y,0,105400.0,Working,Secondary / secondary special,Married,House / apartment,-13744,-4457,1,0,1,0,,2.0
5011659,F,N,Y,4,397500.0,Commercial associate,Higher education,Married,House / apartment,-7375,-163,1,0,0,0,,6.0
5011660,M,N,N,0,169300.0,Working,Secondary / secondary special,Married,House / apartment,-8948,-867,1,1,0,0,Sales staff,2.0
5011661,M,Y,Y,1,155100.0,Working,Secondary / secondary special,Single / not married,Rented apartment,-9619,-2089,1,0,0,0,,2.0
5011662,M,Y,Y,0,239800.0,Working,Secondary / secondary special,Single / not married,Rented apartment,-12668,-3839,1,0,0,0,Sales staff,1.0
5011663,M,Y,Y,0,176900.0,State servant,Secondary / secondary special,Married,House / apartment,-21167,-11632,1,0,1,1,Laborers,2.0
5011664,F,Y,Y,2,256700.0,Pensioner,Higher education,Married,House / apartment,-16623,365243,1,0,1,0,,4.0
5011665,M,Y,N,0,220600.0,State servant,Higher education,Married,House / apartment,-21780,-12362,1,0,0,1,Laborers,2.0
5011666,F,Y,Y,0,134000.0,Working,Higher education,Married,House / apartment,-21091,-2236,1,0,1,0,,2.0
5011667,F,N,Y,0,189100.0,Working,Higher education,Married,House / apartment,-18028,-11265,1,1,1,0,,2.0
5011668,F,Y,Y,1,304600.0,Working,Secondary / secondary special,Single / not married,House / apartment,-16434,-1718,1,0,0,0,Laborers,2.0
5011669,F,N,N,0,249300.0,Commercial associate,Secondary / secondary special,Married,House / apartment,-24313,-6600,1,0,1,0,Sales staff,2.0
5011670,F,Y,Y,0,234300.0,Working,Higher education,Married,House / apartment,-17701,-1206,1,0,0,0,High skill tech staff,2.0
5011671,F,Y,Y,0,643200.0,Working,Secondary / secondary special,Married,House / apartment,-16123,-7513,1,0,1,0,Laborers,2.0
5011672,M,Y,Y,0,351900.0,Working,Secondary / secondary special,Married,House / apartment,-23177,-1122,1,1,1,0,,2.0
5011673,F,Y,Y,0,373900.0,Working,Higher education,Married,House / apartment,-8610,-646,1,1,0,1,Accountants,2.0
5011674,F,N,N,0,224700.0,Working,Secondary / secondary special,Married,House / apartment,-19286,-1618,1,0,1,0,,2.0
5011675,F,Y,N,2,272500.0,Working,Secondary / secondary special,Married,House / apartment,-9369,-2742,1,0,0,0,,4.0
5011676,F,N,Y,2,196800.0,Working,Higher education,Single / not married,House / apartment,-22277,-1425,1,0,1,0,Laborers,3.0
5011677,F,N,Y,0,360100.0,Working,Secondary / secondary special,Married,Municipal apartment,-21781,-9650,1,0,0,0,Laborers,2.0
5011678,F,N,N,1,231000.0,Commercial associate,Higher education,Married,House / apartment,-16502,-2599,1,0,0,0,Laborers,3.0
5011679,F,N,Y,0,272800.0,Commercial associate,Secondary / secondary special,Married,With parents,-19377,-10286,1,0,0,0,Managers,2.0
5011680,F,N,Y,0,264500.0,Working,Secondary / secondary special,Married,House / apartment,-21415,-8071,1,1,0,0,Sales staff,2.0
5011681,M,Y,Y,0,241900.0,Pensioner,Secondary / secondary special,Married,With parents,-16131,365243,1,0,0,0,,2.0
5011682,F,N,Y,0,1060800.0,Working,Higher education,Married,House / apartment,-23850,-11820,1,1,0,0,,2.0
5011683,M,Y,Y,0,174900.0,Working,Secondary / secondary special,Single / not married,House / apartment,-15286,-1486,1,0,0,0,,1.0
5011684,M,Y,N,0,174100.0,Commercial associate,Secondary / secondary special,Married,House / apartment,-23596,-5816,1,0,0,0,Sales staff,2.0
5011685,F,N,N,1,345400.0,State servant,Secondary / secondary special,Married,House / apartment,-17947,-884,1,0,1,0,,3.0
5011686,M,N,Y,0,181300.0,Commercial associate,Secondary / secondary special,Married,House / apartment,-15089,-795,1,0,0,0,,2.0
5011687,M,N,Y,0,211000.0,Working,Secondary / secondary special,Single / not married,House / apartment,-7380,-500,1,0,0,0,,1.0
5011688,M,Y,Y,0,141800.0,Working,Secondary / secondary special,Married,With parents,-12703,-1505,1,0,0,0,,2.0
5011689,F,N,Y,0,312200.0,Working,Secondary / secondary special,Married,House / apartment,-23155,-15991,1,0,0,0,Managers,2.0
5011690,F,Y,Y,0,314100.0,Working,Secondary / secondary special,Married,House / apartment,-15134,-825,1,0,1,0,Sales staff,2.0
5011691,F,Y,Y,0,208500.0,Working,Secondary / secondary special,Married,House / apartment,-15002,-3085,1,1,0,0,Laborers,2.0
5011692,F,Y,N,1,349000.0,Working,Secondary / secondary special,Married,House / apartment,-16243,-9606,1,0,0,0,Managers,3.0
5011693,F,N,N,1,96400.0,Working,Secondary / secondary special,Married,House / apartment,-12534,-2893,1,1,0,0,,3.0
5011694,M,Y,Y,0,171400.0,Commercial associate,Secondary / secondary special,Married,House / apartment,-16282,-1860,1,0,0,0,,2.0
5011695,F,N,Y,0,224200.0,Commercial associate,Secondary / secondary special,Single / not married,House / apartment,-14167,-3699,1,0,0,0,Laborers,1.0
5011696,F,N,Y,2,135900.0,Working,Lower secondary,Married,Rented apartment,-23914,-429,1,1,0,0,Sales staff,4.0
5011697,F,N,N,0,101800.0,Pensioner,Secondary / secondary special,Married,House / apartment,-17604,365243,1,1,0,0,,2.0
5011698,M,N,Y,0,209300.0,Commercial associate,Secondary / secondary special,Married,House / apartment,-22539,-8665,1,1,0,1,Managers,2.0
5011699,F,N,Y,0,345400.0,Working,Secondary / secondary special,Married,House / apartment,-19849,365243,1,1,1,0,,2.0
5011700,F,N,Y,0,463500.0,Working,Higher education,Married,House / apartment,-11188,-329,1,0,1,0,Laborers,2.0
5011701,M,N,N,1,185700.0,Commercial associate,Higher education,Single / not married,House / apartment,-23151,-11628,1,0,0,0,Sales staff,2.0
5011702,F,Y,N,0,352200.0,Working,Secondary / secondary special,Married,House / apartment,-8899,-795,1,0,0,0,Managers,2.0
5011703,M,N,Y,0,335600.0,Pensioner,Higher education,Single / not married,House / apartment,-15498,365243,1,1,0,0,,1.0
5011704,M,N,N,0,449000.0,Working,Secondary / secondary special,Married,House / apartment,-11673,-468,1,1,0,1,Sales staff,2.0
5011705,F,Y,Y,0,204900.0,Working,Secondary / secondary special,Single / not married,House / apartment,-17122,-8547,1,1,1,0,,1.0
5011706,M,Y,Y,2,99300.0,State servant,Secondary / secondary special,Married,With parents,-12785,-6061,1,0,1,0,Core staff,4.0
5011707,F,N,N,0,252900.0,State servant,Secondary / secondary special,Married,House / apartment,-20506,-11188,1,0,0,0,Core staff,2.0
5011708,F,Y,N,0,147100.0,Working,Secondary / secondary special,Married,House / apartment,-24415,-16126,1,1,0,0,Laborers,2.0
5011709,M,N,Y,2,170000.0,Commercial associate,Secondary / secondary special,Married,House / apartment,-20255,-10778,1,0,0,0,Managers,4.0
5011710,F,Y,Y,0,210000.0,Working,Secondary / secondary special,Married,House / apartment,-13794,-1308,1,0,0,0,Accountants,2.0
5011711,M,N,N,0,206100.0,Commercial associate,Higher education,Married,House / apartment,-18264,-10472,1,1,0,0,High skill tech staff,2.0
5011712,M,Y,N,0,262000.0,Pensioner,Secondary / secondary special,Widow,House / apartment,-23532,365243,1,0,1,0,,1.0
5011713,M,N,N,0,347000.0,Working,Secondary / secondary special,Civil marriage,House / apartment,-12236,-1773,1,0,1,0,Core staff,2.0
5011714,M,N,Y,0,203100.0,Working,Secondary / secondary special,Civil marriage,House / apartment,-9464,-547,1,1,0,0,,2.0
5011715,M,N,N,0,297500.0,Working,Secondary / secondary special,Married,House / apartment,-9693,-334,1,1,0,0,,2.0
5011716,F,N,N,0,245900.0,Working,Secondary / secondary special,Single / not married,House / apartment,-16342,-5872,1,0,0,0,,1.0
5011717,F,Y,Y,2,389700.0,Working,Secondary / secondary special,Married,House / apartment,-20676,-11814,1,0,1,1,Managers,4.0
5011718,M,Y,N,0,222200.0,Pensioner,Secondary / secondary special,Married,House / apartment,-19308,365243,1,1,0,0,,2.0
5011719,F,Y,Y,0,234700.0,Working,Secondary / secondary special,Married,House / apartment,-15594,-2744,1,1,0,0,Sales staff,2.0
5011720,F,N,Y,0,202500.0,Working,Higher education,Married,House / apartment,-20624,-2431,1,0,0,0,,2.0
5011721,F,Y,Y,1,225100.0,Pensioner,Secondary / secondary special,Married,House / apartment,-18883,365243,1,1,0,0,,3.0
5011722,F,Y,Y,0,165000.0,Working,Secondary / secondary special,Married,House / apartment,-18778,-1344,1,0,0,0,,2.0
5011723,M,N,Y,1,157000.0,Working,Secondary / secondary special,Married,Rented apartment,-11001,-749,1,0,0,0,Security staff,3.0
5011724,M,N,N,0,359800.0,Working,Incomplete higher,Single / not married,House / apartment,-13014,-4510,1,1,1,0,,1.0
5011725,F,N,Y,2,142000.0,Commercial associate,Secondary / secondary special,Separated,House / apartment,-13595,-611,1,0,0,0,Core staff,3.0
5011726,F,Y,Y,0,208100.0,Working,Secondary / secondary special,Married,House / apartment,-22065,-13644,1,0,0,0,,2.0
5011727,M,Y,N,0,405600.0,Pensioner,Secondary / secondary special,Married,House / apartment,-21460,365243,1,0,1,0,,2.0
5011728,F,N,Y,0,204700.0,Working,Secondary / secondary special,Single / not married,House / apartment,-11919,-5340,1,0,1,0,High skill tech staff,1.0
5011729,F,Y,Y,1,369500.0,Commercial associate,Secondary / secondary special,Married,House / apartment,-8312,-368,1,1,0,0,Laborers,3.0
5011730,F,N,Y,0,181700.0,Commercial associate,Secondary / secondary special,Separated,House / apartment,-21327,-127,1,0,0,0,Sales staff,1.0
5011731,F,N,Y,0,144300.0,Commercial associate,Secondary / secondary special,Civil marriage,House / apartment,-14790,-2206,1,0,0,0,Managers,2.0
5011732,F,N,Y,0,110000.0,Working,Secondary / secondary special,Married,House / apartment,-11319,-2959,1,0,1,0,Laborers,2.0
5011733,F,Y,N,1,470600.0,Working,Secondary / secondary special,Married,House / apartment,-9442,-717,1,0,1,0,Sales staff,3.0
5011734,F,N,Y,1,138300.0,Pensioner,Higher education,Widow,House / apartment,-7539,365243,1,0,0,0,,2.0
5011735,F,N,N,0,354700.0,Working,Secondary / secondary special,Separated,House / apartment,-15116,-1005,1,0,1,0,Laborers,1.0
5011736,M,N,Y,0,148100.0,Working,Higher education,Married,House / apartment,-13510,-6376,1,0,0,0,Laborers,2.0
5011737,F,Y,Y,0,471700.0,Commercial associate,Secondary / secondary special,Married,House / apartment,-20024,-1570,1,1,0,0,,2.0
5011738,F,Y,Y,1,735900.0,Pensioner,Secondary / secondary special,Married,House / apartment,-25141,365243,1,0,0,0,,3.0
5011739,M,Y,N,1,105100.0,Working,Secondary / secondary special,Married,House / apartment,-11081,-209,1,0,0,0,Managers,3.0
5011740,F,N,Y,0,141900.0,Commercial associate,Secondary / secondary special,Separated,House / apartment,-11743,-983,1,1,0,0,Laborers,1.0
5011741,F,N,Y,0,359300.0,Commercial associate,Secondary / secondary special,Single / not married,House / apartment,-13465,-1712,1,0,0,0,Sales staff,1.0
5011742,F,Y,Y,2,315500.0,Working,Higher education,Married,House / apartment,-15814,-4816,1,0,0,0,Core staff,4.0
5011743,M,N,Y,1,360000.0,Commercial associate,Secondary / secondary special,Married,House / apartment,-20047,-12745,1,0,0,0,Laborers,3.0
5011744,M,Y,Y,0,183200.0,Pensioner,Higher education,Single / not married,Municipal apartment,-13734,365243,1,0,0,0,,1.0
5011745,F,N,Y,0,659500.0,State servant,Secondary / secondary special,Married,House / apartment,-9208,-935,1,0,1,0,Security staff,2.0
5011746,M,N,Y,0,259000.0,Working,Secondary / secondary special,Married,House / apartment,-20643,-8929,1,0,0,0,,2.0
5011747,F,Y,N,0,132900.0,Commercial associate,Higher education,Married,House / apartment,-21817,-11655,1,1,1,1,HR staff,2.0
5011748,F,Y,Y,0,215100.0,Working,Secondary / secondary special,Married,House / apartment,-11828,-4693,1,0,0,0,Laborers,2.0
5011749,M,Y,Y,0,133700.0,Working,Secondary / secondary special,Single / not married,House / apartment,-9803,-413,1,0,1,0,Laborers,1.0
5011750,F,N,Y,0,540900.0,Commercial associate,Secondary / secondary special,Civil marriage,House / apartment,-16944,-3000,1,0,0,0,,2.0
5011751,F,N,Y,0,175500.0,Working,Secondary / secondary special,Married,House / apartment,-11109,-1362,1,0,0,0,Managers,2.0
5011752,F,N,N,0,312300.0,Working,Higher education,Married,House / apartment,-14138,-5813,1,1,0,0,Laborers,2.0
5011753,F,Y,Y,0,192900.0,Working,Secondary / secondary special,Married,House / apartment,-21502,-3463,1,1,0,0,,2.0
5011754,F,N,Y,1,179500.0,Working,Secondary / secondary special,Married,House / apartment,-11316,-2038,1,0,0,0,Managers,3.0
5011755,F,Y,N,0,93900.0,Working,Higher education,Single / not married,House / apartment,-22029,-1194,1,1,0,0,Core staff,1.0
5011756,F,N,Y,0,329200.0,Working,Higher education,Married,House / apartment,-19614,-12032,1,1,1,0,Drivers,2.0
5011757,F,Y,Y,0,467500.0,Commercial associate,Secondary / secondary special,Separated,House / apartment,-11318,-286,1,0,1,0,Drivers,1.0
5011758,F,N,Y,1,154400.0,Working,Secondary / secondary special,Married,House / apartment,-16918,-1152,1,0,0,0,Laborers,3.0
5011759,F,N,N,1,112700.0,Commercial associate,Secondary / secondary special,Married,House / apartment,-18519,-9697,1,1,1,1,Private service staff,3.0
5011760,F,N,N,0,364800.0,Pensioner,Secondary / secondary special,Married,House / apartment,-10963,365243,1,1,0,0,,2.0
5011761,F,N,N,2,107200.0,Working,Secondary / secondary special,Married,House / apartment,-9952,-959,1,1,1,0,Managers,4.0
5011762,M,Y,Y,0,449200.0,Working,Secondary / secondary special,Married,House / apartment,-17005,-9117,1,0,0,0,,2.0
5011763,F,Y,N,2,155300.0,Commercial associate,Secondary / secondary special,Married,House / apartment,-19976,-10431,1,0,0,0,Managers,4.0
5011764,M,N,Y,0,140600.0,Commercial associate,Secondary / secondary special,Married,House / apartment,-15798,-6239,1,1,0,0,IT staff,2.0
5011765,M,Y,Y,0,276400.0,Working,Secondary / secondary special,Widow,House / apartment,-8584,-53,1,0,0,1,Laborers,1.0
5011766,M,Y,N,0,145300.0,Commercial associate,Secondary / secondary special,Married,House / apartment,-24202,-13171,1,0,0,0,Core staff,2.0
5011767,F,N,Y,0,171400.0,Working,Secondary / secondary special,Married,House / apartment,-19997,-1781,1,1,0,0,Sales staff,2.0
5011768,F,N,Y,0,291400.0,Working,Secondary / secondary special,Married,House / apartment,-18650,-949,1,0,1,0,,2.0
5011769,F,Y,Y,1,72500.0,Commercial associate,Secondary / secondary special,Married,House / apartment,-19059,-10704,1,0,0,0,Laborers,3.0
5011770,F,Y,Y,1,555000.0,Working,Secondary / secondary special,Married,House / apartment,-14585,-167,1,0,0,0,Core staff,3.0
5011771,F,Y,N,0,249500.0,Working,Secondary / secondary special,Married,Municipal apartment,-25283,-11681,1,0,0,0,Core staff,2.0
5011772,F,N,Y,0,127900.0,Commercial associate,Secondary / secondary special,Married,House / apartment,-9728,-2645,1,1,0,0,Drivers,2.0
5011773,F,N,Y,0,146800.0,Commercial associate,Secondary / secondary special,Married,House / apartment,-20804,-5947,1,1,0,0,,2.0
5011774,F,N,Y,0,400800.0,Working,Higher education,Married,House / apartment,-14991,-6944,1,0,0,0,Drivers,2.0
5011775,M,N,N,0,329700.0,State servant,Higher education,Married,House / apartment,-23396,-12591,1,0,0,0,,2.0
5011776,F,Y,N,0,488400.0,Commercial associate,Secondary / secondary special,Civil marriage,House / apartment,-20404,-9134,1,0,0,0,Laborers,2.0
5011777,F,N,Y,1,173500.0,Working,Secondary / secondary special,Civil marriage,Municipal apartment,-17573,-2711,1,0,0,0,,3.0
5011778,F,N,N,0,283200.0,Working,Higher education,Single / not married,House / apartment,-24430,-10541,1,0,0,0,Sales staff,1.0
5011779,M,Y,N,0,302200.0,Commercial associate,Higher education,Married,House / apartment,-23968,-2339,1,1,0,0,,2.0
5011780,F,N,Y,0,345600.0,Pensioner,Incomplete higher,Widow,House / apartment,-8261,365243,1,1,0,0,,1.0
5011781,M,N,Y,0,429000.0,Working,Secondary / secondary special,Separated,House / apartment,-10822,-158,1,1,1,0,,1.0
5011782,F,N,Y,0,170600.0,Commercial associate,Higher education,Single / not married,House / apartment,-19651,-4196,1,1,0,0,,1.0
5011783,F,N,N,1,230600.0,Working,Secondary / secondary special,Married,House / apartment,-24140,-16956,1,0,0,0,,3.0
5011784,F,Y,Y,0,179900.0,Working,Secondary / secondary special,Married,House / apartment,-15164,-1451,1,0,0,0,,2.0
5011785,M,Y,Y,0,237800.0,Working,Secondary / secondary special,Single / not married,House / apartment,-8005,-606,1,1,1,0,,1.0
5011786,F,N,Y,1,346200.0,Commercial associate,Secondary / secondary special,Civil marriage,House / apartment,-19053,-12047,1,0,0,0,,3.0
5011787,F,Y,N,0,106800.0,Working,Secondary / secondary special,Married,House / apartment,-10860,-3486,1,0,0,0,Cleaning staff,2.0
5011788,F,N,Y,1,425100.0,Working,Secondary / secondary special,Married,House / apartment,-17392,-7148,1,1,0,0,Laborers,3.0
5011789,F,N,N,0,138100.0,Working,Higher education,Married,House / apartment,-14330,-6999,1,0,0,0,,2.0
5011790,M,N,N,0,209400.0,Pensioner,Secondary / secondary special,Married,House / apartment,-17496,365243,1,1,0,0,,2.0
5011791,F,N,Y,1,454700.0,Commercial associate,Higher education,Single / not married,House / apartment,-24334,-16017,1,0,0,0,,2.0
5011792,F,N,Y,1,287600.0,Working,Secondary / secondary special,Married,House / apartment,-16177,-2574,1,0,0,0,,3.0
5011793,F,N,Y,0,289300.0,Pensioner,Secondary / secondary special,Married,House / apartment,-7936,365243,1,0,0,0,,2.0
5011794,M,N,N,0,135300.0,Working,Secondary / secondary special,Single / not married,House / apartment,-17914,-3185,1,1,0,0,IT staff,1.0
5011795,F,Y,Y,1,144800.0,Working,Secondary / secondary special,Married,House / apartment,-13254,-5453,1,1,0,0,Sales staff,3.0
5011796,F,Y,Y,0,390900.0,Working,Higher education,Married,House / apartment,-21516,-2736,1,0,0,0,Laborers,2.0
5011797,F,Y,Y,0,181800.0,Working,Secondary / secondary special,Single / not married,House / apartment,-15887,-4145,1,1,1,0,Managers,1.0
5011798,M,Y,Y,1,190600.0,Working,Secondary / secondary special,Married,House / apartment,-20844,-13175,1,0,0,0,Sales staff,3.0
5011799,F,Y,N,0,395300.0,Commercial associate,Secondary / secondary special,Married,House / apartment,-23902,-767,1,0,0,0,Sales staff,2.0
5011800,M,Y,Y,1,144400.0,Commercial associate,Secondary / secondary special,Single / not married,House / apartment,-13921,-6706,1,0,0,0,Core staff,2.0
5011801,M,N,N,1,279300.0,Commercial associate,Secondary / secondary special,Single / not married,House / apartment,-25374,-10870,1,0,1,1,,2.0
5011802,M,N,Y,0,249400.0,Commercial associate,Secondary / secondary special,Civil marriage,House / apartment,-10041,-2553,1,0,1,0,,2.0
5011803,F,Y,Y,1,243800.0,Commercial associate,Secondary / secondary special,Married,House / apartment,-19065,-7445,1,1,0,0,Managers,3.0
5011804,F,N,N,0,188400.0,Working,Secondary / secondary special,Married,House / apartment,-7940,365243,1,0,1,0,,2.0
5011805,F,N,Y,0,182700.0,Commercial associate,Secondary / secondary special,Civil marriage,House / apartment,-11196,-749,1,0,0,0,Sales staff,2.0
5011806,M,Y,N,0,142400.0,Commercial associate,Secondary / secondary special,Married,House / apartment,-18879,-10587,1,0,1,0,Laborers,2.0
5011807,F,N,Y,1,310800.0,State servant,Secondary / secondary special,Married,House / apartment,-8149,-1188,1,0,1,0,Managers,3.0
5011808,F,N,Y,1,174800.0,Working,Higher education,Married,Office apartment,-9164,-598,1,0,1,0,Laborers,3.0
5011809,F,Y,Y,0,396300.0,Working,Higher education,Married,House / apartment,-12620,-1873,1,0,0,0,Cleaning staff,2.0
5011810,F,N,N,0,218200.0,Commercial associate,Secondary / secondary special,Married,House / apartment,-17818,-2843,1,0,0,0,,2.0
5011811,M,Y,N,2,143800.0,Commercial associate,Secondary / secondary special,Married,Co-op apartment,-7597,-814,1,1,0,0,Sales staff,4.0
5011812,F,N,Y,0,216800.0,Working,Secondary / secondary special,Married,House / apartment,-16114,-4380,1,0,0,0,High skill tech staff,2.0
5011813,M,Y,Y,0,198800.0,Commercial associate,Secondary / secondary special,Widow,House / apartment,-18733,-3409,1,1,0,0,,1.0
5011814,F,N,Y,0,404300.0,Working,Secondary / secondary special,Married,House / apartment,-14656,-7871,1,0,0,0,,2.0
5011815,M,N,Y,3,203000.0,State servant,Higher education,Married,House / apartment,-8540,-569,1,0,0,0,,5.0
5011816,M,N,N,1,212600.0,Working,Higher education,Married,With parents,-18461,-11677,1,1,0,0,Private service staff,3.0
5011817,F,Y,Y,1,494500.0,Working,Secondary / secondary special,Married,House / apartment,-18369,-9581,1,0,0,0,,3.0
5011818,F,N,N,0,314800.0,Working,Secondary / secondary special,Separated,House / apartment,-16547,-8582,1,1,0,0,Sales staff,1.0
5011819,M,N,Y,1,560600.0,Working,Secondary / secondary special,Single / not married,House / apartment,-19964,-3244,1,0,1,0,,2.0
5011820,F,N,N,0,458200.0,Working,Higher education,Civil marriage,House / apartment,-11100,-3809,1,0,0,0,,2.0
5011821,F,N,Y,1,156700.0,Commercial associate,Higher education,Civil marriage,House / apartment,-19697,-9369,1,0,1,1,Managers,3.0
5011822,M,N,Y,0,400500.0,Pensioner,Secondary / secondary special,Separated,House / apartment,-10254,365243,1,0,0,0,,1.0
5011823,F,N,N,0,523400.0,Working,Secondary / secondary special,Married,House / apartment,-14477,-7409,1,0,0,0,,2.0
5011824,M,N,Y,0,525400.0,Commercial associate,Secondary / secondary special,Married,House / apartment,-8539,-436,1,1,0,0,Laborers,2.0
5011825,F,N,N,0,400100.0,Working,Secondary / secondary special,Married,House / apartment,-22264,-2397,1,0,0,0,Sales staff,2.0
5011826,F,N,N,1,396000.0,Working,Secondary / secondary special,Married,House / apartment,-17134,-4834,1,0,0,0,Laborers,3.0
5011827,M,N,Y,2,209800.0,Working,Secondary / secondary special,Married,House / apartment,-25039,-753,1,1,0,0,,4.0
5011828,M,Y,Y,0,160600.0,Working,Secondary / secondary special,Married,House / apartment,-24514,-14491,1,0,1,0,,2.0
5011829,F,N,Y,1,204700.0,Commercial associate,Secondary / secondary special,Married,House / apartment,-25541,-6259,1,0,1,0,,3.0
5011830,F,N,Y,0,106200.0,Working,Secondary / secondary special,Married,House / apartment,-9154,-473,1,1,0,0,Laborers,2.0
5011831,F,Y,Y,1,477800.0,Pensioner,Secondary / secondary special,Married,House / apartment,-18383,365243,1,1,0,0,,3.0
5011832,F,N,Y,1,211900.0,Commercial associate,Secondary / secondary special,Married,House / apartment,-14748,-7820,1,1,0,0,High skill tech staff,3.0
5011833,F,N,Y,1,465600.0,Commercial associate,Secondary / secondary special,Single / not married,House / apartment,-17033,-8178,1,0,0,0,Drivers,2.0
5011834,M,Y,Y,0,131900.0,State servant,Higher education,Married,House / apartment,-12944,-17,1,0,0,0,Laborers,2.0
5011835,F,N,Y,0,419500.0,State servant,Secondary / secondary special,Widow,House / apartment,-8183,-660,1,0,0,0,,1.0
5011836,F,Y,Y,1,190600.0,Commercial associate,Secondary / secondary special,Civil marriage,House / apartment,-20230,-10225,1,1,0,0,,3.0
5011837,M,Y,Y,0,128400.0,Working,Secondary / secondary special,Married,House / apartment,-24943,-8042,1,1,0,0,Core staff,2.0
5011838,M,N,Y,1,550700.0,Working,Secondary / secondary special,Married,House / apartment,-17028,-4185,1,0,0,0,Sales staff,3.0
5011839,M,Y,Y,2,424700.0,Commercial associate,Secondary / secondary special,Married,House / apartment,-13324,-4305,1,0,1,0,,4.0
5011840,F,Y,Y,0,271400.0,Commercial associate,Secondary / secondary special,Single / not married,House / apartment,-24440,-2819,1,0,1,1,Sales staff,1.0
5011841,F,N,Y,1,248300.0,State servant,Higher education,Married,House / apartment,-13965,-5053,1,0,0,1,Laborers,3.0
5011842,M,Y,Y,1,304100.0,Working,Secondary / secondary special,Married,House / apartment,-24007,-17412,1,0,0,0,,3.0
5011843,F,N,N,0,269100.0,Working,Higher education,Married,House / apartment,-22932,-1166,1,0,0,0,,2.0
5011844,M,N,Y,0,164300.0,Working,Secondary / secondary special,Married,House / apartment,-16961,-9044,1,0,1,0,Drivers,2.0
5011845,F,Y,Y,1,198700.0,Pensioner,Secondary / secondary special,Separated,House / apartment,-19666,365243,1,1,1,0,,2.0
5011846,M,Y,N,0,650700.0,Working,Secondary / secondary special,Married,House / apartment,-20095,-326,1,0,0,0,Core staff,2.0
5011847,F,N,N,0,928700.0,Working,Higher education,Married,House / apartment,-19013,-4030,1,0,0,0,Drivers,2.0
5011848,F,N,Y,1,533300.0,Working,Incomplete higher,Married,Municipal apartment,-10241,-9,1,0,1,1,High skill tech staff,3.0
5011849,F,Y,Y,0,310100.0,Working,Higher education,Single / not married,House / apartment,-19957,-11440,1,0,0,0,,1.0
5011850,F,N,Y,1,206200.0,Working,Secondary / secondary special,Single / not married,House / apartment,-7364,-65,1,0,1,0,,2.0
5011851,M,Y,Y,0,163800.0,Working,Secondary / secondary special,Married,With parents,-20272,-13066,1,0,0,0,,2.0
5011852,F,N,N,0,169300.0,Working,Secondary / secondary special,Married,House / apartment,-17438,-344,1,1,0,0,Private service staff,2.0
5011853,M,Y,Y,2,185100.0,Working,Secondary / secondary special,Married,House / apartment,-12049,-3531,1,0,0,0,,4.0
5011854,M,Y,N,0,715700.0,State servant,Secondary / secondary special,Married,House / apartment,-21984,-14861,1,1,0,0,Managers,2.0
5011855,F,Y,Y,1,602400.0,State servant,Secondary / secondary special,Separated,House / apartment,-14706,-3232,1,0,0,0,,2.0
5011856,M,N,N,1,354500.0,Commercial associate,Secondary / secondary special,Married,House / apartment,-16177,-1389,1,1,1,0,Sales staff,3.0
5011857,M,N,Y,1,151000.0,Working,Secondary / secondary special,Married,House / apartment,-7810,-550,1,0,0,0,Laborers,3.0
5011858,F,N,Y,0,381500.0,Working,Secondary / secondary special,Married,House / apartment,-14634,-7382,1,0,0,0,,2.0
5011859,F,Y,Y,0,216700.0,State servant,Higher education,Married,House / apartment,-10361,365243,1,0,0,0,,2.0
5011860,F,Y,Y,1,83200.0,Working,Secondary / secondary special,Married,House / apartment,-12348,-4455,1,1,1,0,Managers,3.0
5011861,M,Y,Y,0,281800.0,Working,Secondary / secondary special,Married,Municipal apartment,-11910,-3434,1,0,0,0,Cleaning staff,2.0
5011862,M,N,N,0,160300.0,Working,Secondary / secondary special,Married,House / apartment,-8145,-1443,1,0,0,0,Medicine staff,2.0
5011863,F,N,Y,0,163000.0,Working,Secondary / secondary special,Civil marriage,House / apartment,-15715,-6856,1,1,0,0,Laborers,2.0
5011864,M,N,N,0,215400.0,Working,Secondary / secondary special,Married,Municipal apartment,-16849,-1319,1,0,0,0,High skill tech staff,2.0
5011865,M,Y,Y,1,190300.0,Commercial associate,Higher education,Married,House / apartment,-17734,-8660,1,1,1,0,Sales staff,3.0
5011866,F,N,Y,1,240000.0,Commercial associate,Secondary / secondary special,Married,House / apartment,-15746,-3425,1,0,0,0,Core staff,3.0
5011867,F,Y,N,4,234300.0,Commercial associate,Secondary / secondary special,Married,House / apartment,-23185,-732,1,1,1,0,Sales staff,6.0
5011868,F,N,Y,0,95600.0,Working,Secondary / secondary special,Married,House / apartment,-7993,-1073,1,0,1,0,Laborers,2.0
5011869,M,Y,Y,1,522100.0,Pensioner,Secondary / secondary special,Married,House / apartment,-18515,365243,1,1,0,1,,3.0
5011870,M,N,Y,0,149300.0,Working,Secondary / secondary special,Married,House / apartment,-23123,-3347,1,0,1,0,Accountants,2.0
5011871,F,Y,Y,0,151600.0,Working,Secondary / secondary special,Married,Rented apartment,-8054,-1188,1,1,1,0,Drivers,2.0
5011872,M,N,N,0,207100.0,Commercial associate,Secondary / secondary special,Married,House / apartment,-16369,-1406,1,0,1,0,Laborers,2.0
5011873,F,N,Y,2,231300.0,Pensioner,Higher education,Married,House / apartment,-18062,365243,1,0,0,0,,4.0
5011874,F,N,Y,1,506300.0,Working,Secondary / secondary special,Civil marriage,House / apartment,-10791,-2702,1,0,1,1,Drivers,3.0
5011875,F,N,N,2,279300.0,Commercial associate,Secondary / secondary special,Married,House / apartment,-11916,-4562,1,0,0,0,Core staff,4.0
5011876,M,N,Y,1,324100.0,Commercial associate,Secondary / secondary special,Married,House / apartment,-21652,-13094,1,0,1,0,Core staff,3.0
5011877,M,N,Y,1,280100.0,Pensioner,Secondary / secondary special,Married,House / apartment,-17667,365243,1,0,0,0,,3.0
5011878,F,N,N,0,274100.0,Working,Secondary / secondary special,Married,House / apartment,-13072,-2900,1,0,0,0,,2.0
5011879,F,Y,Y,1,285000.0,Working,Higher education,Single / not married,House / apartment,-21271,-13914,1,0,0,0,,2.0
5011880,F,N,N,0,92900.0,Working,Higher education,Married,House / apartment,-20942,-8486,1,0,0,0,,2.0
5011881,M,N,Y,0,215500.0,Working,Secondary / secondary special,Married,House / apartment,-13613,-5878,1,1,1,0,,2.0
5011882,M,Y,N,0,436500.0,Working,Secondary / secondary special,Married,House / apartment,-16229,-4529,1,1,1,0,,2.0
5011883,F,N,N,0,1752600.0,State servant,Higher education,Married,House / apartment,-19441,-12403,1,0,0,0,,2.0
5011884,F,Y,Y,0,133700.0,Working,Higher education,Married,House / apartment,-13574,-3183,1,0,0,0,Accountants,2.0
5011885,F,Y,Y,0,301600.0,State servant,Secondary / secondary special,Married,House / apartment,-18792,-10154,1,0,0,0,Sales staff,2.0
5011886,M,Y,Y,0,183500.0,Working,Secondary / secondary special,Married,House / apartment,-11890,-3063,1,1,0,0,Core staff,2.0
5011887,F,Y,N,2,679600.0,State servant,Higher education,Married,House / apartment,-12638,-3854,1,0,0,0,,4.0
5011888,F,N,Y,1,124100.0,Commercial associate,Secondary / secondary special,Widow,House / apartment,-12979,-1201,1,1,1,0,Laborers,2.0
5011889,F,N,Y,0,333700.0,Working,Secondary / secondary special,Married,House / apartment,-24400,-8002,1,0,1,1,Sales staff,2.0
5011890,F,N,Y,0,120800.0,Commercial associate,Secondary / secondary special,Married,House / apartment,-22530,-11669,1,0,0,0,Low-skill Laborers,2.0
5011891,M,N,N,0,208200.0,Working,Higher education,Married,House / apartment,-17626,-2686,1,1,0,0,Drivers,2.0
5011892,F,Y,Y,0,240000.0,Working,Secondary / secondary special,Single / not married,House / apartment,-17603,-5292,1,0,0,0,Laborers,1.0
5011893,M,N,Y,0,416800.0,Working,Secondary / secondary special,Married,House / apartment,-8330,-1139,1,0,0,0,Laborers,2.0
5011894,F,N,Y,2,142500.0,Working,Secondary / secondary special,Single / not married,House / apartment,-19167,-7720,1,0,1,0,,3.0
5011895,F,N,Y,0,340200.0,Commercial associate,Higher education,Married,House / apartment,-13297,-5837,1,0,0,0,Core staff,2.0
5011896,F,N,Y,0,246400.0,Pensioner,Secondary / secondary special,Married,House / apartment,-18487,365243,1,1,0,0,,2.0
5011897,F,N,Y,0,279800.0,Working,Higher education,Civil marriage,House / apartment,-22650,-9428,1,0,0,0,Managers,2.0
5011898,M,N,N,0,394200.0,Pensioner,Higher education,Civil marriage,House / apartment,-8136,365243,1,0,0,0,,2.0
5011899,F,N,N,0,128600.0,State servant,Secondary / secondary special,Married,House / apartment,-18391,-3374,1,0,0,0,High skill tech staff,2.0
5011900,F,Y,Y,0,366100.0,Working,Secondary / secondary special,Married,Municipal apartment,-17609,-5637,1,0,0,0,Private service staff,2.0
5011901,M,Y,Y,2,183700.0,Working,Secondary / secondary special,Married,House / apartment,-11081,-421,1,0,1,0,,4.0
5011902,M,N,Y,0,422300.0,Working,Higher education,Married,House / apartment,-19110,-323,1,0,0,0,Cooking staff,2.0
5011903,F,N,Y,0,288600.0,Commercial associate,Secondary / secondary special,Separated,House / apartment,-17438,-9912,1,0,0,0,,1.0
5011904,M,N,Y,0,219900.0,Working,Secondary / secondary special,Married,House / apartment,-21318,-9097,1,0,1,0,Drivers,2.0
5011905,F,N,Y,0,181800.0,Working,Secondary / secondary special,Married,House / apartment,-9325,-1386,1,0,0,0,Laborers,2.0
5011906,F,Y,Y,0,368500.0,Commercial associate,Secondary / secondary special,Married,House / apartment,-15406,-344,1,0,1,0,High skill tech staff,2.0
5011907,F,Y,N,0,458600.0,Commercial associate,Secondary / secondary special,Married,With parents,-25530,-5276,1,0,0,0,,2.0
5011908,M,N,N,0,187000.0,Working,Secondary / secondary special,Married,House / apartment,-19893,-5366,1,0,0,0,Core staff,2.0
5011909,F,N,Y,0,138500.0,Pensioner,Secondary / secondary special,Married,House / apartment,-19802,365243,1,0,0,0,,2.0
5011910,F,Y,Y,0,345400.0,Commercial associate,Higher education,Married,House / apartment,-13110,-1387,1,1,1,0,Laborers,2.0
5011911,M,N,N,0,118300.0,Working,Secondary / secondary special,Civil marriage,House / apartment,-9020,-2396,1,0,0,0,,2.0
5011912,F,N,N,0,127100.0,Commercial associate,Secondary / secondary special,Married,House / apartment,-24645,-11481,1,0,1,0,Core staff,2.0
5011913,F,N,Y,0,143500.0,Working,Higher education,Married,House / apartment,-9231,-1699,1,0,0,0,High skill tech staff,2.0
5011914,F,N,Y,0,198300.0,Working,Secondary / secondary special,Married,House / apartment,-25434,-13339,1,0,0,0,Sales staff,2.0
5011915,M,Y,Y,0,125200.0,Working,Secondary / secondary special,Married,House / apartment,-9602,365243,1,0,0,0,,2.0
5011916,F,N,Y,0,92600.0,Working,Higher education,Married,House / apartment,-10426,-1844,1,0,0,0,High skill tech staff,2.0
5011917,M,N,Y,0,138400.0,Working,Higher education,Widow,With parents,-12937,-2615,1,0,1,0,Sales staff,1.0
5011918,M,N,Y,0,336600.0,Working,Secondary / secondary special,Single / not married,House / apartment,-16662,-8086,1,0,1,1,Managers,1.0
5011919,F,Y,Y,0,129300.0,Commercial associate,Higher education,Single / not married,House / apartment,-21740,-11875,1,1,0,0,Managers,1.0
5011920,F,N,Y,0,205900.0,Commercial associate,Secondary / secondary special,Married,House / apartment,-25038,-16064,1,0,0,0,Core staff,2.0
5011921,M,Y,Y,2,646200.0,Working,Secondary / secondary special,Single / not married,House / apartment,-13858,-2589,1,0,1,0,Accountants,3.0
5011922,M,Y,N,1,238200.0,Working,Higher education,Married,House / apartment,-7678,-821,1,0,1,0,,3.0
5011923,M,N,Y,1,289700.0,Pensioner,Secondary / secondary special,Married,House / apartment,-18567,365243,1,0,0,0,,3.0
5011924,M,Y,Y,1,152100.0,Working,Secondary / secondary special,Married,House / apartment,-20286,-3925,1,0,0,0,Laborers,3.0
5011925,M,N,Y,2,720100.0,Working,Secondary / secondary special,Married,House / apartment,-14563,-614,1,0,1,0,Sales staff,4.0
5011926,M,Y,Y,1,186200.0,Working,Secondary / secondary special,Married,House / apartment,-10656,-3075,1,0,0,0,,3.0
5011927,F,N,Y,0,217800.0,Pensioner,Secondary / secondary special,Married,With parents,-12894,365243,1,1,0,0,,2.0
5011928,F,Y,Y,0,471700.0,Pensioner,Secondary / secondary special,Married,House / apartment,-19282,365243,1,0,0,0,,2.0
5011929,F,Y,Y,0,222900.0,Commercial associate,Secondary / secondary special,Married,House / apartment,-16330,-7110,1,0,0,0,Laborers,2.0
5011930,F,Y,Y,0,250000.0,Working,Secondary / secondary special,Married,House / apartment,-20882,-1417,1,1,0,0,,2.0
5011931,M,N,Y,3,212100.0,Commercial associate,Secondary / secondary special,Separated,House / apartment,-11289,-585,1,0,0,0,,4.0
5011932,F,N,N,0,212800.0,Working,Secondary / secondary special,Single / not married,House / apartment,-22682,-813,1,0,0,0,Managers,1.0
5011933,F,Y,Y,1,293800.0,Working,Secondary / secondary special,Married,House / apartment,-10152,-1801,1,0,1,0,Managers,3.0
5011934,F,N,Y,0,321900.0,Commercial associate,Higher education,Married,House / apartment,-13330,-937,1,0,0,0,Sales staff,2.0
5011935,F,N,Y,0,177000.0,Commercial associate,Secondary / secondary special,Married,House / apartment,-18102,-5887,1,0,0,0,,2.0
5011936,F,N,Y,0,166400.0,Working,Secondary / secondary special,Married,House / apartment,-20762,-9131,1,0,0,0,,2.0
5011937,F,Y,Y,0,180000.0,Working,Secondary / secondary special,Widow,House / apartment,-12166,-2462,1,0,0,0,Laborers,1.0
5011938,M,N,Y,0,121200.0,Pensioner,Secondary / secondary special,Married,House / apartment,-24620,365243,1,0,0,0,,2.0
5011939,F,Y,N,1,110200.0,Pensioner,Secondary / secondary special,Civil marriage,House / apartment,-20200,365243,1,1,1,1,,3.0
5011940,F,Y,N,1,283200.0,Commercial associate,Secondary / secondary special,Single / not married,Office apartment,-11280,-4310,1,1,0,0,Sales staff,2.0
5011941,F,N,Y,1,390300.0,Working,Secondary / secondary special,Married,House / apartment,-20559,-13960,1,0,0,0,,3.0
5011942,F,N,N,0,377400.0,Pensioner,Secondary / secondary special,Separated,House / apartment,-20022,365243,1,0,0,0,,1.0
5011943,M,Y,Y,1,74200.0,Commercial associate,Secondary / secondary special,Married,House / apartment,-21051,-9957,1,0,0,0,Laborers,3.0
5011944,F,Y,N,0,216000.0,Commercial associate,Secondary / secondary special,Married,House / apartment,-24031,365243,1,1,1,0,,2.0
5011945,F,N,Y,0,140700.0,Working,Secondary / secondary special,Civil marriage,House / apartment,-20303,-6898,1,0,0,0,Sales staff,2.0
5011946,F,N,Y,1,262300.0,Working,Incomplete higher,Married,House / apartment,-13732,-1073,1,0,0,0,Laborers,3.0
5011947,F,Y,Y,0,198100.0,Working,Incomplete higher,Married,With parents,-21742,-1137,1,0,0,0,Laborers,2.0
5011948,M,N,Y,0,328200.0,Working,Secondary / secondary special,Married,House / apartment,-20013,-1125,1,0,0,0,,2.0
5011949,F,Y,N,0,241800.0,Working,Higher education,Single / not married,House / apartment,-17792,-7529,1,1,1,0,Drivers,1.0
5011950,F,Y,N,1,94600.0,Working,Secondary / secondary special,Married,House / apartment,-13767,-2733,1,0,0,0,Laborers,3.0
5011951,F,N,Y,0,150500.0,Working,Secondary / secondary special,Separated,House / apartment,-24126,-10313,1,0,0,0,,1.0
5011952,F,Y,N,0,244800.0,Pensioner,Secondary / secondary special,Married,Co-op apartment,-16669,365243,1,0,1,0,,2.0
5011953,F,Y,N,0,255400.0,Working,Secondary / secondary special,Married,House / apartment,-18776,-6680,1,0,0,0,,2.0
5011954,F,N,Y,1,120900.0,Working,Secondary / secondary special,Married,With parents,-14891,-349,1,0,0,0,,3.0
5011955,M,N,Y,1,113200.0,Commercial associate,Secondary / secondary special,Married,Municipal apartment,-21565,-1438,1,0,1,0,,3.0
5011956,F,Y,Y,0,251100.0,Working,Higher education,Married,Municipal apartment,-13533,-4114,1,0,0,0,Managers,2.0
5011957,F,N,Y,0,121000.0,Working,Higher education,Civil marriage,House / apartment,-22109,-11070,1,1,0,0,Drivers,2.0
5011958,F,N,Y,0,106000.0,Working,Higher education,Married,House / apartment,-9276,-1757,1,0,0,0,,2.0
5011959,F,Y,Y,0,195400.0,Pensioner,Higher education,Single / not married,House / apartment,-20252,365243,1,0,0,0,,1.0
5011960,F,N,Y,1,191200.0,State servant,Higher education,Married,House / apartment,-16014,-94,1,0,0,0,Laborers,3.0
5011961,M,Y,Y,0,157400.0,Commercial associate,Secondary / secondary special,Married,House / apartment,-20066,-9655,1,0,0,0,Security staff,2.0
5011962,F,N,N,0,171700.0,Pensioner,Secondary / secondary special,Married,House / apartment,-17010,365243,1,1,0,0,,2.0
5011963,M,N,Y,1,245800.0,Working,Secondary / secondary special,Married,House / apartment,-9758,-824,1,0,1,0,Sales staff,3.0
5011964,F,N,Y,0,170300.0,Pensioner,Secondary / secondary special,Married,House / apartment,-16016,365243,1,0,0,0,,2.0
5011965,M,Y,Y,1,252900.0,State servant,Secondary / secondary special,Married,House / apartment,-24920,-16065,1,0,0,0,HR staff,3.0
5011966,M,N,Y,1,201800.0,Commercial associate,Higher education,Single / not married,House / apartment,-21090,-14358,1,1,0,0,Medicine staff,2.0
5011967,F,N,Y,1,265500.0,Commercial associate,Incomplete higher,Married,House / apartment,-12787,-3051,1,0,0,0,Laborers,3.0
5011968,M,Y,Y,0,378700.0,Working,Secondary / secondary special,Married,House / apartment,-24547,-8305,1,0,0,1,Laborers,2.0
5011969,F,Y,Y,0,371400.0,Working,Secondary / secondary special,Civil marriage,House / apartment,-21531,-1187,1,0,0,0,Laborers,2.0
5011970,F,Y,Y,3,464900.0,Pensioner,Higher education,Separated,House / apartment,-13961,365243,1,0,0,0,,4.0
5011971,M,N,Y,0,371200.0,Commercial associate,Secondary / secondary special,Separated,House / apartment,-18328,-1855,1,0,0,0,Laborers,1.0
5011972,F,N,Y,0,275100.0,Commercial associate,Secondary / secondary special,Single / not married,House / apartment,-15097,-2714,1,0,0,0,,1.0
5011973,F,Y,Y,0,196600.0,Commercial associate,Higher education,Married,House / apartment,-9071,-1273,1,0,0,0,Sales staff,2.0
5011974,F,N,Y,0,201100.0,Pensioner,Higher education,Separated,House / apartment,-22025,365243,1,0,0,0,,1.0
5011975,M,N,Y,2,157400.0,Commercial associate,Secondary / secondary special,Single / not married,Municipal apartment,-10795,-3108,1,0,1,0,Drivers,3.0
5011976,M,N,Y,0,244700.0,Working,Higher education,Separated,House / apartment,-15670,-4384,1,0,0,0,Core staff,1.0
5011977,M,Y,N,0,346000.0,Working,Secondary / secondary special,Married,House / apartment,-20137,-9278,1,0,0,0,Sales staff,2.0
5011978,M,N,Y,1,169800.0,State servant,Secondary / secondary special,Separated,House / apartment,-24330,365243,1,0,1,1,,2.0
5011979,M,Y,N,2,239600.0,Commercial associate,Secondary / secondary special,Married,House / apartment,-8451,-761,1,0,0,0,Sales staff,4.0
5011980,F,Y,N,0,174000.0,State servant,Secondary / secondary special,Married,House / apartment,-14486,-2344,1,0,0,0,Laborers,2.0
5011981,F,N,Y,0,271100.0,Pensioner,Secondary / secondary special,Married,House / apartment,-18530,365243,1,0,0,0,,2.0
5011982,F,Y,Y,0,185500.0,Commercial associate,Higher education,Civil marriage,House / apartment,-21537,-6006,1,1,0,0,Core staff,2.0
5011983,F,Y,Y,0,168700.0,Working,Secondary / secondary special,Married,House / apartment,-24124,-16849,1,0,0,0,Sales staff,2.0
5011984,M,Y,Y,1,173800.0,Working,Secondary / secondary special,Widow,House / apartment,-7314,-476,1,1,1,0,Laborers,2.0
5011985,M,Y,Y,0,314000.0,Commercial associate,Secondary / secondary special,Married,House / apartment,-18770,-9162,1,1,0,0,Accountants,2.0
5011986,M,Y,Y,0,232600.0,Working,Secondary / secondary special,Married,House / apartment,-7432,-518,1,1,0,1,Sales staff,2.0
5011987,M,N,Y,0,197100.0,Pensioner,Higher education,Married,House / apartment,-21682,365243,1,0,0,0,,2.0
5011988,F,Y,Y,0,278200.0,Pensioner,Secondary / secondary special,Married,House / apartment,-10038,365243,1,0,0,0,,2.0
5011989,F,Y,N,0,198400.0,Working,Secondary / secondary special,Married,House / apartment,-23643,-11730,1,0,0,0,Laborers,2.0
5011990,F,Y,Y,0,428800.0,Commercial associate,Secondary / secondary special,Married,House / apartment,-10138,-2962,1,1,0,0,,2.0
5011991,F,N,N,1,150000.0,Working,Higher education,Married,House / apartment,-21264,-858,1,0,0,0,,3.0
5011992,F,N,N,0,222300.0,Working,Secondary / secondary special,Married,House / apartment,-12588,-5278,1,0,1,1,Laborers,2.0
5011993,F,Y,N,2,120900.0,Working,Secondary / secondary special,Married,House / apartment,-17482,-8446,1,0,0,0,,4.0
5011994,M,N,N,0,205300.0,Pensioner,Incomplete higher,Civil marriage,House / apartment,-18417,365243,1,1,0,0,,2.0
5011995,F,Y,Y,0,105400.0,Working,Secondary / secondary special,Married,House / apartment,-11081,-1789,1,0,0,1,Drivers,2.0
5011996,F,Y,Y,0,354600.0,Working,Secondary / secondary special,Married,House / apartment,-12760,-1786,1,0,1,0,Sales staff,2.0
5011997,M,Y,Y,0,358200.0,Working,Incomplete higher,Married,House / apartment,-9268,-965,1,0,0,1,Sales staff,2.0
5011998,F,Y,Y,0,361300.0,Working,Secondary / secondary special,Civil marriage,House / apartment,-7402,-172,1,0,0,0,,2.0
5011999,F,Y,N,0,247700.0,Commercial associate,Higher education,Married,House / apartment,-11678,-3659,1,0,1,0,Sales staff,2.0
5012000,F,N,N,1,157200.0,Working,Secondary / secondary special,Married,House / apartment,-16728,365243,1,1,1,0,,3.0
5012001,F,Y,Y,1,163600.0,Pensioner,Secondary / secondary special,Married,House / apartment,-20337,365243,1,1,0,1,,3.0
5012002,M,N,Y,0,524700.0,Working,Secondary / secondary special,Widow,House / apartment,-21797,-6621,1,1,0,0,,1.0
5012003,F,Y,Y,0,500500.0,Commercial associate,Lower secondary,Married,House / apartment,-8579,-1924,1,0,1,0,Medicine staff,2.0
5012004,F,Y,Y,1,259600.0,Working,Incomplete higher,Married,House / apartment,-12280,-2469,1,0,0,0,Cooking staff,3.0
5012005,F,N,Y,0,188600.0,State servant,Secondary / secondary special,Married,With parents,-21371,-5699,1,1,0,0,Managers,2.0
5012006,M,N,Y,3,484000.0,Working,Secondary / secondary special,Widow,House / apartment,-16087,-9216,1,1,0,0,,4.0
5012007,F,Y,N,1,172500.0,Pensioner,Secondary / secondary special,Married,House / apartment,-10632,365243,1,1,0,0,,3.0
5012008,F,N,Y,0,273700.0,Pensioner,Secondary / secondary special,Married,House / apartment,-14468,365243,1,0,0,0,,2.0
5012009,F,Y,N,0,480000.0,Commercial associate,Secondary / secondary special,Married,House / apartment,-12236,-3920,1,0,0,0,,2.0
5012010,F,Y,Y,0,160700.0,Pensioner,Higher education,Widow,House / apartment,-8230,365243,1,0,0,0,,1.0
5012011,F,Y,N,1,369600.0,Working,Higher education,Single / not married,House / apartment,-21251,-9153,1,0,0,0,,2.0
5012012,F,Y,Y,0,316700.0,Commercial associate,Higher education,Married,Rented apartment,-12632,-1200,1,0,0,1,Managers,2.0
5012013,F,Y,N,1,239400.0,Working,Secondary / secondary special,Married,House / apartment,-24565,-3808,1,0,0,0,Medicine staff,3.0
5012014,M,Y,Y,0,148600.0,Pensioner,Higher education,Married,House / apartment,-23524,365243,1,0,1,0,,2.0
5012015,F,N,Y,0,169900.0,State servant,Higher education,Married,House / apartment,-20386,-12946,1,0,0,0,Managers,2.0
5012016,M,Y,Y,0,282100.0,Pensioner,Secondary / secondary special,Married,House / apartment,-13270,365243,1,0,0,0,,2.0
5012017,F,N,N,0,119800.0,Working,Secondary / secondary special,Civil marriage,House / apartment,-12417,-1884,1,1,0,0,,2.0
5012018,M,Y,Y,0,260600.0,Working,Secondary / secondary special,Married,House / apartment,-15985,-3674,1,0,0,1,Managers,2.0
5012019,M,N,Y,0,320000.0,Working,Secondary / secondary special,Married,House / apartment,-13781,-2688,1,1,0,0,Laborers,2.0
5012020,M,N,Y,0,399500.0,Working,Higher education,Separated,House / apartment,-23762,-11386,1,1,0,0,Core staff,1.0
5012021,M,Y,Y,0,121300.0,Working,Secondary / secondary special,Married,House / apartment,-9560,-2083,1,1,1,0,Laborers,2.0
5012022,F,Y,N,0,471500.0,Working,Higher education,Single / not married,Co-op apartment,-20536,-367,1,0,0,0,,1.0
5012023,F,N,Y,1,569900.0,State servant,Secondary / secondary special,Married,House / apartment,-18462,-7178,1,0,0,0,Laborers,3.0
5012024,F,N,Y,0,299700.0,Commercial associate,Higher education,Separated,House / apartment,-22030,-5962,1,0,1,0,,1.0
5012025,M,Y,N,0,145300.0,Commercial associate,Higher education,Civil marriage,House / apartment,-17212,-5743,1,0,1,0,Laborers,2.0
5012026,M,Y,N,1,207200.0,Working,Secondary / secondary special,Single / not married,House / apartment,-18802,-8795,1,0,1,0,Managers,2.0
5012027,M,N,N,1,238400.0,Commercial associate,Higher education,Married,House / apartment,-24887,-14870,1,0,0,0,,3.0
5012028,M,Y,Y,0,279500.0,State servant,Secondary / secondary special,Married,House / apartment,-8984,-641,1,0,1,1,Laborers,2.0
5012029,F,N,Y,0,246800.0,Commercial associate,Secondary / secondary special,Separated,House / apartment,-9220,-1414,1,0,0,0,Laborers,1.0
5012030,M,Y,Y,1,281000.0,Working,Secondary / secondary special,Married,Office apartment,-14493,-5342,1,0,0,0,,3.0
5012031,F,Y,N,1,233300.0,Working,Secondary / secondary special,Single / not married,House / apartment,-15938,-4254,1,0,0,0,Laborers,2.0
5012032,M,N,Y,1,278700.0,State servant,Higher education,Married,House / apartment,-10955,-2116,1,0,1,0,Laborers,3.0
5012033,M,N,Y,0,193900.0,Working,Secondary / secondary special,Married,House / apartment,-8815,-1972,1,1,0,0,Accountants,2.0
5012034,F,Y,Y,0,206200.0,Commercial associate,Secondary / secondary special,Married,House / apartment,-7710,-683,1,0,0,0,Sales staff,2.0
5012035,F,N,Y,0,183000.0,Working,Higher education,Married,House / apartment,-21268,-6103,1,0,0,0,Sales staff,2.0
5012036,M,N,N,1,636700.0,Working,Secondary / secondary special,Widow,House / apartment,-16163,-1535,1,0,1,0,Sales staff,2.0
5012037,M,N,Y,0,507600.0,Pensioner,Secondary / secondary special,Civil marriage,House / apartment,-22708,365243,1,0,0,0,,2.0
5012038,F,Y,Y,0,322300.0,Working,Secondary / secondary special,Married,House / apartment,-13895,-2789,1,0,0,0,Managers,2.0
5012039,M,N,N,1,473600.0,Working,Secondary / secondary special,Single / not married,House / apartment,-20152,-4072,1,0,0,0,Managers,2.0
5012040,M,N,Y,0,363900.0,Working,Secondary / secondary special,Married,House / apartment,-16227,-1016,1,1,1,0,Drivers,2.0
5012041,F,N,Y,0,267300.0,State servant,Secondary / secondary special,Single / not married,House / apartment,-18483,-9617,1,0,0,0,Drivers,1.0
5012042,F,N,N,0,115000.0,Working,Secondary / secondary special,Civil marriage,House / apartment,-14066,-5215,1,1,0,0,Medicine staff,2.0
5012043,F,Y,N,0,214100.0,Pensioner,Secondary / secondary special,Married,House / apartment,-8787,365243,1,1,0,0,,2.0
5012044,F,N,Y,0,206500.0,Working,Secondary / secondary special,Married,House / apartment,-24606,-10080,1,0,0,0,Laborers,2.0
5012045,F,N,Y,0,138500.0,Pensioner,Secondary / secondary special,Married,House / apartment,-22574,365243,1,0,0,0,,2.0
5012046,F,Y,Y,0,116100.0,State servant,Secondary / secondary special,Widow,With parents,-13001,-1612,1,0,1,0,,1.0
5012047,F,N,N,0,312300.0,Working,Higher education,Married,House / apartment,-24813,-17243,1,1,0,0,High skill tech staff,2.0
5012048,F,Y,N,0,287100.0,Working,Higher education,Civil marriage,House / apartment,-12793,-4512,1,0,0,0,,2.0
5012049,M,N,Y,0,136200.0,Working,Higher education,Civil marriage,House / apartment,-15395,-8815,1,0,1,0,,2.0
5012050,F,Y,Y,0,168100.0,Commercial associate,Secondary / secondary special,Married,House / apartment,-21096,-9114,1,0,1,0,,2.0
5012051,F,N,Y,0,436300.0,Working,Higher education,Civil marriage,House / apartment,-12948,-2311,1,0,1,0,,2.0
5012052,F,N,Y,0,157400.0,Working,Higher education,Married,Municipal apartment,-13231,-5683,1,0,0,0,Laborers,2.0
5012053,F,N,Y,0,265900.0,Working,Secondary / secondary special,Married,House / apartment,-14794,-4400,1,0,0,0,Laborers,2.0
5012054,F,N,N,0,222000.0,Working,Secondary / secondary special,Single / not married,House / apartment,-15859,-7768,1,0,1,0,Laborers,1.0
5012055,M,N,Y,0,314500.0,Working,Secondary / secondary special,Married,House / apartment,-9563,-425,1,0,1,1,,2.0
5012056,F,Y,Y,0,159100.0,Pensioner,Secondary / secondary special,Married,House / apartment,-7624,365243,1,0,0,0,,2.0
5012057,M,N,Y,0,255400.0,Pensioner,Secondary / secondary special,Married,House / apartment,-24091,365243,1,0,1,0,,2.0
5012058,M,N,Y,1,265600.0,Working,Secondary / secondary special,Married,House / apartment,-13755,-902,1,0,0,0,Sales staff,3.0
5012059,M,N,Y,0,273900.0,Commercial associate,Secondary / secondary special,Separated,House / apartment,-9162,-1063,1,1,1,0,Laborers,1.0
5012060,F,Y,Y,0,254000.0,Commercial associate,Higher education,Separated,House / apartment,-21169,-10786,1,0,1,0,High skill tech staff,1.0
5012061,M,N,Y,0,290000.0,Commercial associate,Secondary / secondary special,Married,House / apartment,-12694,-3604,1,0,0,0,,2.0
5012062,F,N,Y,1,730400.0,Working,Secondary / secondary special,Married,House / apartment,-10623,-2462,1,0,1,0,Core staff,3.0
5012063,F,N,Y,0,878600.0,Working,Secondary / secondary special,Single / not married,House / apartment,-24885,-7950,1,1,0,0,Laborers,1.0
5012064,M,Y,N,0,177300.0,Commercial associate,Secondary / secondary special,Married,House / apartment,-24116,-3529,1,0,0,0,Accountants,2.0
5012065,F,Y,Y,0,76600.0,Commercial associate,Secondary / secondary special,Married,House / apartment,-9236,-2269,1,0,0,0,,2.0
5012066,F,N,Y,0,328800.0,Working,Higher education,Single / not married,House / apartment,-23728,-16674,1,1,1,1,Managers,1.0
5012067,M,Y,N,2,268000.0,Working,Secondary / secondary special,Single / not married,House / apartment,-23574,-10289,1,1,0,0,Managers,3.0
5012068,F,N,Y,0,415000.0,Working,Secondary / secondary special,Married,With parents,-18890,-5739,1,0,1,1,Cooking staff,2.0
5012069,M,Y,N,1,281500.0,Commercial associate,Secondary / secondary special,Civil marriage,House / apartment,-16979,-681,1,0,0,0,,3.0
5012070,F,N,Y,0,251400.0,Working,Higher education,Married,House / apartment,-11276,-875,1,1,0,0,,2.0
5012071,F,Y,N,0,429300.0,Commercial associate,Higher education,Married,House / apartment,-9522,-2245,1,0,0,1,Managers,2.0
5012072,F,N,N,0,460400.0,Working,Secondary / secondary special,Married,House / apartment,-18379,-560,1,0,1,0,High skill tech staff,2.0
5012073,F,N,N,0,122000.0,Pensioner,Secondary / secondary special,Married,House / apartment,-22316,365243,1,1,0,0,,2.0
5012074,M,Y,Y,0,162300.0,Working,Secondary / secondary special,Married,House / apartment,-19881,-8264,1,0,1,0,Core staff,2.0
5012075,M,Y,Y,0,231600.0,Commercial associate,Higher education,Civil marriage,House / apartment,-10607,-2652,1,0,1,0,Core staff,2.0
5012076,F,Y,Y,0,256400.0,Commercial associate,Secondary / secondary special,Separated,With parents,-12601,-4568,1,0,1,0,,1.0
5012077,F,N,Y,1,218000.0,Working,Secondary / secondary special,Married,House / apartment,-17284,-2809,1,1,0,0,Medicine staff,3.0
5012078,F,N,N,0,303300.0,Working,Secondary / secondary special,Separated,House / apartment,-18719,-11488,1,0,0,0,,1.0
5012079,F,N,Y,0,401700.0,Pensioner,Secondary / secondary special,Married,House / apartment,-8625,365243,1,1,1,0,,2.0
5012080,F,N,Y,0,577700.0,Working,Secondary / secondary special,Married,House / apartment,-18519,-323,1,0,0,0,Laborers,2.0
5012081,F,N,Y,0,326100.0,Pensioner,Secondary / secondary special,Married,House / apartment,-20752,365243,1,0,1,0,,2.0
5012082,M,Y,Y,0,159400.0,Pensioner,Secondary / secondary special,Married,Co-op apartment,-10617,365243,1,0,0,0,,2.0
5012083,F,Y,N,1,226800.0,Commercial associate,Secondary / secondary special,Married,House / apartment,-11802,-892,1,0,0,0,Sales staff,3.0
5012084,F,Y,N,2,235100.0,Pensioner,Lower secondary,Separated,House / apartment,-12033,365243,1,0,1,0,,3.0
5012085,M,N,Y,0,315800.0,Commercial associate,Higher education,Married,House / apartment,-24468,-14432,1,0,1,0,Laborers,2.0
5012086,F,N,Y,0,296400.0,Working,Secondary / secondary special,Married,House / apartment,-14738,-3297,1,0,0,0,,2.0
5012087,F,Y,Y,0,680600.0,State servant,Higher education,Single / not married,House / apartment,-16995,-3179,1,0,0,0,,1.0
5012088,F,N,Y,1,193800.0,Working,Secondary / secondary special,Married,House / apartment,-20533,-11516,1,0,1,0,Drivers,3.0
5012089,M,N,N,0,295900.0,Working,Secondary / secondary special,Married,House / apartment,-14089,-2125,1,0,0,0,,2.0
5012090,F,N,N,0,792400.0,Working,Secondary / secondary special,Married,With parents,-9233,-97,1,0,0,0,Accountants,2.0
5012091,F,Y,Y,2,182200.0,Commercial associate,Secondary / secondary special,Married,Rented apartment,-19255,-6524,1,0,0,0,,4.0
5012092,F,Y,Y,1,262500.0,Working,Incomplete higher,Single / not married,House / apartment,-19491,-1445,1,0,0,0,Core staff,2.0
5012093,M,N,Y,0,152200.0,Pensioner,Higher education,Married,House / apartment,-12063,365243,1,0,0,0,,2.0
5012094,M,N,Y,2,254400.0,Working,Secondary / secondary special,Married,House / apartment,-7948,-840,1,0,0,1,Sales staff,4.0
5012095,F,N,Y,0,165300.0,Pensioner,Higher education,Married,Office apartment,-19456,365243,1,0,1,0,,2.0
5012096,F,Y,Y,0,412000.0,Working,Higher education,Married,House / apartment,-20151,-217,1,0,1,1,Core staff,2.0
5012097,F,Y,Y,0,262800.0,Working,Secondary / secondary special,Married,House / apartment,-7781,-370,1,0,0,1,,2.0
5012098,F,N,Y,1,152900.0,Working,Higher education,Married,House / apartment,-19964,-12450,1,1,0,0,Private service staff,3.0
5012099,M,N,Y,0,371700.0,Working,Secondary / secondary special,Married,House / apartment,-24452,-17826,1,1,1,1,Sales staff,2.0
5012100,F,N,N,0,267100.0,Working,Higher education,Married,House / apartment,-10570,-353,1,0,0,0,,2.0
5012101,M,N,N,2,393100.0,State servant,Secondary / secondary special,Married,House / apartment,-16826,-7674,1,0,1,0,Managers,4.0
5012102,F,Y,Y,0,137500.0,Working,Secondary / secondary special,Separated,House / apartment,-20030,-3849,1,1,0,0,Medicine staff,1.0
5012103,F,N,Y,1,293600.0,Commercial associate,Higher education,Separated,House / apartment,-11507,-4716,1,1,0,0,High skill tech staff,2.0
5012104,F,N,Y,0,359400.0,Working,Secondary / secondary special,Married,House / apartment,-21030,-9171,1,0,0,0,Laborers,2.0
5012105,F,Y,Y,0,197600.0,Working,Secondary / secondary special,Married,House / apartment,-23158,-13636,1,1,0,0,,2.0
5012106,F,N,Y,0,130100.0,Working,Secondary / secondary special,Married,House / apartment,-22181,-15503,1,0,0,0,Drivers,2.0
5012107,M,Y,N,1,239100.0,Working,Higher education,Married,House / apartment,-12033,-3617,1,0,0,0,Laborers,3.0
5012108,M,Y,Y,0,451100.0,Pensioner,Secondary / secondary special,Married,House / apartment,-21992,365243,1,0,0,0,,2.0
5012109,F,Y,Y,0,428700.0,Commercial associate,Higher education,Married,House / apartment,-14854,-4951,1,0,1,0,Core staff,2.0
5012110,F,Y,Y,0,197100.0,Working,Higher education,Single / not married,House / apartment,-12171,-1710,1,0,0,1,,1.0
5012111,M,Y,N,1,128500.0,Commercial associate,Secondary / secondary special,Married,House / apartment,-10373,-1243,1,0,0,0,,3.0
5012112,F,N,N,0,196800.0,Working,Secondary / secondary special,Separated,House / apartment,-23905,-13762,1,1,0,0,Laborers,1.0
5012113,F,N,Y,0,193200.0,Commercial associate,Secondary / secondary special,Married,House / apartment,-15101,-102,1,1,0,1,Managers,2.0
5012114,F,N,Y,0,305200.0,Pensioner,Secondary / secondary special,Married,House / apartment,-23115,365243,1,0,1,0,,2.0
5012115,F,Y,Y,1,231600.0,Pensioner,Secondary / secondary special,Separated,House / apartment,-10219,365243,1,0,0,0,,2.0
5012116,F,Y,Y,0,167500.0,Working,Secondary / secondary special,Married,With parents,-21312,-8533,1,0,1,0,Sales staff,2.0
5012117,M,N,Y,0,424000.0,Working,Secondary / secondary special,Separated,House / apartment,-9314,-2646,1,0,0,0,IT staff,1.0
5012118,M,Y,Y,2,261900.0,Working,Secondary / secondary special,Married,House / apartment,-7626,-685,1,1,0,0,Core staff,4.0
5012119,F,Y,Y,1,303500.0,State servant,Higher education,Widow,House / apartment,-25477,-6371,1,0,1,0,Core staff,2.0
5012120,F,N,Y,0,103100.0,Pensioner,Secondary / secondary special,Widow,House / apartment,-8648,365243,1,0,1,0,,1.0
5012121,M,N,Y,4,72600.0,Working,Higher education,Married,Municipal apartment,-15734,-5278,1,1,0,0,Core staff,6.0
5012122,F,N,N,0,119000.0,Pensioner,Secondary / secondary special,Civil marriage,House / apartment,-23347,365243,1,0,0,0,,2.0
5012123,F,N,Y,0,192000.0,Pensioner,Secondary / secondary special,Married,House / apartment,-22269,365243,1,0,0,0,,2.0
5012124,F,Y,Y,0,325700.0,Working,Secondary / secondary special,Married,House / apartment,-15910,-1227,1,1,0,1,Cleaning staff,2.0
5012125,M,N,Y,0,75700.0,Pensioner,Secondary / secondary special,Married,House / apartment,-18461,365243,1,1,0,0,,2.0
5012126,F,Y,Y,1,541400.0,Working,Higher education,Married,House / apartment,-18805,-7034,1,0,1,0,,3.0
5012127,F,N,Y,0,265900.0,Working,Secondary / secondary special,Married,House / apartment,-9311,-2276,1,0,1,0,Sales staff,2.0
5012128,F,Y,Y,0,482000.0,Working,Secondary / secondary special,Married,House / apartment,-12508,365243,1,0,0,0,,2.0
5012129,F,N,Y,0,156800.0,Working,Secondary / secondary special,Single / not married,House / apartment,-12802,-1126,1,0,0,0,Sales staff,1.0
5012130,F,Y,Y,0,314100.0,Pensioner,Secondary / secondary special,Married,House / apartment,-14211,365243,1,0,0,0,,2.0
5012131,F,N,Y,0,254800.0,Working,Secondary / secondary special,Widow,With parents,-12307,-5190,1,0,1,0,,1.0
5012132,M,N,Y,0,367400.0,Working,Secondary / secondary special,Married,House / apartment,-11898,365243,1,0,0,0,,2.0
5012133,F,N,N,0,217200.0,Working,Secondary / secondary special,Married,House / apartment,-13784,-6379,1,0,1,0,Managers,2.0
5012134,F,N,Y,1,309300.0,Commercial associate,Secondary / secondary special,Single / not married,With parents,-14231,-5032,1,0,0,0,Accountants,2.0
5012135,F,N,Y,0,423600.0,Commercial associate,Secondary / secondary special,Civil marriage,House / apartment,-16203,-3120,1,0,0,0,Core staff,2.0
5012136,M,N,Y,0,176300.0,Commercial associate,Higher education,Single / not married,House / apartment,-10474,-192,1,0,0,0,Drivers,1.0
5012137,M,N,N,0,275600.0,Working,Secondary / secondary special,Married,House / apartment,-21702,-6896,1,0,0,0,Laborers,2.0
5012138,F,N,Y,0,95000.0,Commercial associate,Secondary / secondary special,Married,House / apartment,-23023,-1864,1,1,0,0,High skill tech staff,2.0
5012139,F,N,N,2,346900.0,Pensioner,Secondary / secondary special,Married,House / apartment,-11837,365243,1,0,0,1,,4.0
5012140,F,N,N,1,648700.0,Working,Secondary / secondary special,Married,House / apartment,-9557,-607,1,0,1,0,Medicine staff,3.0
5012141,F,N,Y,0,131000.0,Commercial associate,Secondary / secondary special,Married,House / apartment,-20496,-13455,1,0,1,0,,2.0
5012142,F,N,Y,0,233200.0,Pensioner,Secondary / secondary special,Married,House / apartment,-24184,365243,1,0,0,0,,2.0
5012143,F,N,Y,0,379200.0,Commercial associate,Secondary / secondary special,Married,House / apartment,-7947,365243,1,0,0,0,,2.0
5012144,F,N,N,0,248000.0,Commercial associate,Secondary / secondary special,Single / not married,Office apartment,-7569,-884,1,1,1,0,,1.0
5012145,F,N,Y,0,265100.0,Commercial associate,Higher education,Single / not married,House / apartment,-10655,-3850,1,0,1,0,,1.0
5012146,F,Y,Y,1,200800.0,Working,Higher education,Married,House / apartment,-19811,-7130,1,1,0,1,Laborers,3.0
5012147,M,N,Y,1,197100.0,Commercial associate,Secondary / secondary special,Married,Municipal apartment,-24924,-4476,1,0,0,0,Managers,3.0
5012148,F,N,Y,0,233800.0,Pensioner,Secondary / secondary special,Married,House / apartment,-21009,365243,1,0,0,0,,2.0
5012149,F,N,Y,1,249300.0,Working,Secondary / secondary special,Married,Office apartment,-17770,-9068,1,0,0,0,Drivers,3.0
5012150,M,N,Y,1,135200.0,Pensioner,Higher education,Single / not married,House / apartment,-20099,365243,1,1,1,0,,2.0
5012151,M,Y,Y,1,236200.0,Commercial associate,Incomplete higher,Single / not married,House / apartment,-11518,-3257,1,0,1,0,Laborers,2.0
5012152,M,N,Y,2,534800.0,Working,Secondary / secondary special,Single / not married,House / apartment,-19880,-12524,1,0,1,0,Core staff,3.0
5012153,M,N,Y,0,198000.0,Commercial associate,Secondary / secondary special,Married,With parents,-13175,-2313,1,1,0,0,,2.0
5012154,M,N,N,0,131500.0,Working,Higher education,Separated,House / apartment,-11367,-296,1,0,0,1,,1.0
5012155,F,Y,Y,1,226300.0,Pensioner,Higher education,Married,House / apartment,-11625,365243,1,0,0,0,,3.0
5012156,F,N,N,1,170800.0,Working,Secondary / secondary special,Civil marriage,House / apartment,-19500,-1883,1,0,0,0,,3.0
5012157,F,N,Y,2,125000.0,Pensioner,Secondary / secondary special,Married,With parents,-21316,365243,1,1,0,0,,4.0
5012158,M,Y,Y,0,261700.0,Working,Secondary / secondary special,Married,House / apartment,-17930,-4061,1,0,0,0,Medicine staff,2.0
5012159,M,Y,N,0,171200.0,Commercial associate,Secondary / secondary special,Married,House / apartment,-8471,-341,1,0,0,0,Sales staff,2.0
5012160,F,Y,Y,0,178600.0,State servant,Secondary / secondary special,Married,House / apartment,-7999,-1250,1,0,0,0,,2.0
5012161,F,N,N,0,263600.0,Working,Secondary / secondary special,Married,House / apartment,-11271,-4037,1,0,0,0,Cooking staff,2.0
5012162,F,Y,N,0,113400.0,Commercial associate,Higher education,Separated,House / apartment,-12537,-5631,1,1,1,0,Core staff,1.0
5012163,F,Y,Y,0,102200.0,Working,Higher education,Married,House / apartment,-14698,-7311,1,0,0,0,Core staff,2.0
5012164,F,N,Y,0,341400.0,Pensioner,Higher education,Married,House / apartment,-8693,365243,1,0,1,0,,2.0
5012165,M,Y,Y,0,93000.0,Commercial associate,Secondary / secondary special,Civil marriage,House / apartment,-20548,-2323,1,0,1,0,Laborers,2.0
5012166,F,Y,Y,0,149800.0,State servant,Secondary / secondary special,Married,House / apartment,-20299,-4488,1,0,0,0,,2.0
5012167,M,N,Y,0,99300.0,Pensioner,Secondary / secondary special,Married,House / apartment,-13636,365243,1,0,1,0,,2.0
5012168,F,N,Y,0,191500.0,Working,Secondary / secondary special,Widow,House / apartment,-17587,-866,1,0,0,0,Managers,1.0
5012169,F,N,Y,0,302400.0,Working,Secondary / secondary special,Married,House / apartment,-9148,-2127,1,0,1,0,,2.0
5012170,M,N,Y,2,258200.0,Commercial associate,Secondary / secondary special,Married,House / apartment,-14888,-6369,1,0,1,0,Laborers,4.0
5012171,M,N,N,0,807300.0,Working,Secondary / secondary special,Single / not married,House / apartment,-22966,-6454,1,0,1,0,Managers,1.0
5012172,M,N,N,0,420400.0,Working,Secondary / secondary special,Married,House / apartment,-19370,-11049,1,0,0,0,,2.0
5012173,F,Y,Y,1,153300.0,Working,Secondary / secondary special,Single / not married,House / apartment,-9203,-856,1,0,1,0,Laborers,2.0
5012174,M,Y,N,0,134200.0,Commercial associate,Secondary / secondary special,Married,House / apartment,-22784,-12194,1,1,1,0,,2.0
5012175,F,N,Y,1,944900.0,Working,Secondary / secondary special,Married,House / apartment,-19736,365243,1,0,1,0,,3.0
5012176,M,Y,Y,0,415300.0,Pensioner,Higher education,Married,Rented apartment,-15579,365243,1,1,0,1,,2.0
5012177,F,N,Y,2,327800.0,Pensioner,Secondary / secondary special,Widow,House / apartment,-19944,365243,1,1,0,0,,3.0
5012178,F,N,Y,0,253400.0,Pensioner,Secondary / secondary special,Civil marriage,House / apartment,-10461,365243,1,0,0,0,,2.0
5012179,F,Y,Y,3,279900.0,Working,Secondary / secondary special,Married,House / apartment,-17358,-8995,1,0,0,0,,5.0
5012180,F,Y,N,1,116400.0,Working,Secondary / secondary special,Married,House / apartment,-18590,-6608,1,0,0,0,,3.0
5012181,M,Y,N,0,264100.0,Commercial associate,Secondary / secondary special,Married,House / apartment,-24248,-6982,1,1,1,0,Core staff,2.0
5012182,M,N,Y,0,253000.0,State servant,Higher education,Married,House / apartment,-8527,-1214,1,1,0,0,Laborers,2.0
5012183,F,N,N,0,155300.0,Working,Secondary / secondary special,Civil marriage,House / apartment,-14149,-5986,1,1,0,0,Sales staff,2.0
5012184,F,N,Y,0,186500.0,Working,Secondary / secondary special,Widow,House / apartment,-24414,-6088,1,1,0,1,,1.0
5012185,F,Y,Y,0,520800.0,Working,Higher education,Single / not married,House / apartment,-11272,-4208,1,0,1,0,Laborers,1.0
5012186,M,N,N,2,229300.0,Commercial associate,Secondary / secondary special,Married,House / apartment,-22156,-9367,1,0,0,0,,4.0
5012187,M,N,Y,0,687700.0,Commercial associate,Secondary / secondary special,Married,House / apartment,-7334,-108,1,1,0,0,Laborers,2.0
5012188,M,Y,Y,0,102200.0,Working,Secondary / secondary special,Married,House / apartment,-7778,-961,1,0,0,0,,2.0
5012189,F,N,Y,1,188000.0,Working,Secondary / secondary special,Married,House / apartment,-13288,-4170,1,0,0,0,Laborers,3.0
5012190,M,N,Y,0,112600.0,Commercial associate,Secondary / secondary special,Married,House / apartment,-21340,-2343,1,0,0,0,,2.0
5012191,F,Y,Y,0,133400.0,Working,Secondary / secondary special,Civil marriage,With parents,-9207,-499,1,0,0,0,Laborers,2.0
5012192,M,N,Y,1,161400.0,Commercial associate,Secondary / secondary special,Married,House / apartment,-14297,-6751,1,0,0,0,Sales staff,3.0
5012193,F,Y,Y,1,285800.0,Pensioner,Higher education,Married,House / apartment,-9706,365243,1,0,0,0,,3.0
5012194,M,N,Y,0,279000.0,Commercial associate,Secondary / secondary special,Married,House / apartment,-11388,-2843,1,0,0,0,,2.0
5012195,F,Y,Y,2,173800.0,Commercial associate,Secondary / secondary special,Widow,House / apartment,-16491,-8903,1,0,0,0,,3.0
5012196,F,N,Y,0,80100.0,Pensioner,Secondary / secondary special,Single / not married,House / apartment,-13133,365243,1,0,0,0,,1.0
5012197,M,N,N,0,511100.0,Pensioner,Secondary / secondary special,Married,House / apartment,-11175,365243,1,1,0,0,,2.0
5012198,F,N,Y,0,211600.0,Working,Secondary / secondary special,Civil marriage,House / apartment,-14491,-1819,1,1,0,0,Sales staff,2.0
5012199,F,N,Y,0,139700.0,Working,Secondary / secondary special,Married,House / apartment,-20108,-10419,1,0,0,0,Core staff,2.0
5012200,F,N,Y,0,280100.0,Pensioner,Higher education,Married,House / apartment,-9486,365243,1,0,0,0,,2.0
5012201,F,N,Y,0,270400.0,Working,Secondary / secondary special,Married,House / apartment,-16064,-2596,1,0,0,0,Laborers,2.0
5012202,M,N,Y,1,207800.0,Pensioner,Secondary / secondary special,Married,House / apartment,-12322,365243,1,0,0,0,,3.0
5012203,F,N,Y,0,263000.0,Working,Secondary / secondary special,Married,House / apartment,-14220,-3598,1,0,0,0,Sales staff,2.0
5012204,M,N,N,1,137000.0,Pensioner,Secondary / secondary special,Married,House / apartment,-22309,365243,1,0,0,0,,3.0
5012205,M,N,Y,0,357000.0,Commercial associate,Higher education,Married,House / apartment,-24284,-8009,1,0,1,0,Laborers,2.0
5012206,F,N,Y,3,148300.0,Pensioner,Secondary / secondary special,Married,House / apartment,-11742,365243,1,0,0,0,,5.0
5012207,M,N,Y,0,180400.0,Working,Secondary / secondary special,Married,House / apartment,-18810,-6111,1,1,0,0,,2.0
5012208,F,N,Y,0,337700.0,State servant,Higher education,Civil marriage,House / apartment,-19663,-12415,1,0,1,0,Sales staff,2.0
5012209,F,Y,Y,0,445700.0,Working,Higher education,Married,House / apartment,-22691,-7527,1,0,0,0,,2.0
5012210,F,Y,Y,1,539500.0,Working,Secondary / secondary special,Married,House / apartment,-23724,-3305,1,0,0,0,,3.0
5012211,F,Y,N,1,413900.0,Working,Higher education,Married,House / apartment,-15852,-1037,1,0,0,0,Drivers,3.0
5012212,M,N,Y,0,207600.0,State servant,Secondary / secondary special,Married,House / apartment,-25249,-39,1,0,1,0,Accountants,2.0
5012213,M,Y,N,0,113000.0,Working,Secondary / secondary special,Married,House / apartment,-25035,-13316,1,0,1,0,Laborers,2.0
5012214,F,N,Y,0,492900.0,Commercial associate,Secondary / secondary special,Married,House / apartment,-16554,-4918,1,0,1,0,,2.0
5012215,M,N,Y,2,484500.0,Commercial associate,Secondary / secondary special,Married,House / apartment,-17204,-8531,1,0,0,0,Waiters/barmen staff,4.0
5012216,M,Y,Y,2,174500.0,Pensioner,Secondary / secondary special,Civil marriage,House / apartment,-19500,365243,1,0,1,0,,4.0
5012217,F,N,Y,3,387000.0,Commercial associate,Secondary / secondary special,Married,House / apartment,-14132,-6611,1,0,1,0,,5.0
5012218,F,Y,N,1,206800.0,Commercial associate,Secondary / secondary special,Civil marriage,House / apartment,-19396,-1336,1,0,1,0,,3.0
5012219,F,Y,Y,2,517200.0,Commercial associate,Secondary / secondary special,Single / not married,Municipal apartment,-16697,-1788,1,1,0,0,Laborers,3.0
5012220,M,N,Y,0,188700.0,Commercial associate,Secondary / secondary special,Married,House / apartment,-7952,-642,1,0,0,0,,2.0
5012221,F,N,N,1,656600.0,Working,Higher education,Married,House / apartment,-22878,-10841,1,0,1,0,IT staff,3.0
5012222,M,N,N,1,361700.0,Working,Secondary / secondary special,Married,House / apartment,-24480,-6311,1,1,0,0,Laborers,3.0
5012223,M,Y,N,2,599700.0,Working,Secondary / secondary special,Married,House / apartment,-7784,-152,1,0,1,0,Core staff,4.0
5012224,F,N,N,0,193600.0,Working,Secondary / secondary special,Married,With parents,-21719,-11369,1,1,0,0,,2.0
5012225,F,Y,Y,0,298900.0,Working,Secondary / secondary special,Married,House / apartment,-14351,-746,1,0,0,0,Accountants,2.0
5012226,F,Y,N,0,150400.0,Commercial associate,Secondary / secondary special,Married,House / apartment,-18000,-3364,1,0,1,1,,2.0
5012227,M,Y,Y,0,372300.0,State servant,Lower secondary,Married,House / apartment,-16436,-953,1,0,0,1,Sales staff,2.0
5012228,F,Y,N,0,382700.0,Working,Secondary / secondary special,Married,House / apartment,-17373,-6386,1,0,1,0,Managers,2.0
5012229,F,Y,N,0,809300.0,Pensioner,Higher education,Married,House / apartment,-16348,365243,1,0,0,0,,2.0
5012230,F,Y,Y,0,310700.0,Commercial associate,Secondary / secondary special,Married,House / apartment,-22890,-1462,1,0,0,0,Drivers,2.0
5012231,F,N,N,0,350600.0,Working,Higher education,Civil marriage,House / apartment,-19788,-13055,1,0,0,0,Laborers,2.0
5012232,F,Y,Y,0,192900.0,Commercial associate,Secondary / secondary special,Married,House / apartment,-14841,-6148,1,0,0,1,Managers,2.0
5012233,F,Y,Y,0,320000.0,State servant,Higher education,Married,House / apartment,-19880,-4185,1,0,1,0,High skill tech staff,2.0
5012234,F,Y,Y,2,201900.0,Working,Secondary / secondary special,Married,House / apartment,-24929,-5068,1,0,0,1,Sales staff,4.0
5012235,F,N,N,1,258700.0,Working,Secondary / secondary special,Married,Office apartment,-8772,-1847,1,0,0,0,Core staff,3.0
5012236,F,Y,Y,0,266400.0,Working,Secondary / secondary special,Married,House / apartment,-14392,-3450,1,0,0,1,,2.0
5012237,F,N,Y,1,204700.0,Working,Secondary / secondary special,Married,House / apartment,-23202,-7071,1,1,0,0,Drivers,3.0
5012238,F,N,Y,1,251900.0,Commercial associate,Secondary / secondary special,Single / not married,House / apartment,-20802,-12281,1,0,1,0,Drivers,2.0
5012239,F,Y,N,0,202400.0,Pensioner,Secondary / secondary special,Married,House / apartment,-24379,365243,1,0,0,0,,2.0
5012240,M,N,Y,0,201900.0,Commercial associate,Higher education,Married,House / apartment,-8032,-478,1,0,0,0,Core staff,2.0
5012241,F,Y,N,0,418200.0,Working,Secondary / secondary special,Married,House / apartment,-23061,-7033,1,0,1,0,Accountants,2.0
5012242,F,N,N,0,266500.0,Pensioner,Secondary / secondary special,Married,House / apartment,-21765,365243,1,0,0,0,,2.0
5012243,F,N,Y,1,290400.0,Working,Secondary / secondary special,Married,House / apartment,-22190,-6595,1,0,0,0,Drivers,3.0
5012244,M,Y,Y,0,117800.0,Commercial associate,Secondary / secondary special,Married,Municipal apartment,-18213,-2198,1,0,0,0,Core staff,2.0
5012245,F,Y,N,0,301700.0,Working,Secondary / secondary special,Married,House / apartment,-8253,-19,1,0,0,0,Managers,2.0
5012246,M,N,N,2,318300.0,Pensioner,Secondary / secondary special,Married,House / apartment,-17151,365243,1,1,0,1,,4.0
5012247,F,N,N,0,200000.0,Pensioner,Secondary / secondary special,Married,House / apartment,-14752,365243,1,0,1,0,,2.0
5012248,F,Y,Y,1,692400.0,Pensioner,Secondary / secondary special,Married,House / apartment,-16930,365243,1,0,0,0,,3.0
5012249,F,N,N,0,77700.0,Working,Secondary / secondary special,Single / not married,House / apartment,-20825,-2443,1,0,1,0,,1.0
5012250,F,N,Y,0,361400.0,Commercial associate,Higher education,Civil marriage,House / apartment,-18189,-880,1,0,0,0,High skill tech staff,2.0
5012251,F,N,Y,0,348700.0,Commercial associate,Secondary / secondary special,Married,House / apartment,-12648,-3158,1,0,1,0,Sales staff,2.0
5012252,F,Y,N,0,320100.0,Commercial associate,Secondary / secondary special,Married,Rented apartment,-18254,-4053,1,0,1,0,Accountants,2.0
5012253,M,N,Y,0,266600.0,Working,Secondary / secondary special,Married,Municipal apartment,-8823,-815,1,0,0,0,Security staff,2.0
5012254,F,N,N,0,321500.0,Working,Secondary / secondary special,Widow,Municipal apartment,-7403,-282,1,0,0,0,,1.0
5012255,F,Y,Y,0,376800.0,Working,Secondary / secondary special,Married,House / apartment,-14638,-7410,1,0,0,0,Core staff,2.0
5012256,F,N,N,0,169800.0,Working,Lower secondary,Married,House / apartment,-21133,-14126,1,1,0,0,Laborers,2.0
5012257,F,N,Y,0,283500.0,Pensioner,Incomplete higher,Married,Municipal apartment,-22328,365243,1,0,0,0,,2.0
5012258,F,N,Y,1,222800.0,Pensioner,Secondary / secondary special,Married,House / apartment,-17346,365243,1,0,0,0,,3.0
5012259,M,Y,N,0,141300.0,Working,Secondary / secondary special,Married,House / apartment,-23157,-11347,1,0,0,0,Laborers,2.0
5012260,F,N,Y,0,349400.0,State servant,Higher education,Married,House / apartment,-9605,-681,1,0,0,0,Core staff,2.0
5012261,F,Y,Y,0,184100.0,Working,Secondary / secondary special,Married,House / apartment,-24912,-6366,1,1,0,1,,2.0
5012262,F,N,N,0,115400.0,Working,Secondary / secondary special,Separated,House / apartment,-24139,-1828,1,1,0,0,Medicine staff,1.0
5012263,F,Y,Y,0,186400.0,Working,Secondary / secondary special,Widow,House / apartment,-18249,-6177,1,0,0,0,,1.0
5012264,M,N,N,0,163700.0,Pensioner,Secondary / secondary special,Single / not married,House / apartment,-8377,365243,1,0,0,0,,1.0
5012265,M,N,Y,1,408300.0,Commercial associate,Lower secondary,Married,House / apartment,-15600,-3100,1,0,0,1,Managers,3.0
5012266,F,Y,Y,0,263600.0,Working,Higher education,Civil marriage,House / apartment,-10579,-2983,1,1,0,0,Security staff,2.0
5012267,F,N,N,0,487300.0,Commercial associate,Secondary / secondary special,Civil marriage,House / apartment,-18782,-6179,1,0,1,0,Waiters/barmen staff,2.0
5012268,M,N,Y,0,174900.0,Working,Higher education,Separated,House / apartment,-10774,-3535,1,0,0,0,,1.0
5012269,F,Y,Y,1,378000.0,Working,Secondary / secondary special,Married,House / apartment,-16104,-9035,1,1,0,0,,3.0
5012270,F,N,Y,0,1009800.0,Working,Higher education,Married,House / apartment,-11060,-1133,1,0,1,1,Accountants,2.0
5012271,F,N,N,0,291700.0,Working,Secondary / secondary special,Married,House / apartment,-10626,-712,1,0,1,0,Laborers,2.0
5012272,F,Y,Y,0,375600.0,Pensioner,Secondary / secondary special,Separated,House / apartment,-11833,365243,1,0,0,0,,1.0
5012273,M,Y,Y,0,345300.0,Commercial associate,Secondary / secondary special,Married,House / apartment,-7838,-489,1,1,0,0,Laborers,2.0
5012274,M,Y,Y,0,119900.0,Working,Secondary / secondary special,Married,House / apartment,-20383,-7873,1,0,1,0,Laborers,2.0
5012275,F,Y,Y,1,327200.0,Working,Secondary / secondary special,Married,House / apartment,-12907,-4490,1,0,0,0,Medicine staff,3.0
5012276,F,N,Y,0,284600.0,Working,Secondary / secondary special,Married,House / apartment,-20054,-13243,1,0,0,0,,2.0
5012277,F,Y,Y,0,214400.0,Working,Lower secondary,Separated,With parents,-19239,-6369,1,0,0,0,Laborers,1.0
5012278,F,N,Y,2,156900.0,Working,Higher education,Married,House / apartment,-8512,-522,1,0,0,0,Laborers,4.0
5012279,F,N,Y,0,345400.0,Working,Secondary / secondary special,Married,House / apartment,-13004,-854,1,1,0,1,,2.0
5012280,F,Y,Y,0,150100.0,Commercial associate,Higher education,Widow,With parents,-17657,-2996,1,1,0,1,Managers,1.0
5012281,F,N,Y,0,709500.0,Working,Higher education,Married,House / apartment,-24077,-7870,1,0,0,0,Laborers,2.0
5012282,F,N,Y,0,258500.0,Working,Secondary / secondary special,Civil marriage,House / apartment,-14634,-7361,1,1,1,0,Laborers,2.0
5012283,F,N,N,0,132400.0,State servant,Secondary / secondary special,Married,House / apartment,-16524,-5631,1,0,0,0,Managers,2.0
5012284,M,Y,Y,0,188800.0,Working,Higher education,Married,House / apartment,-21005,-4678,1,0,1,0,Sales staff,2.0
5012285,F,Y,Y,3,212400.0,Working,Secondary / secondary special,Married,House / apartment,-21975,-5283,1,1,0,0,,5.0
5012286,M,N,Y,1,815600.0,Working,Secondary / secondary special,Married,House / apartment,-24168,-2012,1,0,0,0,Laborers,3.0
5012287,F,N,Y,1,156900.0,Working,Secondary / secondary special,Married,House / apartment,-16385,-7236,1,1,0,0,Laborers,3.0
5012288,F,N,N,0,230400.0,Working,Secondary / secondary special,Separated,House / apartment,-10845,-761,1,0,0,0,Core staff,1.0
5012289,F,N,N,0,186600.0,Working,Higher education,Married,House / apartment,-21265,-405,1,0,0,0,High skill tech staff,2.0
5012290,F,Y,Y,0,313400.0,Pensioner,Secondary / secondary special,Married,House / apartment,-9598,365243,1,0,0,0,,2.0
5012291,M,N,Y,0,188100.0,Pensioner,Higher education,Civil marriage,House / apartment,-14945,365243,1,0,0,0,,2.0
5012292,M,Y,Y,1,138100.0,Commercial associate,Higher education,Married,House / apartment,-18778,-4247,1,0,0,0,Laborers,3.0
5012293,F,Y,Y,0,221400.0,Working,Secondary / secondary special,Married,House / apartment,-19940,-13269,1,0,1,0,,2.0
5012294,M,N,N,1,210200.0,Working,Higher education,Married,House / apartment,-20692,-7295,1,0,0,0,,3.0
5012295,F,Y,Y,0,181600.0,Working,Secondary / secondary special,Married,House / apartment,-10839,-78,1,0,0,0,Cleaning staff,2.0
5012296,F,N,Y,0,186500.0,Working,Secondary / secondary special,Married,House / apartment,-25232,-12535,1,0,1,1,,2.0
5012297,F,N,Y,0,441400.0,Working,Higher education,Separated,Office apartment,-10563,-3227,1,0,0,0,Core staff,1.0
5012298,F,Y,N,0,208100.0,Working,Secondary / secondary special,Married,House / apartment,-9060,-968,1,1,1,0,Core staff,2.0
5012299,M,N,Y,1,138500.0,Working,Higher education,Married,House / apartment,-19432,-12538,1,1,1,0,Laborers,3.0
5012300,F,N,N,3,193800.0,Working,Secondary / secondary special,Married,House / apartment,-23924,-14770,1,0,0,0,,5.0
5012301,F,N,Y,0,250900.0,Working,Higher education,Married,House / apartment,-17521,-3471,1,0,1,0,Accountants,2.0
5012302,M,Y,Y,0,125200.0,Working,Secondary / secondary special,Single / not married,With parents,-18180,-3678,1,1,1,1,Managers,1.0
5012303,F,Y,N,0,550400.0,Working,Secondary / secondary special,Married,House / apartment,-17139,-5404,1,1,0,0,Laborers,2.0
5012304,M,N,Y,0,376700.0,Working,Secondary / secondary special,Civil marriage,Rented apartment,-8086,-486,1,0,1,0,Core staff,2.0
5012305,F,Y,Y,0,499100.0,Working,Secondary / secondary special,Married,House / apartment,-19747,-1819,1,0,0,0,High skill tech staff,2.0
5012306,F,Y,Y,1,297000.0,Working,Secondary / secondary special,Married,House / apartment,-13847,-4654,1,1,1,0,Sales staff,3.0
5012307,M,N,Y,0,85700.0,Working,Secondary / secondary special,Civil marriage,Rented apartment,-24393,-6798,1,1,0,0,Accountants,2.0
5012308,F,Y,Y,0,526000.0,Working,Secondary / secondary special,Married,House / apartment,-10716,-517,1,0,0,0,Core staff,2.0
5012309,F,N,N,1,158500.0,Working,Secondary / secondary special,Married,House / apartment,-12822,-3374,1,0,0,1,Sales staff,3.0
5012310,F,Y,Y,0,165100.0,Commercial associate,Secondary / secondary special,Single / not married,House / apartment,-16525,-9064,1,0,0,0,Core staff,1.0
5012311,F,N,N,0,264000.0,Working,Secondary / secondary special,Married,House / apartment,-16023,-8940,1,1,1,0,,2.0
5012312,F,N,Y,0,486300.0,Working,Higher education,Married,House / apartment,-14616,-2749,1,0,1,0,Core staff,2.0
5012313,M,Y,Y,0,413400.0,Working,Higher education,Married,Rented apartment,-13047,-5249,1,0,0,0,,2.0
5012314,M,Y,Y,0,384100.0,Working,Secondary / secondary special,Single / not married,House / apartment,-9993,-1730,1,0,1,0,,1.0
5012315,M,N,N,0,208900.0,Working,Secondary / secondary special,Married,House / apartment,-22297,365243,1,1,1,0,,2.0
5012316,F,N,N,2,207200.0,State servant,Secondary / secondary special,Separated,House / apartment,-15501,-1413,1,0,1,1,Laborers,3.0
5012317,F,N,N,2,290200.0,Pensioner,Secondary / secondary special,Married,Rented apartment,-17769,365243,1,0,0,1,,4.0
5012318,F,Y,Y,1,228800.0,Working,Secondary / secondary special,Single / not married,House / apartment,-17286,-8313,1,0,0,0,Sales staff,2.0
5012319,F,Y,Y,0,380800.0,Commercial associate,Secondary / secondary special,Married,House / apartment,-17815,-4017,1,1,0,0,Laborers,2.0
5012320,M,N,Y,1,369700.0,Working,Secondary / secondary special,Married,House / apartment,-20177,-5566,1,1,0,1,Drivers,3.0
5012321,F,N,N,0,328100.0,Working,Secondary / secondary special,Married,House / apartment,-18799,-8432,1,1,1,0,Laborers,2.0
5012322,M,N,Y,0,69000.0,Commercial associate,Secondary / secondary special,Married,House / apartment,-12307,-1600,1,0,0,0,High skill tech staff,2.0
5012323,M,N,Y,0,260300.0,Working,Secondary / secondary special,Married,House / apartment,-17417,-2944,1,0,0,0,,2.0
5012324,M,N,Y,0,231200.0,Working,Higher education,Married,House / apartment,-11770,-648,1,0,0,0,Laborers,2.0
5012325,F,N,Y,0,265500.0,Commercial associate,Higher education,Civil marriage,House / apartment,-18059,-5977,1,0,1,0,,2.0
5012326,M,Y,Y,0,167400.0,Commercial associate,Higher education,Married,House / apartment,-15193,-5602,1,0,0,0,Core staff,2.0
5012327,M,N,N,2,125900.0,State servant,Secondary / secondary special,Widow,House / apartment,-8025,-267,1,0,0,1,Sales staff,3.0
5012328,M,N,Y,0,307700.0,Pensioner,Secondary / secondary special,Married,House / apartment,-20709,365243,1,0,0,0,,2.0
5012329,M,Y,N,2,204300.0,Pensioner,Secondary / secondary special,Married,House / apartment,-12321,365243,1,0,0,0,,4.0
5012330,F,N,N,0,325400.0,Working,Secondary / secondary special,Civil marriage,House / apartment,-24110,-2240,1,0,0,0,,2.0
5012331,F,N,Y,0,174600.0,Working,Secondary / secondary special,Separated,House / apartment,-12429,-3071,1,0,1,1,Laborers,1.0
5012332,F,N,Y,0,495500.0,Commercial associate,Higher education,Married,House / apartment,-25506,-1332,1,0,0,1,,2.0
5012333,F,N,Y,0,402700.0,Student,Incomplete higher,Single / not married,House / apartment,-15760,-2634,1,0,1,1,Sales staff,1.0
5012334,M,N,N,0,283200.0,Working,Higher education,Married,Municipal apartment,-7787,-777,1,0,0,1,,2.0
5012335,F,Y,Y,0,219400.0,State servant,Higher education,Married,House / apartment,-8698,-410,1,0,0,0,Sales staff,2.0
5012336,M,N,Y,0,373900.0,Working,Secondary / secondary special,Single / not married,House / apartment,-8804,-132,1,0,1,1,Drivers,1.0
5012337,M,N,Y,0,297100.0,Working,Higher education,Married,House / apartment,-8332,-1652,1,1,0,0,Accountants,2.0
5012338,M,N,Y,1,275100.0,Working,Higher education,Married,House / apartment,-12196,-1176,1,0,0,0,Waiters/barmen staff,3.0
5012339,M,Y,Y,0,411200.0,Working,Secondary / secondary special,Married,With parents,-13233,-665,1,1,0,0,,2.0
5012340,M,Y,Y,0,498200.0,Pensioner,Secondary / secondary special,Married,House / apartment,-9337,365243,1,1,1,0,,2.0
5012341,F,N,N,1,130500.0,Working,Secondary / secondary special,Married,House / apartment,-15306,-643,1,0,0,0,Sales staff,3.0
5012342,F,N,N,0,144400.0,Pensioner,Secondary / secondary special,Civil marriage,House / apartment,-13977,365243,1,0,1,0,,2.0
5012343,M,N,Y,1,165300.0,Commercial associate,Secondary / secondary special,Married,House / apartment,-18926,-3405,1,0,0,0,,3.0
5012344,M,N,Y,1,115200.0,Working,Higher education,Single / not married,House / apartment,-10882,-58,1,1,0,1,Laborers,2.0
5012345,F,N,N,2,236600.0,Pensioner,Secondary / secondary special,Single / not married,Municipal apartment,-23997,365243,1,0,1,0,,3.0
5012346,M,N,Y,0,329600.0,Working,Secondary / secondary special,Married,House / apartment,-16728,-33,1,0,1,0,Laborers,2.0
5012347,M,N,N,0,241500.0,Pensioner,Secondary / secondary special,Single / not married,House / apartment,-18696,365243,1,0,1,0,,1.0
5012348,F,Y,Y,0,186900.0,Working,Secondary / secondary special,Married,House / apartment,-8027,-728,1,0,1,0,Drivers,2.0
5012349,M,N,Y,0,428800.0,Working,Secondary / secondary special,Married,With parents,-17515,-3731,1,0,0,0,Core staff,2.0
5012350,M,N,Y,0,261900.0,Commercial associate,Secondary / secondary special,Married,Rented apartment,-14027,-3957,1,0,1,0,Sales staff,2.0
5012351,F,Y,Y,0,289800.0,Pensioner,Secondary / secondary special,Separated,Rented apartment,-24183,365243,1,0,0,0,,1.0
5012352,M,Y,N,1,434800.0,Commercial associate,Incomplete higher,Widow,House / apartment,-23479,-7998,1,0,0,0,Laborers,2.0
5012353,F,Y,Y,0,229500.0,Commercial associate,Secondary / secondary special,Married,House / apartment,-18950,-9425,1,0,0,0,Laborers,2.0
5012354,F,N,Y,1,683900.0,Pensioner,Secondary / secondary special,Married,House / apartment,-21328,365243,1,0,1,0,,3.0
5012355,M,Y,Y,1,195200.0,Working,Higher education,Married,House / apartment,-19077,-10604,1,0,1,0,Laborers,3.0
5012356,F,N,N,0,662900.0,Pensioner,Lower secondary,Married,House / apartment,-7615,365243,1,0,0,0,,2.0
5012357,F,N,Y,0,150000.0,Working,Secondary / secondary special,Single / not married,House / apartment,-20146,-13158,1,0,0,0,,1.0
5012358,M,N,N,0,316200.0,Working,Higher education,Married,House / apartment,-10539,-3043,1,1,0,0,Sales staff,2.0
5012359,F,N,Y,3,177100.0,Working,Secondary / secondary special,Married,House / apartment,-19770,-5624,1,0,0,0,Sales staff,5.0
5012360,M,Y,Y,0,427300.0,Working,Secondary / secondary special,Married,House / apartment,-7497,-134,1,0,0,0,Drivers,2.0
5012361,F,N,N,0,192200.0,Working,Secondary / secondary special,Married,House / apartment,-12983,-3799,1,0,0,0,,2.0
5012362,M,N,Y,0,282300.0,Working,Secondary / secondary special,Single / not married,House / apartment,-16745,-8793,1,0,0,0,,1.0
5012363,F,N,Y,2,176300.0,Working,Secondary / secondary special,Married,House / apartment,-13390,-4476,1,0,1,1,Sales staff,4.0
5012364,M,Y,Y,1,390100.0,Commercial associate,Secondary / secondary special,Married,House / apartment,-19979,-9648,1,0,0,0,Laborers,3.0
5012365,F,N,Y,0,175900.0,Commercial associate,Secondary / secondary special,Married,House / apartment,-16851,-715,1,0,1,0,Laborers,2.0
5012366,M,N,Y,0,566500.0,Commercial associate,Secondary / secondary special,Married,House / apartment,-24831,-10312,1,0,0,1,Drivers,2.0
5012367,F,N,Y,0,148400.0,Working,Secondary / secondary special,Married,House / apartment,-13840,-849,1,0,0,0,,2.0
5012368,F,N,Y,0,124600.0,Pensioner,Higher education,Separated,House / apartment,-20488,365243,1,0,0,0,,1.0
5012369,F,N,Y,1,392900.0,Working,Secondary / secondary special,Married,House / apartment,-22570,-2335,1,1,0,0,Core staff,3.0
5012370,F,N,Y,1,181600.0,Commercial associate,Secondary / secondary special,Married,With parents,-11937,-2517,1,1,1,0,Managers,3.0
5012371,F,N,Y,1,243300.0,Working,Incomplete higher,Single / not married,House / apartment,-21077,-13895,1,0,0,0,,2.0
5012372,F,N,N,0,207800.0,Working,Secondary / secondary special,Married,House / apartment,-14488,-4680,1,0,0,0,Cooking staff,2.0
5012373,F,Y,N,0,126600.0,Working,Secondary / secondary special,Married,Municipal apartment,-9656,-469,1,0,0,0,High skill tech staff,2.0
5012374,M,Y,Y,0,234900.0,Pensioner,Secondary / secondary special,Married,House / apartment,-7372,365243,1,0,0,0,,2.0
5012375,F,Y,Y,0,459500.0,Pensioner,Secondary / secondary special,Married,House / apartment,-20888,365243,1,0,0,0,,2.0
5012376,F,Y,N,0,403100.0,Commercial associate,Secondary / secondary special,Married,With parents,-10706,-921,1,0,0,1,,2.0
5012377,F,Y,Y,1,274100.0,Working,Higher education,Married,House / apartment,-8240,-191,1,1,0,0,,3.0
5012378,F,N,Y,0,425700.0,Working,Secondary / secondary special,Married,House / apartment,-16385,-7585,1,0,1,0,Laborers,2.0
5012379,F,Y,N,1,143700.0,Pensioner,Secondary / secondary special,Married,Municipal apartment,-13637,365243,1,0,0,1,,3.0
5012380,M,N,Y,0,207500.0,Working,Secondary / secondary special,Married,House / apartment,-19939,-4614,1,0,1,0,,2.0
5012381,F,Y,Y,0,297600.0,State servant,Secondary / secondary special,Married,House / apartment,-9266,-2579,1,0,0,0,Laborers,2.0
5012382,F,Y,N,0,228700.0,Working,Higher education,Married,House / apartment,-9728,-2545,1,0,0,0,,2.0
5012383,F,Y,Y,0,215800.0,State servant,Higher education,Separated,House / apartment,-14685,-3442,1,0,0,0,,1.0
5012384,F,Y,Y,0,133900.0,Pensioner,Secondary / secondary special,Separated,House / apartment,-16809,365243,1,0,1,0,,1.0
5012385,F,N,Y,1,86200.0,Commercial associate,Secondary / secondary special,Married,Office apartment,-22357,-1727,1,1,0,0,Managers,3.0
5012386,F,N,Y,0,367500.0,Working,Higher education,Civil marriage,House / apartment,-18000,-3465,1,0,0,1,,2.0
5012387,F,Y,N,1,275700.0,Working,Secondary / secondary special,Married,House / apartment,-23789,-7266,1,0,0,0,Laborers,3.0
5012388,F,N,Y,1,383300.0,Pensioner,Incomplete higher,Single / not married,House / apartment,-11282,365243,1,0,0,0,,2.0
5012389,M,N,Y,0,196200.0,Pensioner,Higher education,Married,House / apartment,-18193,365243,1,0,0,0,,2.0
5012390,F,N,N,1,170900.0,Working,Secondary / secondary special,Married,House / apartment,-19271,-11484,1,0,1,0,,3.0
5012391,F,N,Y,0,244900.0,Working,Secondary / secondary special,Civil marriage,House / apartment,-20560,-2024,1,1,0,0,,2.0
5012392,M,N,Y,1,374200.0,Pensioner,Higher education,Civil marriage,House / apartment,-25360,365243,1,0,1,0,,3.0
5012393,M,N,Y,0,217500.0,Commercial associate,Secondary / secondary special,Married,House / apartment,-15852,-8187,1,0,0,1,,2.0
5012394,F,N,Y,0,364500.0,Pensioner,Higher education,Civil marriage,House / apartment,-14050,365243,1,0,0,0,,2.0
5012395,M,Y,Y,0,147600.0,Pensioner,Secondary / secondary special,Married,House / apartment,-22868,365243,1,0,0,0,,2.0
5012396,F,N,N,0,225200.0,Pensioner,Secondary / secondary special,Married,House / apartment,-10534,365243,1,0,1,0,,2.0
5012397,F,N,N,1,235700.0,Working,Secondary / secondary special,Married,House / apartment,-7981,-635,1,1,0,0,,3.0
5012398,F,N,Y,1,450700.0,Working,Secondary / secondary special,Married,House / apartment,-15406,-2091,1,0,0,1,Cleaning staff,3.0
5012399,F,N,Y,2,270800.0,Working,Secondary / secondary special,Single / not married,House / apartment,-11820,-2975,1,1,0,1,Laborers,3.0
5012400,M,N,Y,0,584500.0,State servant,Higher education,Widow,House / apartment,-14547,-2069,1,0,0,0,Drivers,1.0
5012401,F,Y,Y,0,124400.0,Working,Secondary / secondary special,Married,House / apartment,-25313,-8882,1,0,0,1,,2.0
5012402,F,N,Y,0,260500.0,Working,Secondary / secondary special,Married,Municipal apartment,-13669,-5306,1,0,0,0,,2.0
5012403,F,N,N,0,267000.0,Working,Secondary / secondary special,Single / not married,House / apartment,-20234,-7001,1,0,0,0,Core staff,1.0
5012404,M,N,Y,0,332900.0,Working,Secondary / secondary special,Married,House / apartment,-11878,-3885,1,0,0,1,Laborers,2.0
5012405,F,N,Y,0,162600.0,Pensioner,Higher education,Married,House / apartment,-12846,365243,1,0,0,0,,2.0
5012406,M,N,Y,0,566800.0,Commercial associate,Higher education,Married,House / apartment,-11746,-2174,1,0,0,0,Drivers,2.0
5012407,M,Y,Y,0,245700.0,Commercial associate,Secondary / secondary special,Married,House / apartment,-17754,-8967,1,0,1,0,Laborers,2.0
5012408,M,N,Y,0,141800.0,Working,Secondary / secondary special,Civil marriage,House / apartment,-11434,-2294,1,0,0,0,Core staff,2.0
5012409,M,N,Y,0,242200.0,Pensioner,Secondary / secondary special,Married,House / apartment,-20424,365243,1,0,0,0,,2.0
5012410,F,N,Y,1,208700.0,Working,Secondary / secondary special,Married,House / apartment,-19729,-5394,1,0,1,1,Core staff,3.0
5012411,M,Y,Y,0,981700.0,Commercial associate,Higher education,Single / not married,House / apartment,-14998,-270,1,1,0,0,,1.0
5012412,F,N,Y,2,412700.0,Working,Secondary / secondary special,Married,House / apartment,-7772,-905,1,0,1,0,Laborers,4.0
5012413,F,N,Y,0,250300.0,Working,Secondary / secondary special,Married,House / apartment,-7719,-782,1,0,0,0,Sales staff,2.0
5012414,F,N,Y,2,230800.0,Working,Secondary / secondary special,Married,House / apartment,-17035,-6927,1,1,0,0,Security staff,4.0
5012415,M,N,N,0,392800.0,Commercial associate,Incomplete higher,Married,House / apartment,-22631,-8215,1,0,1,0,Laborers,2.0
5012416,F,N,Y,0,402300.0,Commercial associate,Academic degree,Single / not married,House / apartment,-18242,-6645,1,1,0,0,Laborers,1.0
5012417,F,Y,Y,0,56900.0,Working,Higher education,Married,House / apartment,-15261,-4425,1,0,1,0,Core staff,2.0
5012418,F,Y,Y,1,336700.0,Working,Higher education,Civil marriage,House / apartment,-23415,-4104,1,0,0,0,Sales staff,3.0
5012419,M,N,N,0,247600.0,Pensioner,Higher education,Married,House / apartment,-10903,365243,1,0,0,0,,2.0
5012420,F,N,Y,0,126700.0,Working,Higher education,Married,House / apartment,-13869,-1770,1,1,1,0,Laborers,2.0
5012421,F,Y,Y,2,379100.0,Working,Higher education,Married,House / apartment,-17629,-10543,1,0,0,0,,4.0
5012422,F,Y,Y,0,750500.0,Working,Higher education,Civil marriage,House / apartment,-12632,-4156,1,1,0,0,,2.0
5012423,M,Y,Y,0,322500.0,Pensioner,Secondary / secondary special,Married,Municipal apartment,-25526,365243,1,0,0,0,,2.0
5012424,F,N,Y,0,423200.0,Working,Secondary / secondary special,Married,House / apartment,-15566,-7526,1,0,0,0,Accountants,2.0
5012425,M,Y,Y,0,601700.0,State servant,Secondary / secondary special,Married,House / apartment,-8250,-241,1,0,0,0,Low-skill Laborers,2.0
5012426,M,N,N,0,161200.0,Working,Secondary / secondary special,Married,House / apartment,-10521,-109,1,0,1,0,,2.0
5012427,F,N,Y,0,96400.0,Working,Higher education,Married,House / apartment,-17029,-7321,1,0,1,0,Medicine staff,2.0
5012428,M,Y,Y,2,339000.0,Working,Higher education,Married,House / apartment,-17350,-8729,1,1,0,0,High skill tech staff,4.0
5012429,M,N,Y,1,215700.0,Commercial associate,Secondary / secondary special,Civil marriage,House / apartment,-25278,-647,1,1,1,0,Low-skill Laborers,3.0
5012430,M,Y,Y,0,122800.0,Working,Secondary / secondary special,Widow,House / apartment,-18262,-3273,1,0,1,0,Core staff,1.0
5012431,F,N,Y,0,234800.0,Commercial associate,Incomplete higher,Married,House / apartment,-19479,-1387,1,0,0,0,,2.0
5012432,F,Y,N,2,351200.0,Working,Secondary / secondary special,Married,House / apartment,-11208,-4632,1,0,0,0,,4.0
5012433,F,N,N,1,226600.0,Working,Secondary / secondary special,Married,House / apartment,-9257,-1523,1,1,0,0,Core staff,3.0
5012434,F,N,Y,2,164700.0,Pensioner,Higher education,Married,House / apartment,-18299,365243,1,0,0,0,,4.0
5012435,M,Y,Y,0,218300.0,Commercial associate,Secondary / secondary special,Married,House / apartment,-23100,-12721,1,0,1,0,Drivers,2.0
5012436,F,Y,Y,1,241800.0,Working,Secondary / secondary special,Married,House / apartment,-18032,-9080,1,0,0,0,Cleaning staff,3.0
5012437,F,N,Y,1,93000.0,Commercial associate,Secondary / secondary special,Single / not married,House / apartment,-15391,-3793,1,0,0,0,Managers,2.0
5012438,M,Y,Y,0,227300.0,Commercial associate,Secondary / secondary special,Married,Rented apartment,-17864,-8095,1,0,0,0,Laborers,2.0
5012439,F,N,N,0,124700.0,Working,Secondary / secondary special,Married,House / apartment,-15866,-708,1,0,0,0,,2.0
5012440,F,N,N,0,339400.0,Working,Secondary / secondary special,Separated,House / apartment,-9896,-2746,1,1,0,0,,1.0
5012441,M,N,Y,0,111900.0,Working,Secondary / secondary special,Widow,House / apartment,-20841,-9450,1,0,1,0,Managers,1.0
5012442,M,N,Y,1,405100.0,Working,Secondary / secondary special,Married,House / apartment,-17040,-4987,1,0,0,0,Laborers,3.0
5012443,M,N,Y,1,199000.0,Pensioner,Higher education,Married,Office apartment,-14598,365243,1,0,0,0,,3.0
5012444,M,N,Y,1,186100.0,Working,Secondary / secondary special,Married,Rented apartment,-17525,-5272,1,0,1,0,,3.0
5012445,F,N,Y,1,282900.0,Working,Secondary / secondary special,Married,House / apartment,-11710,-4303,1,0,1,1,Laborers,3.0
5012446,F,Y,Y,0,158300.0,Working,Secondary / secondary special,Separated,With parents,-15121,-1928,1,0,0,0,Core staff,1.0
5012447,F,Y,Y,0,280600.0,State servant,Secondary / secondary special,Single / not married,House / apartment,-18672,-7721,1,1,0,0,Sales staff,1.0
5012448,F,N,Y,1,169300.0,Commercial associate,Secondary / secondary special,Single / not married,House / apartment,-11436,-543,1,0,0,0,Managers,2.0
5012449,M,N,Y,0,184800.0,Working,Secondary / secondary special,Married,House / apartment,-20984,-4567,1,0,0,0,Cleaning staff,2.0
5012450,F,N,N,0,299000.0,Working,Incomplete higher,Married,House / apartment,-16820,-5836,1,0,0,0,Core staff,2.0
5012451,F,Y,Y,0,138200.0,Working,Higher education,Married,House / apartment,-23042,-8853,1,0,1,0,Managers,2.0
5012452,F,N,Y,0,129700.0,Commercial associate,Secondary / secondary special,Married,House / apartment,-22778,-1321,1,0,0,0,Accountants,2.0
5012453,F,Y,Y,0,276400.0,Working,Secondary / secondary special,Married,House / apartment,-16336,-1896,1,1,0,0,,2.0
5012454,F,Y,Y,0,240900.0,State servant,Secondary / secondary special,Married,Office apartment,-10875,-2204,1,0,0,0,,2.0
5012455,F,N,Y,0,265600.0,Working,Secondary / secondary special,Married,House / apartment,-20758,-10530,1,1,0,0,,2.0
5012456,F,Y,Y,2,287600.0,Commercial associate,Higher education,Married,House / apartment,-14951,-797,1,0,1,0,Sales staff,4.0
5012457,M,N,Y,1,251200.0,Commercial associate,Secondary / secondary special,Married,House / apartment,-18164,-3253,1,0,0,0,Accountants,3.0
5012458,M,Y,Y,1,330900.0,Pensioner,Higher education,Married,House / apartment,-9264,365243,1,0,0,1,,3.0
5012459,M,N,N,0,256300.0,Working,Higher education,Married,House / apartment,-18839,-7934,1,0,0,0,Core staff,2.0
5012460,M,N,Y,1,89500.0,Commercial associate,Secondary / secondary special,Married,House / apartment,-14127,-3792,1,0,1,0,Managers,3.0
5012461,F,Y,Y,1,101900.0,Working,Secondary / secondary special,Married,House / apartment,-13408,-4996,1,1,0,0,Laborers,3.0
5012462,F,Y,Y,0,640100.0,Working,Secondary / secondary special,Separated,House / apartment,-25201,-15808,1,1,1,1,,1.0
5012463,F,N,Y,2,244100.0,Pensioner,Secondary / secondary special,Married,House / apartment,-15202,365243,1,0,0,1,,4.0
5012464,F,N,N,0,392600.0,State servant,Higher education,Single / not married,Rented apartment,-19688,-9959,1,1,0,0,Managers,1.0
5012465,F,N,Y,2,205400.0,Commercial associate,Secondary / secondary special,Separated,House / apartment,-18769,-688,1,0,0,0,High skill tech staff,3.0
5012466,M,Y,Y,0,237200.0,Working,Secondary / secondary special,Married,House / apartment,-9210,-519,1,0,0,0,,2.0
5012467,M,N,Y,0,194600.0,Pensioner,Higher education,Married,House / apartment,-20964,365243,1,0,0,0,,2.0
5012468,F,N,Y,0,837700.0,Working,Secondary / secondary special,Married,House / apartment,-13207,-1215,1,0,0,0,Laborers,2.0
5012469,F,N,N,0,277100.0,Working,Secondary / secondary special,Married,House / apartment,-21896,-13040,1,0,0,0,Laborers,2.0
5012470,F,N,Y,0,186800.0,Commercial associate,Secondary / secondary special,Married,House / apartment,-18402,-9554,1,0,1,0,Core staff,2.0
5012471,M,Y,Y,4,106900.0,Working,Secondary / secondary special,Single / not married,House / apartment,-13096,-2401,1,0,0,0,High skill tech staff,5.0
5012472,M,Y,N,2,655000.0,State servant,Secondary / secondary special,Married,With parents,-13812,-1735,1,0,0,0,Laborers,4.0
5012473,F,N,N,2,225000.0,Working,Secondary / secondary special,Widow,House / apartment,-20664,-11106,1,0,0,0,Managers,3.0
5012474,M,N,Y,0,354200.0,Working,Secondary / secondary special,Single / not married,House / apartment,-17350,-3194,1,0,1,0,Sales staff,1.0
5012475,M,Y,Y,3,374500.0,Commercial associate,Secondary / secondary special,Married,House / apartment,-19511,-814,1,1,0,0,Sales staff,5.0
5012476,F,N,Y,0,193700.0,Pensioner,Secondary / secondary special,Married,House / apartment,-10196,365243,1,1,0,0,,2.0
5012477,M,Y,Y,1,341700.0,Working,Incomplete higher,Married,House / apartment,-21677,-6820,1,0,0,0,,3.0
5012478,F,Y,N,0,180500.0,Working,Secondary / secondary special,Married,House / apartment,-13156,-6077,1,0,0,0,Sales staff,2.0
5012479,M,Y,Y,0,148800.0,Pensioner,Secondary / secondary special,Married,House / apartment,-18625,365243,1,0,0,0,,2.0
5012480,M,Y,Y,2,437000.0,Working,Higher education,Civil marriage,House / apartment,-9399,-2814,1,0,0,0,Managers,4.0
5012481,F,N,N,2,225600.0,Working,Incomplete higher,Married,Rented apartment,-13175,-4139,1,0,1,0,,4.0
5012482,F,N,Y,0,316400.0,Commercial associate,Higher education,Married,With parents,-19155,-232,1,0,0,0,,2.0
5012483,F,Y,Y,1,299800.0,Working,Secondary / secondary special,Civil marriage,Municipal apartment,-12313,-2618,1,1,0,0,Laborers,3.0
5012484,F,Y,N,0,335900.0,State servant,Secondary / secondary special,Married,House / apartment,-23382,-6473,1,0,0,0,High skill tech staff,2.0
5012485,M,N,N,1,112100.0,Commercial associate,Secondary / secondary special,Married,House / apartment,-19381,-5352,1,0,1,0,Drivers,3.0
5012486,F,Y,N,0,182200.0,State servant,Higher education,Married,House / apartment,-23198,-15739,1,0,1,1,Laborers,2.0
5012487,M,N,Y,0,207600.0,Working,Secondary / secondary special,Married,House / apartment,-14526,-6680,1,1,1,1,Laborers,2.0
5012488,F,Y,N,0,161100.0,State servant,Secondary / secondary special,Civil marriage,House / apartment,-7926,-1241,1,1,1,0,,2.0
5012489,F,N,Y,0,302500.0,Working,Secondary / secondary special,Separated,House / apartment,-17827,-812,1,1,0,0,Laborers,1.0
5012490,F,Y,Y,1,441900.0,Working,Secondary / secondary special,Married,House / apartment,-13500,-130,1,0,0,0,,3.0
5012491,F,Y,N,0,478300.0,Working,Secondary / secondary special,Married,House / apartment,-15490,-2959,1,0,0,0,Laborers,2.0
5012492,M,Y,Y,0,206000.0,Working,Higher education,Married,House / apartment,-19744,-9869,1,0,0,0,,2.0
5012493,M,Y,N,0,282500.0,Working,Secondary / secondary special,Single / not married,House / apartment,-20101,-9095,1,0,0,0,,1.0
5012494,F,N,Y,0,305100.0,Working,Secondary / secondary special,Married,House / apartment,-7808,-461,1,0,0,0,,2.0
5012495,F,N,Y,1,333100.0,Working,Higher education,Married,House / apartment,-21354,-2585,1,0,1,0,Core staff,3.0
5012496,F,Y,N,0,157400.0,Working,Secondary / secondary special,Married,Municipal apartment,-16318,-1462,1,0,1,0,,2.0
5012497,M,Y,Y,0,606700.0,Commercial associate,Secondary / secondary special,Separated,House / apartment,-17472,-3533,1,0,0,0,,1.0
5012498,M,N,Y,0,388000.0,Working,Secondary / secondary special,Married,House / apartment,-12747,-2121,1,0,0,0,,2.0
5012499,M,N,Y,0,393100.0,Pensioner,Secondary / secondary special,Married,Municipal apartment,-14990,365243,1,1,1,0,,2.0
5012500,F,N,N,1,445600.0,Commercial associate,Secondary / secondary special,Civil marriage,House / apartment,-20278,-6732,1,1,0,0,,3.0
5012501,F,N,Y,0,318900.0,Pensioner,Secondary / secondary special,Married,Co-op apartment,-21490,365243,1,0,1,0,,2.0
5012502,F,N,Y,0,146100.0,Working,Higher education,Married,House / apartment,-14375,-1590,1,1,0,0,Private service staff,2.0
5012503,M,N,Y,1,227700.0,State servant,Higher education,Married,House / apartment,-19927,-6639,1,0,1,0,Accountants,3.0
5012504,F,N,N,0,106900.0,Commercial associate,Secondary / secondary special,Widow,House / apartment,-12018,-172,1,0,0,0,Core staff,1.0
5012505,F,N,N,1,300400.0,State servant,Secondary / secondary special,Married,House / apartment,-22500,-11827,1,0,1,0,Drivers,3.0
5012506,M,Y,N,0,224300.0,Working,Secondary / secondary special,Married,House / apartment,-18442,-2943,1,0,0,0,,2.0
5012507,F,Y,Y,1,239200.0,Commercial associate,Secondary / secondary special,Married,House / apartment,-21462,-14279,1,1,0,0,IT staff,3.0
5012508,F,Y,Y,0,445700.0,Pensioner,Secondary / secondary special,Single / not married,House / apartment,-16019,365243,1,0,0,0,,1.0
5012509,F,N,Y,0,194300.0,Working,Secondary / secondary special,Married,House / apartment,-11489,-1276,1,1,0,0,Core staff,2.0
5012510,F,N,Y,0,215200.0,Commercial associate,Secondary / secondary special,Married,House / apartment,-15144,-6948,1,1,0,0,Managers,2.0
5012511,M,N,Y,1,246800.0,Pensioner,Secondary / secondary special,Married,House / apartment,-14272,365243,1,0,0,0,,3.0
5012512,M,Y,N,2,97300.0,Commercial associate,Secondary / secondary special,Married,House / apartment,-13381,-3799,1,0,0,0,,4.0
5012513,F,N,N,0,213700.0,Working,Higher education,Single / not married,House / apartment,-11180,-993,1,1,1,0,Laborers,1.0
5012514,M,N,Y,1,70400.0,Commercial associate,Higher education,Married,House / apartment,-21169,-8431,1,0,0,0,Managers,3.0
5012515,F,Y,Y,0,182200.0,Working,Secondary / secondary special,Single / not married,House / apartment,-8882,-2224,1,0,1,0,Laborers,1.0
5012516,F,N,N,2,374400.0,Pensioner,Secondary / secondary special,Single / not married,With parents,-23514,365243,1,0,0,0,,3.0
5012517,F,N,Y,1,305300.0,Working,Higher education,Separated,House / apartment,-10501,-2906,1,0,0,0,Sales staff,2.0
5012518,F,N,Y,0,181300.0,Working,Secondary / secondary special,Married,House / apartment,-25200,-9100,1,0,0,0,Sales staff,2.0
5012519,M,N,Y,1,249200.0,Working,Secondary / secondary special,Married,House / apartment,-25357,365243,1,0,1,0,,3.0
5012520,M,N,Y,0,142600.0,Commercial associate,Secondary / secondary special,Married,House / apartment,-14581,-1229,1,1,0,0,Security staff,2.0
5012521,M,N,N,0,243800.0,State servant,Secondary / secondary special,Widow,House / apartment,-25345,-13864,1,1,1,0,Sales staff,1.0
5012522,F,N,Y,0,1056700.0,Working,Secondary / secondary special,Civil marriage,House / apartment,-23176,-10472,1,1,0,0,Laborers,2.0
5012523,M,N,Y,2,614400.0,Working,Secondary / secondary special,Married,House / apartment,-8810,-217,1,1,1,0,,4.0
5012524,M,Y,Y,2,250600.0,Working,Secondary / secondary special,Separated,With parents,-24606,-889,1,0,1,0,Laborers,3.0
5012525,F,N,N,1,264500.0,Pensioner,Higher education,Civil marriage,House / apartment,-8081,365243,1,0,1,0,,3.0
5012526,F,Y,Y,3,149600.0,Working,Secondary / secondary special,Separated,House / apartment,-10627,-3800,1,0,1,0,,4.0
5012527,M,Y,Y,1,163500.0,Working,Secondary / secondary special,Married,House / apartment,-17981,-7694,1,1,0,0,Managers,3.0
5012528,F,N,N,0,292600.0,Commercial associate,Secondary / secondary special,Civil marriage,House / apartment,-8779,-596,1,1,0,0,Core staff,2.0
5012529,F,N,N,0,187800.0,Working,Secondary / secondary special,Civil marriage,House / apartment,-10259,-2351,1,0,0,0,Laborers,2.0
5012530,M,N,N,0,383700.0,Working,Secondary / secondary special,Married,House / apartment,-24718,-10422,1,0,0,0,Laborers,2.0
5012531,M,Y,N,0,535200.0,Working,Secondary / secondary special,Widow,With parents,-25470,-6933,1,0,0,0,Laborers,1.0
5012532,M,Y,Y,0,288300.0,Pensioner,Secondary / secondary special,Married,House / apartment,-21881,365243,1,0,0,0,,2.0
5012533,F,Y,Y,0,256900.0,Pensioner,Secondary / secondary special,Married,House / apartment,-16714,365243,1,0,1,0,,2.0
5012534,M,Y,Y,1,105400.0,Commercial associate,Secondary / secondary special,Single / not married,House / apartment,-23747,-4369,1,1,0,0,Sales staff,2.0
5012535,F,N,Y,1,354800.0,Working,Higher education,Married,House / apartment,-9349,-878,1,0,0,0,,3.0
5012536,F,Y,N,0,137800.0,Working,Secondary / secondary special,Civil marriage,House / apartment,-24525,-17376,1,0,0,0,,2.0
5012537,F,N,N,2,198100.0,Working,Secondary / secondary special,Married,House / apartment,-13725,-1872,1,0,1,0,Core staff,4.0
5012538,M,Y,N,0,394500.0,Commercial associate,Incomplete higher,Married,House / apartment,-23038,-13352,1,0,0,0,Managers,2.0
5012539,F,N,Y,1,408500.0,Commercial associate,Secondary / secondary special,Married,House / apartment,-19511,-8784,1,0,0,0,Accountants,3.0
5012540,F,Y,N,0,193300.0,Pensioner,Higher education,Married,House / apartment,-24842,365243,1,0,0,0,,2.0
5012541,F,Y,N,0,199000.0,Working,Secondary / secondary special,Single / not married,With parents,-23096,-12632,1,0,0,0,,1.0
5012542,F,Y,Y,2,172100.0,Commercial associate,Secondary / secondary special,Married,House / apartment,-23520,-2816,1,0,0,0,Drivers,4.0
5012543,F,N,N,0,134100.0,Commercial associate,Secondary / secondary special,Married,House / apartment,-18842,-10413,1,0,0,0,Laborers,2.0
5012544,F,N,Y,0,177700.0,Working,Higher education,Married,House / apartment,-22521,-4653,1,1,1,0,,2.0
5012545,F,N,Y,0,109000.0,Commercial associate,Secondary / secondary special,Single / not married,Municipal apartment,-21132,-3964,1,0,1,0,,1.0
5012546,F,N,Y,0,343500.0,Pensioner,Higher education,Married,House / apartment,-10257,365243,1,0,1,0,,2.0
5012547,M,Y,Y,4,297400.0,Pensioner,Higher education,Single / not married,House / apartment,-19150,365243,1,0,0,0,,5.0
5012548,M,N,Y,0,323100.0,Commercial associate,Secondary / secondary special,Married,House / apartment,-10011,-3275,1,1,0,0,Laborers,2.0
5012549,M,N,Y,1,151500.0,Working,Secondary / secondary special,Married,House / apartment,-23183,-7844,1,0,0,0,Drivers,3.0
5012550,F,Y,N,0,134300.0,Pensioner,Secondary / secondary special,Civil marriage,House / apartment,-8509,365243,1,0,0,0,,2.0
5012551,F,Y,Y,0,250800.0,Commercial associate,Secondary / secondary special,Married,House / apartment,-25331,-9456,1,1,1,0,Managers,2.0
5012552,F,Y,N,0,252100.0,Working,Higher education,Married,House / apartment,-14621,-1996,1,0,0,1,Laborers,2.0
5012553,F,Y,Y,1,226800.0,Working,Secondary / secondary special,Single / not married,Office apartment,-10421,-688,1,0,1,0,Managers,2.0
5012554,F,N,Y,0,211200.0,Working,Secondary / secondary special,Married,House / apartment,-24393,-15347,1,0,0,0,Medicine staff,2.0
5012555,F,Y,Y,0,574300.0,Working,Secondary / secondary special,Single / not married,House / apartment,-8135,-46,1,1,0,0,Laborers,1.0
5012556,M,Y,Y,0,302100.0,Commercial associate,Higher education,Single / not married,House / apartment,-15890,-5398,1,1,1,1,Core staff,1.0
5012557,F,Y,Y,0,654000.0,Working,Secondary / secondary special,Married,House / apartment,-21371,-9493,1,0,1,0,Laborers,2.0
5012558,M,N,Y,1,460400.0,Working,Lower secondary,Married,House / apartment,-13090,-2219,1,1,0,0,Sales staff,3.0
5012559,M,N,Y,0,572100.0,Working,Higher education,Married,House / apartment,-16963,-2387,1,0,0,0,High skill tech staff,2.0
5012560,M,Y,Y,0,142700.0,Working,Higher education,Separated,House / apartment,-20096,-6672,1,0,0,0,Cleaning staff,1.0
5012561,M,Y,N,0,328400.0,Working,Secondary / secondary special,Widow,House / apartment,-24690,-1835,1,0,0,0,Laborers,1.0
5012562,F,Y,Y,0,196700.0,Working,Secondary / secondary special,Married,House / apartment,-9181,-1053,1,0,0,0,,2.0
5012563,F,N,Y,0,106300.0,Working,Secondary / secondary special,Married,House / apartment,-10176,-846,1,0,0,0,Laborers,2.0
5012564,M,Y,Y,0,515800.0,Commercial associate,Secondary / secondary special,Married,House / apartment,-16598,-519,1,0,0,1,Cleaning staff,2.0
5012565,F,N,Y,0,210800.0,Working,Higher education,Married,House / apartment,-14947,-3017,1,0,0,0,,2.0
5012566,F,N,Y,0,144000.0,Commercial associate,Secondary / secondary special,Married,With parents,-14807,-6505,1,0,0,0,,2.0
5012567,M,N,N,0,198400.0,Working,Secondary / secondary special,Single / not married,Rented apartment,-12728,-2368,1,0,0,0,Drivers,1.0
5012568,F,Y,N,1,164000.0,Working,Secondary / secondary special,Separated,House / apartment,-17545,-7019,1,0,0,0,Core staff,2.0
5012569,M,N,Y,1,172600.0,Working,Secondary / secondary special,Widow,House / apartment,-23436,-14838,1,0,0,1,Managers,2.0
5012570,F,N,Y,0,218500.0,Working,Secondary / secondary special,Married,House / apartment,-10244,-1154,1,0,0,0,Core staff,2.0
5012571,F,Y,Y,0,580100.0,Working,Secondary / secondary special,Separated,House / apartment,-11237,-2335,1,0,0,1,Sales staff,1.0
5012572,M,Y,N,1,175000.0,Working,Secondary / secondary special,Single / not married,House / apartment,-19556,-5018,1,0,0,1,Accountants,2.0
5012573,M,Y,Y,1,559700.0,Working,Secondary / secondary special,Married,House / apartment,-8331,-1615,1,1,0,0,Low-skill Laborers,3.0
5012574,F,Y,Y,0,373200.0,Commercial associate,Secondary / secondary special,Married,House / apartment,-19610,-5745,1,0,0,0,Drivers,2.0
5012575,F,Y,N,1,297600.0,Working,Secondary / secondary special,Single / not married,House / apartment,-13048,-4652,1,0,0,0,Managers,2.0
5012576,M,N,N,1,354900.0,Pensioner,Secondary / secondary special,Separated,House / apartment,-13840,365243,1,1,1,0,,2.0
5012577,F,N,N,0,245800.0,Pensioner,Higher education,Married,House / apartment,-14711,365243,1,0,1,0,,2.0
5012578,F,N,N,0,464400.0,Pensioner,Higher education,Married,House / apartment,-13689,365243,1,0,1,0,,2.0
5012579,F,Y,N,1,324100.0,Working,Secondary / secondary special,Married,House / apartment,-22668,-2835,1,0,1,0,Laborers,3.0
5012580,F,N,Y,0,106200.0,Pensioner,Secondary / secondary special,Widow,House / apartment,-24583,365243,1,1,1,0,,1.0
5012581,F,Y,Y,1,283100.0,Working,Secondary / secondary special,Widow,House / apartment,-17313,-8713,1,0,1,0,Managers,2.0
5012582,F,N,N,1,361300.0,Working,Higher education,Married,House / apartment,-17932,-220,1,1,1,0,,3.0
5012583,F,Y,Y,1,211300.0,Working,Higher education,Married,House / apartment,-8592,-1415,1,0,0,0,Medicine staff,3.0
5012584,F,Y,N,0,260000.0,State servant,Secondary / secondary special,Separated,House / apartment,-20330,-9772,1,1,0,1,Laborers,1.0
5012585,M,N,Y,0,179700.0,Working,Higher education,Single / not married,Rented apartment,-17972,-17,1,0,0,0,Managers,1.0
5012586,M,Y,Y,0,122600.0,Pensioner,Secondary / secondary special,Widow,With parents,-8225,365243,1,0,0,0,,1.0
5012587,F,N,Y,1,112500.0,Working,Secondary / secondary special,Civil marriage,House / apartment,-10929,-1655,1,0,0,0,Laborers,3.0
5012588,F,N,Y,1,113200.0,Pensioner,Incomplete higher,Married,House / apartment,-10993,365243,1,0,0,1,,3.0
5012589,M,N,Y,0,341100.0,Pensioner,Secondary / secondary special,Single / not married,House / apartment,-10427,365243,1,0,1,0,,1.0
5012590,F,N,N,0,70300.0,Pensioner,Secondary / secondary special,Married,House / apartment,-19334,365243,1,0,1,0,,2.0
5012591,F,N,Y,2,174900.0,Working,Higher education,Single / not married,House / apartment,-24261,-15458,1,1,1,0,Security staff,3.0
5012592,M,Y,N,3,166500.0,Pensioner,Secondary / secondary special,Married,House / apartment,-21239,365243,1,0,0,0,,5.0
5012593,F,N,Y,0,212000.0,State servant,Higher education,Separated,House / apartment,-16023,-4183,1,0,1,0,,1.0
5012594,M,N,Y,0,96500.0,Working,Secondary / secondary special,Widow,House / apartment,-14684,-4078,1,0,1,0,Medicine staff,1.0
5012595,M,Y,Y,1,298800.0,Working,Secondary / secondary special,Married,Office apartment,-14363,-2268,1,1,0,0,Laborers,3.0
5012596,F,Y,Y,1,129200.0,Commercial associate,Secondary / secondary special,Married,House / apartment,-18285,-140,1,1,0,1,Core staff,3.0
5012597,F,N,N,2,430100.0,Working,Secondary / secondary special,Married,House / apartment,-13865,-4134,1,0,0,0,High skill tech staff,4.0
5012598,M,N,N,0,178900.0,Commercial associate,Higher education,Civil marriage,House / apartment,-11435,-2425,1,0,0,0,Laborers,2.0
5012599,F,N,N,0,232700.0,Working,Higher education,Single / not married,House / apartment,-18314,-6917,1,0,0,0,Laborers,1.0
5012600,F,Y,N,0,244600.0,Working,Secondary / secondary special,Widow,House / apartment,-14440,-6771,1,0,0,1,Sales staff,1.0
5012601,M,N,Y,1,275800.0,Working,Secondary / secondary special,Married,Rented apartment,-7563,-28,1,0,0,0,Drivers,3.0
5012602,M,Y,N,1,248700.0,Working,Higher education,Married,House / apartment,-7711,-280,1,0,1,0,Medicine staff,3.0
5012603,F,N,N,2,197200.0,Working,Higher education,Married,House / apartment,-12311,365243,1,0,0,0,,4.0
5012604,M,N,N,0,289800.0,Pensioner,Higher education,Married,With parents,-16663,365243,1,1,0,1,,2.0
5012605,F,Y,Y,1,308200.0,Working,Secondary / secondary special,Married,House / apartment,-13774,-2283,1,0,1,0,,3.0
5012606,F,N,N,0,166500.0,Pensioner,Secondary / secondary special,Separated,House / apartment,-7744,365243,1,0,0,0,,1.0
5012607,F,N,Y,0,302100.0,Pensioner,Higher education,Married,House / apartment,-11380,365243,1,0,0,0,,2.0
5012608,M,N,N,0,443000.0,Working,Higher education,Civil marriage,House / apartment,-9066,-248,1,0,1,0,Managers,2.0
5012609,F,N,Y,1,347500.0,Working,Secondary / secondary special,Married,House / apartment,-24629,-14918,1,0,0,0,Drivers,3.0
5012610,F,N,Y,3,389100.0,Working,Secondary / secondary special,Married,House / apartment,-13018,-4974,1,0,0,0,Managers,5.0
5012611,M,N,Y,0,266000.0,Working,Secondary / secondary special,Married,House / apartment,-7575,-657,1,0,1,0,Laborers,2.0
5012612,M,Y,Y,0,152900.0,Working,Higher education,Married,House / apartment,-19369,-9216,1,0,0,0,Laborers,2.0
5012613,M,Y,Y,1,162900.0,Commercial associate,Higher education,Separated,Municipal apartment,-11550,-3603,1,0,0,0,Core staff,2.0
5012614,F,Y,N,0,286500.0,State servant,Higher education,Married,House / apartment,-17655,-10597,1,0,1,0,,2.0
5012615,F,N,Y,2,391200.0,Working,Secondary / secondary special,Married,House / apartment,-10058,-1998,1,0,1,0,,4.0
5012616,M,N,Y,0,983100.0,Commercial associate,Secondary / secondary special,Civil marriage,House / apartment,-25276,-7092,1,0,0,0,,2.0
5012617,F,Y,Y,0,398900.0,State servant,Higher education,Widow,House / apartment,-25024,-9283,1,0,1,0,Low-skill Laborers,1.0
5012618,M,N,Y,0,136000.0,Pensioner,Secondary / secondary special,Married,House / apartment,-19285,365243,1,0,0,1,,2.0
5012619,F,N,Y,0,166300.0,Pensioner,Secondary / secondary special,Married,House / apartment,-20220,365243,1,1,0,0,,2.0
5012620,F,N,Y,0,762800.0,Pensioner,Secondary / secondary special,Married,House / apartment,-15083,365243,1,0,0,0,,2.0
5012621,F,Y,Y,0,219300.0,Working,Higher education,Married,House / apartment,-24877,-4035,1,0,1,0,Sales staff,2.0
5012622,F,N,Y,0,250000.0,Pensioner,Secondary / secondary special,Married,House / apartment,-15044,365243,1,0,1,0,,2.0
5012623,F,Y,Y,0,151000.0,State servant,Secondary / secondary special,Separated,House / apartment,-11678,-4095,1,0,1,0,,1.0
5012624,F,Y,Y,2,533900.0,Working,Secondary / secondary special,Married,House / apartment,-9412,-1484,1,0,0,0,Laborers,4.0
5012625,F,N,Y,0,313500.0,Working,Secondary / secondary special,Married,House / apartment,-11106,-4122,1,0,0,0,,2.0
5012626,F,Y,N,0,165700.0,Working,Secondary / secondary special,Single / not married,House / apartment,-17755,-5370,1,0,1,0,Core staff,1.0
5012627,M,Y,Y,1,148500.0,Working,Secondary / secondary special,Civil marriage,With parents,-11781,-1754,1,1,0,0,,3.0
5012628,M,N,Y,0,284700.0,Working,Higher education,Married,House / apartment,-19253,-2586,1,0,0,0,,2.0
5012629,M,Y,Y,0,249600.0,Commercial associate,Secondary / secondary special,Married,Municipal apartment,-14285,-3918,1,0,1,0,Drivers,2.0
5012630,F,N,Y,1,370100.0,Commercial associate,Secondary / secondary special,Married,House / apartment,-23502,-6440,1,0,1,1,Core staff,3.0
5012631,F,Y,Y,1,320900.0,Working,Higher education,Married,House / apartment,-17504,-934,1,0,0,0,Managers,3.0
5012632,F,Y,Y,1,213900.0,Working,Secondary / secondary special,Married,House / apartment,-18675,-397,1,0,0,0,Cleaning staff,3.0
5012633,M,Y,Y,0,186000.0,Pensioner,Secondary / secondary special,Married,Municipal apartment,-17469,365243,1,0,0,0,,2.0
5012634,F,Y,Y,1,225400.0,Working,Secondary / secondary special,Married,House / apartment,-23478,-7325,1,0,1,0,,3.0
5012635,F,N,Y,0,185400.0,Working,Higher education,Married,House / apartment,-8463,-988,1,0,0,0,,2.0
5012636,F,N,Y,0,228700.0,Commercial associate,Higher education,Married,House / apartment,-8535,-811,1,0,0,0,Security staff,2.0
5012637,F,N,N,1,246100.0,Working,Secondary / secondary special,Widow,House / apartment,-20121,-1930,1,0,1,0,Managers,2.0
5012638,F,N,Y,0,155800.0,Working,Secondary / secondary special,Married,House / apartment,-21330,-12218,1,0,0,0,,2.0
5012639,M,Y,Y,2,334600.0,Working,Higher education,Civil marriage,House / apartment,-15223,-1428,1,0,0,0,Managers,4.0
5012640,F,N,N,0,202900.0,Pensioner,Secondary / secondary special,Married,House / apartment,-13739,365243,1,0,0,0,,2.0
5012641,M,N,N,0,160300.0,Commercial associate,Higher education,Single / not married,House / apartment,-12381,-175,1,0,0,0,Sales staff,1.0
5012642,F,N,Y,2,204800.0,Working,Secondary / secondary special,Married,House / apartment,-11586,-4618,1,0,0,0,Laborers,4.0
5012643,F,Y,N,0,275600.0,Working,Secondary / secondary special,Married,House / apartment,-23960,-15330,1,1,0,0,Laborers,2.0
5012644,F,N,Y,2,254500.0,Commercial associate,Secondary / secondary special,Single / not married,House / apartment,-12695,-1398,1,1,1,0,Laborers,3.0
5012645,M,N,Y,2,301500.0,Pensioner,Secondary / secondary special,Single / not married,House / apartment,-19141,365243,1,0,0,0,,3.0
5012646,F,Y,Y,1,382600.0,Commercial associate,Secondary / secondary special,Widow,House / apartment,-21679,-11679,1,0,0,0,,2.0
5012647,F,N,Y,0,468800.0,Pensioner,Secondary / secondary special,Single / not married,House / apartment,-7706,365243,1,1,0,0,,1.0
5012648,M,Y,Y,0,281600.0,Working,Secondary / secondary special,Married,House / apartment,-7924,-470,1,0,0,0,Sales staff,2.0
5012649,F,N,Y,1,143000.0,Commercial associate,Secondary / secondary special,Married,House / apartment,-13389,-5524,1,0,0,0,Accountants,3.0
5012650,F,N,Y,1,213400.0,Pensioner,Secondary / secondary special,Married,House / apartment,-20016,365243,1,0,0,0,,3.0
5012651,F,N,Y,0,147800.0,Pensioner,Secondary / secondary special,Married,House / apartment,-12068,365243,1,0,0,0,,2.0
5012652,F,N,Y,3,570300.0,Pensioner,Higher education,Single / not married,House / apartment,-7332,365243,1,0,0,0,,4.0
5012653,M,Y,Y,0,659500.0,Working,Higher education,Married,House / apartment,-12567,-2021,1,1,0,0,,2.0
5012654,F,N,Y,2,337900.0,Pensioner,Secondary / secondary special,Separated,House / apartment,-8951,365243,1,1,1,0,,3.0
5012655,M,N,Y,0,375000.0,Commercial associate,Secondary / secondary special,Married,House / apartment,-11312,-611,1,0,0,0,Sales staff,2.0
5012656,F,Y,N,0,276800.0,Pensioner,Secondary / secondary special,Married,House / apartment,-13390,365243,1,0,0,0,,2.0
5012657,F,N,Y,0,293200.0,Working,Secondary / secondary special,Married,House / apartment,-9644,-1516,1,0,0,0,,2.0
5012658,F,N,Y,0,109800.0,Commercial associate,Secondary / secondary special,Married,Office apartment,-20205,-7066,1,0,0,0,,2.0
5012659,M,Y,N,1,235300.0,Pensioner,Secondary / secondary special,Civil marriage,House / apartment,-11979,365243,1,0,0,0,,3.0
5012660,F,Y,Y,0,157100.0,Working,Higher education,Widow,House / apartment,-19378,-11425,1,0,1,0,Sales staff,1.0
5012661,F,Y,N,2,281000.0,Commercial associate,Secondary / secondary special,Married,Rented apartment,-18245,-965,1,1,0,0,Laborers,4.0
5012662,F,N,Y,0,237000.0,Pensioner,Secondary / secondary special,Single / not married,House / apartment,-23706,365243,1,1,0,0,,1.0
5012663,F,N,Y,0,646200.0,Working,Higher education,Married,House / apartment,-8911,-1276,1,0,1,0,Drivers,2.0
5012664,F,N,Y,0,386100.0,Working,Secondary / secondary special,Separated,House / apartment,-11224,-3329,1,0,0,0,Managers,1.0
5012665,F,N,Y,0,281500.0,Commercial associate,Secondary / secondary special,Married,House / apartment,-23105,-12373,1,0,0,0,Laborers,2.0
5012666,F,N,Y,0,213600.0,Working,Secondary / secondary special,Married,House / apartment,-22319,-6315,1,0,0,0,Accountants,2.0
5012667,M,N,N,0,564400.0,Working,Lower secondary,Married,With parents,-10813,-1132,1,0,0,1,,2.0
5012668,M,Y,N,1,240500.0,Working,Secondary / secondary special,Married,House / apartment,-9273,-36,1,1,0,0,Sales staff,3.0
5012669,F,N,Y,0,288200.0,Working,Secondary / secondary special,Married,House / apartment,-22942,-13936,1,0,0,0,Managers,2.0
5012670,F,N,N,0,249300.0,Working,Higher education,Married,House / apartment,-10558,-2445,1,1,0,0,Cleaning staff,2.0
5012671,F,N,Y,1,199500.0,Working,Secondary / secondary special,Married,House / apartment,-23214,-8219,1,1,1,0,,3.0
5012672,F,N,Y,0,248600.0,Commercial associate,Higher education,Married,House / apartment,-24857,-18220,1,0,1,0,Sales staff,2.0
5012673,M,Y,Y,0,91500.0,Commercial associate,Secondary / secondary special,Single / not married,Municipal apartment,-11337,-1002,1,0,0,0,Laborers,1.0
5012674,F,N,N,0,112600.0,Pensioner,Incomplete higher,Single / not married,House / apartment,-22653,365243,1,0,0,0,,1.0
5012675,M,Y,Y,0,290800.0,Working,Higher education,Civil marriage,House / apartment,-15045,-2518,1,0,0,0,,2.0
5012676,M,N,Y,0,534800.0,Working,Secondary / secondary special,Married,House / apartment,-21710,-5043,1,1,0,0,Laborers,2.0
5012677,F,Y,N,0,290600.0,Working,Secondary / secondary special,Married,House / apartment,-14745,-5603,1,0,0,0,Laborers,2.0
5012678,M,N,Y,1,170300.0,Pensioner,Higher education,Married,House / apartment,-8591,365243,1,0,1,0,,3.0
5012679,F,Y,Y,2,118700.0,Commercial associate,Secondary / secondary special,Married,House / apartment,-20321,-7188,1,1,1,0,Managers,4.0
5012680,M,Y,Y,0,361400.0,Pensioner,Secondary / secondary special,Married,House / apartment,-10057,365243,1,0,0,0,,2.0
5012681,F,Y,Y,3,183800.0,Working,Higher education,Married,House / apartment,-24235,-2047,1,0,0,0,Medicine staff,5.0
5012682,F,Y,Y,0,336700.0,Commercial associate,Secondary / secondary special,Married,House / apartment,-14934,-7094,1,0,1,0,Core staff,2.0
5012683,M,Y,N,0,296700.0,Commercial associate,Secondary / secondary special,Married,House / apartment,-8803,-2034,1,0,0,0,Core staff,2.0
5012684,F,N,Y,0,310100.0,Pensioner,Secondary / secondary special,Married,House / apartment,-11478,365243,1,0,1,0,,2.0
5012685,F,N,Y,0,248300.0,Working,Secondary / secondary special,Widow,House / apartment,-23057,-12826,1,0,0,0,,1.0
5012686,F,Y,Y,0,295800.0,Commercial associate,Secondary / secondary special,Widow,House / apartment,-13169,-1103,1,0,0,0,High skill tech staff,1.0
5012687,M,Y,Y,0,230000.0,Working,Secondary / secondary special,Married,With parents,-22944,-12337,1,1,0,0,,2.0
5012688,F,N,Y,1,177700.0,Commercial associate,Higher education,Married,House / apartment,-10451,-3526,1,1,0,0,Accountants,3.0
5012689,F,N,N,1,150800.0,Working,Secondary / secondary special,Separated,House / apartment,-15856,365243,1,0,0,0,,2.0
5012690,F,N,Y,0,74100.0,Working,Secondary / secondary special,Separated,House / apartment,-23344,-360,1,0,1,0,Core staff,1.0
5012691,F,N,Y,1,223000.0,Working,Higher education,Civil marriage,Co-op apartment,-8189,-665,1,0,0,0,Sales staff,3.0
5012692,F,Y,Y,2,521900.0,State servant,Secondary / secondary special,Married,House / apartment,-12862,-4819,1,0,0,0,,4.0
5012693,F,Y,Y,0,351700.0,Working,Secondary / secondary special,Married,House / apartment,-23921,-12528,1,1,0,0,Laborers,2.0
5012694,F,Y,N,0,273600.0,Pensioner,Higher education,Married,House / apartment,-18199,365243,1,0,0,0,,2.0
5012695,F,N,N,0,169100.0,State servant,Secondary / secondary special,Civil marriage,Office apartment,-20385,-5765,1,0,0,0,Laborers,2.0
5012696,F,N,Y,0,402000.0,State servant,Secondary / secondary special,Civil marriage,House / apartment,-22684,-10541,1,1,0,0,Security staff,2.0
5012697,F,N,N,0,230000.0,Pensioner,Secondary / secondary special,Married,House / apartment,-16867,365243,1,0,0,0,,2.0
5012698,F,Y,Y,0,536600.0,Pensioner,Secondary / secondary special,Married,House / apartment,-22743,365243,1,1,1,0,,2.0
5012699,F,Y,Y,0,149500.0,Working,Higher education,Married,House / apartment,-18970,-2813,1,0,1,0,High skill tech staff,2.0
5012700,M,Y,Y,0,167800.0,Working,Secondary / secondary special,Single / not married,House / apartment,-19827,-12667,1,0,1,0,Sales staff,1.0
5012701,F,N,Y,0,159800.0,Commercial associate,Secondary / secondary special,Single / not married,House / apartment,-10097,-581,1,0,1,0,Laborers,1.0
5012702,F,Y,N,0,116400.0,Working,Higher education,Married,House / apartment,-24454,-8770,1,0,1,0,,2.0
5012703,F,N,Y,0,152800.0,Working,Secondary / secondary special,Married,House / apartment,-21843,-7186,1,0,1,1,Core staff,2.0
5012704,F,Y,Y,0,257100.0,Commercial associate,Secondary / secondary special,Married,House / apartment,-11947,-5196,1,0,0,0,,2.0
5012705,F,N,N,0,171000.0,Commercial associate,Secondary / secondary special,Single / not married,House / apartment,-17897,-9909,1,0,0,1,Managers,1.0
5012706,F,N,Y,2,35500.0,Pensioner,Secondary / secondary special,Single / not married,House / apartment,-14180,365243,1,0,0,0,,3.0
5012707,M,N,N,0,417700.0,Commercial associate,Secondary / secondary special,Married,House / apartment,-19366,-225,1,0,1,0,,2.0
5012708,F,N,Y,0,105200.0,Commercial associate,Secondary / secondary special,Married,House / apartment,-25453,-9649,1,0,0,0,Managers,2.0
5012709,F,N,Y,0,327800.0,Working,Secondary / secondary special,Married,House / apartment,-8140,-1445,1,0,0,0,Sales staff,2.0
5012710,F,N,N,1,248000.0,Working,Secondary / secondary special,Married,House / apartment,-24700,-5446,1,0,1,0,Laborers,3.0
5012711,M,N,Y,1,703700.0,State servant,Secondary / secondary special,Married,House / apartment,-8627,-1188,1,0,1,0,,3.0
5012712,F,N,N,0,401900.0,Working,Higher education,Married,House / apartment,-15720,-8329,1,0,1,0,Laborers,2.0
5012713,M,N,Y,0,189700.0,Working,Secondary / secondary special,Single / not married,House / apartment,-16110,-9440,1,1,1,1,Managers,1.0
5012714,M,N,N,0,171900.0,Commercial associate,Secondary / secondary special,Single / not married,House / apartment,-12213,-1059,1,1,0,0,Core staff,1.0
5012715,M,N,Y,0,517500.0,Working,Secondary / secondary special,Married,House / apartment,-17654,-9621,1,0,0,0,Laborers,2.0
5012716,M,N,Y,4,116700.0,Working,Secondary / secondary special,Married,With parents,-22535,-13367,1,0,0,0,,6.0
5012717,F,Y,N,0,268600.0,Working,Secondary / secondary special,Married,Municipal apartment,-12673,-5202,1,0,1,0,High skill tech staff,2.0
5012718,F,Y,Y,0,228600.0,Working,Lower secondary,Civil marriage,Rented apartment,-8591,-951,1,1,0,0,Drivers,2.0
5012719,F,N,N,0,205600.0,Working,Higher education,Civil marriage,With parents,-18852,-2642,1,0,1,0,Waiters/barmen staff,2.0
5012720,F,N,N,0,291300.0,Pensioner,Secondary / secondary special,Married,Office apartment,-21034,365243,1,1,0,0,,2.0
5012721,M,N,N,1,268400.0,Working,Secondary / secondary special,Married,House / apartment,-24737,-6079,1,0,1,0,Managers,3.0
5012722,F,N,N,0,306900.0,Working,Secondary / secondary special,Married,Rented apartment,-10218,-2724,1,0,0,1,,2.0
5012723,F,N,Y,3,261700.0,Working,Secondary / secondary special,Married,House / apartment,-23766,-17059,1,0,0,0,,5.0
5012724,F,N,Y,0,300800.0,Working,Secondary / secondary special,Married,House / apartment,-16110,-8752,1,1,0,0,Core staff,2.0
5012725,F,Y,Y,0,255800.0,Pensioner,Secondary / secondary special,Married,House / apartment,-11611,365243,1,0,0,0,,2.0
5012726,F,N,Y,0,175600.0,Working,Secondary / secondary special,Married,House / apartment,-24887,-7551,1,0,1,0,,2.0
5012727,M,N,Y,0,244600.0,State servant,Secondary / secondary special,Married,Municipal apartment,-11659,-76,1,0,0,0,Drivers,2.0
5012728,F,Y,Y,0,170800.0,Working,Secondary / secondary special,Civil marriage,House / apartment,-20700,-7813,1,0,1,0,Sales staff,2.0
5012729,M,N,Y,0,165300.0,Pensioner,Higher education,Married,House / apartment,-21639,365243,1,0,0,0,,2.0
5012730,F,N,Y,1,206400.0,Working,Higher education,Separated,House / apartment,-15167,-4949,1,1,1,0,,2.0
5012731,F,Y,Y,0,230000.0,Working,Secondary / secondary special,Married,House / apartment,-19906,-9270,1,1,0,0,Sales staff,2.0
5012732,F,Y,N,0,248500.0,Working,Secondary / secondary special,Married,House / apartment,-17760,-5775,1,1,0,0,,2.0
5012733,M,N,Y,0,386000.0,Commercial associate,Secondary / secondary special,Married,House / apartment,-10812,-93,1,1,0,0,Managers,2.0
5012734,F,Y,Y,0,190300.0,Working,Higher education,Married,House / apartment,-21182,-2173,1,1,0,0,,2.0
5012735,M,Y,N,2,269400.0,Working,Higher education,Married,With parents,-24253,-15612,1,0,1,0,,4.0
5012736,F,Y,Y,0,259000.0,Pensioner,Higher education,Married,House / apartment,-16229,365243,1,0,0,0,,2.0
5012737,M,N,N,1,180100.0,Working,Secondary / secondary special,Married,House / apartment,-25464,-7783,1,0,0,0,,3.0
5012738,M,N,Y,0,253300.0,Working,Secondary / secondary special,Civil marriage,House / apartment,-15121,-762,1,0,0,0,Sales staff,2.0
5012739,F,N,Y,1,403100.0,Pensioner,Secondary / secondary special,Married,House / apartment,-16066,365243,1,1,0,0,,3.0
5012740,F,Y,Y,1,268000.0,Working,Secondary / secondary special,Married,House / apartment,-19612,-6251,1,0,1,1,Laborers,3.0
5012741,M,N,N,2,273400.0,Pensioner,Secondary / secondary special,Separated,House / apartment,-10698,365243,1,0,0,0,,3.0
5012742,M,Y,Y,0,171600.0,Working,Secondary / secondary special,Single / not married,House / apartment,-23777,-8397,1,1,0,0,Laborers,1.0
5012743,F,Y,N,0,653400.0,Working,Higher education,Married,House / apartment,-21938,-13712,1,1,0,0,Core staff,2.0
5012744,F,N,Y,0,176500.0,Working,Higher education,Married,House / apartment,-23238,-940,1,0,1,0,Drivers,2.0
5012745,F,Y,Y,0,106000.0,Pensioner,Secondary / secondary special,Married,House / apartment,-18437,365243,1,1,1,0,,2.0
5012746,M,N,Y,0,375300.0,Pensioner,Higher education,Married,With parents,-23444,365243,1,0,0,0,,2.0
5012747,F,N,Y,2,230500.0,State servant,Secondary / secondary special,Married,With parents,-19723,-4754,1,0,0,0,,4.0
5012748,M,Y,Y,0,209800.0,Working,Higher education,Married,House / apartment,-16647,-2558,1,0,1,1,,2.0
5012749,M,N,N,3,185800.0,Pensioner,Higher education,Single / not married,House / apartment,-24322,365243,1,0,0,0,,4.0
5012750,F,N,Y,0,622400.0,Working,Secondary / secondary special,Married,House / apartment,-15335,-714,1,0,0,0,Managers,2.0
5012751,F,N,Y,1,291500.0,Working,Secondary / secondary special,Married,With parents,-16447,-6195,1,1,0,0,High skill tech staff,3.0
5012752,M,Y,Y,0,321400.0,Pensioner,Secondary / secondary special,Married,House / apartment,-10401,365243,1,0,0,0,,2.0
5012753,M,N,N,0,264800.0,Working,Higher education,Married,House / apartment,-24612,-8720,1,0,1,0,,2.0
5012754,M,Y,N,2,279400.0,Working,Secondary / secondary special,Married,House / apartment,-11342,-4516,1,0,0,0,,4.0
5012755,F,N,N,0,491300.0,Working,Higher education,Married,House / apartment,-10983,-1061,1,1,0,0,Drivers,2.0
5012756,F,Y,N,1,215400.0,Pensioner,Secondary / secondary special,Married,House / apartment,-9153,365243,1,0,0,0,,3.0
5012757,M,N,N,0,117800.0,Working,Secondary / secondary special,Separated,House / apartment,-15584,-5829,1,0,0,1,Laborers,1.0
5012758,M,Y,N,0,376800.0,Working,Incomplete higher,Married,House / apartment,-12302,-3860,1,0,0,0,Laborers,2.0
5012759,F,Y,N,2,313000.0,Student,Secondary / secondary special,Married,House / apartment,-20834,-3906,1,1,0,0,,4.0
5012760,F,N,Y,0,257700.0,Working,Secondary / secondary special,Separated,House / apartment,-12921,-1255,1,1,1,0,,1.0
5012761,F,N,Y,1,308900.0,Working,Secondary / secondary special,Widow,House / apartment,-20468,-9228,1,0,0,0,,2.0
5012762,M,N,Y,0,202800.0,Commercial associate,Secondary / secondary special,Married,House / apartment,-10884,-2920,1,0,0,1,Laborers,2.0
5012763,M,N,Y,1,246700.0,Pensioner,Secondary / secondary special,Separated,House / apartment,-11505,365243,1,1,0,0,,2.0
5012764,F,Y,Y,0,228600.0,Working,Secondary / secondary special,Married,House / apartment,-22028,-543,1,0,0,0,Laborers,2.0
5012765,F,N,Y,0,181600.0,Commercial associate,Secondary / secondary special,Married,House / apartment,-14082,-4609,1,1,0,0,,2.0
5012766,M,N,N,0,442400.0,Working,Higher education,Married,Municipal apartment,-9346,-2498,1,0,0,0,Accountants,2.0
5012767,F,Y,Y,0,120500.0,Working,Secondary / secondary special,Married,House / apartment,-24863,-1229,1,1,1,0,Sales staff,2.0
5012768,M,N,N,0,794800.0,Working,Higher education,Married,House / apartment,-10545,-2403,1,0,0,0,High skill tech staff,2.0
5012769,F,N,N,0,378600.0,Working,Secondary / secondary special,Married,House / apartment,-10048,-803,1,0,0,0,Sales staff,2.0
5012770,M,N,N,0,100400.0,Working,Secondary / secondary special,Civil marriage,With parents,-13850,-3355,1,0,0,1,Core staff,2.0
5012771,M,N,N,0,218200.0,Pensioner,Secondary / secondary special,Married,House / apartment,-9052,365243,1,0,0,0,,2.0
5012772,F,N,N,0,224400.0,Commercial associate,Secondary / secondary special,Married,House / apartment,-10147,-1481,1,0,0,0,Sales staff,2.0
5012773,F,Y,Y,0,297000.0,State servant,Secondary / secondary special,Married,House / apartment,-22763,-2541,1,0,0,0,Laborers,2.0
5012774,F,Y,Y,0,148900.0,Commercial associate,Secondary / secondary special,Widow,House / apartment,-10437,-599,1,0,0,0,,1.0
5012775,F,N,Y,0,248100.0,Working,Incomplete higher,Civil marriage,House / apartment,-9340,-492,1,0,1,0,,2.0
5012776,M,Y,N,0,229800.0,Working,Secondary / secondary special,Married,With parents,-23375,-1382,1,1,0,0,Drivers,2.0
5012777,F,Y,N,1,168800.0,Pensioner,Secondary / secondary special,Civil marriage,House / apartment,-15410,365243,1,0,0,0,,3.0
5012778,M,N,N,0,157500.0,Commercial associate,Secondary / secondary special,Single / not married,House / apartment,-10175,-2246,1,0,0,0,,1.0
5012779,F,N,Y,1,386500.0,State servant,Higher education,Separated,House / apartment,-17925,-480,1,0,0,0,Managers,2.0
5012780,F,Y,Y,0,104500.0,Working,Secondary / secondary special,Married,House / apartment,-8063,-566,1,0,0,0,Laborers,2.0
5012781,F,N,Y,1,310000.0,Working,Higher education,Married,Municipal apartment,-15110,-2813,1,0,0,0,Sales staff,3.0
5012782,M,N,Y,0,363700.0,Working,Secondary / secondary special,Married,House / apartment,-18086,-1901,1,0,0,0,Security staff,2.0
5012783,F,Y,Y,0,218900.0,Working,Secondary / secondary special,Widow,House / apartment,-24784,-7247,1,0,0,0,,1.0
5012784,F,N,Y,1,250600.0,Working,Secondary / secondary special,Widow,House / apartment,-13267,-3812,1,1,0,0,Sales staff,2.0
5012785,F,N,N,1,436800.0,Working,Higher education,Single / not married,Office apartment,-21277,-13585,1,1,0,0,,2.0
5012786,M,N,Y,0,171600.0,Commercial associate,Secondary / secondary special,Married,House / apartment,-9728,-1395,1,0,1,0,Laborers,2.0
5012787,M,N,Y,0,180700.0,Working,Secondary / secondary special,Married,House / apartment,-15223,-281,1,0,1,0,,2.0
5012788,F,Y,N,0,190600.0,Working,Secondary / secondary special,Married,House / apartment,-11380,-2049,1,0,0,0,,2.0
5012789,F,N,Y,0,437200.0,Commercial associate,Secondary / secondary special,Married,House / apartment,-16299,-7929,1,1,1,0,Managers,2.0
5012790,M,Y,Y,1,465800.0,Working,Secondary / secondary special,Married,House / apartment,-14925,-1472,1,0,0,0,Laborers,3.0
5012791,F,N,Y,0,121500.0,Commercial associate,Secondary / secondary special,Married,House / apartment,-25198,-12797,1,0,0,0,,2.0
5012792,M,N,Y,0,403800.0,Working,Secondary / secondary special,Widow,House / apartment,-24061,-9545,1,0,0,0,Sales staff,1.0
5012793,F,N,Y,0,367700.0,Pensioner,Lower secondary,Married,House / apartment,-17938,365243,1,1,1,0,,2.0
5012794,M,Y,Y,0,530900.0,Commercial associate,Secondary / secondary special,Separated,House / apartment,-10529,-2993,1,0,0,0,,1.0
5012795,M,Y,Y,0,296000.0,Pensioner,Secondary / secondary special,Single / not married,House / apartment,-17476,365243,1,0,0,0,,1.0
5012796,F,Y,Y,1,238800.0,Working,Secondary / secondary special,Married,House / apartment,-21770,-12675,1,1,0,0,Sales staff,3.0
5012797,M,N,Y,0,432800.0,Working,Higher education,Married,House / apartment,-7999,-1179,1,0,1,0,,2.0
5012798,F,Y,N,1,346300.0,Working,Secondary / secondary special,Widow,With parents,-15231,-7170,1,0,1,0,Laborers,2.0
5012799,F,N,Y,0,750100.0,Working,Secondary / secondary special,Single / not married,House / apartment,-8084,-734,1,0,1,0,Managers,1.0
5012800,M,Y,N,0,394300.0,Working,Secondary / secondary special,Married,House / apartment,-11760,-3968,1,0,0,0,Core staff,2.0
5012801,F,N,Y,0,263600.0,Commercial associate,Secondary / secondary special,Married,House / apartment,-8987,-216,1,0,0,0,Drivers,2.0
5012802,F,Y,Y,0,135700.0,Working,Secondary / secondary special,Single / not married,House / apartment,-24848,-7258,1,0,0,0,Managers,1.0
5012803,M,N,N,1,182600.0,Commercial associate,Secondary / secondary special,Married,House / apartment,-10388,-2465,1,0,0,0,Sales staff,3.0
5012804,F,N,Y,0,119100.0,Pensioner,Secondary / secondary special,Married,House / apartment,-10046,365243,1,0,0,0,,2.0
5012805,F,N,Y,0,219200.0,Commercial associate,Higher education,Single / not married,House / apartment,-25057,-15913,1,1,0,0,Sales staff,1.0
5012806,F,N,Y,0,387900.0,Working,Higher education,Married,Office apartment,-16728,-894,1,0,1,0,High skill tech staff,2.0
5012807,M,N,Y,0,243700.0,State servant,Secondary / secondary special,Married,House / apartment,-21148,-8873,1,0,0,0,Medicine staff,2.0
5012808,M,N,N,1,406900.0,Working,Secondary / secondary special,Separated,House / apartment,-13283,-6041,1,0,0,0,Accountants,2.0
5012809,M,Y,N,0,289000.0,Working,Higher education,Married,House / apartment,-17036,-3903,1,0,0,0,,2.0
5012810,F,Y,Y,1,199600.0,Pensioner,Higher education,Civil marriage,House / apartment,-7430,365243,1,0,0,0,,3.0
5012811,F,N,Y,0,255100.0,Working,Secondary / secondary special,Married,House / apartment,-14771,-7475,1,0,0,0,,2.0
5012812,F,N,Y,0,309100.0,Commercial associate,Secondary / secondary special,Married,House / apartment,-17442,-4627,1,0,1,0,Core staff,2.0
5012813,M,N,N,0,261700.0,Working,Higher education,Married,House / apartment,-16699,-2545,1,1,1,0,Laborers,2.0
5012814,M,Y,N,1,263200.0,Working,Secondary / secondary special,Married,House / apartment,-14716,-1034,1,0,0,1,Sales staff,3.0
5012815,F,Y,N,1,166200.0,Working,Higher education,Widow,House / apartment,-21694,-6480,1,0,0,1,,2.0
5012816,F,Y,Y,0,196600.0,Working,Secondary / secondary special,Widow,With parents,-16466,-2354,1,0,1,0,High skill tech staff,1.0
5012817,M,Y,N,0,755200.0,Working,Secondary / secondary special,Single / not married,House / apartment,-18922,-12335,1,0,0,0,Sales staff,1.0
5012818,F,Y,Y,0,451200.0,Working,Secondary / secondary special,Married,House / apartment,-10677,-2607,1,0,1,0,,2.0
5012819,M,Y,Y,0,116800.0,Pensioner,Secondary / secondary special,Single / not married,House / apartment,-23038,365243,1,0,1,0,,1.0
5012820,F,Y,N,0,74800.0,Pensioner,Secondary / secondary special,Married,House / apartment,-13931,365243,1,0,1,0,,2.0
5012821,F,N,Y,0,253600.0,Pensioner,Higher education,Married,House / apartment,-16109,365243,1,0,0,0,,2.0
5012822,M,Y,N,0,381600.0,Pensioner,Secondary / secondary special,Married,House / apartment,-13737,365243,1,0,0,0,,2.0
5012823,M,N,Y,0,188200.0,Working,Higher education,Married,House / apartment,-23593,-16868,1,0,0,0,Waiters/barmen staff,2.0
5012824,F,Y,N,0,406900.0,Pensioner,Secondary / secondary special,Married,House / apartment,-23755,365243,1,0,0,1,,2.0
5012825,M,N,Y,1,251500.0,Working,Secondary / secondary special,Married,House / apartment,-11401,-1321,1,0,1,0,,3.0
5012826,F,N,Y,0,225000.0,Working,Secondary / secondary special,Married,House / apartment,-21051,-12221,1,0,1,0,,2.0
5012827,F,Y,Y,2,356300.0,Commercial associate,Higher education,Married,House / apartment,-9184,-2443,1,1,0,0,Sales staff,4.0
5012828,F,N,Y,0,187100.0,Working,Secondary / secondary special,Married,House / apartment,-7850,-411,1,0,0,0,Core staff,2.0
5012829,F,Y,Y,0,211500.0,Pensioner,Secondary / secondary special,Single / not married,House / apartment,-22583,365243,1,1,0,0,,1.0
5012830,F,N,Y,0,341300.0,Working,Lower secondary,Married,House / apartment,-9701,-1000,1,0,0,0,,2.0
5012831,M,Y,Y,0,240300.0,Working,Secondary / secondary special,Married,House / apartment,-10132,-2062,1,0,0,0,Laborers,2.0
5012832,F,N,Y,0,634000.0,Working,Higher education,Single / not married,House / apartment,-18383,-4872,1,0,0,0,Managers,1.0
5012833,F,N,Y,0,345400.0,Working,Higher education,Married,House / apartment,-22221,-47,1,0,0,0,,2.0
5012834,F,Y,Y,2,334300.0,Pensioner,Secondary / secondary special,Married,House / apartment,-10768,365243,1,0,0,0,,4.0
5012835,M,N,N,0,238200.0,State servant,Secondary / secondary special,Civil marriage,House / apartment,-9390,-2012,1,0,0,0,Drivers,2.0
5012836,M,Y,N,2,378100.0,Working,Incomplete higher,Married,House / apartment,-8717,-904,1,1,0,0,,4.0
5012837,F,N,Y,0,207800.0,Working,Secondary / secondary special,Civil marriage,House / apartment,-7759,0,1,0,0,0,Sales staff,2.0
5012838,M,N,Y,0,281200.0,Working,Secondary / secondary special,Married,House / apartment,-9432,-2298,1,0,1,0,,2.0
5012839,F,N,N,0,154400.0,Pensioner,Secondary / secondary special,Married,House / apartment,-24521,365243,1,0,0,0,,2.0
5012840,F,Y,Y,1,410500.0,Working,Secondary / secondary special,Married,House / apartment,-9045,-670,1,0,1,0,Core staff,3.0
5012841,F,N,Y,0,282300.0,Pensioner,Higher education,Married,House / apartment,-18218,365243,1,0,0,0,,2.0
5012842,F,N,Y,2,657800.0,Commercial associate,Higher education,Married,House / apartment,-24124,-9337,1,0,0,0,,4.0
5012843,F,Y,Y,0,807400.0,Pensioner,Higher education,Married,House / apartment,-18771,365243,1,0,0,0,,2.0
5012844,F,Y,Y,1,357600.0,Commercial associate,Higher education,Married,House / apartment,-7903,-791,1,0,0,0,,3.0
5012845,M,Y,Y,0,252600.0,Commercial associate,Secondary / secondary special,Single / not married,House / apartment,-18197,-11475,1,0,1,0,Managers,1.0
5012846,F,N,Y,0,152100.0,Commercial associate,Higher education,Civil marriage,House / apartment,-23797,-9450,1,0,0,0,,2.0
5012847,F,Y,Y,0,383800.0,Pensioner,Secondary / secondary special,Civil marriage,House / apartment,-13196,365243,1,0,0,0,,2.0
5012848,F,N,Y,0,271200.0,Pensioner,Secondary / secondary special,Married,Co-op apartment,-13033,365243,1,0,0,0,,2.0
5012849,F,Y,Y,0,319500.0,Commercial associate,Higher education,Married,House / apartment,-11850,-2955,1,0,0,0,Core staff,2.0
5012850,M,Y,Y,0,579800.0,Commercial associate,Secondary / secondary special,Married,House / apartment,-16538,-3103,1,0,0,0,,2.0
5012851,F,N,Y,0,161700.0,Pensioner,Higher education,Married,With parents,-11650,365243,1,0,0,0,,2.0
5012852,F,N,N,0,153800.0,Pensioner,Secondary / secondary special,Civil marriage,House / apartment,-20523,365243,1,0,0,1,,2.0
5012853,M,N,Y,0,216900.0,Commercial associate,Higher education,Married,House / apartment,-19082,-7779,1,0,0,0,,2.0
5012854,F,N,Y,0,368100.0,Working,Secondary / secondary special,Widow,House / apartment,-14624,-1913,1,0,0,0,,1.0
5012855,F,N,Y,0,322200.0,Working,Secondary / secondary special,Civil marriage,House / apartment,-20501,-6277,1,0,0,0,Managers,2.0
5012856,F,Y,Y,2,156000.0,Pensioner,Secondary / secondary special,Single / not married,House / apartment,-9104,365243,1,0,0,0,,3.0
5012857,F,Y,Y,2,356400.0,Working,Secondary / secondary special,Single / not married,House / apartment,-20993,-4559,1,0,1,0,Core staff,3.0
5012858,F,N,Y,0,133900.0,Working,Secondary / secondary special,Single / not married,House / apartment,-18316,-3749,1,0,1,1,Secretaries,1.0
5012859,M,N,N,4,160600.0,Working,Higher education,Widow,House / apartment,-18812,-11325,1,0,0,0,,5.0
5012860,F,N,Y,0,230400.0,Commercial associate,Secondary / secondary special,Single / not married,House / apartment,-8486,-1562,1,0,0,0,Laborers,1.0
5012861,M,Y,N,0,185100.0,Commercial associate,Secondary / secondary special,Married,House / apartment,-18594,-5621,1,1,0,0,,2.0
5012862,F,Y,Y,0,380900.0,Working,Secondary / secondary special,Married,With parents,-16329,-5812,1,0,1,0,Core staff,2.0
5012863,F,Y,N,2,281700.0,Working,Secondary / secondary special,Married,House / apartment,-16178,-1697,1,0,1,0,Laborers,4.0
5012864,M,N,N,0,590200.0,Pensioner,Secondary / secondary special,Widow,With parents,-13183,365243,1,0,1,0,,1.0
5012865,M,N,N,1,215700.0,State servant,Secondary / secondary special,Separated,House / apartment,-7444,-310,1,0,0,0,Medicine staff,2.0
5012866,F,N,Y,1,229700.0,Working,Secondary / secondary special,Married,House / apartment,-15023,-4995,1,0,0,0,High skill tech staff,3.0
5012867,M,Y,Y,0,447200.0,Working,Higher education,Single / not married,House / apartment,-14627,-470,1,0,0,0,Core staff,1.0
5012868,F,N,N,0,233300.0,Commercial associate,Secondary / secondary special,Separated,House / apartment,-15026,-4792,1,0,0,0,Drivers,1.0
5012869,M,N,N,0,515300.0,Pensioner,Secondary / secondary special,Married,House / apartment,-18482,365243,1,0,0,0,,2.0
5012870,M,Y,N,0,319900.0,Pensioner,Secondary / secondary special,Married,House / apartment,-12782,365243,1,1,0,0,,2.0
5012871,F,N,Y,0,75300.0,Commercial associate,Secondary / secondary special,Married,House / apartment,-12225,-4596,1,1,1,0,Laborers,2.0
5012872,F,Y,N,0,439900.0,Pensioner,Higher education,Single / not married,House / apartment,-16396,365243,1,0,1,0,,1.0
5012873,F,Y,Y,0,385300.0,Working,Secondary / secondary special,Married,Rented apartment,-18122,-6629,1,1,0,0,,2.0
5012874,M,N,Y,0,392800.0,Working,Secondary / secondary special,Single / not married,House / apartment,-17666,-2369,1,0,1,0,Drivers,1.0
5012875,F,N,Y,0,93900.0,Commercial associate,Secondary / secondary special,Married,House / apartment,-23406,-8311,1,0,1,0,High skill tech staff,2.0
5012876,F,N,Y,0,175300.0,Pensioner,Higher education,Married,House / apartment,-21351,365243,1,0,0,0,,2.0
5012877,F,N,N,0,181900.0,Commercial associate,Secondary / secondary special,Married,House / apartment,-8258,-1495,1,1,0,0,Drivers,2.0
5012878,F,Y,Y,0,160300.0,State servant,Secondary / secondary special,Married,House / apartment,-17595,-846,1,0,1,0,Laborers,2.0
5012879,F,N,Y,0,583300.0,Pensioner,Secondary / secondary special,Married,House / apartment,-14935,365243,1,0,0,0,,2.0
5012880,F,N,Y,2,242700.0,Commercial associate,Secondary / secondary special,Married,House / apartment,-13899,-1684,1,0,1,0,Laborers,4.0
5012881,M,N,Y,0,239700.0,Working,Secondary / secondary special,Married,House / apartment,-24799,-17200,1,0,0,0,Core staff,2.0
5012882,F,N,Y,0,321700.0,Working,Lower secondary,Married,House / apartment,-15647,-7307,1,0,0,0,,2.0
5012883,M,Y,Y,1,324500.0,Pensioner,Secondary / secondary special,Married,House / apartment,-20444,365243,1,1,0,0,,3.0
5012884,F,Y,Y,0,46100.0,Working,Higher education,Married,House / apartment,-24966,-16059,1,0,0,0,,2.0
5012885,M,N,N,1,176700.0,Working,Secondary / secondary special,Married,House / apartment,-10063,-1812,1,0,1,0,,3.0
5012886,F,Y,N,0,120500.0,Pensioner,Secondary / secondary special,Married,House / apartment,-8302,365243,1,0,0,0,,2.0
5012887,F,N,Y,1,298200.0,Pensioner,Incomplete higher,Single / not married,House / apartment,-13032,365243,1,0,0,0,,2.0
5012888,M,Y,Y,2,211300.0,Working,Secondary / secondary special,Married,House / apartment,-8117,-1487,1,0,1,0,Laborers,4.0
5012889,M,Y,Y,0,246000.0,Pensioner,Secondary / secondary special,Married,House / apartment,-9437,365243,1,1,1,0,,2.0
5012890,M,Y,N,0,86400.0,Working,Higher education,Widow,House / apartment,-25416,-9312,1,0,1,0,,1.0
5012891,F,N,Y,1,209100.0,Working,Higher education,Single / not married,House / apartment,-24840,-7058,1,0,0,0,Medicine staff,2.0
5012892,F,Y,Y,1,426400.0,Commercial associate,Higher education,Married,Rented apartment,-19930,-540,1,0,1,0,,3.0
5012893,M,N,Y,1,494000.0,Pensioner,Higher education,Married,House / apartment,-21056,365243,1,0,0,0,,3.0
5012894,F,N,N,0,349700.0,Working,Secondary / secondary special,Civil marriage,House / apartment,-9871,-2353,1,0,0,1,,2.0
5012895,M,Y,Y,1,125200.0,Working,Secondary / secondary special,Civil marriage,Rented apartment,-18175,-3008,1,1,0,0,Medicine staff,3.0
5012896,F,N,Y,0,458200.0,Working,Higher education,Married,House / apartment,-10125,-3130,1,0,0,0,,2.0
5012897,F,N,N,0,350600.0,Student,Incomplete higher,Married,Office apartment,-14215,-2561,1,0,0,0,High skill tech staff,2.0
5012898,M,N,Y,0,230200.0,Commercial associate,Secondary / secondary special,Married,House / apartment,-13612,-4306,1,0,0,0,Accountants,2.0
5012899,F,N,N,0,88700.0,Working,Secondary / secondary special,Married,House / apartment,-18517,-4672,1,0,0,0,Sales staff,2.0
5012900,M,Y,Y,0,393300.0,Working,Secondary / secondary special,Separated,House / apartment,-8760,-1357,1,0,0,0,Laborers,1.0
5012901,M,Y,N,0,181600.0,Commercial associate,Secondary / secondary special,Married,House / apartment,-9194,-1123,1,1,0,0,Laborers,2.0
5012902,M,N,Y,0,290300.0,Commercial associate,Secondary / secondary special,Married,House / apartment,-18444,-2960,1,0,0,0,Security staff,2.0
5012903,M,Y,N,0,252600.0,Pensioner,Higher education,Separated,House / apartment,-18922,365243,1,0,1,0,,1.0
5012904,F,N,Y,2,526800.0,Working,Secondary / secondary special,Married,House / apartment,-13512,-3326,1,0,0,0,,4.0
5012905,F,N,N,0,229300.0,State servant,Secondary / secondary special,Married,With parents,-9987,-156,1,0,0,0,,2.0
5012906,F,Y,Y,0,242300.0,Working,Secondary / secondary special,Married,House / apartment,-23487,-8244,1,0,0,0,Core staff,2.0
5012907,M,N,Y,0,537500.0,Working,Secondary / secondary special,Married,House / apartment,-8272,-244,1,0,0,1,,2.0
5012908,M,Y,N,0,175700.0,Working,Secondary / secondary special,Single / not married,House / apartment,-20406,-1004,1,1,0,0,Cleaning staff,1.0
5012909,F,Y,Y,0,366800.0,Working,Secondary / secondary special,Married,House / apartment,-9863,-2839,1,1,0,0,Core staff,2.0
5012910,F,Y,Y,0,221100.0,State servant,Secondary / secondary special,Married,House / apartment,-18945,-9663,1,0,1,0,,2.0
5012911,M,N,Y,0,147900.0,Commercial associate,Secondary / secondary special,Married,House / apartment,-19425,-4140,1,0,1,0,Core staff,2.0
5012912,F,Y,N,3,244300.0,Commercial associate,Secondary / secondary special,Single / not married,House / apartment,-21993,-10146,1,0,1,0,,4.0
5012913,F,N,Y,0,345000.0,Working,Secondary / secondary special,Married,House / apartment,-14519,-4381,1,0,0,0,Drivers,2.0
5012914,F,N,N,0,480400.0,Working,Incomplete higher,Married,House / apartment,-7703,-536,1,0,1,0,Core staff,2.0
5012915,F,N,Y,0,510300.0,Working,Higher education,Single / not married,House / apartment,-22117,-7918,1,0,0,0,Managers,1.0
5012916,M,N,Y,0,210700.0,Commercial associate,Higher education,Separated,House / apartment,-15415,-3655,1,0,1,0,,1.0
5012917,M,N,Y,0,149000.0,Commercial associate,Secondary / secondary special,Single / not married,House / apartment,-22775,-2187,1,0,1,0,Managers,1.0
5012918,F,Y,Y,0,208200.0,Working,Secondary / secondary special,Married,House / apartment,-21476,-14385,1,0,0,1,,2.0
5012919,M,N,Y,0,135200.0,Working,Secondary / secondary special,Married,House / apartment,-16405,-429,1,0,0,0,Core staff,2.0
5012920,F,N,Y,0,219000.0,Working,Higher education,Married,With parents,-25557,-894,1,0,0,0,Sales staff,2.0
5012921,F,N,Y,0,205800.0,Pensioner,Secondary / secondary special,Civil marriage,House / apartment,-15744,365243,1,1,1,1,,2.0
5012922,M,N,N,0,351200.0,Commercial associate,Higher education,Civil marriage,With parents,-20025,-651,1,1,0,0,Laborers,2.0
5012923,F,N,Y,1,81000.0,Working,Secondary / secondary special,Separated,With parents,-19537,-11082,1,0,0,0,Private service staff,2.0
5012924,M,N,Y,0,169200.0,Working,Secondary / secondary special,Single / not married,House / apartment,-16766,-3484,1,0,1,0,Security staff,1.0
5012925,F,N,Y,0,169900.0,Working,Secondary / secondary special,Married,Municipal apartment,-17995,-7597,1,0,1,0,High skill tech staff,2.0
5012926,F,N,Y,0,442000.0,Working,Higher education,Single / not married,House / apartment,-21890,-1047,1,1,1,0,,1.0
5012927,F,N,Y,2,139900.0,Pensioner,Secondary / secondary special,Single / not married,With parents,-17744,365243,1,0,0,0,,3.0
5012928,F,Y,Y,1,273400.0,State servant,Secondary / secondary special,Civil marriage,House / apartment,-15526,-3361,1,0,0,0,,3.0
5012929,F,N,N,0,229000.0,Working,Higher education,Separated,House / apartment,-19396,-3696,1,0,1,0,Laborers,1.0
5012930,F,N,Y,2,411300.0,Working,Secondary / secondary special,Married,House / apartment,-7953,365243,1,0,0,0,,4.0
5012931,F,N,Y,0,328900.0,Commercial associate,Secondary / secondary special,Married,House / apartment,-9299,-396,1,1,0,0,Accountants,2.0
5012932,M,N,Y,3,259400.0,Commercial associate,Secondary / secondary special,Married,House / apartment,-9596,-49,1,0,1,0,Laborers,5.0
5012933,M,N,Y,0,185000.0,Working,Secondary / secondary special,Married,House / apartment,-15081,-3143,1,0,1,0,Laborers,2.0
5012934,M,Y,Y,0,96700.0,Pensioner,Secondary / secondary special,Married,House / apartment,-23226,365243,1,1,0,0,,2.0
5012935,M,N,Y,0,276200.0,Pensioner,Higher education,Widow,House / apartment,-19053,365243,1,0,0,0,,1.0
5012936,F,N,Y,0,318300.0,Working,Secondary / secondary special,Separated,House / apartment,-25067,-1662,1,0,1,0,Managers,1.0
5012937,F,Y,Y,0,111100.0,Commercial associate,Higher education,Single / not married,House / apartment,-8034,-161,1,0,0,0,,1.0
5012938,F,N,N,0,131700.0,Commercial associate,Secondary / secondary special,Married,House / apartment,-20491,-1511,1,1,0,0,Laborers,2.0
5012939,M,N,Y,0,277000.0,Commercial associate,Secondary / secondary special,Married,House / apartment,-13043,-871,1,0,1,0,,2.0
5012940,F,N,Y,0,289200.0,Working,Incomplete higher,Single / not married,House / apartment,-7730,-481,1,0,0,0,,1.0
5012941,M,Y,Y,0,148800.0,Working,Secondary / secondary special,Married,House / apartment,-22388,-661,1,0,0,0,Sales staff,2.0
5012942,F,N,Y,2,183200.0,Working,Higher education,Married,Municipal apartment,-10276,-3300,1,1,0,0,Laborers,4.0
5012943,F,N,Y,1,97500.0,Commercial associate,Secondary / secondary special,Civil marriage,House / apartment,-11215,-3669,1,0,0,0,Sales staff,3.0
5012944,M,N,Y,2,486100.0,Working,Secondary / secondary special,Married,Municipal apartment,-13523,-5579,1,0,0,0,Sales staff,4.0
5012945,M,Y,N,1,127500.0,Commercial associate,Secondary / secondary special,Married,Rented apartment,-21702,-15095,1,0,1,0,,3.0
5012946,M,N,Y,0,320200.0,Pensioner,Secondary / secondary special,Married,House / apartment,-18712,365243,1,0,0,0,,2.0
5012947,F,N,Y,0,239900.0,Working,Higher education,Separated,House / apartment,-12142,-4433,1,0,0,0,Laborers,1.0
5012948,F,N,Y,0,465200.0,Commercial associate,Secondary / secondary special,Civil marriage,House / apartment,-10382,-1199,1,1,0,0,Sales staff,2.0
5012949,F,N,Y,0,164300.0,Working,Secondary / secondary special,Widow,House / apartment,-9306,-1222,1,0,0,0,Managers,1.0
5012950,M,Y,Y,0,251700.0,Working,Secondary / secondary special,Single / not married,House / apartment,-10041,-3349,1,0,1,0,Laborers,1.0
5012951,F,N,Y,1,104400.0,Working,Secondary / secondary special,Married,House / apartment,-23160,-6031,1,0,0,0,,3.0
5012952,F,N,Y,0,92600.0,State servant,Secondary / secondary special,Separated,Municipal apartment,-24156,-852,1,0,1,0,Core staff,1.0
5012953,F,N,Y,2,328900.0,Pensioner,Secondary / secondary special,Married,House / apartment,-24982,365243,1,0,0,0,,4.0
5012954,M,N,Y,0,100000.0,Working,Lower secondary,Married,House / apartment,-22549,-9719,1,0,0,0,Core staff,2.0
5012955,M,N,N,1,217800.0,State servant,Secondary / secondary special,Married,House / apartment,-23511,-15269,1,0,0,0,Managers,3.0
5012956,F,Y,Y,0,404800.0,Pensioner,Secondary / secondary special,Single / not married,House / apartment,-22209,365243,1,0,0,0,,1.0
5012957,F,N,Y,0,354600.0,Working,Secondary / secondary special,Separated,House / apartment,-24801,-16444,1,0,0,0,Core staff,1.0
5012958,M,Y,N,2,175100.0,Working,Higher education,Married,House / apartment,-22749,-1256,1,0,0,0,,4.0
5012959,M,Y,N,0,110300.0,Working,Secondary / secondary special,Married,House / apartment,-15742,-4369,1,0,0,0,,2.0
5012960,F,N,N,0,315000.0,Commercial associate,Secondary / secondary special,Civil marriage,House / apartment,-13208,-769,1,0,1,0,Low-skill Laborers,2.0
5012961,F,N,Y,0,477600.0,Commercial associate,Secondary / secondary special,Married,House / apartment,-17974,-1502,1,1,1,0,,2.0
5012962,F,N,N,0,175300.0,Working,Secondary / secondary special,Single / not married,House / apartment,-18412,-10242,1,0,0,0,Core staff,1.0
5012963,F,N,Y,0,163400.0,Working,Secondary / secondary special,Married,House / apartment,-17804,-761,1,0,0,0,Medicine staff,2.0
5012964,F,N,Y,0,187800.0,Working,Secondary / secondary special,Married,House / apartment,-20212,-8076,1,0,0,0,,2.0
5012965,M,N,Y,0,324900.0,Working,Secondary / secondary special,Married,House / apartment,-20070,-911,1,0,1,0,Drivers,2.0
5012966,F,N,N,0,451200.0,Working,Secondary / secondary special,Married,House / apartment,-8897,-1307,1,0,1,0,Laborers,2.0
5012967,F,Y,Y,0,131400.0,Working,Higher education,Single / not married,House / apartment,-12519,-724,1,0,0,1,Laborers,1.0
5012968,F,N,Y,1,115400.0,Commercial associate,Secondary / secondary special,Separated,House / apartment,-23556,-5771,1,0,1,0,Laborers,2.0
5012969,F,N,Y,1,786600.0,State servant,Higher education,Married,House / apartment,-18081,-10286,1,0,0,0,Cooking staff,3.0
5012970,M,N,Y,0,223400.0,Working,Secondary / secondary special,Civil marriage,House / apartment,-13305,-4319,1,0,0,0,,2.0
5012971,M,Y,N,0,277000.0,Working,Higher education,Single / not married,House / apartment,-22837,-14538,1,1,0,0,Sales staff,1.0
5012972,M,Y,Y,0,172700.0,Working,Secondary / secondary special,Married,House / apartment,-11853,-2752,1,0,0,0,Laborers,2.0
5012973,M,Y,Y,1,311900.0,Working,Secondary / secondary special,Married,House / apartment,-14778,-51,1,1,1,0,Laborers,3.0
5012974,M,Y,N,1,394500.0,Commercial associate,Higher education,Married,House / apartment,-12350,-3620,1,0,0,0,Laborers,3.0
5012975,F,N,Y,2,283600.0,Commercial associate,Secondary / secondary special,Married,House / apartment,-23218,-1137,1,0,0,0,Sales staff,4.0
5012976,F,Y,Y,0,583000.0,Working,Secondary / secondary special,Married,House / apartment,-20605,-7682,1,0,0,0,Accountants,2.0
5012977,F,Y,N,0,207300.0,Working,Higher education,Widow,House / apartment,-15710,-8060,1,0,1,0,,1.0
5012978,F,Y,N,0,214100.0,Working,Higher education,Married,House / apartment,-24331,-9171,1,0,0,0,Laborers,2.0
5012979,F,Y,N,0,274100.0,Working,Secondary / secondary special,Married,House / apartment,-24242,-197,1,0,0,0,,2.0
5012980,F,Y,Y,0,308000.0,Commercial associate,Secondary / secondary special,Married,House / apartment,-20299,-7232,1,0,0,0,Managers,2.0
5012981,F,N,Y,0,273600.0,Working,Secondary / secondary special,Married,House / apartment,-23595,-7638,1,0,0,0,Laborers,2.0
5012982,M,N,Y,1,128400.0,Pensioner,Higher education,Married,House / apartment,-20443,365243,1,0,0,0,,3.0
5012983,M,Y,Y,0,285400.0,Commercial associate,Secondary / secondary special,Married,House / apartment,-18778,-7374,1,1,0,0,,2.0
5012984,F,N,Y,1,202500.0,Working,Higher education,Married,House / apartment,-14990,-1964,1,0,0,0,Sales staff,3.0
5012985,F,N,Y,0,182600.0,Working,Secondary / secondary special,Married,House / apartment,-12299,-3072,1,0,0,0,Core staff,2.0
5012986,F,Y,N,2,248100.0,State servant,Secondary / secondary special,Married,House / apartment,-8405,-1228,1,0,0,0,Medicine staff,4.0
5012987,M,N,Y,4,150900.0,Working,Secondary / secondary special,Married,House / apartment,-21931,-11648,1,1,0,0,,6.0
5012988,M,N,Y,2,138400.0,Working,Secondary / secondary special,Married,House / apartment,-9536,-1539,1,0,0,0,Laborers,4.0
5012989,F,N,Y,1,66000.0,Working,Secondary / secondary special,Married,House / apartment,-14799,-5824,1,0,0,0,Laborers,3.0
5012990,M,N,Y,1,584800.0,Commercial associate,Secondary / secondary special,Married,House / apartment,-11590,-3299,1,0,1,0,Sales staff,3.0
5012991,F,Y,N,0,322300.0,Working,Secondary / secondary special,Married,House / apartment,-15608,-180,1,0,0,0,,2.0
5012992,F,N,Y,0,230300.0,State servant,Secondary / secondary special,Married,House / apartment,-13057,-6063,1,0,1,0,Laborers,2.0
5012993,F,N,Y,0,174900.0,Commercial associate,Secondary / secondary special,Married,House / apartment,-22457,-5913,1,0,1,0,,2.0
5012994,F,N,Y,1,58000.0,Pensioner,Secondary / secondary special,Married,House / apartment,-25169,365243,1,0,1,0,,3.0
5012995,F,Y,Y,3,169600.0,Working,Higher education,Civil marriage,Municipal apartment,-24500,-6405,1,1,1,1,Private service staff,5.0
5012996,F,N,Y,0,349200.0,Pensioner,Secondary / secondary special,Married,House / apartment,-18671,365243,1,1,0,0,,2.0
5012997,F,N,N,0,391000.0,Working,Secondary / secondary special,Married,House / apartment,-25189,-6240,1,1,0,0,Accountants,2.0
5012998,F,N,Y,0,336600.0,Working,Incomplete higher,Married,House / apartment,-14623,-5417,1,0,0,0,Sales staff,2.0
5012999,M,Y,Y,2,264300.0,Pensioner,Secondary / secondary special,Widow,Rented apartment,-16847,365243,1,0,1,1,,3.0
5013000,M,N,Y,0,468600.0,Working,Higher education,Widow,House / apartment,-11996,-5043,1,0,0,1,Medicine staff,1.0
5013001,M,N,N,0,207100.0,State servant,Secondary / secondary special,Married,House / apartment,-23704,-12191,1,0,1,0,,2.0
5013002,F,N,N,0,420000.0,Working,Secondary / secondary special,Married,House / apartment,-10587,-3767,1,0,0,0,Sales staff,2.0
5013003,F,N,Y,0,201400.0,State servant,Secondary / secondary special,Married,House / apartment,-18454,-4426,1,1,1,0,Core staff,2.0
5013004,F,N,Y,0,157100.0,Commercial associate,Secondary / secondary special,Married,House / apartment,-21905,-3199,1,0,1,0,,2.0
5013005,M,N,N,0,147700.0,Commercial associate,Secondary / secondary special,Married,House / apartment,-18178,-5313,1,0,0,0,Core staff,2.0
5013006,M,N,N,1,143400.0,Working,Secondary / secondary special,Married,House / apartment,-8744,-2078,1,0,1,1,Laborers,3.0
5013007,F,N,N,0,339400.0,Working,Higher education,Married,Rented apartment,-18472,-3519,1,0,0,0,Managers,2.0
5013008,M,N,N,0,168400.0,Commercial associate,Secondary / secondary special,Married,House / apartment,-21314,-14254,1,0,1,0,Laborers,2.0
5013009,F,Y,Y,1,145600.0,Pensioner,Secondary / secondary special,Married,House / apartment,-10735,365243,1,0,1,0,,3.0
5013010,F,N,Y,2,348800.0,Working,Secondary / secondary special,Separated,House / apartment,-20764,-2456,1,0,1,0,Laborers,3.0
5013011,F,N,N,3,287600.0,Working,Higher education,Married,House / apartment,-23350,-708,1,0,0,0,,5.0
5013012,M,N,N,0,395000.0,Working,Secondary / secondary special,Single / not married,House / apartment,-25320,-11859,1,0,0,0,Managers,1.0
5013013,M,N,Y,2,315500.0,Working,Secondary / secondary special,Married,House / apartment,-14794,-2672,1,0,1,0,Managers,4.0
5013014,M,N,Y,0,167500.0,Working,Higher education,Married,House / apartment,-7765,-1031,1,1,0,0,Laborers,2.0
5013015,F,N,N,1,253600.0,Pensioner,Incomplete higher,Civil marriage,House / apartment,-14958,365243,1,1,0,0,,3.0
5013016,F,Y,Y,0,259900.0,Working,Secondary / secondary special,Married,House / apartment,-19362,-5926,1,0,0,0,,2.0
5013017,M,N,N,0,154200.0,Working,Higher education,Married,House / apartment,-23584,-11832,1,0,0,0,,2.0
5013018,F,Y,Y,0,140500.0,State servant,Secondary / secondary special,Married,House / apartment,-24437,-5485,1,0,0,0,Laborers,2.0
5013019,F,Y,Y,0,173700.0,Working,Higher education,Married,House / apartment,-23916,-11825,1,0,1,1,High skill tech staff,2.0
5013020,M,N,Y,1,675900.0,Commercial associate,Secondary / secondary special,Married,House / apartment,-19321,-5889,1,0,0,0,Sales staff,3.0
5013021,F,N,Y,0,198600.0,Commercial associate,Higher education,Married,House / apartment,-19770,-4382,1,0,0,0,Laborers,2.0
5013022,F,N,Y,0,452200.0,Pensioner,Higher education,Married,Municipal apartment,-7349,365243,1,0,1,1,,2.0
5013023,M,Y,Y,0,193100.0,Commercial associate,Secondary / secondary special,Married,House / apartment,-13948,-6608,1,1,0,0,,2.0
5013024,M,Y,N,0,380700.0,Commercial associate,Secondary / secondary special,Married,House / apartment,-23866,-2968,1,0,0,0,Accountants,2.0
5013025,F,N,N,3,383400.0,Working,Secondary / secondary special,Married,Office apartment,-19899,-6670,1,0,0,0,Drivers,5.0
5013026,F,N,Y,1,393100.0,Commercial associate,Secondary / secondary special,Single / not married,House / apartment,-15850,-4892,1,0,0,0,Sales staff,2.0
5013027,F,Y,Y,2,296400.0,Pensioner,Secondary / secondary special,Married,House / apartment,-9209,365243,1,0,0,0,,4.0
5013028,F,N,Y,0,486100.0,Working,Higher education,Married,House / apartment,-11803,-1921,1,0,1,0,Accountants,2.0
5013029,F,N,Y,0,295000.0,Working,Secondary / secondary special,Separated,House / apartment,-17439,-7156,1,0,0,0,,1.0
5013030,F,N,Y,0,575100.0,Pensioner,Secondary / secondary special,Married,House / apartment,-23696,365243,1,0,0,0,,2.0
5013031,F,N,Y,0,108600.0,Commercial associate,Secondary / secondary special,Married,House / apartment,-9055,-562,1,0,1,0,,2.0
5013032,F,Y,Y,0,290600.0,Working,Secondary / secondary special,Married,House / apartment,-10113,-3461,1,1,1,0,,2.0
5013033,M,N,Y,1,281300.0,State servant,Secondary / secondary special,Married,With parents,-19267,-7820,1,0,0,1,Medicine staff,3.0
5013034,F,N,Y,0,152800.0,Pensioner,Secondary / secondary special,Married,House / apartment,-12677,365243,1,0,0,0,,2.0
5013035,F,Y,N,0,326200.0,State servant,Higher education,Married,House / apartment,-10404,-88,1,0,1,0,Core staff,2.0
5013036,F,N,Y,0,115900.0,Pensioner,Higher education,Married,Municipal apartment,-10564,365243,1,0,0,0,,2.0
5013037,F,N,N,0,176000.0,Working,Higher education,Married,House / apartment,-16301,-855,1,0,0,0,Managers,2.0
5013038,M,N,N,1,89900.0,Commercial associate,Higher education,Single / not married,With parents,-17966,-9238,1,0,0,0,Core staff,2.0
5013039,M,Y,N,0,532200.0,Commercial associate,Secondary / secondary special,Married,Rented apartment,-23821,-13956,1,0,1,0,Laborers,2.0
5013040,M,Y,N,0,217400.0,Pensioner,Higher education,Civil marriage,House / apartment,-16981,365243,1,0,1,0,,2.0
5013041,F,Y,Y,0,721400.0,Pensioner,Secondary / secondary special,Single / not married,House / apartment,-19929,365243,1,0,0,0,,1.0
5013042,F,N,Y,2,364700.0,Working,Secondary / secondary special,Married,House / apartment,-10605,-1796,1,0,0,0,High skill tech staff,4.0
5013043,M,N,Y,2,305400.0,Working,Secondary / secondary special,Married,House / apartment,-20335,-12555,1,0,1,0,Core staff,4.0
5013044,F,Y,N,0,182100.0,Working,Secondary / secondary special,Married,House / apartment,-19152,-6097,1,1,0,0,Managers,2.0
5013045,F,N,N,0,144700.0,Pensioner,Secondary / secondary special,Married,House / apartment,-11253,365243,1,1,1,0,,2.0
5013046,F,N,N,0,317100.0,Pensioner,Secondary / secondary special,Single / not married,House / apartment,-19530,365243,1,0,0,0,,1.0
5013047,F,N,Y,0,235600.0,Working,Secondary / secondary special,Married,House / apartment,-11167,-1281,1,0,0,0,Managers,2.0
5013048,F,N,N,3,125000.0,Commercial associate,Secondary / secondary special,Married,House / apartment,-18145,-3031,1,0,0,0,Core staff,5.0
5013049,F,N,Y,4,114400.0,Pensioner,Secondary / secondary special,Married,House / apartment,-19520,365243,1,0,0,0,,6.0
5013050,M,N,Y,1,151200.0,Working,Secondary / secondary special,Married,House / apartment,-19967,-7273,1,0,0,0,,3.0
5013051,M,N,N,0,606800.0,Working,Higher education,Married,House / apartment,-23910,-12918,1,0,0,0,Laborers,2.0
5013052,F,Y,Y,2,738300.0,Working,Secondary / secondary special,Married,House / apartment,-24615,-3343,1,0,0,0,Accountants,4.0
5013053,F,Y,N,0,270500.0,Pensioner,Secondary / secondary special,Married,House / apartment,-22101,365243,1,0,0,0,,2.0
5013054,F,Y,Y,1,263000.0,Pensioner,Secondary / secondary special,Married,House / apartment,-23353,365243,1,0,0,0,,3.0
5013055,M,N,N,0,206300.0,Working,Higher education,Married,House / apartment,-7658,-1014,1,1,0,0,Managers,2.0
5013056,M,Y,Y,0,153000.0,Working,Secondary / secondary special,Married,House / apartment,-13928,-5617,1,0,0,0,,2.0
5013057,F,Y,N,0,485600.0,Commercial associate,Secondary / secondary special,Married,House / apartment,-8030,-768,1,1,0,0,,2.0
5013058,M,N,N,0,623000.0,Pensioner,Secondary / secondary special,Married,House / apartment,-11411,365243,1,1,1,0,,2.0
5013059,F,Y,N,0,156200.0,Commercial associate,Secondary / secondary special,Married,House / apartment,-14276,-2199,1,1,1,0,Core staff,2.0
5013060,F,Y,Y,1,234200.0,Working,Secondary / secondary special,Married,House / apartment,-23149,-5243,1,0,0,0,Managers,3.0
5013061,F,Y,N,0,195000.0,Working,Higher education,Married,House / apartment,-16651,-3761,1,0,0,0,Laborers,2.0
5013062,F,N,Y,0,197900.0,Pensioner,Secondary / secondary special,Married,House / apartment,-19155,365243,1,1,0,0,,2.0
5013063,F,Y,Y,0,441700.0,Working,Secondary / secondary special,Married,House / apartment,-13931,-5757,1,1,0,0,Laborers,2.0
5013064,M,N,Y,0,126700.0,Working,Secondary / secondary special,Married,With parents,-18316,-2972,1,0,1,0,Accountants,2.0
5013065,F,N,N,4,308300.0,Pensioner,Secondary / secondary special,Married,House / apartment,-22199,365243,1,0,1,0,,6.0
5013066,F,N,Y,0,351400.0,State servant,Higher education,Married,House / apartment,-12806,-2513,1,0,0,0,Laborers,2.0
5013067,F,N,N,0,227400.0,Commercial associate,Higher education,Married,House / apartment,-24330,-16166,1,0,0,0,Accountants,2.0
5013068,F,N,N,2,381600.0,Commercial associate,Secondary / secondary special,Married,House / apartment,-11201,-4066,1,0,0,0,Managers,4.0
5013069,F,Y,Y,1,262800.0,Working,Secondary / secondary special,Single / not married,House / apartment,-24094,-2936,1,0,0,1,Accountants,2.0
5013070,F,Y,N,0,448700.0,Working,Higher education,Married,House / apartment,-7822,-1091,1,0,0,0,,2.0
5013071,M,Y,Y,1,114000.0,Working,Secondary / secondary special,Married,House / apartment,-17217,-8095,1,0,1,1,High skill tech staff,3.0
5013072,F,Y,N,0,205100.0,Commercial associate,Secondary / secondary special,Married,House / apartment,-25297,-3569,1,1,0,0,Core staff,2.0
5013073,F,Y,Y,1,235500.0,Working,Higher education,Married,House / apartment,-18441,-6884,1,0,0,0,High skill tech staff,3.0
5013074,F,Y,Y,0,64200.0,Pensioner,Secondary / secondary special,Married,House / apartment,-17438,365243,1,0,1,0,,2.0
5013075,F,N,Y,3,141800.0,Working,Secondary / secondary special,Married,House / apartment,-19769,-6184,1,1,0,0,Managers,5.0
5013076,M,N,Y,0,162500.0,Working,Secondary / secondary special,Married,House / apartment,-12588,-1147,1,0,0,0,,2.0
5013077,F,Y,Y,0,392200.0,Working,Higher education,Civil marriage,House / apartment,-8290,-118,1,0,1,0,,2.0
5013078,F,N,Y,0,171400.0,Commercial associate,Secondary / secondary special,Married,House / apartment,-11890,-937,1,0,0,1,Managers,2.0
5013079,F,Y,Y,0,162200.0,Working,Secondary / secondary special,Separated,House / apartment,-10524,-2356,1,0,0,0,,1.0
5013080,F,Y,Y,2,367400.0,Pensioner,Higher education,Civil marriage,House / apartment,-24172,365243,1,0,1,0,,4.0
5013081,M,N,Y,0,108700.0,Working,Higher education,Civil marriage,House / apartment,-22869,-6965,1,0,0,0,,2.0
5013082,M,Y,N,0,86700.0,Commercial associate,Secondary / secondary special,Civil marriage,House / apartment,-13107,-3432,1,0,0,0,,2.0
5013083,F,Y,Y,0,203800.0,Commercial associate,Secondary / secondary special,Married,House / apartment,-22574,-12748,1,0,0,0,,2.0
5013084,M,N,N,0,118400.0,Working,Secondary / secondary special,Married,House / apartment,-11172,-2789,1,0,1,0,Medicine staff,2.0
5013085,F,N,Y,2,120600.0,Commercial associate,Secondary / secondary special,Married,House / apartment,-10950,-3215,1,0,1,0,Laborers,4.0
5013086,M,N,Y,0,325200.0,Commercial associate,Secondary / secondary special,Married,House / apartment,-21322,-1909,1,0,0,0,,2.0
5013087,M,Y,Y,0,378300.0,Pensioner,Higher education,Married,House / apartment,-13276,365243,1,1,0,0,,2.0
5013088,F,N,Y,1,362200.0,Pensioner,Secondary / secondary special,Civil marriage,With parents,-8488,365243,1,0,0,0,,3.0
5013089,F,N,Y,1,425000.0,Working,Secondary / secondary special,Married,House / apartment,-20454,-7188,1,0,1,0,,3.0
5013090,F,N,Y,0,454100.0,Working,Secondary / secondary special,Married,House / apartment,-25378,-1,1,0,1,0,,2.0
5013091,F,N,N,0,84200.0,Working,Secondary / secondary special,Married,House / apartment,-17641,-410,1,0,0,0,,2.0
5013092,M,N,N,1,305800.0,State servant,Secondary / secondary special,Married,House / apartment,-12120,-3926,1,0,1,0,Accountants,3.0
5013093,F,Y,Y,1,187300.0,Working,Higher education,Married,House / apartment,-14115,-4693,1,0,1,0,,3.0
5013094,F,N,N,1,168000.0,Commercial associate,Secondary / secondary special,Married,House / apartment,-19151,-435,1,0,0,0,,3.0
5013095,M,N,Y,4,323100.0,Commercial associate,Secondary / secondary special,Civil marriage,Rented apartment,-20114,-13402,1,0,1,0,,6.0
5013096,F,N,Y,1,102800.0,Commercial associate,Secondary / secondary special,Married,House / apartment,-23492,-2380,1,0,0,0,Drivers,3.0
5013097,F,N,Y,1,101700.0,Working,Secondary / secondary special,Married,House / apartment,-23903,-17068,1,0,1,0,Cooking staff,3.0
5013098,F,N,N,2,335100.0,Working,Secondary / secondary special,Married,House / apartment,-23034,-12391,1,0,0,0,,4.0
5013099,M,N,N,0,311600.0,Working,Secondary / secondary special,Separated,House / apartment,-19148,-5010,1,0,0,1,,1.0
5013100,M,N,N,0,261400.0,Working,Secondary / secondary special,Married,House / apartment,-15520,-254,1,0,1,0,,2.0
5013101,M,N,Y,0,157200.0,Working,Secondary / secondary special,Single / not married,House / apartment,-19711,-6400,1,0,0,0,,1.0
5013102,F,N,Y,0,354100.0,Working,Secondary / secondary special,Separated,House / apartment,-19478,-364,1,0,1,0,Laborers,1.0
5013103,F,Y,N,1,343000.0,Commercial associate,Secondary / secondary special,Married,House / apartment,-11286,-1622,1,0,0,0,Managers,3.0
5013104,M,Y,Y,1,254800.0,Working,Secondary / secondary special,Married,House / apartment,-16574,-3554,1,0,0,0,Core staff,3.0
5013105,F,N,Y,1,135500.0,Working,Higher education,Married,House / apartment,-11108,-1245,1,1,0,0,Core staff,3.0
5013106,F,N,Y,4,197400.0,Working,Secondary / secondary special,Married,House / apartment,-23725,-5113,1,0,0,0,Core staff,6.0
5013107,F,N,Y,0,371200.0,Working,Higher education,Civil marriage,House / apartment,-13208,-1922,1,0,0,0,,2.0
5013108,F,N,Y,1,474000.0,Working,Secondary / secondary special,Married,House / apartment,-22014,-4573,1,0,0,0,Laborers,3.0
5013109,M,Y,Y,0,207400.0,Working,Secondary / secondary special,Separated,House / apartment,-14194,-7232,1,0,0,0,Core staff,1.0
5013110,F,Y,Y,0,215500.0,Commercial associate,Secondary / secondary special,Married,House / apartment,-21253,-10524,1,1,0,0,,2.0
5013111,F,N,Y,0,225200.0,Working,Secondary / secondary special,Married,House / apartment,-11339,365243,1,0,0,0,,2.0
5013112,F,Y,Y,1,280100.0,State servant,Higher education,Married,House / apartment,-21253,365243,1,0,0,1,,3.0
5013113,F,Y,Y,0,182600.0,Working,Secondary / secondary special,Married,House / apartment,-10584,-1924,1,1,0,0,Sales staff,2.0
5013114,M,Y,Y,1,57400.0,State servant,Secondary / secondary special,Married,House / apartment,-16269,-7001,1,0,0,0,,3.0
5013115,F,Y,Y,0,443200.0,Pensioner,Secondary / secondary special,Married,House / apartment,-9380,365243,1,0,0,0,,2.0
5013116,M,N,Y,0,598900.0,Commercial associate,Secondary / secondary special,Married,House / apartment,-16946,-5138,1,0,0,0,Sales staff,2.0
5013117,F,Y,Y,0,179700.0,Pensioner,Secondary / secondary special,Separated,House / apartment,-22293,365243,1,1,1,1,,1.0
5013118,F,N,N,0,143200.0,Working,Secondary / secondary special,Married,Rented apartment,-21103,-3451,1,0,0,0,Sales staff,2.0
5013119,M,Y,N,2,228000.0,Working,Secondary / secondary special,Married,House / apartment,-8231,-434,1,0,1,0,Laborers,4.0
5013120,F,N,Y,0,222300.0,Working,Higher education,Married,House / apartment,-16293,-7954,1,1,1,1,High skill tech staff,2.0
5013121,M,Y,Y,3,401600.0,Working,Secondary / secondary special,Single / not married,House / apartment,-22869,-13263,1,0,1,0,,4.0
5013122,F,N,N,3,250900.0,Working,Secondary / secondary special,Married,House / apartment,-19178,-4485,1,0,0,0,Private service staff,5.0
5013123,F,N,Y,4,164300.0,Commercial associate,Secondary / secondary special,Married,House / apartment,-8386,-899,1,0,0,0,Managers,6.0
5013124,F,Y,Y,0,126300.0,Working,Higher education,Separated,House / apartment,-13252,-40,1,0,1,0,Sales staff,1.0
5013125,F,N,Y,2,376400.0,Working,Higher education,Civil marriage,House / apartment,-17470,-811,1,1,0,1,Laborers,4.0
5013126,F,N,Y,0,329500.0,Working,Secondary / secondary special,Married,Municipal apartment,-10458,-1917,1,0,0,0,Laborers,2.0
5013127,F,N,Y,0,414900.0,Commercial associate,Secondary / secondary special,Separated,House / apartment,-19758,-10826,1,0,1,0,,1.0
5013128,F,Y,N,0,150400.0,State servant,Secondary / secondary special,Married,House / apartment,-18899,-4156,1,1,0,0,Drivers,2.0
5013129,F,N,N,2,612100.0,Working,Secondary / secondary special,Civil marriage,With parents,-11002,-220,1,0,0,0,,4.0
5013130,M,N,Y,0,102100.0,Working,Secondary / secondary special,Married,House / apartment,-17357,-5153,1,0,1,0,Laborers,2.0
5013131,F,Y,Y,0,348100.0,Working,Secondary / secondary special,Married,House / apartment,-22129,-953,1,0,0,0,Sales staff,2.0
5013132,M,Y,Y,0,94000.0,Pensioner,Higher education,Widow,House / apartment,-14150,365243,1,0,0,0,,1.0
5013133,F,N,Y,0,164400.0,Working,Secondary / secondary special,Married,House / apartment,-11816,-1281,1,0,0,0,Accountants,2.0
5013134,M,N,Y,0,532800.0,State servant,Secondary / secondary special,Married,House / apartment,-20111,-8674,1,1,0,0,Security staff,2.0
5013135,M,N,Y,1,370000.0,Working,Secondary / secondary special,Married,House / apartment,-8598,-686,1,0,1,0,Core staff,3.0
5013136,F,N,Y,0,185800.0,Working,Higher education,Married,House / apartment,-22512,-6660,1,0,1,0,Sales staff,2.0
5013137,F,N,Y,2,188300.0,State servant,Secondary / secondary special,Married,House / apartment,-24535,-2614,1,0,0,0,Managers,4.0
5013138,F,Y,Y,0,256700.0,State servant,Secondary / secondary special,Married,House / apartment,-24924,-13351,1,0,0,0,,2.0
5013139,M,Y,N,2,315700.0,Commercial associate,Secondary / secondary special,Widow,House / apartment,-15204,-6081,1,1,0,0,Laborers,3.0
5013140,F,N,Y,0,456500.0,Working,Secondary / secondary special,Married,House / apartment,-18686,-1731,1,1,1,0,Core staff,2.0
5013141,F,N,N,0,194300.0,Commercial associate,Secondary / secondary special,Single / not married,House / apartment,-22963,-12005,1,0,0,1,Private service staff,1.0
5013142,F,Y,Y,0,109100.0,Working,Secondary / secondary special,Married,House / apartment,-11385,-3612,1,1,0,0,Managers,2.0
5013143,M,N,Y,0,264100.0,Working,Secondary / secondary special,Married,House / apartment,-7811,-958,1,0,0,0,,2.0
5013144,F,N,Y,1,194200.0,Working,Secondary / secondary special,Married,House / apartment,-14328,-4672,1,0,1,0,Cooking staff,3.0
5013145,M,N,Y,0,127400.0,Working,Secondary / secondary special,Civil marriage,With parents,-23456,-12158,1,1,1,0,Sales staff,2.0
5013146,F,N,Y,1,283300.0,Commercial associate,Secondary / secondary special,Married,House / apartment,-16529,-8673,1,1,0,0,Laborers,3.0
5013147,F,N,N,1,219500.0,Working,Secondary / secondary special,Married,House / apartment,-16988,-6504,1,0,0,0,Drivers,3.0
5013148,F,Y,N,0,284600.0,State servant,Secondary / secondary special,Married,House / apartment,-19933,-7840,1,0,0,1,Cooking staff,2.0
5013149,F,N,Y,0,156100.0,Working,Higher education,Separated,House / apartment,-17797,-9849,1,0,0,0,Drivers,1.0
5013150,F,N,Y,0,311400.0,Working,Higher education,Married,House / apartment,-8300,-78,1,0,0,1,,2.0
5013151,F,N,Y,0,126400.0,Commercial associate,Incomplete higher,Married,Municipal apartment,-17548,-1100,1,0,1,0,,2.0
5013152,F,N,Y,0,161400.0,Pensioner,Secondary / secondary special,Civil marriage,House / apartment,-19138,365243,1,0,0,0,,2.0
5013153,F,N,Y,4,216200.0,State servant,Secondary / secondary special,Married,House / apartment,-19022,-5767,1,0,1,0,Sales staff,6.0
5013154,F,Y,Y,0,583300.0,Pensioner,Secondary / secondary special,Separated,House / apartment,-20606,365243,1,0,1,0,,1.0
5013155,F,Y,Y,0,361400.0,Working,Secondary / secondary special,Separated,House / apartment,-16800,-9258,1,1,0,0,Laborers,1.0
5013156,F,N,Y,0,418300.0,State servant,Secondary / secondary special,Married,House / apartment,-23742,-14466,1,0,0,0,High skill tech staff,2.0
5013157,F,Y,Y,0,495800.0,Pensioner,Secondary / secondary special,Married,House / apartment,-15784,365243,1,0,1,0,,2.0
5013158,F,Y,Y,1,1479000.0,Working,Secondary / secondary special,Married,House / apartment,-16768,-3248,1,0,0,0,Managers,3.0
5013159,F,N,Y,1,249300.0,Commercial associate,Secondary / secondary special,Widow,House / apartment,-21555,-10419,1,1,0,0,Accountants,2.0
5013160,M,N,N,1,496700.0,Commercial associate,Higher education,Married,With parents,-22522,-4218,1,0,0,0,Sales staff,3.0
5013161,F,Y,Y,1,405100.0,Working,Secondary / secondary special,Single / not married,House / apartment,-19146,-5636,1,0,0,0,Core staff,2.0
5013162,F,N,N,0,401700.0,State servant,Secondary / secondary special,Married,House / apartment,-9613,365243,1,1,0,0,,2.0
5013163,M,N,N,0,592800.0,Working,Secondary / secondary special,Married,Municipal apartment,-13367,-3474,1,0,0,0,Laborers,2.0
5013164,M,N,N,0,198000.0,Commercial associate,Higher education,Married,House / apartment,-7673,-189,1,0,0,0,Sales staff,2.0
5013165,F,N,N,1,190300.0,Working,Higher education,Married,House / apartment,-12701,-5674,1,0,0,0,Laborers,3.0
5013166,F,N,Y,1,286500.0,Working,Secondary / secondary special,Married,House / apartment,-17719,-3854,1,1,0,0,,3.0
5013167,F,Y,N,0,222800.0,Pensioner,Secondary / secondary special,Married,Rented apartment,-22011,365243,1,0,0,0,,2.0
5013168,M,Y,Y,0,286300.0,Working,Higher education,Married,House / apartment,-18000,-4380,1,1,0,0,Laborers,2.0
5013169,F,N,Y,0,533300.0,Working,Secondary / secondary special,Married,With parents,-8034,-575,1,0,0,0,Sales staff,2.0
5013170,M,N,N,2,192200.0,State servant,Incomplete higher,Married,House / apartment,-12037,-2647,1,0,0,0,,4.0
5013171,F,N,N,0,209600.0,Pensioner,Secondary / secondary special,Married,House / apartment,-17862,365243,1,0,0,0,,2.0
5013172,M,N,N,1,266400.0,Commercial associate,Secondary / secondary special,Married,House / apartment,-20254,-12976,1,1,1,0,,3.0
5013173,M,N,N,0,217800.0,Working,Higher education,Married,With parents,-23129,-9311,1,0,0,0,Laborers,2.0
5013174,M,N,N,0,93800.0,Working,Secondary / secondary special,Single / not married,House / apartment,-24977,-16905,1,0,0,0,High skill tech staff,1.0
5013175,F,Y,N,1,182700.0,Pensioner,Secondary / secondary special,Married,House / apartment,-23591,365243,1,0,0,0,,3.0
5013176,M,Y,N,0,344300.0,Pensioner,Secondary / secondary special,Widow,House / apartment,-15840,365243,1,0,0,0,,1.0
5013177,F,N,Y,1,500900.0,Working,Higher education,Married,House / apartment,-20946,-5239,1,0,0,0,Security staff,3.0
5013178,F,Y,N,1,137100.0,Commercial associate,Secondary / secondary special,Civil marriage,House / apartment,-11698,-3945,1,0,0,0,,3.0
5013179,F,Y,N,0,136700.0,Working,Secondary / secondary special,Married,House / apartment,-8471,-1329,1,0,0,0,High skill tech staff,2.0
5013180,F,N,N,1,247900.0,Working,Secondary / secondary special,Married,House / apartment,-8311,-1025,1,0,1,0,Core staff,3.0
5013181,F,N,Y,0,86500.0,Commercial associate,Higher education,Married,House / apartment,-11712,-1154,1,0,1,0,Private service staff,2.0
5013182,M,N,Y,0,195400.0,Working,Secondary / secondary special,Married,House / apartment,-7991,-321,1,0,0,0,,2.0
5013183,F,Y,Y,1,102500.0,Working,Secondary / secondary special,Married,House / apartment,-22833,-14305,1,0,1,0,,3.0
5013184,M,Y,N,0,484100.0,Commercial associate,Secondary / secondary special,Married,House / apartment,-16252,-7737,1,0,0,0,Managers,2.0
5013185,M,Y,Y,0,166200.0,Working,Secondary / secondary special,Married,House / apartment,-22114,-10053,1,0,0,0,,2.0
5013186,F,N,Y,2,557900.0,Pensioner,Higher education,Married,Municipal apartment,-24470,365243,1,0,0,0,,4.0
5013187,F,Y,Y,0,426000.0,Commercial associate,Secondary / secondary special,Single / not married,House / apartment,-25456,-13068,1,0,0,0,Security staff,1.0
5013188,F,N,N,1,176700.0,Commercial associate,Higher education,Married,House / apartment,-24420,-3581,1,1,1,0,,3.0
5013189,F,N,N,1,142800.0,Working,Secondary / secondary special,Married,House / apartment,-20391,-12543,1,0,0,0,Core staff,3.0
5013190,F,N,N,0,221600.0,Working,Secondary / secondary special,Married,House / apartment,-15377,-2926,1,0,0,0,Laborers,2.0
5013191,M,Y,Y,0,231700.0,Commercial associate,Higher education,Married,House / apartment,-18226,-11262,1,1,1,0,Cleaning staff,2.0
5013192,M,N,Y,0,290300.0,Working,Secondary / secondary special,Married,With parents,-22216,-2922,1,0,0,0,,2.0
5013193,M,N,Y,0,165600.0,Pensioner,Secondary / secondary special,Married,House / apartment,-23697,365243,1,1,0,0,,2.0
5013194,M,N,Y,1,354600.0,Working,Higher education,Married,House / apartment,-24773,-7285,1,0,0,0,Laborers,3.0
5013195,F,N,N,1,278800.0,Working,Secondary / secondary special,Married,With parents,-20648,-6864,1,0,0,0,,3.0
5013196,F,Y,Y,0,205900.0,Commercial associate,Secondary / secondary special,Married,House / apartment,-17166,-5618,1,0,0,0,Drivers,2.0
5013197,M,N,Y,0,171000.0,State servant,Higher education,Widow,House / apartment,-24990,-8502,1,0,0,0,Managers,1.0
5013198,F,Y,Y,4,222600.0,Working,Secondary / secondary special,Widow,House / apartment,-24812,365243,1,0,0,1,,5.0
5013199,F,Y,Y,0,162300.0,Working,Secondary / secondary special,Married,House / apartment,-16026,-8789,1,0,1,0,,2.0
5013200,M,Y,N,1,251400.0,Pensioner,Secondary / secondary special,Married,House / apartment,-19151,365243,1,0,0,0,,3.0
5013201,M,N,Y,1,254800.0,Working,Secondary / secondary special,Married,House / apartment,-22084,-3458,1,0,0,0,,3.0
5013202,M,N,N,0,278300.0,Working,Secondary / secondary special,Married,House / apartment,-15214,-2541,1,0,0,0,Realty agents,2.0
5013203,M,Y,Y,0,590400.0,Working,Secondary / secondary special,Married,House / apartment,-22452,-6658,1,1,0,0,Sales staff,2.0
5013204,M,N,Y,1,228500.0,Working,Secondary / secondary special,Married,House / apartment,-9340,-1526,1,0,0,1,Security staff,3.0
5013205,F,Y,Y,0,403400.0,Commercial associate,Higher education,Married,House / apartment,-16092,-3675,1,0,0,0,,2.0
5013206,M,N,Y,0,273800.0,Working,Secondary / secondary special,Civil marriage,House / apartment,-16119,-7732,1,1,0,0,Core staff,2.0
5013207,F,Y,N,1,216700.0,Pensioner,Secondary / secondary special,Civil marriage,House / apartment,-19809,365243,1,0,0,0,,3.0
5013208,F,Y,Y,1,230000.0,Pensioner,Higher education,Widow,House / apartment,-9431,365243,1,1,1,0,,2.0
5013209,F,N,Y,0,237100.0,State servant,Higher education,Married,House / apartment,-9190,-2033,1,0,0,0,High skill tech staff,2.0
5013210,F,Y,Y,0,280800.0,Working,Secondary / secondary special,Civil marriage,House / apartment,-23752,-11882,1,1,1,0,Core staff,2.0
5013211,M,N,Y,0,151100.0,Working,Secondary / secondary special,Married,House / apartment,-12852,-231,1,0,0,0,,2.0
5013212,F,Y,N,0,117300.0,State servant,Secondary / secondary special,Married,House / apartment,-13275,-5184,1,0,0,0,Security staff,2.0
5013213,F,N,Y,0,338600.0,Working,Secondary / secondary special,Civil marriage,House / apartment,-21492,-6099,1,1,0,1,Core staff,2.0
5013214,M,Y,Y,0,382500.0,Pensioner,Secondary / secondary special,Separated,House / apartment,-14882,365243,1,1,1,0,,1.0
5013215,M,N,N,0,354400.0,Working,Secondary / secondary special,Single / not married,House / apartment,-22516,-7929,1,0,0,0,Medicine staff,1.0
5013216,F,N,Y,0,263800.0,Pensioner,Secondary / secondary special,Married,House / apartment,-14637,365243,1,0,0,0,,2.0
5013217,F,Y,Y,0,358300.0,State servant,Incomplete higher,Married,House / apartment,-21195,-14414,1,0,0,0,Laborers,2.0
5013218,F,N,Y,0,348800.0,Working,Higher education,Married,Rented apartment,-16898,-8089,1,0,0,0,Managers,2.0
5013219,F,Y,Y,0,362000.0,Working,Secondary / secondary special,Civil marriage,House / apartment,-24396,-648,1,0,1,0,Core staff,2.0
5013220,F,N,N,0,158800.0,Working,Secondary / secondary special,Married,House / apartment,-13284,-6336,1,0,0,0,,2.0
5013221,M,Y,Y,2,141100.0,Working,Higher education,Married,House / apartment,-13929,-3704,1,0,0,0,Laborers,4.0
5013222,M,N,N,0,201000.0,Working,Higher education,Married,House / apartment,-25019,-18388,1,0,0,0,Laborers,2.0
5013223,M,N,Y,0,242000.0,Commercial associate,Incomplete higher,Married,House / apartment,-20774,-584,1,0,1,0,,2.0
5013224,M,N,N,2,216300.0,Working,Secondary / secondary special,Separated,House / apartment,-21414,-8916,1,0,1,0,Laborers,3.0
5013225,F,N,Y,0,95500.0,Working,Secondary / secondary special,Married,House / apartment,-12710,-2729,1,0,0,1,,2.0
5013226,F,N,Y,1,577400.0,Working,Higher education,Married,House / apartment,-17021,-9121,1,0,0,0,High skill tech staff,3.0
5013227,F,N,Y,0,212900.0,Commercial associate,Secondary / secondary special,Civil marriage,House / apartment,-13031,365243,1,0,0,0,,2.0
5013228,M,N,Y,0,266200.0,Working,Higher education,Married,House / apartment,-12051,-5152,1,0,0,0,Private service staff,2.0
5013229,F,N,N,0,454900.0,Commercial associate,Secondary / secondary special,Single / not married,House / apartment,-17080,-7562,1,0,0,0,Cooking staff,1.0
5013230,M,Y,N,0,75600.0,Pensioner,Higher education,Single / not married,House / apartment,-25344,365243,1,0,0,0,,1.0
5013231,M,N,Y,0,189000.0,Working,Secondary / secondary special,Married,House / apartment,-11225,-4437,1,0,0,0,Sales staff,2.0
5013232,M,N,Y,0,201200.0,Working,Secondary / secondary special,Married,House / apartment,-11734,-3583,1,0,0,0,Managers,2.0
5013233,F,N,Y,0,206300.0,Pensioner,Secondary / secondary special,Single / not married,House / apartment,-11745,365243,1,0,0,1,,1.0
5013234,F,N,N,2,223800.0,Working,Higher education,Married,House / apartment,-21763,-2436,1,0,1,0,,4.0
5013235,F,Y,N,0,503300.0,Working,Secondary / secondary special,Married,House / apartment,-16628,-8474,1,0,0,0,Laborers,2.0
5013236,F,N,Y,0,341900.0,Commercial associate,Secondary / secondary special,Married,House / apartment,-14332,-7257,1,1,1,0,Accountants,2.0
5013237,F,Y,N,0,394100.0,Working,Secondary / secondary special,Married,House / apartment,-22715,-7091,1,0,0,0,Core staff,2.0
5013238,M,Y,N,0,250000.0,Working,Higher education,Married,House / apartment,-12738,-910,1,0,0,0,,2.0
5013239,M,Y,Y,1,121300.0,State servant,Secondary / secondary special,Married,House / apartment,-14468,-3344,1,0,1,0,Laborers,3.0
5013240,M,N,N,0,86300.0,Working,Secondary / secondary special,Married,House / apartment,-8649,-1104,1,0,0,1,,2.0
5013241,F,Y,Y,0,113600.0,Pensioner,Secondary / secondary special,Married,House / apartment,-9477,365243,1,0,0,0,,2.0
5013242,F,Y,Y,1,292200.0,Working,Secondary / secondary special,Married,House / apartment,-9802,-1030,1,0,0,0,,3.0
5013243,M,N,Y,1,248000.0,Pensioner,Secondary / secondary special,Married,House / apartment,-13642,365243,1,0,0,0,,3.0
5013244,F,Y,Y,0,219800.0,Working,Secondary / secondary special,Single / not married,House / apartment,-16876,-10200,1,0,0,0,Core staff,1.0
5013245,F,Y,Y,0,203000.0,Working,Higher education,Married,House / apartment,-7319,-232,1,0,0,0,,2.0
5013246,M,Y,Y,0,667500.0,Commercial associate,Secondary / secondary special,Separated,House / apartment,-10774,-2186,1,0,0,0,Accountants,1.0
5013247,F,Y,N,0,161800.0,Pensioner,Secondary / secondary special,Married,House / apartment,-10513,365243,1,0,0,0,,2.0
5013248,F,N,Y,0,388200.0,Working,Higher education,Married,House / apartment,-11932,-5318,1,1,0,0,Laborers,2.0
5013249,F,Y,Y,0,244400.0,Commercial associate,Higher education,Single / not married,House / apartment,-10338,-1111,1,0,0,0,Drivers,1.0
5013250,M,N,N,2,236800.0,Working,Higher education,Married,House / apartment,-10869,-645,1,0,1,0,,4.0
5013251,F,N,Y,0,439700.0,Commercial associate,Secondary / secondary special,Married,House / apartment,-25273,-15699,1,1,0,0,Drivers,2.0
5013252,M,Y,Y,0,507200.0,Commercial associate,Secondary / secondary special,Married,House / apartment,-18166,-4440,1,0,0,0,Laborers,2.0
5013253,F,Y,N,0,216600.0,Working,Secondary / secondary special,Married,House / apartment,-21234,-8311,1,0,1,0,,2.0
5013254,F,N,N,0,364100.0,Working,Secondary / secondary special,Married,House / apartment,-22268,-10446,1,1,0,0,,2.0
5013255,F,N,Y,0,292800.0,Working,Secondary / secondary special,Married,House / apartment,-19499,-3997,1,0,0,0,Laborers,2.0
5013256,F,Y,Y,0,245000.0,State servant,Higher education,Married,With parents,-20163,-12022,1,0,0,0,Secretaries,2.0
5013257,F,Y,N,0,270400.0,Working,Secondary / secondary special,Civil marriage,House / apartment,-18852,-2972,1,0,1,0,Core staff,2.0
5013258,F,N,Y,0,173100.0,Commercial associate,Secondary / secondary special,Single / not married,House / apartment,-19164,-4736,1,0,0,0,Managers,1.0
5013259,M,Y,Y,0,209500.0,Working,Secondary / secondary special,Married,House / apartment,-24261,-1693,1,1,0,0,Laborers,2.0
5013260,F,Y,Y,0,182600.0,Commercial associate,Secondary / secondary special,Civil marriage,House / apartment,-10697,-3407,1,0,0,0,Managers,2.0
5013261,M,N,Y,0,383100.0,Commercial associate,Secondary / secondary special,Married,House / apartment,-12322,-5563,1,0,0,0,Drivers,2.0
5013262,F,N,N,0,232800.0,Commercial associate,Secondary / secondary special,Married,House / apartment,-9008,-891,1,0,0,0,,2.0
5013263,F,Y,N,0,127600.0,Pensioner,Secondary / secondary special,Single / not married,House / apartment,-22597,365243,1,0,0,0,,1.0
5013264,F,N,N,0,170000.0,Working,Secondary / secondary special,Married,House / apartment,-15500,-6118,1,0,0,0,,2.0
5013265,F,Y,N,1,49300.0,Working,Higher education,Married,With parents,-23871,-16032,1,0,0,0,Core staff,3.0
5013266,F,N,Y,1,190700.0,State servant,Secondary / secondary special,Married,With parents,-14823,-237,1,0,0,0,,3.0
5013267,M,N,Y,0,248800.0,Working,Higher education,Married,House / apartment,-15388,-5347,1,1,0,0,Laborers,2.0
5013268,F,N,N,1,228100.0,Commercial associate,Secondary / secondary special,Married,House / apartment,-15493,-1517,1,0,1,0,,3.0
5013269,F,N,Y,0,657100.0,Commercial associate,Higher education,Single / not married,Municipal apartment,-18491,-1718,1,0,1,0,Sales staff,1.0
5013270,M,N,Y,1,325400.0,Commercial associate,Secondary / secondary special,Married,House / apartment,-21296,-268,1,0,0,0,Laborers,3.0
5013271,M,N,N,0,318300.0,Working,Higher education,Married,House / apartment,-13720,-3729,1,0,1,0,Core staff,2.0
5013272,F,N,Y,0,107300.0,Working,Secondary / secondary special,Married,Municipal apartment,-18813,-8438,1,0,0,0,Managers,2.0
5013273,F,Y,Y,0,203400.0,Commercial associate,Secondary / secondary special,Single / not married,Municipal apartment,-11030,-2776,1,0,0,0,Accountants,1.0
5013274,F,N,N,0,191400.0,Working,Secondary / secondary special,Married,House / apartment,-17423,-7833,1,0,0,1,Realty agents,2.0
5013275,F,N,N,2,164800.0,Commercial associate,Secondary / secondary special,Married,House / apartment,-17287,-9880,1,0,1,0,Managers,4.0
5013276,M,N,Y,0,163700.0,Working,Secondary / secondary special,Single / not married,House / apartment,-23535,-12325,1,0,1,0,,1.0
5013277,F,Y,N,0,98900.0,Working,Higher education,Married,House / apartment,-23665,-15778,1,1,0,0,,2.0
5013278,F,N,Y,0,129000.0,Working,Secondary / secondary special,Married,House / apartment,-16203,-9570,1,0,0,0,Drivers,2.0
5013279,F,N,Y,0,377900.0,State servant,Secondary / secondary special,Married,House / apartment,-7754,-22,1,0,0,0,,2.0
5013280,F,N,N,0,227300.0,Working,Secondary / secondary special,Married,House / apartment,-22730,-3614,1,0,0,0,Drivers,2.0
5013281,F,N,N,0,189500.0,Commercial associate,Secondary / secondary special,Married,House / apartment,-7316,-720,1,1,1,1,,2.0
5013282,F,Y,Y,0,243500.0,State servant,Secondary / secondary special,Married,House / apartment,-16039,-2549,1,0,0,0,Sales staff,2.0
5013283,F,Y,Y,1,437600.0,Commercial associate,Secondary / secondary special,Married,House / apartment,-7666,-833,1,1,0,0,Core staff,3.0
5013284,M,Y,Y,0,244600.0,State servant,Higher education,Widow,House / apartment,-13744,-6337,1,1,1,0,,1.0
5013285,F,Y,Y,0,319900.0,Working,Secondary / secondary special,Married,Municipal apartment,-18934,-4573,1,1,0,0,,2.0
5013286,F,N,Y,0,159900.0,Pensioner,Higher education,Married,House / apartment,-14084,365243,1,0,0,0,,2.0
5013287,F,N,Y,4,179200.0,Working,Secondary / secondary special,Civil marriage,House / apartment,-24232,-12631,1,0,0,0,,6.0
5013288,M,N,Y,0,291400.0,Pensioner,Higher education,Married,House / apartment,-19007,365243,1,1,1,0,,2.0
5013289,F,N,Y,0,628900.0,Pensioner,Secondary / secondary special,Married,House / apartment,-19111,365243,1,0,0,0,,2.0
5013290,M,Y,Y,2,499000.0,Working,Higher education,Married,House / apartment,-14143,-2303,1,0,0,0,,4.0
5013291,F,Y,N,0,326700.0,Working,Secondary / secondary special,Married,House / apartment,-8009,-1280,1,0,0,0,Managers,2.0
5013292,F,Y,Y,0,263300.0,Commercial associate,Secondary / secondary special,Married,House / apartment,-20786,-211,1,0,0,0,Managers,2.0
5013293,F,Y,Y,0,491900.0,Working,Secondary / secondary special,Married,House / apartment,-20385,-5414,1,0,1,0,Security staff,2.0
5013294,M,N,N,2,363200.0,Commercial associate,Secondary / secondary special,Single / not married,Rented apartment,-16986,-9831,1,1,1,0,Laborers,3.0
5013295,F,Y,N,3,77500.0,Working,Secondary / secondary special,Married,House / apartment,-14907,-382,1,1,1,0,Core staff,5.0
5013296,F,Y,Y,1,144100.0,Pensioner,Secondary / secondary special,Married,House / apartment,-17136,365243,1,0,0,0,,3.0
5013297,F,Y,Y,0,289100.0,Working,Secondary / secondary special,Married,House / apartment,-20944,-6239,1,0,1,0,Core staff,2.0
5013298,F,N,N,0,99900.0,Commercial associate,Higher education,Single / not married,House / apartment,-20322,-1302,1,0,0,0,Core staff,1.0
5013299,F,N,Y,0,155900.0,Working,Lower secondary,Married,House / apartment,-19324,-2438,1,0,0,0,,2.0
5013300,F,N,N,1,172100.0,Working,Secondary / secondary special,Single / not married,With parents,-23810,-13219,1,0,1,0,,2.0
5013301,M,N,Y,2,214800.0,Working,Secondary / secondary special,Married,House / apartment,-18443,-9207,1,0,1,0,Laborers,4.0
5013302,M,N,Y,0,211500.0,Working,Secondary / secondary special,Married,House / apartment,-7570,-304,1,1,0,0,Accountants,2.0
5013303,F,Y,Y,0,211300.0,Working,Higher education,Married,House / apartment,-18592,-9804,1,0,1,1,,2.0
5013304,F,N,N,0,368800.0,Pensioner,Higher education,Married,House / apartment,-18492,365243,1,0,1,0,,2.0
5013305,F,N,N,0,213800.0,Working,Incomplete higher,Married,House / apartment,-8577,-1030,1,0,1,0,Accountants,2.0
5013306,M,N,Y,0,201400.0,Pensioner,Higher education,Married,House / apartment,-15116,365243,1,0,1,0,,2.0
5013307,M,N,Y,0,124400.0,Working,Higher education,Civil marriage,House / apartment,-19196,-11170,1,0,0,0,Core staff,2.0
5013308,F,Y,Y,0,407400.0,Working,Lower secondary,Single / not married,House / apartment,-20171,-293,1,0,1,0,Core staff,1.0
5013309,M,N,Y,0,174500.0,Working,Secondary / secondary special,Married,House / apartment,-23614,-15535,1,0,0,0,,2.0
5013310,F,Y,N,1,141800.0,Commercial associate,Higher education,Single / not married,House / apartment,-22671,-4811,1,0,0,0,,2.0
5013311,M,N,Y,1,271600.0,Commercial associate,Higher education,Married,House / apartment,-9434,-2180,1,0,0,0,Laborers,3.0
5013312,F,Y,N,2,166400.0,Working,Secondary / secondary special,Married,House / apartment,-18423,-4068,1,0,1,0,Core staff,4.0
5013313,F,Y,Y,1,187700.0,Working,Secondary / secondary special,Married,House / apartment,-18198,-8557,1,0,1,0,High skill tech staff,3.0
5013314,M,N,N,0,277800.0,Working,Secondary / secondary special,Married,House / apartment,-12852,-3222,1,1,1,0,Core staff,2.0
5013315,F,N,N,0,207400.0,Working,Higher education,Married,House / apartment,-10667,-2690,1,1,0,0,Managers,2.0
5013316,M,Y,Y,4,775500.0,Working,Secondary / secondary special,Married,House / apartment,-10949,-331,1,0,0,0,Sales staff,6.0
5013317,F,N,Y,0,235200.0,Working,Secondary / secondary special,Separated,With parents,-10547,-835,1,0,0,0,Accountants,1.0
5013318,F,N,Y,0,332500.0,Commercial associate,Higher education,Married,House / apartment,-22029,-11937,1,0,1,1,Laborers,2.0
5013319,F,Y,Y,0,92500.0,Working,Secondary / secondary special,Civil marriage,House / apartment,-10015,-3109,1,0,1,0,,2.0
5013320,F,N,Y,1,158800.0,Working,Higher education,Married,House / apartment,-12133,-1441,1,0,0,0,,3.0
5013321,F,N,Y,0,141800.0,Working,Higher education,Married,House / apartment,-11282,-3683,1,0,1,0,Laborers,2.0
5013322,M,N,N,0,151500.0,Commercial associate,Incomplete higher,Civil marriage,House / apartment,-20324,-3474,1,0,0,0,,2.0
5013323,M,Y,Y,0,300500.0,Working,Secondary / secondary special,Married,House / apartment,-10198,-3236,1,0,0,0,Laborers,2.0
5013324,F,Y,N,1,409700.0,Commercial associate,Higher education,Civil marriage,House / apartment,-7744,-618,1,0,0,0,,3.0
5013325,F,N,N,0,290000.0,Commercial associate,Secondary / secondary special,Married,House / apartment,-14139,-6427,1,0,0,0,Core staff,2.0
5013326,F,N,N,0,218000.0,Commercial associate,Secondary / secondary special,Separated,House / apartment,-12877,-3202,1,0,1,0,Core staff,1.0
5013327,F,N,Y,0,178100.0,Working,Secondary / secondary special,Married,House / apartment,-14568,-6749,1,0,0,0,Laborers,2.0
5013328,F,Y,Y,1,426000.0,Working,Secondary / secondary special,Married,House / apartment,-21072,-6550,1,0,0,0,Drivers,3.0
5013329,F,N,Y,1,687700.0,Working,Lower secondary,Married,House / apartment,-7531,-904,1,0,0,0,,3.0
5013330,F,N,Y,0,261200.0,Pensioner,Secondary / secondary special,Single / not married,House / apartment,-7994,365243,1,0,0,0,,1.0
5013331,F,Y,Y,0,390500.0,Pensioner,Higher education,Married,House / apartment,-11974,365243,1,1,0,1,,2.0
5013332,F,N,N,2,289900.0,Working,Secondary / secondary special,Widow,House / apartment,-23544,-9059,1,0,0,0,Laborers,3.0
5013333,M,N,Y,0,356200.0,State servant,Secondary / secondary special,Single / not married,House / apartment,-10393,-3255,1,0,0,0,Laborers,1.0
5013334,M,Y,Y,1,136400.0,Commercial associate,Secondary / secondary special,Married,House / apartment,-25513,-16654,1,0,0,1,Sales staff,3.0
5013335,M,N,N,0,191300.0,Working,Secondary / secondary special,Married,House / apartment,-22019,-12859,1,0,0,0,Managers,2.0
5013336,M,Y,Y,0,297500.0,Working,Incomplete higher,Married,House / apartment,-15635,365243,1,0,0,1,,2.0
5013337,M,N,Y,1,447600.0,Commercial associate,Higher education,Married,House / apartment,-20963,-5806,1,0,0,1,Drivers,3.0
5013338,F,N,N,0,162200.0,Pensioner,Secondary / secondary special,Married,House / apartment,-16780,365243,1,1,0,0,,2.0
5013339,F,N,Y,0,88300.0,Pensioner,Higher education,Single / not married,House / apartment,-17641,365243,1,0,1,0,,1.0
5013340,F,N,Y,0,190300.0,Commercial associate,Secondary / secondary special,Married,House / apartment,-17911,-3479,1,0,1,0,Laborers,2.0
5013341,F,N,Y,1,404500.0,Working,Secondary / secondary special,Married,House / apartment,-19152,-5034,1,1,1,1,High skill tech staff,3.0
5013342,M,Y,N,0,110600.0,Commercial associate,Secondary / secondary special,Married,House / apartment,-8415,-804,1,0,0,0,Laborers,2.0
5013343,M,N,Y,0,135500.0,Pensioner,Secondary / secondary special,Separated,House / apartment,-18564,365243,1,0,0,0,,1.0
5013344,M,Y,Y,2,263900.0,Working,Incomplete higher,Married,House / apartment,-20398,-88,1,0,0,0,,4.0
5013345,F,Y,Y,0,230400.0,Working,Secondary / secondary special,Married,House / apartment,-12980,-6013,1,0,0,0,Laborers,2.0
5013346,M,Y,Y,0,328600.0,Commercial associate,Secondary / secondary special,Married,House / apartment,-25176,-9840,1,1,0,0,,2.0
5013347,M,N,Y,0,132100.0,Pensioner,Secondary / secondary special,Single / not married,House / apartment,-9943,365243,1,0,0,0,,1.0
5013348,F,Y,Y,4,207500.0,Pensioner,Secondary / secondary special,Widow,House / apartment,-23932,365243,1,0,0,0,,5.0
5013349,F,Y,Y,0,443800.0,Working,Secondary / secondary special,Widow,House / apartment,-19659,-10414,1,0,1,0,,1.0
5013350,M,Y,Y,0,134500.0,Working,Secondary / secondary special,Separated,With parents,-19437,-4815,1,1,1,0,,1.0
5013351,F,Y,Y,0,510900.0,Pensioner,Higher education,Married,House / apartment,-23303,365243,1,1,1,1,,2.0
5013352,F,N,Y,1,143200.0,Pensioner,Secondary / secondary special,Married,House / apartment,-22494,365243,1,0,0,0,,3.0
5013353,F,N,Y,1,373300.0,Working,Secondary / secondary special,Married,House / apartment,-13613,-6323,1,0,1,0,,3.0
5013354,F,Y,Y,0,202600.0,Commercial associate,Secondary / secondary special,Married,House / apartment,-20187,-4765,1,0,0,0,Core staff,2.0
5013355,M,N,Y,0,137700.0,Pensioner,Secondary / secondary special,Married,House / apartment,-8229,365243,1,0,0,0,,2.0
5013356,M,N,N,1,190400.0,Pensioner,Higher education,Married,House / apartment,-15779,365243,1,0,0,0,,3.0
5013357,F,N,N,0,320600.0,Pensioner,Secondary / secondary special,Married,House / apartment,-24431,365243,1,0,0,0,,2.0
5013358,F,N,Y,2,243300.0,Working,Secondary / secondary special,Married,House / apartment,-12311,-3812,1,0,0,0,Accountants,4.0
5013359,F,N,Y,0,427100.0,Commercial associate,Secondary / secondary special,Married,House / apartment,-8218,-633,1,0,0,0,Managers,2.0
5013360,F,Y,Y,0,500500.0,Working,Incomplete higher,Married,House / apartment,-17951,365243,1,0,0,0,,2.0
5013361,F,N,Y,0,135100.0,Pensioner,Higher education,Civil marriage,With parents,-13790,365243,1,0,0,0,,2.0
5013362,F,N,Y,1,130300.0,Working,Secondary / secondary special,Married,House / apartment,-14239,-7106,1,0,0,0,Core staff,3.0
5013363,F,N,Y,0,127100.0,Commercial associate,Secondary / secondary special,Separated,House / apartment,-17942,-6776,1,1,0,0,Security staff,1.0
5013364,F,N,N,0,155700.0,Commercial associate,Secondary / secondary special,Married,House / apartment,-18657,-5190,1,0,0,0,,2.0
5013365,M,Y,Y,0,424000.0,Pensioner,Higher education,Married,House / apartment,-15292,365243,1,0,0,0,,2.0
5013366,F,N,Y,0,323100.0,Commercial associate,Secondary / secondary special,Married,House / apartment,-16574,-674,1,0,0,0,Drivers,2.0
5013367,M,N,N,0,185900.0,Working,Secondary / secondary special,Married,House / apartment,-25444,-1188,1,0,0,0,Laborers,2.0
5013368,M,Y,Y,0,242800.0,Commercial associate,Secondary / secondary special,Civil marriage,House / apartment,-24785,-1559,1,0,1,0,Laborers,2.0
5013369,F,Y,Y,1,492700.0,Working,Secondary / secondary special,Married,House / apartment,-20222,-1559,1,0,0,0,Cooking staff,3.0
5013370,M,N,N,0,633800.0,Working,Secondary / secondary special,Civil marriage,House / apartment,-10254,-2417,1,1,0,0,,2.0
5013371,M,N,N,1,277900.0,State servant,Secondary / secondary special,Married,House / apartment,-13879,-6649,1,1,0,1,Core staff,3.0
5013372,M,N,N,0,64600.0,Commercial associate,Secondary / secondary special,Married,House / apartment,-23432,-16235,1,0,0,0,Medicine staff,2.0
5013373,F,N,Y,0,283300.0,Commercial associate,Secondary / secondary special,Married,House / apartment,-15040,-259,1,1,0,1,Security staff,2.0
5013374,F,N,Y,0,389600.0,Working,Secondary / secondary special,Married,House / apartment,-24752,-5976,1,1,1,0,Sales staff,2.0
5013375,F,Y,N,2,273200.0,Pensioner,Secondary / secondary special,Married,House / apartment,-16223,365243,1,0,0,0,,4.0
5013376,M,Y,Y,1,351100.0,Commercial associate,Secondary / secondary special,Married,House / apartment,-23043,-7800,1,1,0,0,Laborers,3.0
5013377,F,Y,N,0,291900.0,Commercial associate,Higher education,Single / not married,House / apartment,-7951,-1172,1,1,0,0,Core staff,1.0
5013378,F,Y,Y,1,131700.0,State servant,Secondary / secondary special,Married,House / apartment,-15234,-4327,1,1,1,0,,3.0
5013379,M,Y,Y,0,156700.0,Working,Secondary / secondary special,Married,House / apartment,-20094,-9109,1,0,0,0,Core staff,2.0
5013380,F,N,N,0,207900.0,Commercial associate,Higher education,Separated,House / apartment,-23076,-8736,1,0,0,0,Core staff,1.0
5013381,M,N,Y,0,415900.0,Pensioner,Secondary / secondary special,Married,House / apartment,-18438,365243,1,0,0,0,,2.0
5013382,F,Y,Y,0,166500.0,Working,Secondary / secondary special,Married,House / apartment,-10469,-3792,1,1,1,0,Laborers,2.0
5013383,F,Y,Y,0,306600.0,Working,Secondary / secondary special,Married,House / apartment,-23482,-2620,1,0,1,0,Managers,2.0
5013384,F,Y,Y,1,284200.0,State servant,Secondary / secondary special,Civil marriage,House / apartment,-17803,-8800,1,1,0,0,,3.0
5013385,M,N,Y,0,539600.0,Working,Secondary / secondary special,Married,House / apartment,-9278,-964,1,0,0,0,,2.0
5013386,F,Y,Y,1,239100.0,Working,Secondary / secondary special,Married,House / apartment,-15776,-3377,1,0,0,0,Sales staff,3.0
5013387,F,Y,Y,0,101500.0,Working,Higher education,Widow,House / apartment,-20069,365243,1,1,0,1,,1.0
5013388,F,N,N,0,337400.0,Working,Higher education,Single / not married,Rented apartment,-15542,-5478,1,1,0,0,Laborers,1.0
5013389,F,N,Y,1,711000.0,Pensioner,Secondary / secondary special,Married,House / apartment,-23208,365243,1,0,0,0,,3.0
5013390,F,Y,N,1,348600.0,Working,Higher education,Single / not married,House / apartment,-15043,-5335,1,1,0,0,Drivers,2.0
5013391,M,N,Y,2,164700.0,Working,Secondary / secondary special,Single / not married,House / apartment,-17960,-2771,1,1,0,0,Medicine staff,3.0
5013392,F,Y,Y,0,142100.0,Pensioner,Secondary / secondary special,Married,House / apartment,-11162,365243,1,1,0,0,,2.0
5013393,F,N,Y,1,151600.0,Working,Secondary / secondary special,Married,House / apartment,-16668,-8167,1,0,0,1,Drivers,3.0
5013394,F,N,N,1,664700.0,Commercial associate,Secondary / secondary special,Single / not married,Municipal apartment,-11375,-3764,1,1,1,0,,2.0
5013395,M,Y,N,0,207300.0,Pensioner,Secondary / secondary special,Married,House / apartment,-11417,365243,1,1,1,0,,2.0
5013396,F,N,N,0,175300.0,Pensioner,Secondary / secondary special,Married,With parents,-12417,365243,1,1,0,0,,2.0
5013397,M,Y,Y,0,225500.0,Pensioner,Secondary / secondary special,Single / not married,House / apartment,-8112,365243,1,0,0,0,,1.0
5013398,F,Y,Y,0,208400.0,Working,Higher education,Civil marriage,House / apartment,-10287,-267,1,0,0,0,,2.0
5013399,F,Y,N,0,534600.0,Working,Secondary / secondary special,Married,House / apartment,-15055,-2171,1,1,0,0,Laborers,2.0
5013400,F,N,N,4,147000.0,Working,Secondary / secondary special,Married,House / apartment,-9698,-1119,1,0,0,0,Sales staff,6.0
5013401,M,Y,N,0,440600.0,Working,Secondary / secondary special,Married,House / apartment,-9741,-1751,1,1,1,0,Sales staff,2.0
5013402,F,Y,Y,1,259500.0,Working,Secondary / secondary special,Married,House / apartment,-24982,-15321,1,1,0,0,Laborers,3.0
5013403,M,Y,N,0,446400.0,Working,Higher education,Widow,House / apartment,-15105,-2517,1,1,1,0,Sales staff,1.0
5013404,M,Y,Y,0,538600.0,Commercial associate,Incomplete higher,Married,House / apartment,-14678,-3274,1,0,0,1,,2.0
5013405,F,N,Y,0,254700.0,Working,Higher education,Married,House / apartment,-12195,-1030,1,0,0,0,,2.0
5013406,F,Y,Y,0,208500.0,Working,Higher education,Widow,House / apartment,-16664,-2670,1,0,0,1,,1.0
5013407,F,Y,Y,1,252300.0,Working,Secondary / secondary special,Married,House / apartment,-18191,-2326,1,0,0,0,Sales staff,3.0
5013408,F,N,N,4,232800.0,Working,Secondary / secondary special,Married,House / apartment,-14942,-796,1,0,1,0,,6.0
5013409,F,N,N,0,106600.0,Commercial associate,Secondary / secondary special,Married,House / apartment,-14497,-7463,1,0,0,0,Core staff,2.0
5013410,F,N,N,1,530600.0,Commercial associate,Incomplete higher,Married,House / apartment,-20097,-267,1,0,0,0,Medicine staff,3.0
5013411,M,N,Y,0,276100.0,Pensioner,Secondary / secondary special,Married,House / apartment,-24650,365243,1,1,0,0,,2.0
5013412,F,Y,Y,0,136500.0,Pensioner,Secondary / secondary special,Married,House / apartment,-23336,365243,1,0,0,0,,2.0
5013413,F,N,N,0,86800.0,Commercial associate,Secondary / secondary special,Married,House / apartment,-9471,-2168,1,0,1,0,Core staff,2.0
5013414,M,N,Y,0,76200.0,Commercial associate,Secondary / secondary special,Civil marriage,With parents,-19218,-648,1,0,0,0,Cleaning staff,2.0
5013415,M,Y,N,0,358900.0,Working,Secondary / secondary special,Married,With parents,-7434,-317,1,0,1,0,Laborers,2.0
5013416,F,N,Y,0,179100.0,Working,Higher education,Married,House / apartment,-18867,-2364,1,0,1,0,Sales staff,2.0
5013417,M,Y,Y,0,194500.0,Pensioner,Secondary / secondary special,Married,House / apartment,-15785,365243,1,0,0,0,,2.0
5013418,M,N,Y,1,311600.0,Working,Higher education,Married,House / apartment,-16274,-7850,1,0,0,0,Sales staff,3.0
5013419,M,N,N,0,188600.0,Working,Higher education,Married,House / apartment,-18044,-10783,1,0,0,0,,2.0
5013420,F,N,Y,0,320800.0,Working,Higher education,Separated,House / apartment,-20868,-4610,1,1,0,0,Managers,1.0
5013421,F,N,Y,0,256000.0,Working,Higher education,Married,House / apartment,-20627,-14044,1,0,1,0,Laborers,2.0
5013422,M,N,N,1,234100.0,Pensioner,Secondary / secondary special,Married,With parents,-8117,365243,1,1,0,0,,3.0
5013423,F,Y,Y,1,111200.0,Working,Incomplete higher,Married,House / apartment,-20755,-11497,1,0,0,0,Sales staff,3.0
5013424,F,N,N,1,162000.0,Working,Secondary / secondary special,Married,House / apartment,-22460,-153,1,1,1,0,Laborers,3.0
5013425,F,Y,Y,0,330000.0,Working,Higher education,Civil marriage,House / apartment,-8550,-198,1,0,0,0,Managers,2.0
5013426,M,Y,Y,0,173600.0,Commercial associate,Secondary / secondary special,Separated,House / apartment,-13203,-3759,1,0,0,0,Medicine staff,1.0
5013427,F,N,N,1,446000.0,Commercial associate,Secondary / secondary special,Married,House / apartment,-21770,-6393,1,1,0,0,Drivers,3.0
5013428,F,Y,Y,0,789100.0,Working,Secondary / secondary special,Single / not married,House / apartment,-16310,-6793,1,0,1,0,Laborers,1.0
5013429,F,Y,Y,0,339000.0,Pensioner,Secondary / secondary special,Married,House / apartment,-19995,365243,1,0,0,0,,2.0
5013430,M,N,Y,0,515000.0,Working,Higher education,Married,House / apartment,-16479,-870,1,0,1,1,,2.0
5013431,F,N,Y,0,350000.0,Commercial associate,Higher education,Civil marriage,House / apartment,-25170,-2996,1,0,0,0,Managers,2.0
5013432,F,Y,Y,0,186900.0,Commercial associate,Secondary / secondary special,Married,House / apartment,-24402,-11725,1,0,0,0,,2.0
5013433,F,Y,Y,0,269800.0,State servant,Secondary / secondary special,Married,House / apartment,-12439,-440,1,1,0,0,Laborers,2.0
5013434,M,Y,N,0,668100.0,Working,Higher education,Married,House / apartment,-14352,-6538,1,0,0,0,Laborers,2.0
5013435,M,N,N,0,187900.0,Working,Secondary / secondary special,Married,House / apartment,-15182,-7418,1,0,1,1,,2.0
5013436,F,Y,Y,2,145200.0,Working,Higher education,Married,Office apartment,-9208,-756,1,0,0,0,Security staff,4.0
5013437,F,N,Y,0,138500.0,Working,Secondary / secondary special,Single / not married,House / apartment,-14684,-4244,1,0,1,0,,1.0
5013438,M,Y,Y,0,219000.0,Working,Secondary / secondary special,Married,House / apartment,-21456,-5673,1,0,0,0,,2.0
5013439,F,Y,Y,0,147800.0,Working,Incomplete higher,Married,With parents,-22771,-10453,1,0,0,0,Sales staff,2.0
5013440,M,N,Y,0,563800.0,Working,Secondary / secondary special,Married,House / apartment,-23488,-16672,1,0,0,0,Medicine staff,2.0
5013441,F,Y,Y,0,272000.0,Pensioner,Secondary / secondary special,Married,House / apartment,-7571,365243,1,0,0,0,,2.0
5013442,F,N,Y,0,396900.0,Working,Higher education,Single / not married,House / apartment,-21711,-7319,1,0,1,0,High skill tech staff,1.0
5013443,F,Y,Y,0,210300.0,State servant,Higher education,Separated,Municipal apartment,-16484,-1391,1,0,0,0,Managers,1.0
5013444,F,N,Y,0,138000.0,Pensioner,Lower secondary,Widow,House / apartment,-11070,365243,1,0,0,0,,1.0
5013445,M,N,N,1,126900.0,Pensioner,Secondary / secondary special,Married,House / apartment,-16413,365243,1,1,0,0,,3.0
5013446,F,Y,N,0,155000.0,Pensioner,Secondary / secondary special,Widow,House / apartment,-22723,365243,1,0,0,0,,1.0
5013447,M,Y,Y,0,290500.0,Commercial associate,Secondary / secondary special,Married,House / apartment,-15235,-6973,1,0,0,0,Medicine staff,2.0
5013448,F,Y,N,0,316600.0,Pensioner,Secondary / secondary special,Married,House / apartment,-25393,365243,1,1,0,1,,2.0
5013449,F,N,Y,2,330100.0,Working,Higher education,Single / not married,House / apartment,-18567,-8830,1,0,0,0,Laborers,3.0
5013450,F,N,N,0,116000.0,Working,Secondary / secondary special,Married,House / apartment,-16249,-2531,1,0,0,0,Laborers,2.0
5013451,M,N,Y,1,244100.0,State servant,Secondary / secondary special,Married,House / apartment,-12690,-2206,1,1,0,0,Laborers,3.0
5013452,F,N,N,0,146200.0,Working,Higher education,Separated,House / apartment,-7507,-104,1,0,0,0,,1.0
5013453,M,Y,Y,0,298400.0,Working,Higher education,Single / not married,House / apartment,-18455,-10375,1,1,0,0,Laborers,1.0
5013454,M,Y,Y,0,310200.0,Pensioner,Secondary / secondary special,Married,House / apartment,-17852,365243,1,0,0,0,,2.0
5013455,F,Y,Y,0,135900.0,Commercial associate,Secondary / secondary special,Single / not married,House / apartment,-16743,-2723,1,1,0,0,,1.0
5013456,F,Y,Y,0,396100.0,Pensioner,Higher education,Civil marriage,House / apartment,-17125,365243,1,0,0,0,,2.0
5013457,F,Y,Y,0,786100.0,Working,Secondary / secondary special,Separated,House / apartment,-22710,-12494,1,1,0,0,,1.0
5013458,F,N,Y,0,370600.0,Commercial associate,Higher education,Married,House / apartment,-13092,-4989,1,1,1,0,Drivers,2.0
5013459,M,N,N,0,225000.0,Working,Higher education,Single / not married,House / apartment,-17354,-7371,1,0,0,0,Drivers,1.0
5013460,F,N,Y,0,208400.0,Pensioner,Secondary / secondary special,Single / not married,House / apartment,-19723,365243,1,0,0,0,,1.0
5013461,F,Y,Y,1,219900.0,Working,Secondary / secondary special,Married,House / apartment,-11137,-956,1,0,1,1,Laborers,3.0
5013462,M,N,Y,1,166900.0,Pensioner,Secondary / secondary special,Married,With parents,-24195,365243,1,0,0,0,,3.0
5013463,F,N,N,0,277000.0,Working,Secondary / secondary special,Married,House / apartment,-20767,-1188,1,0,0,0,Managers,2.0
5013464,F,N,N,2,138200.0,Working,Secondary / secondary special,Married,House / apartment,-8278,-692,1,0,1,0,,4.0
5013465,F,Y,N,0,94900.0,Working,Higher education,Widow,House / apartment,-23104,365243,1,1,0,0,,1.0
5013466,F,Y,Y,0,272500.0,Working,Higher education,Married,House / apartment,-24287,-12077,1,1,0,0,Laborers,2.0
5013467,F,Y,Y,0,246700.0,Commercial associate,Secondary / secondary special,Married,House / apartment,-21799,-14723,1,0,0,0,,2.0
5013468,F,Y,Y,0,183500.0,Working,Incomplete higher,Single / not married,House / apartment,-15089,-810,1,0,0,0,Laborers,1.0
5013469,F,N,Y,0,128600.0,Working,Secondary / secondary special,Married,House / apartment,-25465,-15434,1,0,0,0,,2.0
5013470,M,Y,Y,0,282200.0,Working,Higher education,Married,Rented apartment,-9578,-384,1,0,0,0,,2.0
5013471,F,Y,Y,0,148800.0,Pensioner,Secondary / secondary special,Married,House / apartment,-17105,365243,1,0,0,0,,2.0
5013472,F,N,Y,0,227700.0,Working,Secondary / secondary special,Married,House / apartment,-10417,-1075,1,1,0,0,,2.0
5013473,F,N,Y,1,590000.0,Working,Secondary / secondary special,Separated,House / apartment,-15329,-6832,1,0,1,0,,2.0
5013474,F,N,Y,1,338100.0,Commercial associate,Secondary / secondary special,Single / not married,House / apartment,-24242,-13895,1,0,0,0,Laborers,2.0
5013475,F,N,N,0,123100.0,Pensioner,Secondary / secondary special,Married,House / apartment,-21810,365243,1,0,1,0,,2.0
5013476,F,Y,Y,0,129100.0,Pensioner,Higher education,Widow,House / apartment,-21588,365243,1,0,0,0,,1.0
5013477,M,Y,N,0,263400.0,Pensioner,Secondary / secondary special,Married,House / apartment,-13767,365243,1,0,0,0,,2.0
5013478,F,Y,Y,0,122700.0,Working,Incomplete higher,Married,House / apartment,-24367,-6356,1,1,0,0,Medicine staff,2.0
5013479,F,N,Y,0,89700.0,Pensioner,Secondary / secondary special,Married,House / apartment,-14030,365243,1,0,0,1,,2.0
5013480,M,N,Y,0,318600.0,Pensioner,Secondary / secondary special,Widow,House / apartment,-8035,365243,1,0,1,0,,1.0
5013481,F,Y,N,0,286600.0,Pensioner,Secondary / secondary special,Married,House / apartment,-18953,365243,1,0,0,0,,2.0
5013482,F,N,Y,0,305800.0,Working,Lower secondary,Single / not married,House / apartment,-13928,-2003,1,0,1,0,Laborers,1.0
5013483,F,Y,N,2,278400.0,Pensioner,Secondary / secondary special,Married,Municipal apartment,-10112,365243,1,0,1,0,,4.0
5013484,M,N,Y,1,236300.0,Working,Secondary / secondary special,Married,House / apartment,-24374,-13425,1,0,0,0,Core staff,3.0
5013485,M,Y,Y,0,175300.0,Commercial associate,Higher education,Separated,Municipal apartment,-18943,-9903,1,0,1,0,,1.0
5013486,F,Y,N,0,316000.0,Working,Secondary / secondary special,Married,Rented apartment,-24481,-10658,1,1,0,0,Core staff,2.0
5013487,M,N,Y,2,524600.0,Working,Secondary / secondary special,Single / not married,House / apartment,-17952,-902,1,1,0,0,Drivers,3.0
5013488,F,N,N,0,190000.0,Commercial associate,Secondary / secondary special,Married,House / apartment,-8471,-970,1,0,0,0,,2.0
5013489,F,N,Y,0,146500.0,Working,Secondary / secondary special,Single / not married,House / apartment,-7852,-129,1,1,1,0,,1.0
5013490,M,Y,Y,0,138400.0,Pensioner,Secondary / secondary special,Civil marriage,House / apartment,-23752,365243,1,0,0,0,,2.0
5013491,M,Y,N,0,158300.0,Commercial associate,Higher education,Married,House / apartment,-8012,-445,1,1,0,0,Drivers,2.0
5013492,F,Y,N,1,270200.0,Commercial associate,Higher education,Married,House / apartment,-18540,-8586,1,0,0,0,,3.0
5013493,F,N,Y,0,83800.0,Working,Secondary / secondary special,Widow,House / apartment,-12747,-2059,1,0,1,1,Laborers,1.0
5013494,F,N,N,0,304100.0,State servant,Secondary / secondary special,Civil marriage,House / apartment,-19863,-12712,1,1,1,1,Sales staff,2.0
5013495,F,N,Y,0,336900.0,Commercial associate,Secondary / secondary special,Married,House / apartment,-12505,-3138,1,0,0,0,Low-skill Laborers,2.0
5013496,M,Y,N,0,99400.0,Working,Secondary / secondary special,Married,Municipal apartment,-7985,365243,1,0,0,0,,2.0
5013497,F,N,Y,0,149600.0,Commercial associate,Secondary / secondary special,Single / not married,House / apartment,-20652,-4039,1,0,0,0,Laborers,1.0
5013498,F,N,Y,1,254100.0,Working,Secondary / secondary special,Married,With parents,-12983,-4404,1,0,0,0,Laborers,3.0
5013499,F,N,Y,0,227200.0,Working,Secondary / secondary special,Married,House / apartment,-17364,-4316,1,0,1,0,Laborers,2.0
5013500,F,Y,Y,0,316600.0,Working,Secondary / secondary special,Widow,House / apartment,-21438,-14215,1,0,1,0,Managers,1.0
5013501,F,N,Y,0,227500.0,Commercial associate,Higher education,Separated,House / apartment,-20140,-9514,1,0,0,0,Cleaning staff,1.0
5013502,M,N,Y,0,459500.0,Working,Higher education,Civil marriage,House / apartment,-13671,-6216,1,0,0,0,Core staff,2.0
5013503,F,N,Y,0,207900.0,Working,Secondary / secondary special,Married,Co-op apartment,-20962,-13197,1,0,0,0,Managers,2.0
5013504,M,N,N,0,149300.0,State servant,Higher education,Widow,House / apartment,-24210,-8858,1,0,1,0,Cooking staff,1.0
5013505,M,Y,Y,0,143500.0,Working,Secondary / secondary special,Married,House / apartment,-18445,-104,1,1,1,0,,2.0
5013506,F,N,Y,0,352600.0,Working,Secondary / secondary special,Married,House / apartment,-20153,-10132,1,0,0,0,Laborers,2.0
5013507,F,N,Y,0,247800.0,State servant,Higher education,Married,House / apartment,-23119,-12589,1,0,0,0,Accountants,2.0
5013508,F,Y,N,2,335100.0,Working,Higher education,Civil marriage,Office apartment,-22712,-7303,1,1,0,0,Medicine staff,4.0
5013509,F,Y,Y,0,331700.0,Commercial associate,Secondary / secondary special,Married,House / apartment,-13726,-4481,1,0,0,0,Drivers,2.0
5013510,F,Y,Y,0,88900.0,Working,Secondary / secondary special,Separated,House / apartment,-25416,-11706,1,1,0,0,Laborers,1.0
5013511,M,N,Y,0,138100.0,Commercial associate,Higher education,Separated,House / apartment,-7827,-892,1,0,0,0,Laborers,1.0
5013512,F,Y,Y,0,146600.0,Working,Secondary / secondary special,Married,House / apartment,-25325,-2697,1,0,1,0,Security staff,2.0
5013513,F,N,Y,0,162300.0,State servant,Secondary / secondary special,Separated,House / apartment,-11798,-3571,1,0,0,0,,1.0
5013514,F,Y,Y,0,197900.0,Working,Higher education,Separated,House / apartment,-15348,-4745,1,1,0,0,Laborers,1.0
5013515,F,N,Y,0,402300.0,Commercial associate,Secondary / secondary special,Married,House / apartment,-23443,-14114,1,0,1,0,,2.0
5013516,M,Y,Y,0,444500.0,State servant,Secondary / secondary special,Married,House / apartment,-11767,-1621,1,0,0,0,,2.0
5013517,F,Y,Y,0,210900.0,State servant,Higher education,Married,House / apartment,-11410,-827,1,0,0,0,Core staff,2.0
5013518,F,N,Y,0,215300.0,Working,Secondary / secondary special,Married,House / apartment,-19050,-5375,1,0,1,0,,2.0
5013519,M,N,Y,0,171600.0,Pensioner,Secondary / secondary special,Single / not married,House / apartment,-20188,365243,1,0,0,0,,1.0
5013520,F,Y,N,0,255300.0,Working,Secondary / secondary special,Married,House / apartment,-7441,-206,1,1,1,0,Core staff,2.0
5013521,F,Y,N,1,270100.0,Commercial associate,Secondary / secondary special,Separated,House / apartment,-15531,-1553,1,1,0,0,Sales staff,2.0
5013522,F,Y,Y,2,365400.0,Working,Secondary / secondary special,Widow,House / apartment,-16237,-592,1,1,0,0,Laborers,3.0
5013523,F,N,Y,0,363900.0,Working,Secondary / secondary special,Married,House / apartment,-12269,-3206,1,1,1,0,Cooking staff,2.0
5013524,M,N,Y,0,77200.0,Working,Secondary / secondary special,Married,House / apartment,-17278,-6176,1,1,0,0,,2.0
5013525,M,N,Y,0,226200.0,Commercial associate,Secondary / secondary special,Married,House / apartment,-10128,-3053,1,1,0,0,Low-skill Laborers,2.0
5013526,M,N,Y,0,487700.0,Commercial associate,Secondary / secondary special,Married,House / apartment,-13215,-1543,1,1,0,0,,2.0
5013527,F,N,Y,0,196100.0,Working,Secondary / secondary special,Married,House / apartment,-20331,-9289,1,1,0,0,,2.0
5013528,M,Y,N,0,431500.0,Commercial associate,Secondary / secondary special,Married,House / apartment,-23263,-12082,1,0,0,0,,2.0
5013529,M,N,N,1,209400.0,State servant,Secondary / secondary special,Married,House / apartment,-18069,-9481,1,0,0,0,,3.0
5013530,F,N,Y,0,266400.0,Commercial associate,Secondary / secondary special,Married,House / apartment,-8672,-67,1,0,0,0,Laborers,2.0
5013531,F,Y,Y,0,138300.0,Working,Secondary / secondary special,Separated,House / apartment,-19701,-12797,1,0,0,0,,1.0
5013532,F,Y,N,1,140900.0,Pensioner,Higher education,Married,House / apartment,-23697,365243,1,0,1,0,,3.0
5013533,M,Y,N,0,350900.0,Commercial associate,Secondary / secondary special,Married,Office apartment,-16515,-6033,1,0,1,0,Drivers,2.0
5013534,M,Y,N,0,379400.0,Working,Secondary / secondary special,Married,House / apartment,-16321,-6229,1,0,0,0,Core staff,2.0
5013535,M,N,Y,0,247400.0,Commercial associate,Secondary / secondary special,Married,House / apartment,-25411,-8916,1,0,1,0,Cleaning staff,2.0
5013536,F,N,Y,0,132200.0,Working,Secondary / secondary special,Married,House / apartment,-18925,-472,1,1,0,0,Security staff,2.0
5013537,F,N,Y,0,249500.0,Pensioner,Secondary / secondary special,Married,House / apartment,-22025,365243,1,0,1,1,,2.0
5013538,F,N,Y,0,457800.0,State servant,Secondary / secondary special,Married,House / apartment,-19112,-3288,1,0,1,0,Core staff,2.0
5013539,M,N,Y,0,583600.0,Working,Secondary / secondary special,Married,House / apartment,-11339,-963,1,0,0,0,Drivers,2.0
5013540,F,N,Y,0,208400.0,Working,Secondary / secondary special,Married,House / apartment,-12493,-2868,1,0,0,0,High skill tech staff,2.0
5013541,M,Y,N,0,106500.0,Working,Incomplete higher,Married,House / apartment,-19462,-5679,1,0,1,1,Managers,2.0
5013542,F,Y,N,1,371600.0,Working,Secondary / secondary special,Married,House / apartment,-15634,-4893,1,0,1,0,Laborers,3.0
5013543,F,N,Y,0,212700.0,Pensioner,Higher education,Single / not married,House / apartment,-14689,365243,1,0,0,0,,1.0
5013544,F,Y,N,0,391200.0,Commercial associate,Secondary / secondary special,Married,House / apartment,-7715,-1097,1,1,0,0,Sales staff,2.0
5013545,M,Y,Y,0,281000.0,Working,Secondary / secondary special,Married,House / apartment,-23456,-11482,1,0,0,0,Core staff,2.0
5013546,M,N,N,0,157000.0,Pensioner,Secondary / secondary special,Single / not married,House / apartment,-23458,365243,1,0,1,0,,1.0
5013547,F,N,Y,0,251300.0,Working,Higher education,Separated,House / apartment,-15723,-5978,1,1,0,0,Core staff,1.0
5013548,M,Y,Y,1,469600.0,State servant,Secondary / secondary special,Civil marriage,House / apartment,-20102,-7298,1,0,0,0,Laborers,3.0
5013549,M,N,Y,0,226600.0,Working,Secondary / secondary special,Married,Municipal apartment,-10552,-799,1,0,0,0,Core staff,2.0
5013550,M,N,Y,1,145500.0,Commercial associate,Secondary / secondary special,Married,House / apartment,-16506,-2024,1,0,1,0,,3.0
5013551,M,Y,Y,1,110300.0,Working,Higher education,Married,House / apartment,-15320,-7508,1,1,0,0,,3.0
5013552,F,Y,Y,2,165900.0,Working,Secondary / secondary special,Civil marriage,House / apartment,-19296,-9676,1,0,1,0,Core staff,4.0
5013553,F,N,N,0,198900.0,Pensioner,Secondary / secondary special,Civil marriage,House / apartment,-15882,365243,1,0,0,0,,2.0
5013554,M,Y,Y,2,367900.0,Working,Lower secondary,Married,Office apartment,-16408,-6747,1,0,0,0,Drivers,4.0
5013555,F,Y,Y,0,139400.0,Pensioner,Secondary / secondary special,Married,House / apartment,-12705,365243,1,1,0,0,,2.0
5013556,F,N,Y,0,530900.0,Commercial associate,Secondary / secondary special,Married,House / apartment,-8189,-762,1,0,0,0,Managers,2.0
5013557,F,N,Y,0,125100.0,Pensioner,Secondary / secondary special,Married,House / apartment,-24052,365243,1,1,1,0,,2.0
5013558,F,Y,Y,3,783300.0,State servant,Higher education,Separated,House / apartment,-7528,-608,1,0,1,0,,4.0
5013559,F,Y,N,0,578500.0,Working,Secondary / secondary special,Married,House / apartment,-12443,-650,1,0,0,1,Managers,2.0
5013560,M,Y,Y,0,262000.0,Commercial associate,Secondary / secondary special,Married,House / apartment,-15479,-1366,1,0,1,0,,2.0
5013561,F,N,Y,0,107100.0,Pensioner,Higher education,Civil marriage,House / apartment,-13132,365243,1,0,0,0,,2.0
5013562,F,Y,N,0,237500.0,Working,Secondary / secondary special,Married,House / apartment,-17384,-5360,1,0,1,0,Sales staff,2.0
5013563,F,N,Y,0,201200.0,Pensioner,Higher education,Married,House / apartment,-15735,365243,1,0,0,0,,2.0
5013564,F,N,Y,1,129100.0,Commercial associate,Secondary / secondary special,Married,House / apartment,-11971,-4191,1,0,1,0,Drivers,3.0
5013565,F,Y,N,2,282400.0,Commercial associate,Secondary / secondary special,Married,House / apartment,-8912,-284,1,0,0,0,Laborers,4.0
5013566,F,N,Y,1,161700.0,Working,Secondary / secondary special,Married,House / apartment,-9817,-2755,1,0,0,0,,3.0
5013567,M,N,Y,0,170800.0,Pensioner,Higher education,Married,House / apartment,-16186,365243,1,0,0,0,,2.0
5013568,F,N,N,0,220500.0,Working,Secondary / secondary special,Married,House / apartment,-22754,-10914,1,0,1,0,Laborers,2.0
5013569,F,Y,Y,0,183100.0,Pensioner,Secondary / secondary special,Married,House / apartment,-9143,365243,1,0,0,0,,2.0
5013570,F,N,Y,0,690100.0,Working,Secondary / secondary special,Married,House / apartment,-19672,-5402,1,0,0,0,Managers,2.0
5013571,M,N,N,0,186800.0,Working,Higher education,Civil marriage,House / apartment,-21771,-8554,1,0,1,0,Core staff,2.0
5013572,F,N,Y,1,304300.0,State servant,Secondary / secondary special,Married,House / apartment,-12360,-4149,1,0,1,0,,3.0
5013573,M,Y,Y,0,262600.0,Pensioner,Secondary / secondary special,Married,House / apartment,-19509,365243,1,0,0,0,,2.0
5013574,M,N,N,1,291200.0,State servant,Incomplete higher,Married,With parents,-19845,-11247,1,0,1,0,Laborers,3.0
5013575,F,Y,N,2,302600.0,Working,Higher education,Married,House / apartment,-20231,-12299,1,1,0,0,,4.0
5013576,M,Y,Y,0,379300.0,Commercial associate,Secondary / secondary special,Married,House / apartment,-23573,-5418,1,0,1,0,,2.0
5013577,F,N,Y,3,278900.0,Commercial associate,Higher education,Single / not married,House / apartment,-14583,-5226,1,1,0,1,Laborers,4.0
5013578,M,N,N,1,273200.0,Commercial associate,Secondary / secondary special,Married,House / apartment,-11755,-836,1,0,0,0,Laborers,3.0
5013579,F,N,N,0,251400.0,Working,Secondary / secondary special,Married,Co-op apartment,-17237,-1146,1,0,1,0,Core staff,2.0
5013580,M,N,Y,0,227800.0,Working,Secondary / secondary special,Married,House / apartment,-8447,-994,1,0,0,0,High skill tech staff,2.0
5013581,M,N,Y,0,154700.0,Pensioner,Secondary / secondary special,Civil marriage,House / apartment,-13403,365243,1,0,0,0,,2.0
5013582,M,Y,Y,0,236800.0,Working,Higher education,Widow,House / apartment,-23435,-8999,1,0,0,0,,1.0
5013583,M,N,N,0,275400.0,State servant,Higher education,Married,House / apartment,-17022,-10405,1,1,0,0,Core staff,2.0
5013584,M,Y,N,0,298500.0,Working,Secondary / secondary special,Married,Office apartment,-15280,-4565,1,0,0,0,Accountants,2.0
5013585,M,Y,N,0,267200.0,State servant,Higher education,Married,House / apartment,-12157,-1021,1,0,0,0,,2.0
5013586,F,N,N,0,217300.0,Commercial associate,Secondary / secondary special,Civil marriage,House / apartment,-11877,-3245,1,0,0,0,Managers,2.0
5013587,M,N,Y,0,237300.0,Pensioner,Secondary / secondary special,Married,House / apartment,-11626,365243,1,0,0,0,,2.0
5013588,F,N,Y,0,185100.0,Working,Higher education,Married,House / apartment,-22449,-6609,1,1,1,0,Laborers,2.0
5013589,F,N,N,0,285500.0,Pensioner,Higher education,Married,With parents,-25294,365243,1,0,1,1,,2.0
5013590,F,Y,N,0,218600.0,Commercial associate,Secondary / secondary special,Married,House / apartment,-17072,-9163,1,1,0,1,,2.0
5013591,F,Y,Y,0,267200.0,Commercial associate,Secondary / secondary special,Married,House / apartment,-8763,-1191,1,0,1,0,Laborers,2.0
5013592,F,N,Y,1,402700.0,Working,Secondary / secondary special,Married,House / apartment,-21021,-14023,1,0,0,0,,3.0
5013593,M,Y,N,0,171200.0,Commercial associate,Secondary / secondary special,Single / not married,House / apartment,-23322,-9180,1,0,0,0,,1.0
5013594,M,Y,Y,0,329000.0,Pensioner,Secondary / secondary special,Married,House / apartment,-24312,365243,1,0,0,0,,2.0
5013595,F,N,Y,0,248200.0,Working,Secondary / secondary special,Married,House / apartment,-18788,-12178,1,0,0,0,Managers,2.0
5013596,M,Y,Y,0,670700.0,Commercial associate,Secondary / secondary special,Married,House / apartment,-16562,-890,1,0,0,0,Sales staff,2.0
5013597,M,Y,Y,0,219100.0,Working,Higher education,Married,House / apartment,-18637,-9487,1,1,1,0,High skill tech staff,2.0
5013598,M,N,Y,0,345600.0,Pensioner,Secondary / secondary special,Married,House / apartment,-7542,365243,1,0,1,0,,2.0
5013599,M,N,N,1,246000.0,State servant,Secondary / secondary special,Civil marriage,House / apartment,-19275,-5296,1,0,1,0,,3.0
5013600,M,N,Y,1,121900.0,Working,Higher education,Married,House / apartment,-20265,-8584,1,0,0,0,,3.0
5013601,F,N,Y,0,188200.0,Working,Secondary / secondary special,Single / not married,House / apartment,-20491,-5455,1,0,1,0,Accountants,1.0
5013602,M,N,Y,1,379200.0,Commercial associate,Higher education,Married,House / apartment,-17588,-3477,1,0,0,0,Laborers,3.0
5013603,F,N,N,0,196600.0,Working,Secondary / secondary special,Single / not married,House / apartment,-20090,-11805,1,0,1,0,,1.0
5013604,M,N,N,2,80400.0,Working,Secondary / secondary special,Married,House / apartment,-18972,-6109,1,0,1,0,Core staff,4.0
5013605,M,Y,N,0,240300.0,Working,Secondary / secondary special,Separated,House / apartment,-9415,-1936,1,0,0,0,,1.0
5013606,F,Y,N,0,141400.0,Working,Secondary / secondary special,Married,Co-op apartment,-23711,-13854,1,0,0,0,Medicine staff,2.0
5013607,M,N,Y,0,260800.0,Working,Secondary / secondary special,Married,House / apartment,-18678,-5678,1,0,0,0,High skill tech staff,2.0
5013608,F,N,Y,0,530200.0,Working,Secondary / secondary special,Married,House / apartment,-20596,-9705,1,0,0,0,Drivers,2.0
5013609,F,N,Y,1,358700.0,Working,Secondary / secondary special,Married,House / apartment,-13567,-6203,1,0,1,0,Medicine staff,3.0
5013610,M,N,Y,0,526400.0,Commercial associate,Secondary / secondary special,Married,House / apartment,-24093,-7004,1,0,1,1,High skill tech staff,2.0
5013611,F,N,N,0,184400.0,Commercial associate,Secondary / secondary special,Married,Rented apartment,-16484,-4773,1,0,0,0,Accountants,2.0
5013612,M,N,Y,0,227300.0,Working,Incomplete higher,Single / not married,House / apartment,-19705,-3976,1,0,0,0,Sales staff,1.0
5013613,F,N,N,0,144800.0,Commercial associate,Higher education,Married,House / apartment,-24694,-11245,1,0,0,0,,2.0
5013614,M,Y,Y,0,173400.0,Pensioner,Higher education,Married,House / apartment,-24035,365243,1,0,0,0,,2.0
5013615,F,N,Y,4,153600.0,Working,Secondary / secondary special,Separated,House / apartment,-19081,-3912,1,0,0,0,Cooking staff,5.0
5013616,M,Y,Y,1,127000.0,Pensioner,Secondary / secondary special,Married,House / apartment,-10332,365243,1,0,1,0,,3.0
5013617,F,N,Y,0,483300.0,Commercial associate,Secondary / secondary special,Married,House / apartment,-24665,-216,1,1,1,0,Laborers,2.0
5013618,F,N,Y,0,85800.0,Working,Higher education,Single / not married,House / apartment,-25278,-7804,1,1,0,1,Laborers,1.0
5013619,F,N,Y,0,484300.0,Working,Secondary / secondary special,Married,House / apartment,-9193,-1329,1,0,1,0,,2.0
5013620,F,N,Y,1,455200.0,Working,Secondary / secondary special,Married,House / apartment,-15529,-8793,1,0,1,0,,3.0
5013621,F,N,Y,2,313400.0,Commercial associate,Secondary / secondary special,Married,House / apartment,-17318,-1702,1,0,0,0,High skill tech staff,4.0
5013622,F,Y,Y,0,139800.0,Working,Secondary / secondary special,Married,House / apartment,-8987,-2279,1,0,0,0,,2.0
5013623,M,Y,Y,1,110700.0,State servant,Secondary / secondary special,Married,House / apartment,-10769,-2385,1,0,1,0,Sales staff,3.0
5013624,M,N,Y,0,185600.0,Commercial associate,Incomplete higher,Married,House / apartment,-17125,-3483,1,1,0,0,Laborers,2.0
5013625,M,N,Y,0,333700.0,Working,Higher education,Married,House / apartment,-24893,-9186,1,0,0,0,Sales staff,2.0
5013626,F,N,Y,2,244500.0,Working,Secondary / secondary special,Married,House / apartment,-7813,-260,1,0,0,0,Security staff,4.0
5013627,F,Y,Y,0,144900.0,Working,Secondary / secondary special,Widow,Office apartment,-23968,-1923,1,0,0,1,High skill tech staff,1.0
5013628,F,N,Y,0,433500.0,Working,Secondary / secondary special,Married,House / apartment,-23716,-15185,1,0,1,0,,2.0
5013629,M,N,Y,0,566700.0,Working,Secondary / secondary special,Civil marriage,House / apartment,-22959,-471,1,1,0,0,Laborers,2.0
5013630,F,N,Y,0,218000.0,Pensioner,Higher education,Married,House / apartment,-14200,365243,1,0,0,0,,2.0
5013631,M,N,Y,0,257900.0,Commercial associate,Secondary / secondary special,Married,Co-op apartment,-16269,-7658,1,0,1,0,Core staff,2.0
5013632,M,N,Y,2,114800.0,Working,Higher education,Married,House / apartment,-14676,-6660,1,0,1,1,Core staff,4.0
5013633,F,N,N,0,198400.0,Commercial associate,Secondary / secondary special,Married,House / apartment,-24610,-17923,1,0,0,0,,2.0
5013634,F,N,Y,1,315100.0,Working,Secondary / secondary special,Married,House / apartment,-16826,-8257,1,0,1,0,High skill tech staff,3.0
5013635,F,N,Y,0,291500.0,Working,Secondary / secondary special,Civil marriage,House / apartment,-8777,-481,1,0,1,1,Accountants,2.0
5013636,F,Y,N,0,189400.0,Pensioner,Higher education,Married,House / apartment,-12310,365243,1,0,0,0,,2.0
5013637,M,N,Y,2,212900.0,Working,Secondary / secondary special,Married,House / apartment,-15743,-1767,1,0,0,0,Medicine staff,4.0
5013638,F,Y,N,0,195200.0,Pensioner,Incomplete higher,Married,Rented apartment,-24719,365243,1,0,1,0,,2.0
5013639,M,Y,Y,0,212400.0,State servant,Higher education,Married,House / apartment,-17695,-4048,1,0,0,0,Laborers,2.0
5013640,F,N,Y,0,301700.0,Commercial associate,Higher education,Married,House / apartment,-20017,-6753,1,0,1,0,High skill tech staff,2.0
5013641,F,Y,N,0,91300.0,Working,Higher education,Single / not married,House / apartment,-8922,-1012,1,1,0,0,Managers,1.0
5013642,M,N,Y,0,235200.0,Working,Secondary / secondary special,Married,House / apartment,-23327,-6012,1,0,0,1,Core staff,2.0
5013643,M,N,Y,1,290800.0,Working,Secondary / secondary special,Married,House / apartment,-17149,-3227,1,1,0,0,Sales staff,3.0
5013644,F,N,Y,3,183500.0,Commercial associate,Secondary / secondary special,Married,House / apartment,-24129,-5506,1,0,1,0,Core staff,5.0
5013645,F,N,Y,0,192100.0,Pensioner,Secondary / secondary special,Widow,House / apartment,-15441,365243,1,0,0,0,,1.0
5013646,F,Y,Y,1,194900.0,Commercial associate,Higher education,Married,House / apartment,-19780,-10416,1,0,0,0,Security staff,3.0
5013647,M,N,Y,1,192100.0,Pensioner,Secondary / secondary special,Married,House / apartment,-15904,365243,1,0,0,0,,3.0
5013648,M,Y,N,1,244900.0,Pensioner,Secondary / secondary special,Married,Municipal apartment,-9908,365243,1,0,1,0,,3.0
5013649,F,N,N,0,260400.0,Pensioner,Higher education,Married,House / apartment,-12273,365243,1,0,0,1,,2.0
5013650,F,N,Y,0,85400.0,Working,Secondary / secondary special,Single / not married,House / apartment,-8533,-937,1,0,1,0,Sales staff,1.0
5013651,M,Y,N,0,338400.0,Pensioner,Secondary / secondary special,Married,House / apartment,-15345,365243,1,0,0,0,,2.0
5013652,F,N,Y,0,211200.0,Commercial associate,Secondary / secondary special,Single / not married,House / apartment,-19164,-2191,1,1,0,0,IT staff,1.0
5013653,M,N,Y,0,641700.0,Working,Higher education,Married,House / apartment,-11756,-2402,1,0,0,0,,2.0
5013654,F,N,N,0,134500.0,State servant,Secondary / secondary special,Married,Municipal apartment,-16261,-3434,1,1,0,0,Sales staff,2.0
5013655,F,N,N,0,158200.0,State servant,Higher education,Married,Municipal apartment,-15687,-2743,1,0,0,0,Laborers,2.0
5013656,F,Y,N,0,220600.0,Commercial associate,Secondary / secondary special,Civil marriage,House / apartment,-17047,-4226,1,0,1,0,Laborers,2.0
5013657,M,N,Y,0,300200.0,Pensioner,Higher education,Married,House / apartment,-10676,365243,1,0,0,0,,2.0
5013658,F,N,Y,0,92000.0,Working,Secondary / secondary special,Married,With parents,-17057,-256,1,0,1,0,Core staff,2.0
5013659,M,N,N,1,161300.0,Working,Secondary / secondary special,Single / not married,House / apartment,-13956,-6553,1,0,1,0,Managers,2.0
5013660,M,Y,Y,0,328100.0,Working,Secondary / secondary special,Married,House / apartment,-12529,-3876,1,0,0,0,,2.0
5013661,F,N,Y,1,152000.0,Working,Secondary / secondary special,Married,House / apartment,-18006,-3871,1,0,0,0,,3.0
5013662,F,Y,Y,2,484300.0,Working,Secondary / secondary special,Widow,Office apartment,-10009,-754,1,0,0,0,Drivers,3.0
5013663,F,Y,N,1,194600.0,Working,Secondary / secondary special,Married,House / apartment,-23753,-13137,1,0,0,0,Core staff,3.0
5013664,F,N,Y,1,155700.0,Commercial associate,Secondary / secondary special,Separated,House / apartment,-24378,-13987,1,1,0,0,Core staff,2.0
5013665,F,N,Y,2,331200.0,Working,Higher education,Married,House / apartment,-19369,-10296,1,0,0,0,Managers,4.0
5013666,M,N,Y,0,545400.0,Working,Secondary / secondary special,Married,House / apartment,-12841,-760,1,1,0,0,Core staff,2.0
5013667,M,N,Y,3,300600.0,Working,Incomplete higher,Married,House / apartment,-18737,-11498,1,0,0,0,High skill tech staff,5.0
5013668,M,N,N,1,458500.0,Working,Higher education,Married,House / apartment,-18290,-6038,1,0,0,0,Core staff,3.0
5013669,F,Y,Y,1,564500.0,Working,Secondary / secondary special,Married,House / apartment,-14450,-3603,1,0,1,0,,3.0
5013670,F,N,Y,0,154000.0,Working,Secondary / secondary special,Married,House / apartment,-12551,-2525,1,0,0,0,High skill tech staff,2.0
5013671,M,Y,Y,0,390300.0,Working,Secondary / secondary special,Widow,House / apartment,-10381,-2836,1,0,0,0,Laborers,1.0
5013672,F,N,Y,0,114000.0,Working,Higher education,Single / not married,House / apartment,-11275,-2687,1,0,0,0,Sales staff,1.0
5013673,F,Y,Y,0,301900.0,Working,Higher education,Married,House / apartment,-19231,-4845,1,0,0,0,Laborers,2.0
5013674,F,Y,Y,1,235600.0,Pensioner,Secondary / secondary special,Married,House / apartment,-23484,365243,1,0,0,0,,3.0
5013675,M,N,Y,0,454500.0,Working,Secondary / secondary special,Married,House / apartment,-14335,-5516,1,0,0,0,Core staff,2.0
5013676,M,Y,Y,0,438700.0,Commercial associate,Secondary / secondary special,Married,House / apartment,-9531,-986,1,1,0,0,Sales staff,2.0
5013677,M,Y,N,0,324600.0,Working,Higher education,Civil marriage,House / apartment,-7539,-954,1,0,0,0,,2.0
5013678,M,N,N,0,283400.0,Working,Higher education,Married,House / apartment,-14718,-7243,1,0,0,0,Core staff,2.0
5013679,F,Y,Y,0,314800.0,Working,Higher education,Married,House / apartment,-11552,-2230,1,0,0,0,Core staff,2.0
5013680,F,Y,Y,0,251800.0,State servant,Secondary / secondary special,Married,House / apartment,-13196,-6028,1,0,0,0,,2.0
5013681,F,Y,N,0,236800.0,Working,Secondary / secondary special,Married,House / apartment,-11718,-1843,1,1,0,0,Medicine staff,2.0
5013682,F,N,Y,0,502200.0,Commercial associate,Incomplete higher,Married,House / apartment,-19434,-6312,1,0,0,0,,2.0
5013683,F,N,Y,0,533300.0,Commercial associate,Higher education,Married,House / apartment,-18966,-11923,1,0,0,0,Laborers,2.0
5013684,M,N,N,2,227400.0,Working,Secondary / secondary special,Married,House / apartment,-23966,-10615,1,1,1,0,Secretaries,4.0
5013685,F,N,Y,1,274900.0,State servant,Secondary / secondary special,Married,House / apartment,-20084,-6097,1,0,0,0,Core staff,3.0
5013686,F,Y,Y,1,254300.0,Working,Secondary / secondary special,Married,Municipal apartment,-10317,-962,1,1,0,0,Sales staff,3.0
5013687,M,N,Y,0,109100.0,Working,Higher education,Single / not married,House / apartment,-21031,-10837,1,0,0,0,Laborers,1.0
5013688,M,Y,Y,0,206300.0,Working,Secondary / secondary special,Married,House / apartment,-10615,-3209,1,0,0,0,Managers,2.0
5013689,F,N,N,0,543200.0,Working,Secondary / secondary special,Married,House / apartment,-17506,-1407,1,0,0,1,,2.0
5013690,M,N,Y,3,167800.0,Working,Secondary / secondary special,Married,House / apartment,-8713,-403,1,0,0,0,,5.0
5013691,F,N,Y,1,702700.0,Commercial associate,Secondary / secondary special,Married,House / apartment,-8169,-1127,1,0,0,0,Sales staff,3.0
5013692,M,Y,N,0,438700.0,Working,Secondary / secondary special,Civil marriage,House / apartment,-15783,-1570,1,1,0,1,,2.0
5013693,F,Y,N,1,298400.0,Commercial associate,Secondary / secondary special,Single / not married,House / apartment,-9222,-879,1,0,0,0,,2.0
5013694,M,N,Y,0,323200.0,Working,Higher education,Separated,House / apartment,-12905,-5437,1,0,0,0,,1.0
5013695,M,Y,Y,0,154300.0,State servant,Secondary / secondary special,Widow,House / apartment,-13493,-1455,1,0,1,0,Laborers,1.0
5013696,F,N,Y,0,213800.0,Working,Secondary / secondary special,Single / not married,House / apartment,-21357,-10950,1,1,0,0,Sales staff,1.0
5013697,M,N,N,0,501900.0,Commercial associate,Secondary / secondary special,Married,House / apartment,-13381,-3949,1,1,0,0,Security staff,2.0
5013698,F,N,Y,0,179500.0,Commercial associate,Secondary / secondary special,Married,House / apartment,-16332,-5464,1,0,0,0,Drivers,2.0
5013699,M,Y,Y,1,415000.0,Working,Secondary / secondary special,Married,House / apartment,-21414,-12627,1,1,0,1,Secretaries,3.0
5013700,M,N,Y,0,122600.0,Working,Secondary / secondary special,Widow,House / apartment,-11047,-2483,1,1,0,0,,1.0
5013701,M,N,Y,0,134100.0,Working,Secondary / secondary special,Married,House / apartment,-22004,-4918,1,0,1,1,Secretaries,2.0
5013702,M,N,Y,2,631700.0,Working,Higher education,Married,House / apartment,-22496,-9543,1,0,1,0,Private service staff,4.0
5013703,F,Y,Y,0,242700.0,Working,Higher education,Separated,House / apartment,-25364,-14303,1,0,0,0,Core staff,1.0
5013704,M,Y,Y,0,186500.0,Commercial associate,Secondary / secondary special,Married,House / apartment,-15414,-6330,1,0,0,0,,2.0
5013705,F,Y,Y,0,482500.0,Working,Higher education,Single / not married,House / apartment,-14074,-5652,1,0,1,0,,1.0
5013706,M,Y,Y,0,455100.0,Commercial associate,Higher education,Single / not married,House / apartment,-20125,-4530,1,1,1,0,,1.0
5013707,M,N,Y,0,386900.0,Working,Higher education,Civil marriage,House / apartment,-8367,365243,1,0,0,0,,2.0
5013708,F,N,N,0,183600.0,Pensioner,Secondary / secondary special,Civil marriage,House / apartment,-8031,365243,1,1,1,0,,2.0
5013709,M,Y,N,0,211500.0,Working,Higher education,Civil marriage,House / apartment,-13423,-1410,1,1,0,0,Security staff,2.0
5013710,F,N,Y,0,285300.0,Working,Secondary / secondary special,Married,House / apartment,-20628,-4076,1,1,0,0,Sales staff,2.0
5013711,M,Y,Y,1,345500.0,Working,Higher education,Married,With parents,-9432,-1518,1,0,1,0,,3.0
5013712,F,Y,Y,1,189300.0,Working,Secondary / secondary special,Married,House / apartment,-18912,-5568,1,0,0,0,Sales staff,3.0
5013713,F,Y,Y,1,265900.0,Commercial associate,Secondary / secondary special,Civil marriage,House / apartment,-12227,-1009,1,1,1,0,Sales staff,3.0
5013714,F,Y,Y,0,279100.0,Commercial associate,Secondary / secondary special,Married,House / apartment,-19206,-4180,1,0,0,0,High skill tech staff,2.0
5013715,F,N,Y,0,464600.0,Commercial associate,Higher education,Married,House / apartment,-15651,-277,1,0,1,0,,2.0
5013716,F,Y,N,1,356000.0,Commercial associate,Higher education,Married,House / apartment,-9408,-194,1,0,0,0,,3.0
5013717,M,N,Y,0,114900.0,State servant,Secondary / secondary special,Married,House / apartment,-11821,-2189,1,0,1,0,,2.0
5013718,M,N,Y,0,219400.0,Working,Secondary / secondary special,Married,House / apartment,-11318,-3283,1,0,0,0,Laborers,2.0
5013719,F,N,Y,1,153400.0,Working,Higher education,Single / not married,House / apartment,-10311,-89,1,0,0,0,Laborers,2.0
5013720,M,Y,N,0,324300.0,Working,Secondary / secondary special,Married,House / apartment,-15858,-6517,1,1,1,0,Laborers,2.0
5013721,F,Y,Y,0,387300.0,Working,Secondary / secondary special,Married,House / apartment,-24740,-12619,1,0,0,0,Private service staff,2.0
5013722,F,Y,N,1,256800.0,Commercial associate,Higher education,Married,Municipal apartment,-19323,-7407,1,0,1,0,Sales staff,3.0
5013723,M,N,Y,2,213500.0,Working,Higher education,Married,Rented apartment,-22572,-14739,1,0,0,0,Laborers,4.0
5013724,F,Y,N,0,252700.0,Working,Secondary / secondary special,Married,House / apartment,-25222,-7714,1,0,0,0,,2.0
5013725,F,N,N,0,271000.0,Working,Secondary / secondary special,Married,House / apartment,-17178,-3795,1,0,0,0,High skill tech staff,2.0
5013726,F,N,N,0,177300.0,Pensioner,Higher education,Separated,House / apartment,-11653,365243,1,0,0,0,,1.0
5013727,F,N,Y,1,132700.0,Student,Higher education,Civil marriage,House / apartment,-24249,-8348,1,0,0,0,,3.0
5013728,M,N,Y,0,87600.0,Working,Secondary / secondary special,Civil marriage,House / apartment,-20070,-975,1,0,1,0,Sales staff,2.0
5013729,M,Y,Y,0,460000.0,Pensioner,Secondary / secondary special,Married,House / apartment,-24818,365243,1,1,1,0,,2.0
5013730,F,N,N,2,312900.0,Pensioner,Secondary / secondary special,Civil marriage,House / apartment,-19194,365243,1,0,0,0,,4.0
5013731,M,N,Y,0,292600.0,State servant,Higher education,Single / not married,House / apartment,-21461,-2913,1,0,0,0,Managers,1.0
5013732,F,N,Y,2,459600.0,Working,Secondary / secondary special,Separated,House / apartment,-23570,-6578,1,0,1,0,,3.0
5013733,F,N,Y,2,130300.0,Commercial associate,Secondary / secondary special,Married,House / apartment,-21171,-12705,1,0,1,0,Core staff,4.0
5013734,F,N,Y,0,102500.0,Working,Secondary / secondary special,Married,House / apartment,-17580,-4256,1,1,1,0,Laborers,2.0
5013735,M,Y,Y,1,295800.0,Commercial associate,Secondary / secondary special,Married,Rented apartment,-15923,-5202,1,0,1,0,Managers,3.0
5013736,F,Y,Y,0,282700.0,Commercial associate,Secondary / secondary special,Separated,House / apartment,-22342,-649,1,0,1,0,Drivers,1.0
5013737,F,Y,Y,1,102700.0,Commercial associate,Secondary / secondary special,Married,House / apartment,-21403,-5851,1,0,1,0,Medicine staff,3.0
5013738,F,Y,Y,1,292200.0,Working,Secondary / secondary special,Married,Rented apartment,-13997,-7315,1,0,1,0,Laborers,3.0
5013739,F,Y,N,0,199900.0,Pensioner,Secondary / secondary special,Married,House / apartment,-16406,365243,1,0,1,0,,2.0
5013740,F,N,N,1,163100.0,Working,Secondary / secondary special,Civil marriage,House / apartment,-18902,-3317,1,0,0,0,,3.0
5013741,F,N,N,1,206600.0,Working,Higher education,Separated,House / apartment,-7823,-518,1,0,1,0,,2.0
5013742,F,N,Y,0,72000.0,Commercial associate,Secondary / secondary special,Single / not married,House / apartment,-11826,-254,1,0,1,0,,1.0
5013743,F,N,N,0,181600.0,Pensioner,Higher education,Single / not married,House / apartment,-11875,365243,1,0,0,0,,1.0
5013744,M,N,Y,0,171700.0,State servant,Secondary / secondary special,Married,House / apartment,-23435,-2309,1,0,0,0,Laborers,2.0
5013745,F,Y,Y,0,322600.0,Commercial associate,Secondary / secondary special,Married,House / apartment,-13359,-1064,1,0,0,0,,2.0
5013746,F,Y,Y,2,225600.0,Working,Secondary / secondary special,Civil marriage,House / apartment,-17261,-8729,1,0,0,0,Laborers,4.0
5013747,F,N,Y,1,336000.0,Working,Higher education,Single / not married,House / apartment,-22492,-2265,1,0,1,0,,2.0
5013748,F,Y,Y,0,68200.0,Working,Secondary / secondary special,Married,House / apartment,-12048,-5373,1,0,0,0,Cooking staff,2.0
5013749,F,Y,N,0,160500.0,Working,Secondary / secondary special,Married,House / apartment,-9565,365243,1,0,1,0,,2.0
5013750,F,Y,Y,0,322400.0,Working,Secondary / secondary special,Married,Municipal apartment,-24624,-12082,1,1,1,0,,2.0
5013751,F,Y,Y,0,209200.0,Working,Secondary / secondary special,Married,House / apartment,-20174,-10148,1,1,1,0,,2.0
5013752,F,N,Y,0,372600.0,Working,Secondary / secondary special,Married,House / apartment,-10538,-1831,1,1,0,0,Laborers,2.0
5013753,F,N,Y,0,99000.0,Pensioner,Higher education,Married,House / apartment,-22275,365243,1,0,0,0,,2.0
5013754,F,N,Y,0,351900.0,Commercial associate,Secondary / secondary special,Separated,House / apartment,-21680,-9363,1,1,0,0,Laborers,1.0
5013755,M,N,Y,2,177400.0,Pensioner,Secondary / secondary special,Single / not married,House / apartment,-22601,365243,1,0,0,1,,3.0
5013756,F,Y,N,0,169000.0,Working,Incomplete higher,Married,House / apartment,-12349,-280,1,0,0,0,Drivers,2.0
5013757,F,Y,Y,0,400700.0,Working,Secondary / secondary special,Married,House / apartment,-15497,-8377,1,1,0,0,,2.0
5013758,F,Y,Y,0,436400.0,Working,Secondary / secondary special,Civil marriage,House / apartment,-19973,-54,1,1,0,0,Managers,2.0
5013759,F,Y,N,4,409600.0,Working,Secondary / secondary special,Married,House / apartment,-14440,-138,1,1,0,0,Drivers,6.0
5013760,F,N,N,1,676600.0,Commercial associate,Secondary / secondary special,Married,House / apartment,-8583,-1377,1,1,0,0,Drivers,3.0
5013761,F,N,N,1,459900.0,Working,Secondary / secondary special,Married,House / apartment,-9797,-2591,1,0,1,0,,3.0
5013762,M,N,Y,0,164000.0,Pensioner,Secondary / secondary special,Married,Municipal apartment,-18210,365243,1,1,0,0,,2.0
5013763,F,Y,Y,0,262000.0,Pensioner,Higher education,Married,House / apartment,-14157,365243,1,0,0,0,,2.0
5013764,F,N,Y,0,203900.0,Working,Secondary / secondary special,Married,House / apartment,-7403,-303,1,1,1,0,,2.0
5013765,M,N,N,0,673300.0,Working,Higher education,Married,House / apartment,-21310,-10722,1,0,0,0,Laborers,2.0
5013766,M,N,N,0,424200.0,State servant,Secondary / secondary special,Married,House / apartment,-14915,-7962,1,0,1,0,Security staff,2.0
5013767,F,N,Y,2,222100.0,Commercial associate,Secondary / secondary special,Married,House / apartment,-13035,-5799,1,0,0,0,,4.0
5013768,F,N,Y,0,378700.0,Commercial associate,Secondary / secondary special,Widow,House / apartment,-20336,-2861,1,0,0,0,Sales staff,1.0
5013769,M,N,N,0,131800.0,Commercial associate,Secondary / secondary special,Civil marriage,House / apartment,-15616,-3598,1,0,0,0,Drivers,2.0
5013770,F,N,Y,1,276700.0,Working,Secondary / secondary special,Married,House / apartment,-19994,-9219,1,0,0,0,Sales staff,3.0
5013771,F,Y,Y,0,152700.0,Working,Secondary / secondary special,Married,House / apartment,-7546,-26,1,0,0,0,Laborers,2.0
5013772,F,N,Y,0,104900.0,Working,Higher education,Married,House / apartment,-7477,-774,1,0,1,0,,2.0
5013773,F,Y,Y,0,361400.0,Working,Higher education,Married,House / apartment,-17530,-7561,1,0,0,0,,2.0
5013774,F,Y,N,0,384500.0,Working,Secondary / secondary special,Widow,House / apartment,-25243,-2254,1,1,0,0,Laborers,1.0
5013775,F,N,Y,1,306800.0,Working,Higher education,Married,House / apartment,-12279,-4133,1,0,1,0,Laborers,3.0
5013776,F,N,Y,0,222800.0,Pensioner,Higher education,Separated,House / apartment,-19776,365243,1,1,1,0,,1.0
5013777,F,Y,Y,1,129600.0,Commercial associate,Secondary / secondary special,Widow,House / apartment,-10451,-1325,1,1,0,0,Laborers,2.0
5013778,M,N,Y,1,136600.0,Working,Secondary / secondary special,Married,House / apartment,-12995,-3687,1,0,1,0,Laborers,3.0
5013779,F,Y,Y,1,150400.0,Working,Lower secondary,Married,House / apartment,-8731,-667,1,0,1,1,Cleaning staff,3.0
5013780,M,N,Y,0,217200.0,Commercial associate,Secondary / secondary special,Married,House / apartment,-23390,-4822,1,0,0,0,,2.0
5013781,M,N,Y,0,418100.0,Working,Incomplete higher,Married,House / apartment,-12974,-6340,1,1,0,0,Sales staff,2.0
5013782,M,N,Y,0,414800.0,Commercial associate,Secondary / secondary special,Single / not married,House / apartment,-11514,-931,1,1,1,0,Managers,1.0
5013783,M,N,N,0,107100.0,Pensioner,Secondary / secondary special,Married,House / apartment,-20648,365243,1,0,0,0,,2.0
5013784,F,Y,Y,1,172600.0,Commercial associate,Secondary / secondary special,Married,House / apartment,-10947,-3508,1,0,1,1,Laborers,3.0
5013785,M,N,Y,0,170300.0,Working,Incomplete higher,Separated,House / apartment,-11693,-367,1,1,0,0,Sales staff,1.0
5013786,F,Y,N,1,68800.0,Pensioner,Secondary / secondary special,Widow,Municipal apartment,-9197,365243,1,0,1,0,,2.0
5013787,F,N,Y,0,324000.0,Working,Secondary / secondary special,Married,House / apartment,-24889,-8218,1,0,0,0,Cleaning staff,2.0
5013788,F,N,N,0,215900.0,Working,Secondary / secondary special,Civil marriage,With parents,-11827,-200,1,1,0,0,High skill tech staff,2.0
5013789,M,N,Y,1,230700.0,Working,Secondary / secondary special,Married,House / apartment,-25488,-13303,1,1,1,0,Managers,3.0
5013790,F,Y,N,0,478500.0,Pensioner,Secondary / secondary special,Civil marriage,House / apartment,-10522,365243,1,0,1,0,,2.0
5013791,F,Y,N,1,255200.0,Working,Secondary / secondary special,Married,House / apartment,-7682,-99,1,0,0,0,Core staff,3.0
5013792,F,Y,Y,0,196800.0,Pensioner,Secondary / secondary special,Separated,House / apartment,-23663,365243,1,1,1,0,,1.0
5013793,F,N,N,2,325000.0,Working,Secondary / secondary special,Single / not married,House / apartment,-17898,-2885,1,0,0,0,,3.0
5013794,F,N,N,0,414500.0,Working,Secondary / secondary special,Married,House / apartment,-13723,-6598,1,1,0,0,Security staff,2.0
5013795,F,Y,Y,1,283100.0,Commercial associate,Secondary / secondary special,Married,House / apartment,-16680,-4163,1,1,0,0,,3.0
5013796,M,N,Y,0,344600.0,Working,Secondary / secondary special,Married,House / apartment,-12067,-4434,1,0,1,0,Laborers,2.0
5013797,F,N,Y,0,227000.0,Working,Secondary / secondary special,Married,House / apartment,-18897,-7666,1,0,1,1,Managers,2.0
5013798,M,Y,N,2,234300.0,Working,Higher education,Civil marriage,House / apartment,-18563,-2984,1,0,0,0,Core staff,4.0
5013799,F,N,Y,1,258300.0,Working,Secondary / secondary special,Single / not married,House / apartment,-8770,-1858,1,0,0,0,,2.0
5013800,M,N,Y,0,167500.0,Working,Secondary / secondary special,Civil marriage,With parents,-23936,-7331,1,0,0,0,Managers,2.0
5013801,M,N,Y,0,183800.0,Commercial associate,Secondary / secondary special,Single / not married,House / apartment,-15715,-8070,1,0,1,0,,1.0
5013802,F,Y,Y,0,486200.0,Commercial associate,Secondary / secondary special,Widow,House / apartment,-10869,-4288,1,0,0,0,,1.0
5013803,F,Y,Y,0,666300.0,State servant,Secondary / secondary special,Single / not married,House / apartment,-12919,-1547,1,0,0,1,,1.0
