ID,CODE_GENDER,FLAG_OWN_CAR,FLAG_OWN_REALTY,CNT_CHILDREN,AMT_INCOME_TOTAL,NAME_INCOME_TYPE,NAME_EDUCATION_TYPE,NAME_FAMILY_STATUS,NAME_HOUSING_TYPE,DAYS_BIRTH,DAYS_EMPLOYED,FLAG_MOBIL,FLAG_WORK_PHONE,FLAG_PHONE,FLAG_EMAIL,OCCUPATION_TYPE,CNT_FAM_MEMBERS,STATUS_TARGET,AGE_YEARS,FLAG_UNEMPLOYED,YEARS_EMPLOYED,INCOME_PER_MEMBER,EMPLOYED_TO_AGE_RATIO,INCOME_GROUP,AGE_GROUP,EXPERIENCE_BUCKET,FINANCIAL_STABILITY_SCORE
5008804,F,Y,Y,0,163300.0,Working,Higher education,Married,House / apartment,-16261,-3712,1,0,0,0,Managers,2.0,0,44.52,0,10.16,81650.0,0.22821203953279423,medium,adult,senior,3.0
5008805,F,N,Y,1,327200.0,Commercial associate,Secondary / secondary special,Single / not married,House / apartment,-24771,-17245,1,0,0,0,Core staff,2.0,0,67.82,0,47.21,163600.0,0.6961073429666765,high,senior,senior,2.0
5008806,F,N,Y,0,469100.0,State servant,Secondary / secondary special,Single / not married,House / apartment,-22263,-10601,1,1,0,0,Laborers,1.0,0,60.95,0,29.02,469100.0,0.47612797374897453,high,senior,senior,2.0
5008807,F,Y,Y,0,132200.0,Working,Higher education,Married,Co-op apartment,-17582,-7356,1,0,1,0,,2.0,0,48.14,0,20.14,66100.0,0.4183631076028251,medium,adult,senior,2.0
5008808,M,N,Y,0,574700.0,Working,Secondary / secondary special,Married,House / apartment,-9916,-3044,1,1,0,0,Laborers,2.0,0,27.15,0,8.33,287350.0,0.30681399631675876,high,youth,mid,2.0
5008809,M,Y,N,0,228900.0,Working,Secondary / secondary special,Single / not married,House / apartment,-20341,-3932,1,1,1,0,Laborers,1.0,0,55.69,0,10.77,228900.0,0.19339199138085833,medium,senior,senior,2.0
5008810,M,N,Y,0,149900.0,Working,Higher education,Married,House / apartment,-22152,-5934,1,1,0,0,Sales staff,2.0,0,60.65,0,16.25,74950.0,0.2679307502061006,medium,senior,senior,1.0
5008811,F,N,Y,0,356600.0,Working,Secondary / secondary special,Married,House / apartment,-24382,-15050,1,0,0,0,Managers,2.0,0,66.75,0,41.2,178300.0,0.6172284644194757,high,senior,senior,2.0
5008812,F,Y,N,0,195300.0,Working,Higher education,Married,House / apartment,-18484,-7972,1,0,0,0,,2.0,0,50.61,0,21.83,97650.0,0.43133768030033587,medium,adult,senior,2.0
5008813,F,N,N,0,234400.0,Working,Secondary / secondary special,Married,Municipal apartment,-16700,-3459,1,0,1,0,Core staff,2.0,0,45.72,0,9.47,117200.0,0.2071303587051619,medium,adult,mid,1.0
5008814,M,Y,N,0,199500.0,Commercial associate,Secondary / secondary special,Single / not married,House / apartment,-18613,-1641,1,1,1,0,,1.0,0,50.96,0,4.49,199500.0,0.0881083202511774,medium,adult,mid,2.0
5008815,F,N,N,0,162300.0,Working,Higher education,Married,House / apartment,-24531,-6337,1,0,1,0,,2.0,0,67.16,0,17.35,81150.0,0.25833829660512214,medium,senior,senior,1.0
5008816,F,N,N,3,350600.0,Working,Secondary / secondary special,Married,House / apartment,-18776,-3482,1,0,0,1,Laborers,5.0,0,51.41,0,9.53,70120.0,0.18537249562341956,high,adult,mid,1.0
5008817,M,N,Y,0,211600.0,Pensioner,Incomplete higher,Civil marriage,House / apartment,-12009,365243,1,1,0,0,,2.0,0,32.88,1,0.0,105800.0,0.0,medium,youth,entry,2.0
5008818,M,Y,Y,1,119000.0,Pensioner,Incomplete higher,Married,House / apartment,-18923,365243,1,0,0,0,,3.0,1,51.81,1,0.0,39666.666666666664,0.0,medium,adult,entry,2.0
5008819,M,Y,Y,1,321600.0,Working,Secondary / secondary special,Married,House / apartment,-23371,-11794,1,0,1,0,,3.0,0,63.99,0,32.29,107200.0,0.5046100953273949,high,senior,senior,3.0
5008820,M,Y,Y,0,133600.0,Working,Secondary / secondary special,Married,House / apartment,-17660,-7290,1,0,0,0,,2.0,0,48.35,0,19.96,66800.0,0.41282316442606,medium,adult,senior,2.0
5008821,F,Y,Y,1,137200.0,Pensioner,Secondary / secondary special,Married,House / apartment,-16486,365243,1,1,1,0,,3.0,1,45.14,1,0.0,45733.333333333336,0.0,medium,adult,entry,2.0
5008822,F,N,Y,0,443200.0,Working,Secondary / secondary special,Married,House / apartment,-20698,-7388,1,0,0,0,Laborers,2.0,0,56.67,0,20.23,221600.0,0.35697900123522147,high,senior,senior,2.0
5008823,M,N,Y,0,134200.0,Working,Higher education,Married,House / apartment,-19376,-6872,1,1,1,0,,2.0,0,53.05,0,18.81,67100.0,0.35457115928369465,medium,adult,senior,1.0
5008824,F,N,Y,0,76700.0,Working,Secondary / secondary special,Widow,House / apartment,-8340,-1718,1,0,1,0,Managers,1.0,0,22.83,0,4.7,76700.0,0.2058694699956198,low,youth,mid,1.0
5008825,M,N,Y,1,333300.0,Working,Secondary / secondary special,Civil marriage,House / apartment,-20551,-10718,1,1,1,0,,3.0,0,56.27,0,29.34,111100.0,0.5214146081393282,high,senior,senior,2.0
5008826,M,N,N,0,209700.0,Working,Secondary / secondary special,Married,House / apartment,-14748,-796,1,0,1,0,Drivers,2.0,0,40.38,0,2.18,104850.0,0.05398712233779099,medium,adult,entry,1.0
5008827,F,N,Y,1,219000.0,Working,Secondary / secondary special,Civil marriage,House / apartment,-24488,-2647,1,0,0,0,Laborers,3.0,0,67.04,0,7.25,73000.0,0.10814439140811455,medium,senior,mid,2.0
5008828,F,N,N,0,208600.0,Commercial associate,Higher education,Married,House / apartment,-25034,-13062,1,1,0,0,Drivers,2.0,0,68.54,0,35.76,104300.0,0.5217391304347825,medium,senior,senior,1.0
5008829,F,N,Y,1,274100.0,Pensioner,Secondary / secondary special,Married,House / apartment,-15500,365243,1,0,1,0,,3.0,0,42.44,1,0.0,91366.66666666667,0.0,high,adult,entry,2.0
5008830,M,Y,N,0,167600.0,State servant,Secondary / secondary special,Married,Office apartment,-24998,-5791,1,0,0,0,,2.0,1,68.44,0,15.85,83800.0,0.2315897136177674,medium,senior,senior,2.0
5008831,F,Y,N,0,510700.0,Working,Secondary / secondary special,Married,House / apartment,-12981,-6018,1,0,1,0,,2.0,0,35.54,0,16.48,255350.0,0.4637028700056275,high,adult,senior,2.0
5008832,F,N,Y,0,116700.0,Working,Higher education,Married,House / apartment,-19772,-8944,1,0,0,0,Core staff,2.0,0,54.13,0,24.49,58350.0,0.4524293367818215,medium,adult,senior,1.0
5008833,M,Y,Y,0,304900.0,Commercial associate,Higher education,Married,House / apartment,-8676,-2040,1,0,0,0,Sales staff,2.0,0,23.75,0,5.59,152450.0,0.23536842105263156,high,youth,mid,3.0
5008834,F,Y,Y,0,336600.0,Commercial associate,Higher education,Civil marriage,House / apartment,-9953,-2998,1,0,0,0,Sales staff,2.0,0,27.25,0,8.21,168300.0,0.3012844036697248,high,youth,mid,3.0
5008835,M,N,N,2,167000.0,Working,Secondary / secondary special,Married,House / apartment,-23093,-11887,1,0,1,0,Laborers,4.0,0,63.23,0,32.54,41750.0,0.5146291317412621,medium,senior,senior,1.0
5008836,M,N,N,0,146300.0,Working,Secondary / secondary special,Married,House / apartment,-23628,-7808,1,0,0,0,Sales staff,2.0,0,64.69,0,21.38,73150.0,0.33049930437471015,medium,senior,senior,0.0
5008837,F,N,N,2,406000.0,Working,Incomplete higher,Married,With parents,-17032,-7766,1,0,0,0,Core staff,4.0,0,46.63,0,21.26,101500.0,0.4559296590177997,high,adult,senior,1.0
5008838,F,Y,Y,0,148800.0,Working,Incomplete higher,Married,House / apartment,-13510,-242,1,1,0,0,Accountants,2.0,0,36.99,0,0.66,74400.0,0.017842660178426603,medium,adult,entry,2.0
5008839,F,Y,Y,1,180300.0,Working,Secondary / secondary special,Married,House / apartment,-15542,-7538,1,0,0,0,Core staff,3.0,1,42.55,0,20.64,60100.0,0.4850763807285547,medium,adult,senior,3.0
5008840,M,N,N,0,380500.0,State servant,Secondary / secondary special,Married,House / apartment,-23187,-13873,1,0,0,0,Managers,2.0,0,63.48,0,37.98,190250.0,0.5982986767485822,high,senior,senior,1.0
5008841,M,N,Y,0,248400.0,Working,Higher education,Married,House / apartment,-11158,-1953,1,0,0,0,Private service staff,2.0,0,30.55,0,5.35,124200.0,0.17512274959083468,medium,youth,mid,2.0
5008842,F,N,Y,1,99400.0,State servant,Secondary / secondary special,Married,House / apartment,-12690,-4082,1,0,0,0,,3.0,1,34.74,0,11.18,33133.333333333336,0.3218192285549798,low,youth,senior,1.0
5008843,F,N,Y,0,584800.0,Pensioner,Secondary / secondary special,Married,House / apartment,-21649,365243,1,1,0,0,,2.0,0,59.27,1,0.0,292400.0,0.0,high,senior,entry,2.0
5008844,M,N,N,0,187300.0,Working,Secondary / secondary special,Widow,House / apartment,-24385,-12337,1,0,0,0,Core staff,1.0,0,66.76,0,33.78,187300.0,0.505991611743559,medium,senior,senior,1.0
5008845,F,N,Y,0,199600.0,Commercial associate,Incomplete higher,Married,House / apartment,-9002,-1376,1,0,1,0,Laborers,2.0,0,24.65,0,3.77,99800.0,0.15294117647058825,medium,youth,mid,2.0
5008846,M,Y,Y,0,277400.0,Commercial associate,Secondary / secondary special,Single / not married,House / apartment,-21984,-9298,1,0,1,0,Drivers,1.0,0,60.19,0,25.46,277400.0,0.4229938527994684,high,senior,senior,3.0
5008847,F,N,Y,0,333700.0,Working,Higher education,Single / not married,House / apartment,-19086,-10940,1,0,0,0,,1.0,0,52.25,0,29.95,333700.0,0.5732057416267943,high,adult,senior,2.0
5008848,M,N,N,1,650800.0,Working,Secondary / secondary special,Married,House / apartment,-11519,-3681,1,0,0,0,,3.0,1,31.54,0,10.08,216933.33333333334,0.31959416613823716,high,youth,senior,1.0
5008849,F,N,Y,0,106500.0,Working,Secondary / secondary special,Married,House / apartment,-21108,-9606,1,0,0,0,,2.0,0,57.79,0,26.3,53250.0,0.4550960373767088,medium,senior,senior,1.0
5008850,M,N,Y,0,369000.0,Commercial associate,Secondary / secondary special,Married,House / apartment,-20599,-136,1,0,0,0,,2.0,0,56.4,0,0.37,184500.0,0.006560283687943262,high,senior,entry,2.0
5008851,F,N,Y,0,354000.0,Commercial associate,Incomplete higher,Married,House / apartment,-9899,-99,1,0,1,0,Cleaning staff,2.0,0,27.1,0,0.27,177000.0,0.00996309963099631,high,youth,entry,2.0
5008852,F,Y,N,0,228000.0,Working,Secondary / secondary special,Married,House / apartment,-16477,365243,1,0,1,0,,2.0,0,45.11,1,0.0,114000.0,0.0,medium,adult,entry,2.0
5008853,M,N,N,0,361900.0,Working,Secondary / secondary special,Married,House / apartment,-21153,-10332,1,0,0,0,Core staff,2.0,1,57.91,0,28.29,180950.0,0.48851666378863756,high,senior,senior,1.0
5008854,F,Y,N,1,389500.0,Working,Higher education,Married,House / apartment,-10803,-3964,1,0,0,0,Accountants,3.0,0,29.58,0,10.85,129833.33333333333,0.36680189317106154,high,youth,senior,2.0
5008855,F,N,Y,1,122300.0,Working,Secondary / secondary special,Married,House / apartment,-15756,-1020,1,0,1,0,Laborers,3.0,0,43.14,0,2.79,40766.666666666664,0.06467315716272601,medium,adult,entry,1.0
5008856,F,Y,N,0,585600.0,Commercial associate,Higher education,Married,House / apartment,-9510,-1412,1,0,0,0,,2.0,0,26.04,0,3.87,292800.0,0.14861751152073735,high,youth,mid,2.0
5008857,F,Y,Y,1,112000.0,Pensioner,Secondary / secondary special,Separated,Co-op apartment,-12909,365243,1,0,0,0,,2.0,0,35.34,1,0.0,56000.0,0.0,medium,adult,entry,2.0
5008858,F,N,Y,0,138400.0,Commercial associate,Secondary / secondary special,Married,House / apartment,-11285,-3887,1,0,0,0,Drivers,2.0,0,30.9,0,10.64,69200.0,0.34433656957928804,medium,youth,senior,1.0
5008859,F,N,Y,1,214200.0,Commercial associate,Secondary / secondary special,Married,House / apartment,-16529,-6202,1,0,1,0,Sales staff,3.0,0,45.25,0,16.98,71400.0,0.3752486187845304,medium,adult,senior,2.0
5008860,M,N,Y,0,639200.0,Commercial associate,Lower secondary,Single / not married,House / apartment,-9884,-2850,1,0,0,0,Managers,1.0,0,27.06,0,7.8,639200.0,0.28824833702882485,high,youth,mid,2.0
5008861,M,Y,N,0,209300.0,Commercial associate,Secondary / secondary special,Single / not married,With parents,-14302,-6790,1,0,0,0,Core staff,1.0,0,39.16,0,18.59,209300.0,0.47471910112359555,medium,adult,senior,2.0
5008862,M,N,Y,0,240300.0,Commercial associate,Higher education,Married,House / apartment,-12330,-2485,1,1,0,1,Laborers,2.0,0,33.76,0,6.8,120150.0,0.2014218009478673,medium,youth,mid,2.0
5008863,M,Y,Y,0,499600.0,Working,Secondary / secondary special,Married,House / apartment,-20930,-10908,1,1,0,0,Sales staff,2.0,0,57.3,0,29.86,249800.0,0.5211169284467714,high,senior,senior,3.0
5008864,F,N,Y,0,210100.0,Student,Secondary / secondary special,Married,House / apartment,-20083,-8752,1,0,0,0,Laborers,2.0,0,54.98,0,23.96,105050.0,0.4357948344852674,medium,adult,senior,2.0
5008865,M,N,Y,0,135400.0,Working,Secondary / secondary special,Married,House / apartment,-9039,-287,1,0,0,0,Drivers,2.0,1,24.75,0,0.79,67700.0,0.031919191919191924,medium,youth,entry,1.0
5008866,F,N,Y,0,198200.0,Working,Higher education,Married,House / apartment,-24718,-14912,1,0,0,0,,2.0,0,67.67,0,40.83,99100.0,0.6033692921530959,medium,senior,senior,2.0
5008867,F,Y,Y,0,484500.0,Working,Secondary / secondary special,Married,House / apartment,-20905,-8013,1,1,0,0,,2.0,0,57.23,0,21.94,242250.0,0.3833653678140836,high,senior,senior,3.0
5008868,M,N,Y,0,252900.0,Working,Secondary / secondary special,Married,House / apartment,-18554,-10589,1,1,0,0,Core staff,2.0,0,50.8,0,28.99,126450.0,0.5706692913385827,high,adult,senior,2.0
5008869,F,Y,Y,0,641000.0,Pensioner,Higher education,Separated,House / apartment,-16029,365243,1,0,1,0,,1.0,0,43.89,1,0.0,641000.0,0.0,high,adult,entry,3.0
5008870,M,N,Y,0,353100.0,Working,Secondary / secondary special,Married,House / apartment,-10554,-80,1,0,0,1,Accountants,2.0,0,28.9,0,0.22,176550.0,0.007612456747404845,high,youth,entry,2.0
5008871,F,Y,N,0,176900.0,Pensioner,Secondary / secondary special,Married,House / apartment,-24874,365243,1,0,1,0,,2.0,0,68.1,1,0.0,88450.0,0.0,medium,senior,entry,2.0
5008872,M,N,Y,0,250400.0,Working,Secondary / secondary special,Widow,House / apartment,-7449,-753,1,0,0,0,Managers,1.0,1,20.39,0,2.06,250400.0,0.10102991662579695,high,youth,entry,2.0
5008873,F,Y,N,2,159300.0,Working,Secondary / secondary special,Married,House / apartment,-19951,-166,1,0,0,0,Laborers,4.0,0,54.62,0,0.45,39825.0,0.008238740388136214,medium,adult,entry,2.0
5008874,F,N,N,2,174800.0,Working,Secondary / secondary special,Married,House / apartment,-16572,-4519,1,0,0,1,Cleaning staff,4.0,0,45.37,0,12.37,43700.0,0.272647123649989,medium,adult,senior,1.0
5008875,M,N,N,0,2292200.0,Commercial associate,Higher education,Married,Municipal apartment,-23788,-12190,1,1,0,0,High skill tech staff,2.0,0,65.13,0,33.37,1146100.0,0.5123598955934285,high,senior,senior,1.0
5008876,M,N,Y,0,406300.0,Pensioner,Secondary / secondary special,Widow,House / apartment,-14257,365243,1,0,0,1,,1.0,0,39.03,1,0.0,406300.0,0.0,high,adult,entry,2.0
5008877,F,Y,Y,0,375500.0,Working,Secondary / secondary special,Married,House / apartment,-16777,-5669,1,0,0,0,Laborers,2.0,0,45.93,0,15.52,187750.0,0.3379055083823209,high,adult,senior,3.0
5008878,F,N,N,2,178800.0,Working,Higher education,Married,With parents,-20862,-11591,1,0,0,0,Drivers,4.0,1,57.12,0,31.73,44700.0,0.5554971988795518,medium,senior,senior,1.0
5008879,F,N,Y,0,535100.0,State servant,Secondary / secondary special,Civil marriage,House / apartment,-8174,-1527,1,1,1,0,Sales staff,2.0,0,22.38,0,4.18,267550.0,0.1867739052725648,high,youth,mid,2.0
5008880,F,N,Y,0,423000.0,Working,Higher education,Married,House / apartment,-8300,-292,1,0,1,0,,2.0,0,22.72,0,0.8,211500.0,0.035211267605633804,high,youth,entry,2.0
5008881,M,Y,Y,0,625500.0,Working,Secondary / secondary special,Single / not married,House / apartment,-11171,-938,1,0,0,0,Drivers,1.0,0,30.58,0,2.57,625500.0,0.08404185742315239,high,youth,entry,3.0
5008882,F,N,Y,0,610500.0,Working,Secondary / secondary special,Widow,House / apartment,-9979,-2388,1,0,0,0,Laborers,1.0,0,27.32,0,6.54,610500.0,0.23938506588579794,high,youth,mid,2.0
5008883,M,N,N,0,116500.0,Working,Secondary / secondary special,Married,House / apartment,-7423,-275,1,0,0,0,Security staff,2.0,1,20.32,0,0.75,58250.0,0.036909448818897635,medium,youth,entry,0.0
5008884,F,Y,Y,0,140200.0,Working,Secondary / secondary special,Married,House / apartment,-18682,-1528,1,0,1,0,,2.0,0,51.15,0,4.18,70100.0,0.08172043010752687,medium,adult,mid,2.0
5008885,F,Y,Y,0,147800.0,Working,Secondary / secondary special,Civil marriage,Municipal apartment,-21841,-6602,1,0,1,0,Laborers,2.0,0,59.8,0,18.08,73900.0,0.30234113712374583,medium,senior,senior,2.0
5008886,M,N,Y,0,152300.0,Pensioner,Secondary / secondary special,Married,House / apartment,-24784,365243,1,1,0,0,,2.0,0,67.85,1,0.0,76150.0,0.0,medium,senior,entry,2.0
5008887,M,Y,Y,0,287000.0,Commercial associate,Secondary / secondary special,Single / not married,House / apartment,-15357,-8184,1,0,1,0,High skill tech staff,1.0,0,42.05,0,22.41,287000.0,0.5329369797859691,high,adult,senior,3.0
5008888,M,Y,Y,0,183900.0,Pensioner,Secondary / secondary special,Married,House / apartment,-12413,365243,1,0,1,0,,2.0,0,33.98,1,0.0,91950.0,0.0,medium,youth,entry,3.0
5008889,M,N,Y,0,688200.0,Working,Secondary / secondary special,Married,House / apartment,-23082,-12611,1,0,1,0,Sales staff,2.0,0,63.2,0,34.53,344100.0,0.5463607594936709,high,senior,senior,2.0
5008890,F,N,N,1,632700.0,Commercial associate,Secondary / secondary special,Married,House / apartment,-22726,-3436,1,0,1,0,Drivers,3.0,0,62.22,0,9.41,210900.0,0.15123754419800708,high,senior,mid,1.0
5008891,F,Y,Y,0,243300.0,Commercial associate,Secondary / secondary special,Married,House / apartment,-18716,-8256,1,0,0,0,Sales staff,2.0,0,51.24,0,22.6,121650.0,0.4410616705698673,medium,adult,senior,3.0
5008892,F,N,N,0,649000.0,Pensioner,Secondary / secondary special,Married,House / apartment,-12293,365243,1,0,1,0,,2.0,0,33.66,1,0.0,324500.0,0.0,high,youth,entry,1.0
5008893,F,Y,Y,0,513800.0,Working,Secondary / secondary special,Married,House / apartment,-23897,-9384,1,0,0,0,Drivers,2.0,0,65.43,0,25.69,256900.0,0.3926333486168424,high,senior,senior,3.0
5008894,M,Y,Y,0,194900.0,Working,Higher education,Married,House / apartment,-10563,-267,1,0,1,0,Sales staff,2.0,0,28.92,0,0.73,97450.0,0.02524204702627939,medium,youth,entry,3.0
5008895,F,Y,Y,0,89400.0,Commercial associate,Secondary / secondary special,Married,House / apartment,-8102,-1230,1,0,0,0,,2.0,0,22.18,0,3.37,44700.0,0.15193868349864745,low,youth,mid,2.0
5008896,F,N,Y,0,218900.0,State servant,Secondary / secondary special,Civil marriage,House / apartment,-21853,-11847,1,0,1,0,,2.0,0,59.83,0,32.44,109450.0,0.5422029082400134,medium,senior,senior,2.0
5008897,F,Y,N,0,176900.0,State servant,Secondary / secondary special,Single / not married,House / apartment,-17599,-5589,1,0,1,0,Laborers,1.0,0,48.18,0,15.3,176900.0,0.3175591531755915,medium,adult,senior,2.0
5008898,F,Y,N,0,270700.0,Commercial associate,Secondary / secondary special,Married,House / apartment,-11806,-798,1,0,0,0,,2.0,0,32.32,0,2.18,135350.0,0.06745049504950495,high,youth,entry,2.0
5008899,F,N,Y,0,255300.0,Working,Higher education,Married,House / apartment,-19557,-9352,1,0,0,0,Accountants,2.0,0,53.54,0,25.6,127650.0,0.47814717967874487,high,adult,senior,2.0
5008900,F,N,Y,0,251900.0,Working,Secondary / secondary special,Married,House / apartment,-21307,-1645,1,1,1,0,Accountants,2.0,0,58.34,0,4.5,125950.0,0.07713404182379156,high,senior,mid,2.0
5008901,F,Y,N,0,317200.0,State servant,Secondary / secondary special,Married,House / apartment,-22729,-8750,1,0,1,0,Laborers,2.0,0,62.23,0,23.96,158600.0,0.38502330065884627,high,senior,senior,2.0
5008902,M,N,Y,0,133100.0,Working,Secondary / secondary special,Married,House / apartment,-12457,-4295,1,0,0,1,Cooking staff,2.0,0,34.11,0,11.76,66550.0,0.3447669305189094,medium,youth,senior,1.0
5008903,M,Y,Y,0,299900.0,Working,Higher education,Single / not married,House / apartment,-7772,-17,1,1,1,0,Medicine staff,1.0,0,21.28,0,0.05,299900.0,0.002349624060150376,high,youth,entry,3.0
5008904,M,N,N,0,196000.0,State servant,Higher education,Married,House / apartment,-16620,-9132,1,0,0,0,,2.0,0,45.5,0,25.0,98000.0,0.5494505494505495,medium,adult,senior,1.0
5008905,F,N,Y,0,269800.0,Working,Secondary / secondary special,Single / not married,Rented apartment,-22939,-10186,1,0,0,0,Security staff,1.0,0,62.8,0,27.89,269800.0,0.4441082802547771,high,senior,senior,2.0
5008906,M,N,N,0,394000.0,Commercial associate,Secondary / secondary special,Single / not married,Rented apartment,-11100,-1960,1,0,0,0,,1.0,0,30.39,0,5.37,394000.0,0.17670286278381048,high,youth,mid,1.0
5008907,F,Y,Y,0,132400.0,Commercial associate,Higher education,Married,With parents,-14996,-103,1,0,0,0,Laborers,2.0,0,41.06,0,0.28,66200.0,0.006819288845591817,medium,adult,entry,2.0
5008908,F,Y,N,1,212100.0,Working,Secondary / secondary special,Married,House / apartment,-11988,-3158,1,0,0,0,,3.0,0,32.82,0,8.65,70700.0,0.2635588056063376,medium,youth,mid,2.0
5008909,M,Y,Y,1,230100.0,Working,Secondary / secondary special,Married,House / apartment,-7549,-43,1,0,1,0,Laborers,3.0,0,20.67,0,0.12,76700.0,0.005805515239477503,medium,youth,entry,3.0
5008910,F,Y,Y,0,188800.0,Working,Higher education,Married,House / apartment,-23714,-62,1,0,0,0,,2.0,0,64.93,0,0.17,94400.0,0.0026182042199291546,medium,senior,entry,3.0
5008911,F,Y,Y,0,382800.0,Commercial associate,Secondary / secondary special,Married,House / apartment,-9771,-3042,1,1,1,0,,2.0,0,26.75,0,8.33,191400.0,0.3114018691588785,high,youth,mid,3.0
5008912,M,N,Y,0,170300.0,Working,Secondary / secondary special,Married,House / apartment,-21308,-8036,1,0,0,0,Core staff,2.0,0,58.34,0,22.0,85150.0,0.3770997600274254,medium,senior,senior,2.0
5008913,M,N,Y,0,184900.0,Working,Secondary / secondary special,Married,House / apartment,-13635,-5531,1,0,0,0,Medicine staff,2.0,0,37.33,0,15.14,92450.0,0.4055719260648272,medium,adult,senior,2.0
5008914,M,N,Y,1,171200.0,State servant,Higher education,Married,House / apartment,-12376,-1173,1,0,1,0,Managers,3.0,0,33.88,0,3.21,57066.666666666664,0.0947461629279811,medium,youth,mid,2.0
5008915,M,N,Y,1,421500.0,Working,Secondary / secondary special,Married,House / apartment,-24491,-14047,1,0,0,0,,3.0,0,67.05,0,38.46,140500.0,0.5736017897091723,high,senior,senior,2.0
5008916,F,N,N,2,190800.0,Working,Higher education,Married,House / apartment,-19307,-8,1,0,0,0,Laborers,4.0,0,52.86,0,0.02,47700.0,0.00037835792659856227,medium,adult,entry,1.0
5008917,F,N,Y,0,307300.0,Working,Secondary / secondary special,Married,House / apartment,-19850,-13273,1,0,0,0,Sales staff,2.0,0,54.35,0,36.34,153650.0,0.6686292548298068,high,adult,senior,2.0
5008918,F,Y,Y,0,655600.0,Working,Higher education,Married,House / apartment,-21178,-12140,1,1,0,0,Accountants,2.0,0,57.98,0,33.24,327800.0,0.5733011383235599,high,senior,senior,3.0
5008919,F,N,Y,1,235200.0,Student,Higher education,Married,House / apartment,-13531,-4959,1,1,0,0,Laborers,3.0,0,37.05,0,13.58,78400.0,0.366531713900135,medium,adult,senior,2.0
5008920,F,N,Y,0,425700.0,Working,Secondary / secondary special,Single / not married,House / apartment,-17599,-1017,1,0,0,0,,1.0,0,48.18,0,2.78,425700.0,0.057700290577002905,high,adult,entry,2.0
5008921,M,N,Y,1,563100.0,Working,Secondary / secondary special,Single / not married,House / apartment,-12240,-4620,1,0,0,0,Sales staff,2.0,0,33.51,0,12.65,281550.0,0.3774992539540436,high,youth,senior,2.0
5008922,F,N,Y,0,408000.0,Pensioner,Secondary / secondary special,Married,House / apartment,-22546,365243,1,0,1,0,,2.0,0,61.73,1,0.0,204000.0,0.0,high,senior,entry,2.0
5008923,F,Y,N,0,242100.0,Commercial associate,Secondary / secondary special,Married,House / apartment,-18250,-3468,1,0,0,0,,2.0,0,49.97,0,9.49,121050.0,0.18991394836902142,medium,adult,mid,2.0
5008924,F,Y,Y,0,336600.0,Working,Secondary / secondary special,Civil marriage,House / apartment,-11750,-4423,1,0,0,0,,2.0,1,32.17,0,12.11,168300.0,0.37643767485234686,high,youth,senior,3.0
5008925,F,N,Y,0,128300.0,Pensioner,Higher education,Married,House / apartment,-23737,365243,1,0,0,0,,2.0,1,64.99,1,0.0,64150.0,0.0,medium,senior,entry,1.0
5008926,M,Y,N,0,165300.0,Commercial associate,Secondary / secondary special,Married,House / apartment,-17913,-7443,1,0,0,0,Laborers,2.0,0,49.04,0,20.38,82650.0,0.41557911908646,medium,adult,senior,2.0
5008927,M,N,N,0,180400.0,Working,Secondary / secondary special,Single / not married,House / apartment,-16345,-4430,1,0,0,0,Sales staff,1.0,0,44.75,0,12.13,180400.0,0.2710614525139665,medium,adult,senior,1.0
5008928,M,N,Y,0,748500.0,Commercial associate,Secondary / secondary special,Married,House / apartment,-7935,-319,1,0,0,0,,2.0,0,21.72,0,0.87,374250.0,0.04005524861878453,high,youth,entry,2.0
5008929,F,N,N,0,162600.0,Pensioner,Secondary / secondary special,Married,House / apartment,-23920,365243,1,0,0,0,,2.0,0,65.49,1,0.0,81300.0,0.0,medium,senior,entry,1.0
5008930,F,N,Y,0,161400.0,Working,Secondary / secondary special,Widow,House / apartment,-24696,-4381,1,0,0,0,,1.0,0,67.61,0,11.99,161400.0,0.17734063008430706,medium,senior,senior,2.0
5008931,F,Y,N,0,144900.0,Commercial associate,Incomplete higher,Married,House / apartment,-17579,-3127,1,1,0,0,,2.0,0,48.13,0,8.56,72450.0,0.1778516517764388,medium,adult,mid,1.0
5008932,M,Y,Y,1,323000.0,State servant,Secondary / secondary special,Separated,House / apartment,-15386,-7432,1,0,0,0,Laborers,2.0,0,42.12,0,20.35,161500.0,0.48314339981006654,high,adult,senior,3.0
5008933,F,N,Y,0,262200.0,Commercial associate,Higher education,Married,House / apartment,-13872,-1307,1,0,0,0,Managers,2.0,0,37.98,0,3.58,131100.0,0.09426013691416536,high,adult,mid,2.0
5008934,F,N,N,0,420400.0,Working,Higher education,Married,House / apartment,-12200,-1519,1,0,1,0,Sales staff,2.0,0,33.4,0,4.16,210200.0,0.12455089820359283,high,youth,mid,1.0
5008935,M,N,Y,3,341500.0,Working,Higher education,Married,Rented apartment,-17797,-10508,1,0,0,0,,5.0,0,48.73,0,28.77,68300.0,0.5903960599220193,high,adult,senior,2.0
5008936,M,Y,Y,2,122400.0,Commercial associate,Secondary / secondary special,Single / not married,House / apartment,-9644,-282,1,0,0,0,Private service staff,3.0,0,26.4,0,0.77,40800.0,0.02916666666666667,medium,youth,entry,2.0
5008937,M,Y,Y,0,163100.0,Working,Secondary / secondary special,Married,With parents,-24091,-14814,1,0,0,0,High skill tech staff,2.0,0,65.96,0,40.56,81550.0,0.6149181322013343,medium,senior,senior,3.0
5008938,F,N,Y,1,483200.0,State servant,Secondary / secondary special,Married,House / apartment,-10518,-943,1,0,0,0,,3.0,0,28.8,0,2.58,161066.66666666666,0.08958333333333333,high,youth,entry,2.0
5008939,M,Y,Y,0,220500.0,Working,Secondary / secondary special,Single / not married,House / apartment,-20920,-7819,1,0,1,0,Core staff,1.0,0,57.28,0,21.41,220500.0,0.37377793296089384,medium,senior,senior,3.0
5008940,F,N,Y,0,442100.0,Working,Lower secondary,Married,House / apartment,-12910,-6015,1,0,0,0,,2.0,0,35.35,0,16.47,221050.0,0.46591230551626583,high,adult,senior,2.0
5008941,F,Y,Y,0,226500.0,Commercial associate,Secondary / secondary special,Married,House / apartment,-11434,-1784,1,0,0,0,Core staff,2.0,0,31.3,0,4.88,113250.0,0.1559105431309904,medium,youth,mid,3.0
5008942,F,N,Y,0,150500.0,Working,Secondary / secondary special,Married,House / apartment,-17493,-6887,1,0,0,0,,2.0,0,47.89,0,18.86,75250.0,0.39381916892879515,medium,adult,senior,2.0
5008943,F,N,Y,1,209800.0,Working,Secondary / secondary special,Married,House / apartment,-21278,-976,1,0,0,0,Laborers,3.0,0,58.26,0,2.67,69933.33333333333,0.04582904222451081,medium,senior,entry,2.0
5008944,F,N,Y,1,150500.0,Working,Secondary / secondary special,Civil marriage,House / apartment,-20577,-13976,1,0,0,0,Laborers,3.0,0,56.34,0,38.26,50166.666666666664,0.6790912318068867,medium,senior,senior,2.0
5008945,M,Y,Y,3,184000.0,Commercial associate,Secondary / secondary special,Married,House / apartment,-11574,-3723,1,0,0,0,Core staff,5.0,0,31.69,0,10.19,36800.0,0.3215525402335121,medium,youth,senior,3.0
5008946,F,N,N,1,269900.0,Pensioner,Secondary / secondary special,Married,House / apartment,-13341,365243,1,0,0,0,,3.0,0,36.53,1,0.0,89966.66666666667,0.0,high,adult,entry,1.0
5008947,M,N,Y,0,315300.0,Commercial associate,Higher education,Married,House / apartment,-23172,-6136,1,0,0,0,Core staff,2.0,0,63.44,0,16.8,157650.0,0.26481715006305173,high,senior,senior,2.0
5008948,M,N,Y,0,110200.0,Working,Secondary / secondary special,Married,House / apartment,-20513,-772,1,0,0,0,,2.0,0,56.16,0,2.11,55100.0,0.037571225071225074,medium,senior,entry,1.0
5008949,M,N,N,4,242000.0,Working,Secondary / secondary special,Married,House / apartment,-20321,-11025,1,0,1,0,Sales staff,6.0,0,55.64,0,30.18,40333.333333333336,0.5424155283968368,medium,senior,senior,1.0
5008950,F,N,N,1,182100.0,Pensioner,Secondary / secondary special,Married,House / apartment,-12216,365243,1,1,0,0,,3.0,0,33.45,1,0.0,60700.0,0.0,medium,youth,entry,1.0
5008951,F,N,Y,1,176500.0,State servant,Secondary / secondary special,Widow,House / apartment,-21769,-7965,1,0,0,1,Core staff,2.0,0,59.6,0,21.81,88250.0,0.36593959731543624,medium,senior,senior,2.0
5008952,M,N,N,2,260900.0,Working,Secondary / secondary special,Single / not married,House / apartment,-13851,-5358,1,0,1,0,Laborers,3.0,0,37.92,0,14.67,86966.66666666667,0.38686708860759494,high,adult,senior,1.0
5008953,M,Y,Y,0,185400.0,Commercial associate,Higher education,Married,House / apartment,-14635,-544,1,0,1,0,Managers,2.0,0,40.07,0,1.49,92700.0,0.03718492637883703,medium,adult,entry,3.0
5008954,F,Y,N,1,487300.0,Working,Secondary / secondary special,Married,House / apartment,-12557,-769,1,1,1,0,Laborers,3.0,0,34.38,0,2.11,162433.33333333334,0.06137289121582314,high,youth,entry,2.0
5008955,M,Y,Y,1,442200.0,Working,Secondary / secondary special,Married,House / apartment,-9522,-192,1,0,0,0,Drivers,3.0,0,26.07,0,0.53,147400.0,0.020329881089374762,high,youth,entry,3.0
5008956,M,N,Y,2,440800.0,Pensioner,Incomplete higher,Married,House / apartment,-14982,365243,1,0,0,0,,4.0,0,41.02,1,0.0,110200.0,0.0,high,adult,entry,2.0
5008957,F,N,Y,0,190600.0,Working,Higher education,Married,House / apartment,-7614,-944,1,0,0,0,Laborers,2.0,0,20.85,0,2.58,95300.0,0.12374100719424459,medium,youth,entry,2.0
5008958,F,N,N,0,150900.0,Commercial associate,Secondary / secondary special,Married,House / apartment,-15631,-4397,1,0,1,0,Managers,2.0,1,42.8,0,12.04,75450.0,0.28130841121495326,medium,adult,senior,1.0
5008959,M,Y,Y,0,254400.0,Working,Secondary / secondary special,Married,House / apartment,-20545,-13761,1,0,0,0,Laborers,2.0,0,56.25,0,37.68,127200.0,0.6698666666666666,high,senior,senior,3.0
5008960,F,Y,Y,0,226500.0,Working,Higher education,Married,House / apartment,-24851,-12206,1,1,0,0,,2.0,0,68.04,0,33.42,113250.0,0.4911816578483245,medium,senior,senior,3.0
5008961,F,N,Y,0,180100.0,Commercial associate,Secondary / secondary special,Separated,House / apartment,-8741,-1087,1,0,1,0,Managers,1.0,0,23.93,0,2.98,180100.0,0.12452987881320518,medium,youth,entry,2.0
5008962,M,N,N,0,135600.0,Working,Secondary / secondary special,Married,House / apartment,-12442,-940,1,0,1,0,Drivers,2.0,0,34.06,0,2.57,67800.0,0.07545507927187316,medium,youth,entry,0.0
5008963,F,Y,N,0,239100.0,Commercial associate,Secondary / secondary special,Married,House / apartment,-16329,-695,1,0,0,0,Laborers,2.0,0,44.71,0,1.9,119550.0,0.04249608588682621,medium,adult,entry,2.0
5008964,F,N,Y,0,199500.0,Working,Secondary / secondary special,Married,House / apartment,-10417,-2652,1,1,0,0,,2.0,0,28.52,0,7.26,99750.0,0.25455820476858343,medium,youth,mid,2.0
5008965,F,Y,Y,0,344400.0,Commercial associate,Secondary / secondary special,Married,House / apartment,-9439,-1588,1,0,0,0,,2.0,0,25.84,0,4.35,172200.0,0.168343653250774,high,youth,mid,3.0
5008966,F,Y,Y,0,340400.0,Working,Secondary / secondary special,Widow,House / apartment,-15565,365243,1,0,0,0,,1.0,0,42.61,1,0.0,340400.0,0.0,high,adult,entry,3.0
5008967,F,N,Y,0,423300.0,Commercial associate,Secondary / secondary special,Married,House / apartment,-17911,-9555,1,0,1,0,,2.0,0,49.04,0,26.16,211650.0,0.533442088091354,high,adult,senior,2.0
5008968,M,Y,N,0,130100.0,Commercial associate,Higher education,Separated,House / apartment,-22284,-14330,1,0,0,0,Laborers,1.0,0,61.01,0,39.23,130100.0,0.6430093427306999,medium,senior,senior,1.0
5008969,F,N,Y,0,298300.0,State servant,Secondary / secondary special,Married,House / apartment,-25527,-2936,1,0,0,0,Laborers,2.0,0,69.89,0,8.04,149150.0,0.11503791672628415,high,senior,mid,2.0
5008970,M,Y,Y,0,169700.0,Pensioner,Secondary / secondary special,Married,House / apartment,-21445,365243,1,0,1,1,,2.0,0,58.71,1,0.0,84850.0,0.0,medium,senior,entry,3.0
5008971,M,Y,Y,0,132600.0,Working,Secondary / secondary special,Married,House / apartment,-11347,-2996,1,0,0,1,Laborers,2.0,0,31.07,0,8.2,66300.0,0.2639201802381718,medium,youth,mid,2.0
5008972,M,Y,Y,0,197000.0,Working,Secondary / secondary special,Civil marriage,With parents,-20965,-12270,1,0,0,0,,2.0,0,57.4,0,33.59,98500.0,0.5851916376306621,medium,senior,senior,3.0
5008973,F,N,Y,1,416600.0,Commercial associate,Secondary / secondary special,Married,House / apartment,-17115,-7750,1,0,0,0,,3.0,0,46.86,0,21.22,138866.66666666666,0.4528382415706359,high,adult,senior,2.0
5008974,F,N,Y,0,202700.0,Commercial associate,Higher education,Widow,House / apartment,-15538,-6915,1,0,1,0,Sales staff,1.0,1,42.54,0,18.93,202700.0,0.4449929478138223,medium,adult,senior,2.0
5008975,M,N,Y,0,534000.0,Working,Secondary / secondary special,Married,House / apartment,-24394,-1427,1,0,0,0,,2.0,0,66.79,0,3.91,267000.0,0.05854169785896092,high,senior,mid,2.0
5008976,F,Y,Y,1,321200.0,Working,Secondary / secondary special,Married,House / apartment,-20127,-12738,1,1,1,0,Managers,3.0,0,55.1,0,34.87,107066.66666666667,0.6328493647912885,high,senior,senior,3.0
5008977,M,Y,Y,0,200500.0,Commercial associate,Higher education,Married,House / apartment,-19754,-6224,1,1,0,1,Laborers,2.0,0,54.08,0,17.04,100250.0,0.3150887573964497,medium,adult,senior,3.0
5008978,F,N,Y,2,436000.0,Pensioner,Higher education,Married,House / apartment,-7520,365243,1,1,1,0,,4.0,0,20.59,1,0.0,109000.0,0.0,high,youth,entry,2.0
5008979,M,N,Y,1,305000.0,Pensioner,Secondary / secondary special,Married,House / apartment,-23103,365243,1,0,0,0,,3.0,0,63.25,1,0.0,101666.66666666667,0.0,high,senior,entry,2.0
5008980,F,N,N,0,153200.0,Working,Secondary / secondary special,Civil marriage,House / apartment,-21793,-1313,1,1,0,0,,2.0,0,59.67,0,3.59,76600.0,0.06016423663482487,medium,senior,mid,1.0
5008981,F,Y,Y,0,618400.0,Working,Secondary / secondary special,Married,House / apartment,-12764,-1774,1,0,0,1,Sales staff,2.0,0,34.95,0,4.86,309200.0,0.1390557939914163,high,youth,mid,3.0
5008982,F,N,Y,0,278000.0,Working,Secondary / secondary special,Married,House / apartment,-12640,-5304,1,1,1,0,Laborers,2.0,0,34.61,0,14.52,139000.0,0.41953192718867377,high,youth,senior,2.0
5008983,M,N,N,0,246400.0,Working,Secondary / secondary special,Married,House / apartment,-8282,-1113,1,0,0,1,,2.0,1,22.67,0,3.05,123200.0,0.1345390383767093,medium,youth,mid,1.0
5008984,M,Y,Y,0,159200.0,Commercial associate,Secondary / secondary special,Married,House / apartment,-8234,-1444,1,0,0,0,Drivers,2.0,0,22.54,0,3.95,79600.0,0.17524401064773737,medium,youth,mid,3.0
5008985,M,N,Y,0,440300.0,Pensioner,Higher education,Married,House / apartment,-19515,365243,1,0,1,0,,2.0,0,53.43,1,0.0,220150.0,0.0,high,adult,entry,2.0
5008986,F,Y,Y,1,316200.0,Working,Higher education,Married,House / apartment,-10706,-374,1,1,0,0,Core staff,3.0,0,29.31,0,1.02,105400.0,0.03480040941658137,high,youth,entry,3.0
5008987,F,N,Y,0,334400.0,Working,Secondary / secondary special,Single / not married,House / apartment,-24171,-14557,1,0,1,0,,1.0,0,66.18,0,39.85,334400.0,0.6021456633423995,high,senior,senior,2.0
5008988,M,N,Y,0,189400.0,Working,Secondary / secondary special,Married,House / apartment,-22689,-14589,1,1,0,0,HR staff,2.0,0,62.12,0,39.94,94700.0,0.6429491307147457,medium,senior,senior,2.0
5008989,F,N,Y,0,370500.0,State servant,Higher education,Single / not married,House / apartment,-13677,-6940,1,0,0,0,Laborers,1.0,0,37.45,0,19.0,370500.0,0.507343124165554,high,adult,senior,2.0
5008990,F,N,N,0,385100.0,Working,Secondary / secondary special,Married,House / apartment,-14246,-385,1,0,1,0,,2.0,0,39.0,0,1.05,192550.0,0.026923076923076925,high,adult,entry,1.0
5008991,F,Y,N,0,174700.0,Working,Secondary / secondary special,Married,House / apartment,-13282,-740,1,0,0,0,Accountants,2.0,0,36.36,0,2.03,87350.0,0.05583058305830583,medium,adult,entry,2.0
5008992,F,N,Y,0,120200.0,Commercial associate,Secondary / secondary special,Married,House / apartment,-8992,-2177,1,0,1,0,Laborers,2.0,0,24.62,0,5.96,60100.0,0.24207961007311127,medium,youth,mid,1.0
5008993,M,Y,Y,0,326500.0,Commercial associate,Secondary / secondary special,Single / not married,House / apartment,-7879,-792,1,0,0,0,Sales staff,1.0,0,21.57,0,2.17,326500.0,0.10060268891979601,high,youth,entry,3.0
5008994,M,Y,Y,2,111200.0,Pensioner,Secondary / secondary special,Single / not married,House / apartment,-15562,365243,1,1,0,0,,3.0,1,42.61,1,0.0,37066.666666666664,0.0,medium,adult,entry,2.0
5008995,F,N,Y,0,263400.0,Working,Lower secondary,Married,House / apartment,-24527,-17845,1,1,0,0,Sales staff,2.0,0,67.15,0,48.86,131700.0,0.7276247207743857,high,senior,senior,2.0
5008996,F,N,Y,0,195200.0,Working,Secondary / secondary special,Married,House / apartment,-24056,-16214,1,0,0,0,,2.0,0,65.86,0,44.39,97600.0,0.6740054661402977,medium,senior,senior,2.0
5008997,F,N,N,0,449000.0,Working,Secondary / secondary special,Married,House / apartment,-22095,-4493,1,1,0,0,Managers,2.0,0,60.49,0,12.3,224500.0,0.20333939494131262,high,senior,senior,1.0
5008998,M,Y,Y,0,200600.0,Pensioner,Secondary / secondary special,Civil marriage,House / apartment,-18785,365243,1,0,0,0,,2.0,1,51.43,1,0.0,100300.0,0.0,medium,adult,entry,3.0
5008999,M,N,N,0,424700.0,Pensioner,Higher education,Single / not married,House / apartment,-22942,365243,1,0,0,0,,1.0,0,62.81,1,0.0,424700.0,0.0,high,senior,entry,1.0
5009000,F,N,N,1,188800.0,Pensioner,Higher education,Married,With parents,-16711,365243,1,0,1,1,,3.0,0,45.75,1,0.0,62933.333333333336,0.0,medium,adult,entry,1.0
5009001,F,Y,N,2,402500.0,Working,Secondary / secondary special,Married,House / apartment,-10595,365243,1,0,0,0,,4.0,1,29.01,1,0.0,100625.0,0.0,high,youth,entry,2.0
5009002,F,Y,Y,0,683900.0,Pensioner,Higher education,Single / not married,House / apartment,-19800,365243,1,0,1,0,,1.0,0,54.21,1,0.0,683900.0,0.0,high,adult,entry,3.0
5009003,F,Y,Y,0,143100.0,Working,Secondary / secondary special,Married,House / apartment,-24118,-15112,1,0,1,0,,2.0,1,66.03,0,41.37,71550.0,0.6265333939118582,medium,senior,senior,2.0
5009004,F,Y,Y,0,282500.0,Working,Secondary / secondary special,Married,House / apartment,-7663,-657,1,0,1,1,Laborers,2.0,0,20.98,0,1.8,141250.0,0.08579599618684461,high,youth,entry,3.0
5009005,M,N,Y,0,965000.0,Working,Secondary / secondary special,Married,House / apartment,-11897,-573,1,0,0,0,Sales staff,2.0,0,32.57,0,1.57,482500.0,0.048203868590727665,high,youth,entry,2.0
5009006,M,N,Y,0,252400.0,Commercial associate,Secondary / secondary special,Married,House / apartment,-12153,-2351,1,0,1,0,,2.0,0,33.27,0,6.44,126200.0,0.1935677787796814,high,youth,mid,2.0
5009007,F,N,Y,0,251800.0,Working,Secondary / secondary special,Widow,House / apartment,-9114,-2300,1,0,0,0,Medicine staff,1.0,0,24.95,0,6.3,251800.0,0.25250501002004005,high,youth,mid,2.0
5009008,F,N,Y,0,362100.0,Pensioner,Secondary / secondary special,Separated,House / apartment,-11423,365243,1,0,0,0,,1.0,0,31.27,1,0.0,362100.0,0.0,high,youth,entry,2.0
5009009,M,Y,Y,0,249200.0,Commercial associate,Secondary / secondary special,Married,House / apartment,-14317,-4390,1,0,1,0,Core staff,2.0,1,39.2,0,12.02,124600.0,0.30663265306122445,medium,adult,senior,3.0
5009010,M,N,N,1,104000.0,Working,Secondary / secondary special,Married,House / apartment,-24469,-13157,1,0,0,1,High skill tech staff,3.0,0,66.99,0,36.02,34666.666666666664,0.5376921928646068,medium,senior,senior,0.0
5009011,F,N,Y,1,430000.0,Commercial associate,Secondary / secondary special,Single / not married,House / apartment,-23016,-10282,1,0,0,0,,2.0,0,63.01,0,28.15,215000.0,0.4467544834153309,high,senior,senior,2.0
5009012,M,N,Y,0,89700.0,Working,Secondary / secondary special,Married,House / apartment,-24581,-14843,1,0,0,0,Core staff,2.0,0,67.3,0,40.64,44850.0,0.6038632986627044,low,senior,senior,1.0
5009013,M,Y,Y,0,198200.0,Working,Secondary / secondary special,Married,With parents,-9507,-2800,1,1,0,0,Laborers,2.0,0,26.03,0,7.67,99100.0,0.2946600076834422,medium,youth,mid,3.0
5009014,F,N,N,2,446500.0,Commercial associate,Secondary / secondary special,Married,House / apartment,-7817,-660,1,0,0,0,Laborers,4.0,0,21.4,0,1.81,111625.0,0.08457943925233646,high,youth,entry,1.0
5009015,F,Y,Y,0,204300.0,Pensioner,Higher education,Married,House / apartment,-9312,365243,1,0,1,0,,2.0,0,25.49,1,0.0,102150.0,0.0,medium,youth,entry,3.0
5009016,F,Y,Y,1,172600.0,Working,Higher education,Married,With parents,-24002,-5280,1,0,0,0,Core staff,3.0,0,65.71,0,14.46,57533.333333333336,0.22005782985846906,medium,senior,senior,3.0
5009017,M,N,Y,0,378900.0,Pensioner,Secondary / secondary special,Married,House / apartment,-10181,365243,1,0,0,0,,2.0,0,27.87,1,0.0,189450.0,0.0,high,youth,entry,2.0
5009018,F,Y,N,0,159500.0,Pensioner,Secondary / secondary special,Married,House / apartment,-17763,365243,1,0,0,0,,2.0,0,48.63,1,0.0,79750.0,0.0,medium,adult,entry,2.0
5009019,M,N,N,0,132500.0,Working,Secondary / secondary special,Civil marriage,House / apartment,-11461,-3651,1,0,0,0,Cooking staff,2.0,0,31.38,0,10.0,66250.0,0.3186743148502231,medium,youth,mid,0.0
5009020,M,N,Y,1,280000.0,Working,Higher education,Separated,With parents,-7682,365243,1,0,0,1,,2.0,0,21.03,1,0.0,140000.0,0.0,high,youth,entry,2.0
5009021,F,N,Y,0,222800.0,Commercial associate,Secondary / secondary special,Single / not married,House / apartment,-8850,-1267,1,0,0,0,Low-skill Laborers,1.0,0,24.23,0,3.47,222800.0,0.1432108955839868,medium,youth,mid,2.0
5009022,F,Y,Y,0,131100.0,Working,Higher education,Married,House / apartment,-20268,-1075,1,0,0,0,High skill tech staff,2.0,0,55.49,0,2.94,65550.0,0.05298251937285997,medium,senior,entry,2.0
5009023,F,Y,Y,0,335700.0,Pensioner,Secondary / secondary special,Married,House / apartment,-10635,365243,1,0,0,0,,2.0,0,29.12,1,0.0,167850.0,0.0,high,youth,entry,3.0
5009024,F,Y,Y,1,308000.0,Pensioner,Higher education,Single / not married,House / apartment,-11490,365243,1,0,0,1,,2.0,0,31.46,1,0.0,154000.0,0.0,high,youth,entry,3.0
5009025,F,N,N,2,203900.0,Working,Secondary / secondary special,Separated,House / apartment,-14195,-4860,1,0,0,1,Drivers,3.0,0,38.86,0,13.31,67966.66666666667,0.3425115800308801,medium,adult,senior,1.0
5009026,M,Y,N,3,211000.0,State servant,Incomplete higher,Married,House / apartment,-19308,-4541,1,1,1,0,Core staff,5.0,1,52.86,0,12.43,42200.0,0.23514945138100643,medium,adult,senior,2.0
5009027,F,Y,Y,2,308900.0,Working,Secondary / secondary special,Married,House / apartment,-15877,-2050,1,0,0,1,Laborers,4.0,0,43.47,0,5.61,77225.0,0.1290545203588682,high,adult,mid,3.0
5009028,M,Y,Y,0,442700.0,Pensioner,Higher education,Married,House / apartment,-24556,365243,1,1,0,0,,2.0,0,67.23,1,0.0,221350.0,0.0,high,senior,entry,3.0
5009029,M,Y,Y,0,211900.0,Working,Secondary / secondary special,Married,House / apartment,-15234,-1599,1,0,1,0,Sales staff,2.0,0,41.71,0,4.38,105950.0,0.10501078877966914,medium,adult,mid,3.0
5009030,F,N,N,0,338700.0,Pensioner,Secondary / secondary special,Married,House / apartment,-10942,365243,1,0,0,0,,2.0,0,29.96,1,0.0,169350.0,0.0,high,youth,entry,1.0
5009031,F,N,N,0,323900.0,Working,Higher education,Separated,House / apartment,-17096,-32,1,0,1,1,Cooking staff,1.0,0,46.81,0,0.09,323900.0,0.001922666096987823,high,adult,entry,1.0
5009032,F,Y,Y,1,378900.0,Commercial associate,Higher education,Married,House / apartment,-15539,-1139,1,1,0,0,,3.0,0,42.54,0,3.12,126300.0,0.07334273624823696,high,adult,mid,3.0
5009033,F,N,Y,1,249000.0,Working,Secondary / secondary special,Married,House / apartment,-21680,-5041,1,0,0,0,Cleaning staff,3.0,0,59.36,0,13.8,83000.0,0.23247978436657685,medium,senior,senior,2.0
5009034,F,N,Y,0,154700.0,Working,Secondary / secondary special,Separated,Municipal apartment,-24383,-1976,1,0,0,0,Accountants,1.0,0,66.76,0,5.41,154700.0,0.0810365488316357,medium,senior,mid,2.0
5009035,F,N,Y,0,193700.0,Working,Higher education,Married,House / apartment,-22578,-14583,1,0,0,0,,2.0,0,61.82,0,39.93,96850.0,0.6459074733096085,medium,senior,senior,2.0
5009036,F,N,N,2,289800.0,Pensioner,Higher education,Civil marriage,House / apartment,-14410,365243,1,0,0,0,,4.0,0,39.45,1,0.0,72450.0,0.0,high,adult,entry,1.0
5009037,F,N,Y,0,606000.0,Working,Secondary / secondary special,Married,House / apartment,-11252,-1179,1,0,0,0,,2.0,0,30.81,0,3.23,303000.0,0.10483609217786434,high,youth,mid,2.0
5009038,M,N,N,0,191700.0,Commercial associate,Secondary / secondary special,Separated,House / apartment,-24006,-11607,1,0,0,0,,1.0,0,65.72,0,31.78,191700.0,0.4835666463785758,medium,senior,senior,1.0
5009039,F,Y,Y,0,365100.0,Pensioner,Higher education,Married,House / apartment,-14353,365243,1,0,0,0,,2.0,0,39.3,1,0.0,182550.0,0.0,high,adult,entry,3.0
5009040,M,N,N,0,207200.0,Pensioner,Secondary / secondary special,Widow,House / apartment,-21371,365243,1,1,0,0,,1.0,0,58.51,1,0.0,207200.0,0.0,medium,senior,entry,1.0
5009041,M,N,Y,0,258000.0,Working,Higher education,Married,House / apartment,-25376,-9977,1,0,1,0,Drivers,2.0,0,69.48,0,27.32,129000.0,0.39320667818077143,high,senior,senior,2.0
5009042,F,Y,N,0,520800.0,Pensioner,Higher education,Married,House / apartment,-17851,365243,1,1,1,0,,2.0,0,48.87,1,0.0,260400.0,0.0,high,adult,entry,2.0
5009043,M,Y,Y,0,357800.0,Working,Higher education,Married,House / apartment,-16069,-4929,1,0,0,0,Low-skill Laborers,2.0,0,43.99,0,13.49,178900.0,0.3066606046828825,high,adult,senior,3.0
5009044,F,N,Y,3,131200.0,Commercial associate,Higher education,Married,House / apartment,-20086,-4701,1,0,0,0,,5.0,1,54.99,0,12.87,26240.0,0.23404255319148934,medium,adult,senior,1.0
5009045,F,N,Y,0,183400.0,Commercial associate,Incomplete higher,Married,House / apartment,-10847,-3157,1,0,1,0,Managers,2.0,0,29.7,0,8.64,91700.0,0.29090909090909095,medium,youth,mid,2.0
5009046,F,N,Y,0,457500.0,Working,Higher education,Widow,House / apartment,-16221,-3615,1,0,1,0,Sales staff,1.0,0,44.41,0,9.9,457500.0,0.22292276514298584,high,adult,mid,2.0
5009047,F,N,Y,2,262100.0,Working,Higher education,Married,House / apartment,-13009,-6162,1,1,0,0,,4.0,0,35.62,0,16.87,65525.0,0.4736103312745649,high,adult,senior,2.0
5009048,M,N,Y,0,137500.0,Working,Secondary / secondary special,Married,House / apartment,-10304,-1521,1,0,0,0,Core staff,2.0,0,28.21,0,4.16,68750.0,0.14746543778801843,medium,youth,mid,1.0
5009049,F,N,N,0,162100.0,Working,Secondary / secondary special,Married,Office apartment,-18448,-7234,1,0,0,0,,2.0,0,50.51,0,19.81,81050.0,0.3921995644426846,medium,adult,senior,1.0
5009050,F,N,Y,1,347000.0,Pensioner,Secondary / secondary special,Civil marriage,House / apartment,-17819,365243,1,0,0,0,,3.0,0,48.79,1,0.0,115666.66666666667,0.0,high,adult,entry,2.0
5009051,F,N,N,0,401400.0,Working,Secondary / secondary special,Married,House / apartment,-21206,-10435,1,1,1,0,Sales staff,2.0,0,58.06,0,28.57,200700.0,0.49207716155701,high,senior,senior,1.0
5009052,F,N,N,1,246300.0,State servant,Secondary / secondary special,Widow,With parents,-23248,-11128,1,0,0,0,Laborers,2.0,0,63.65,0,30.47,123150.0,0.4787117046347211,medium,senior,senior,1.0
5009053,F,N,Y,0,841700.0,Working,Secondary / secondary special,Married,House / apartment,-11330,-2307,1,0,0,0,,2.0,0,31.02,0,6.32,420850.0,0.20373952288845906,high,youth,mid,2.0
5009054,M,Y,Y,0,368600.0,State servant,Secondary / secondary special,Married,House / apartment,-21544,-6700,1,1,1,0,Managers,2.0,0,58.98,0,18.34,184300.0,0.3109528653780943,high,senior,senior,3.0
5009055,F,N,Y,0,216100.0,Commercial associate,Higher education,Married,Office apartment,-14014,-3134,1,0,0,0,Sales staff,2.0,0,38.37,0,8.58,108050.0,0.22361219702892887,medium,adult,mid,2.0
5009056,F,N,Y,0,162400.0,Pensioner,Higher education,Single / not married,House / apartment,-18789,365243,1,1,0,0,,1.0,0,51.44,1,0.0,162400.0,0.0,medium,adult,entry,2.0
5009057,M,Y,Y,1,149900.0,Working,Higher education,Married,House / apartment,-22833,365243,1,0,1,0,,3.0,1,62.51,1,0.0,49966.666666666664,0.0,medium,senior,entry,2.0
5009058,M,N,N,0,288700.0,Commercial associate,Secondary / secondary special,Single / not married,House / apartment,-11984,-367,1,1,1,0,,1.0,0,32.81,0,1.0,288700.0,0.030478512648582746,high,youth,entry,1.0
5009059,F,N,Y,2,191200.0,Working,Secondary / secondary special,Married,House / apartment,-18280,-9174,1,0,0,1,Laborers,4.0,0,50.05,0,25.12,47800.0,0.5018981018981019,medium,adult,senior,2.0
5009060,F,Y,Y,1,563700.0,Working,Secondary / secondary special,Married,House / apartment,-16077,-288,1,1,0,0,,3.0,0,44.02,0,0.79,187900.0,0.017946388005452066,high,adult,entry,3.0
5009061,F,N,Y,0,508200.0,Commercial associate,Secondary / secondary special,Separated,House / apartment,-21743,-13704,1,0,0,1,Laborers,1.0,0,59.53,0,37.52,508200.0,0.6302704518730052,high,senior,senior,2.0
5009062,F,N,N,1,335000.0,Commercial associate,Secondary / secondary special,Married,House / apartment,-20038,-9022,1,0,1,0,High skill tech staff,3.0,0,54.86,0,24.7,111666.66666666667,0.45023696682464454,high,adult,senior,1.0
5009063,M,N,Y,0,135400.0,Working,Secondary / secondary special,Married,House / apartment,-21360,-6622,1,0,1,0,Laborers,2.0,0,58.48,0,18.13,67700.0,0.31002051983584133,medium,senior,senior,1.0
5009064,F,Y,Y,0,174400.0,Commercial associate,Secondary / secondary special,Single / not married,House / apartment,-12564,-1362,1,0,0,0,Managers,1.0,0,34.4,0,3.73,174400.0,0.10843023255813954,medium,youth,mid,3.0
5009065,F,N,Y,1,457400.0,Commercial associate,Secondary / secondary special,Married,House / apartment,-20168,-4103,1,1,0,1,,3.0,0,55.22,0,11.23,152466.66666666666,0.20336834480260776,high,senior,senior,2.0
5009066,M,N,Y,0,184200.0,Working,Secondary / secondary special,Married,House / apartment,-18369,-6197,1,0,0,0,Drivers,2.0,0,50.29,0,16.97,92100.0,0.33744283157685423,medium,adult,senior,2.0
5009067,F,Y,N,0,427900.0,Working,Secondary / secondary special,Married,House / apartment,-15645,-6229,1,0,0,0,Sales staff,2.0,0,42.83,0,17.05,213950.0,0.3980854541209433,high,adult,senior,2.0
5009068,F,N,N,0,309500.0,Commercial associate,Secondary / secondary special,Widow,House / apartment,-14215,-1129,1,0,0,0,,1.0,0,38.92,0,3.09,309500.0,0.07939362795477903,high,adult,mid,1.0
5009069,F,N,Y,0,250500.0,Working,Secondary / secondary special,Civil marriage,House / apartment,-13361,-929,1,0,0,0,Managers,2.0,0,36.58,0,2.54,125250.0,0.06943685073810826,high,adult,entry,2.0
5009070,F,Y,Y,0,171800.0,Pensioner,Secondary / secondary special,Married,House / apartment,-7482,365243,1,0,0,0,,2.0,1,20.48,1,0.0,85900.0,0.0,medium,youth,entry,3.0
5009071,F,N,Y,0,232900.0,Commercial associate,Secondary / secondary special,Married,House / apartment,-10402,-1197,1,0,1,0,Managers,2.0,0,28.48,0,3.28,116450.0,0.11516853932584269,medium,youth,mid,2.0
5009072,F,N,Y,0,268400.0,Pensioner,Secondary / secondary special,Married,Co-op apartment,-8382,365243,1,0,0,0,,2.0,0,22.95,1,0.0,134200.0,0.0,high,youth,entry,2.0
5009073,M,Y,Y,0,409100.0,Working,Lower secondary,Civil marriage,House / apartment,-22798,-930,1,1,0,0,Laborers,2.0,0,62.42,0,2.55,204550.0,0.04085229093239346,high,senior,entry,3.0
5009074,F,Y,Y,0,156800.0,Pensioner,Secondary / secondary special,Married,House / apartment,-23012,365243,1,0,0,0,,2.0,0,63.0,1,0.0,78400.0,0.0,medium,senior,entry,3.0
5009075,F,Y,Y,0,214100.0,Working,Secondary / secondary special,Single / not married,House / apartment,-22759,-4902,1,0,0,0,Drivers,1.0,0,62.31,0,13.42,214100.0,0.21537473920718986,medium,senior,senior,3.0
5009076,F,Y,N,0,249700.0,Working,Higher education,Married,House / apartment,-22242,-11953,1,0,0,0,Laborers,2.0,0,60.9,0,32.73,124850.0,0.5374384236453201,medium,senior,senior,2.0
5009077,F,N,Y,1,340000.0,Working,Secondary / secondary special,Married,House / apartment,-11347,-1967,1,0,1,0,,3.0,0,31.07,0,5.39,113333.33333333333,0.1734792404248471,high,youth,mid,2.0
5009078,F,N,N,0,155000.0,Pensioner,Secondary / secondary special,Married,House / apartment,-16286,365243,1,1,1,0,,2.0,0,44.59,1,0.0,77500.0,0.0,medium,adult,entry,1.0
5009079,F,Y,Y,0,126400.0,Commercial associate,Secondary / secondary special,Married,House / apartment,-23884,-3696,1,1,1,0,High skill tech staff,2.0,0,65.39,0,10.12,63200.0,0.15476372534026608,medium,senior,senior,2.0
5009080,F,Y,Y,0,342000.0,Working,Secondary / secondary special,Single / not married,House / apartment,-21181,-11482,1,0,0,0,,1.0,0,57.99,0,31.44,342000.0,0.5421624418003104,high,senior,senior,3.0
5009081,F,Y,N,0,114300.0,Working,Secondary / secondary special,Single / not married,House / apartment,-7338,-160,1,0,0,0,,1.0,0,20.09,0,0.44,114300.0,0.021901443504230962,medium,youth,entry,1.0
5009082,F,N,Y,0,464100.0,Working,Secondary / secondary special,Married,House / apartment,-15695,-7836,1,0,1,0,Laborers,2.0,0,42.97,0,21.45,232050.0,0.499185478240633,high,adult,senior,2.0
5009083,F,Y,Y,2,225800.0,Working,Higher education,Married,House / apartment,-7500,-254,1,0,0,0,Managers,4.0,0,20.53,0,0.7,56450.0,0.03409644422795908,medium,youth,entry,3.0
5009084,F,N,Y,2,112600.0,Commercial associate,Secondary / secondary special,Civil marriage,House / apartment,-12431,-609,1,0,1,1,Sales staff,4.0,0,34.03,0,1.67,28150.0,0.04907434616514839,medium,youth,entry,1.0
5009085,M,N,Y,1,192000.0,Commercial associate,Higher education,Single / not married,House / apartment,-15263,-3730,1,0,1,0,Cleaning staff,2.0,0,41.79,0,10.21,96000.0,0.24431682220626946,medium,adult,senior,2.0
5009086,F,Y,N,2,295100.0,State servant,Higher education,Married,House / apartment,-23612,-4562,1,0,0,0,Laborers,4.0,0,64.65,0,12.49,73775.0,0.19319412219644236,high,senior,senior,2.0
5009087,M,N,N,0,187000.0,State servant,Lower secondary,Married,House / apartment,-19256,-9995,1,1,0,0,,2.0,0,52.72,0,27.36,93500.0,0.5189681335356601,medium,adult,senior,1.0
5009088,F,N,Y,0,246600.0,Commercial associate,Higher education,Civil marriage,House / apartment,-13925,-1964,1,0,0,0,Sales staff,2.0,0,38.12,0,5.38,123300.0,0.14113326337880377,medium,adult,mid,2.0
5009089,M,N,Y,1,353500.0,Working,Secondary / secondary special,Married,House / apartment,-16266,-7037,1,1,0,0,Cooking staff,3.0,0,44.53,0,19.27,117833.33333333333,0.4327419717044689,high,adult,senior,2.0
5009090,F,N,Y,0,220700.0,Working,Secondary / secondary special,Civil marriage,House / apartment,-22233,-13308,1,0,1,0,Sales staff,2.0,0,60.87,0,36.44,110350.0,0.5986528667652373,medium,senior,senior,2.0
5009091,F,Y,Y,1,152800.0,Working,Secondary / secondary special,Single / not married,House / apartment,-12777,-4294,1,0,0,1,,2.0,1,34.98,0,11.76,76400.0,0.33619210977701547,medium,youth,senior,3.0
5009092,M,Y,Y,1,210200.0,Working,Higher education,Single / not married,House / apartment,-18537,-9681,1,0,0,0,Managers,2.0,0,50.75,0,26.51,105100.0,0.5223645320197045,medium,adult,senior,3.0
5009093,F,N,Y,4,495300.0,Commercial associate,Secondary / secondary special,Widow,House / apartment,-12094,-2157,1,1,1,0,,5.0,1,33.11,0,5.91,99060.0,0.1784959226819692,high,youth,mid,2.0
5009094,M,Y,Y,0,566900.0,State servant,Secondary / secondary special,Single / not married,House / apartment,-16070,-4961,1,0,0,0,Core staff,1.0,0,44.0,0,13.58,566900.0,0.30863636363636365,high,adult,senior,3.0
5009095,M,Y,Y,1,88900.0,Pensioner,Higher education,Married,House / apartment,-7755,365243,1,0,1,0,,3.0,0,21.23,1,0.0,29633.333333333332,0.0,low,youth,entry,2.0
5009096,F,Y,Y,0,421200.0,Working,Secondary / secondary special,Married,House / apartment,-22870,-828,1,0,0,0,,2.0,1,62.61,0,2.27,210600.0,0.03625618910717138,high,senior,entry,3.0
5009097,F,Y,Y,0,276700.0,Working,Secondary / secondary special,Married,House / apartment,-8188,-1314,1,0,1,0,,2.0,0,22.42,0,3.6,138350.0,0.16057091882247992,high,youth,mid,3.0
5009098,M,N,Y,0,387500.0,Pensioner,Secondary / secondary special,Married,House / apartment,-11402,365243,1,1,0,0,,2.0,0,31.22,1,0.0,193750.0,0.0,high,youth,entry,2.0
5009099,F,Y,N,1,185400.0,Pensioner,Secondary / secondary special,Married,House / apartment,-13396,365243,1,1,0,0,,3.0,0,36.68,1,0.0,61800.0,0.0,medium,adult,entry,2.0
5009100,F,N,N,2,100800.0,Working,Secondary / secondary special,Married,House / apartment,-18722,-6885,1,0,0,0,Sales staff,4.0,0,51.26,0,18.85,25200.0,0.3677331252438549,medium,adult,senior,0.0
5009101,M,N,Y,0,327000.0,Commercial associate,Secondary / secondary special,Married,House / apartment,-20455,-1867,1,1,0,0,Laborers,2.0,0,56.0,0,5.11,163500.0,0.09125000000000001,high,senior,mid,2.0
5009102,F,N,Y,0,152500.0,Commercial associate,Higher education,Married,House / apartment,-8774,-675,1,0,0,0,Sales staff,2.0,0,24.02,0,1.85,76250.0,0.07701915070774355,medium,youth,entry,2.0
5009103,M,Y,N,0,121900.0,Working,Secondary / secondary special,Civil marriage,House / apartment,-8099,365243,1,0,0,0,,2.0,0,22.17,1,0.0,60950.0,0.0,medium,youth,entry,1.0
5009104,M,N,N,3,126300.0,Working,Secondary / secondary special,Single / not married,House / apartment,-21897,-2462,1,0,1,0,,4.0,0,59.95,0,6.74,31575.0,0.11242702251876564,medium,senior,mid,0.0
5009105,F,Y,N,0,329700.0,Pensioner,Higher education,Separated,House / apartment,-20311,365243,1,1,1,0,,1.0,0,55.61,1,0.0,329700.0,0.0,high,senior,entry,2.0
5009106,F,N,Y,0,261800.0,Commercial associate,Secondary / secondary special,Married,House / apartment,-22491,-6605,1,1,1,0,Security staff,2.0,0,61.58,0,18.08,130900.0,0.29360181877232866,high,senior,senior,2.0
5009107,F,N,N,0,361000.0,Working,Secondary / secondary special,Married,House / apartment,-19660,-3843,1,0,1,0,Medicine staff,2.0,0,53.83,0,10.52,180500.0,0.19543005758870519,high,adult,senior,1.0
5009108,F,N,Y,0,341100.0,Commercial associate,Secondary / secondary special,Married,With parents,-21020,-1907,1,0,0,0,,2.0,0,57.55,0,5.22,170550.0,0.09070373588184187,high,senior,mid,2.0
5009109,F,N,N,0,197800.0,Commercial associate,Secondary / secondary special,Married,House / apartment,-14227,-882,1,0,0,0,Sales staff,2.0,0,38.95,0,2.41,98900.0,0.061874197689345316,medium,adult,entry,1.0
5009110,F,N,N,0,235700.0,Pensioner,Secondary / secondary special,Married,House / apartment,-18083,365243,1,1,0,0,,2.0,1,49.51,1,0.0,117850.0,0.0,medium,adult,entry,1.0
5009111,M,Y,Y,2,189000.0,Working,Secondary / secondary special,Married,House / apartment,-22013,-8940,1,0,0,1,Medicine staff,4.0,0,60.27,0,24.48,47250.0,0.406172224987556,medium,senior,senior,3.0
5009112,F,N,N,1,219800.0,State servant,Secondary / secondary special,Married,House / apartment,-10448,-1329,1,1,1,1,Managers,3.0,0,28.61,0,3.64,73266.66666666667,0.12722824187347082,medium,youth,mid,1.0
5009113,M,N,Y,0,150500.0,Working,Secondary / secondary special,Single / not married,House / apartment,-15027,-7541,1,0,1,0,,1.0,0,41.14,0,20.65,150500.0,0.5019445794846864,medium,adult,senior,2.0
5009114,F,Y,N,3,296800.0,Commercial associate,Secondary / secondary special,Single / not married,House / apartment,-20828,-4970,1,0,1,0,Sales staff,4.0,0,57.02,0,13.61,74200.0,0.2386881795861101,high,senior,senior,2.0
5009115,M,N,Y,0,417900.0,Commercial associate,Higher education,Married,House / apartment,-17032,-8075,1,0,1,0,Sales staff,2.0,0,46.63,0,22.11,208950.0,0.47415826720995063,high,adult,senior,2.0
5009116,M,N,N,0,162300.0,Working,Higher education,Married,House / apartment,-19754,-5047,1,0,0,0,Laborers,2.0,0,54.08,0,13.82,81150.0,0.2555473372781065,medium,adult,senior,1.0
5009117,F,N,Y,0,463300.0,Working,Secondary / secondary special,Married,House / apartment,-12654,-3629,1,0,1,0,Core staff,2.0,0,34.64,0,9.94,231650.0,0.2869515011547344,high,youth,mid,2.0
5009118,F,N,N,0,258400.0,Pensioner,Secondary / secondary special,Married,House / apartment,-7896,365243,1,0,0,0,,2.0,0,21.62,1,0.0,129200.0,0.0,high,youth,entry,1.0
5009119,F,N,Y,1,275400.0,Commercial associate,Higher education,Separated,House / apartment,-7837,-395,1,0,1,0,Low-skill Laborers,2.0,0,21.46,0,1.08,137700.0,0.050326188257222744,high,youth,entry,2.0
5009120,F,Y,Y,0,104400.0,Working,Secondary / secondary special,Civil marriage,House / apartment,-24523,-8675,1,0,0,0,Sales staff,2.0,0,67.14,0,23.75,52200.0,0.3537384569556151,medium,senior,senior,2.0
5009121,M,N,Y,0,98900.0,Working,Lower secondary,Married,House / apartment,-24555,-2696,1,0,0,0,Laborers,2.0,0,67.23,0,7.38,49450.0,0.10977242302543506,low,senior,mid,1.0
5009122,M,Y,N,1,262400.0,Working,Secondary / secondary special,Married,House / apartment,-11164,-612,1,0,0,0,Laborers,3.0,0,30.57,0,1.68,87466.66666666667,0.0549558390578999,high,youth,entry,2.0
5009123,M,N,Y,0,362300.0,Working,Higher education,Married,House / apartment,-9998,-1503,1,0,0,0,Core staff,2.0,0,27.37,0,4.11,181150.0,0.15016441359152358,high,youth,mid,2.0
5009124,F,Y,Y,1,174500.0,State servant,Secondary / secondary special,Married,House / apartment,-7636,-1042,1,0,0,0,Core staff,3.0,0,20.91,0,2.85,58166.666666666664,0.13629842180774748,medium,youth,entry,3.0
5009125,F,Y,Y,1,562700.0,Pensioner,Secondary / secondary special,Separated,House / apartment,-11528,365243,1,0,0,0,,2.0,0,31.56,1,0.0,281350.0,0.0,high,youth,entry,3.0
5009126,F,N,N,0,352500.0,State servant,Incomplete higher,Single / not married,House / apartment,-13411,-3308,1,0,1,0,IT staff,1.0,0,36.72,0,9.06,352500.0,0.24673202614379086,high,adult,mid,1.0
5009127,M,N,Y,1,155000.0,Working,Incomplete higher,Married,House / apartment,-11711,-3604,1,1,1,0,,3.0,0,32.06,0,9.87,51666.666666666664,0.30786026200873357,medium,youth,mid,2.0
5009128,F,Y,Y,0,247900.0,Commercial associate,Secondary / secondary special,Married,House / apartment,-21867,-9917,1,1,0,0,Core staff,2.0,0,59.87,0,27.15,123950.0,0.4534825455152831,medium,senior,senior,3.0
5009129,F,N,Y,0,842300.0,Working,Higher education,Single / not married,House / apartment,-20991,-8139,1,0,1,0,,1.0,0,57.47,0,22.28,842300.0,0.3876805289716374,high,senior,senior,2.0
5009130,F,Y,Y,0,131200.0,Pensioner,Secondary / secondary special,Married,House / apartment,-8785,365243,1,0,1,0,,2.0,0,24.05,1,0.0,65600.0,0.0,medium,youth,entry,2.0
5009131,F,Y,Y,0,317900.0,Working,Secondary / secondary special,Married,House / apartment,-20040,-5041,1,1,0,0,IT staff,2.0,0,54.87,0,13.8,158950.0,0.25150355385456535,high,adult,senior,3.0
5009132,F,N,Y,2,207800.0,Working,Secondary / secondary special,Married,House / apartment,-16812,-3929,1,0,0,0,Laborers,4.0,1,46.03,0,10.76,51950.0,0.2337605909189659,medium,adult,senior,2.0
5009133,M,N,N,0,347600.0,Commercial associate,Secondary / secondary special,Married,Municipal apartment,-9719,-1557,1,0,1,0,Medicine staff,2.0,0,26.61,0,4.26,173800.0,0.1600901916572717,high,youth,mid,1.0
5009134,F,Y,N,0,460100.0,Working,Higher education,Married,House / apartment,-20811,-3172,1,0,1,0,Core staff,2.0,0,56.98,0,8.68,230050.0,0.15233415233415235,high,senior,mid,2.0
5009135,F,Y,Y,2,201300.0,Commercial associate,Secondary / secondary special,Married,House / apartment,-8876,-877,1,0,0,0,Laborers,4.0,0,24.3,0,2.4,50325.0,0.09876543209876543,medium,youth,entry,3.0
5009136,M,Y,Y,0,427200.0,Commercial associate,Secondary / secondary special,Married,House / apartment,-10540,-1559,1,0,0,0,Laborers,2.0,0,28.86,0,4.27,213600.0,0.14795564795564795,high,youth,mid,3.0
5009137,M,Y,Y,0,741200.0,Commercial associate,Secondary / secondary special,Married,House / apartment,-10030,-3000,1,0,1,0,Core staff,2.0,0,27.46,0,8.21,370600.0,0.298980335032775,high,youth,mid,3.0
5009138,M,N,Y,0,252400.0,State servant,Secondary / secondary special,Married,House / apartment,-24454,-8897,1,0,0,0,Core staff,2.0,0,66.95,0,24.36,126200.0,0.36385362210604927,high,senior,senior,2.0
5009139,M,N,N,1,361500.0,Working,Secondary / secondary special,Single / not married,House / apartment,-20055,-1757,1,0,0,1,Waiters/barmen staff,2.0,0,54.91,0,4.81,180750.0,0.0875978874521945,high,adult,mid,1.0
5009140,F,Y,Y,0,181700.0,Working,Secondary / secondary special,Married,House / apartment,-14816,-3983,1,0,0,0,,2.0,0,40.56,0,10.9,90850.0,0.2687376725838264,medium,adult,senior,3.0
5009141,F,N,Y,0,246500.0,Pensioner,Higher education,Single / not married,House / apartment,-22321,365243,1,0,0,0,,1.0,0,61.11,1,0.0,246500.0,0.0,medium,senior,entry,2.0
5009142,F,N,Y,0,223500.0,Commercial associate,Secondary / secondary special,Married,House / apartment,-11249,-3830,1,1,0,0,Core staff,2.0,0,30.8,0,10.49,111750.0,0.3405844155844156,medium,youth,senior,2.0
5009143,M,Y,N,0,363600.0,Working,Secondary / secondary special,Married,House / apartment,-24309,-10722,1,0,0,0,Laborers,2.0,0,66.55,0,29.36,181800.0,0.4411720510894065,high,senior,senior,2.0
5009144,F,N,Y,1,445900.0,Pensioner,Secondary / secondary special,Single / not married,House / apartment,-20034,365243,1,0,0,0,,2.0,0,54.85,1,0.0,222950.0,0.0,high,adult,entry,2.0
5009145,F,N,Y,0,231100.0,Working,Secondary / secondary special,Married,House / apartment,-17524,-9753,1,0,0,0,Laborers,2.0,0,47.98,0,26.7,115550.0,0.5564818674447687,medium,adult,senior,2.0
5009146,M,Y,Y,0,525600.0,Working,Secondary / secondary special,Married,Rented apartment,-21817,-6355,1,0,0,0,,2.0,0,59.73,0,17.4,262800.0,0.2913108990457057,high,senior,senior,3.0
5009147,F,Y,N,0,524700.0,Working,Secondary / secondary special,Married,House / apartment,-19080,-2917,1,1,1,0,Core staff,2.0,0,52.24,0,7.99,262350.0,0.152947932618683,high,adult,mid,2.0
5009148,F,N,N,1,372800.0,Working,Secondary / secondary special,Married,House / apartment,-23506,-5786,1,0,1,0,,3.0,0,64.36,0,15.84,124266.66666666667,0.24611559975139838,high,senior,senior,1.0
5009149,F,N,Y,1,188600.0,Working,Higher education,Civil marriage,House / apartment,-22447,-14149,1,0,1,0,,3.0,0,61.46,0,38.74,62866.666666666664,0.6303286690530426,medium,senior,senior,2.0
5009150,F,Y,Y,0,179800.0,Working,Secondary / secondary special,Married,House / apartment,-10918,-4137,1,0,0,1,Managers,2.0,0,29.89,0,11.33,89900.0,0.3790565406490465,medium,youth,senior,3.0
5009151,M,Y,N,0,162600.0,Working,Higher education,Married,House / apartment,-11682,-772,1,0,0,0,,2.0,0,31.98,0,2.11,81300.0,0.06597873671044402,medium,youth,entry,2.0
5009152,F,N,Y,0,392400.0,Working,Secondary / secondary special,Married,House / apartment,-8494,-947,1,1,0,1,Cleaning staff,2.0,0,23.26,0,2.59,196200.0,0.11134995700773859,high,youth,entry,2.0
5009153,F,N,Y,0,133200.0,Working,Secondary / secondary special,Married,Municipal apartment,-11326,-3479,1,0,1,0,Sales staff,2.0,0,31.01,0,9.52,66600.0,0.30699774266365687,medium,youth,mid,1.0
5009154,F,N,Y,0,342500.0,Commercial associate,Secondary / secondary special,Single / not married,House / apartment,-13578,-4585,1,1,0,0,Sales staff,1.0,0,37.17,0,12.55,342500.0,0.3376378800107614,high,adult,senior,2.0
5009155,F,N,Y,0,142200.0,Working,Secondary / secondary special,Married,House / apartment,-7831,-151,1,0,0,0,Laborers,2.0,0,21.44,0,0.41,71100.0,0.019123134328358205,medium,youth,entry,1.0
5009156,F,Y,Y,0,368500.0,Working,Secondary / secondary special,Married,House / apartment,-13057,-1173,1,0,0,1,Laborers,2.0,0,35.75,0,3.21,184250.0,0.08979020979020978,high,adult,mid,3.0
5009157,M,N,N,2,246200.0,Working,Incomplete higher,Married,House / apartment,-21395,-7867,1,1,0,0,,4.0,0,58.58,0,21.54,61550.0,0.36770228747012634,medium,senior,senior,1.0
5009158,M,N,Y,0,475600.0,Working,Secondary / secondary special,Married,House / apartment,-22651,-11518,1,0,1,1,Laborers,2.0,0,62.02,0,31.53,237800.0,0.5083843921315705,high,senior,senior,2.0
5009159,F,N,Y,1,432000.0,Working,Secondary / secondary special,Married,House / apartment,-7467,-673,1,0,0,0,Drivers,3.0,0,20.44,0,1.84,144000.0,0.09001956947162426,high,youth,entry,2.0
5009160,M,Y,N,0,500300.0,Working,Secondary / secondary special,Married,House / apartment,-7436,-525,1,0,0,0,Laborers,2.0,0,20.36,0,1.44,250150.0,0.07072691552062868,high,youth,entry,2.0
5009161,F,N,Y,2,506800.0,Commercial associate,Secondary / secondary special,Married,House / apartment,-9977,-2088,1,0,1,0,Laborers,4.0,0,27.32,0,5.72,126700.0,0.20937042459736455,high,youth,mid,2.0
5009162,F,N,Y,0,262300.0,Commercial associate,Secondary / secondary special,Single / not married,House / apartment,-23240,-15007,1,0,0,0,High skill tech staff,1.0,0,63.63,0,41.09,262300.0,0.6457645764576458,high,senior,senior,2.0
5009163,F,N,Y,0,136800.0,State servant,Higher education,Single / not married,Municipal apartment,-15875,-1138,1,0,0,0,Medicine staff,1.0,0,43.46,0,3.12,136800.0,0.07179015186378279,medium,adult,mid,1.0
5009164,F,N,N,1,144200.0,Working,Secondary / secondary special,Married,House / apartment,-25255,365243,1,0,1,0,,3.0,0,69.14,1,0.0,48066.666666666664,0.0,medium,senior,entry,0.0
5009165,F,Y,N,0,86000.0,Working,Higher education,Married,House / apartment,-23510,-7390,1,0,0,0,Medicine staff,2.0,0,64.37,0,20.23,43000.0,0.31427683703588627,low,senior,senior,1.0
5009166,F,N,N,0,142000.0,Working,Secondary / secondary special,Married,House / apartment,-23561,-11613,1,0,1,0,Sales staff,2.0,0,64.51,0,31.79,71000.0,0.4927918152224461,medium,senior,senior,0.0
5009167,F,N,N,0,252700.0,Commercial associate,Secondary / secondary special,Married,House / apartment,-9651,-642,1,1,0,0,Managers,2.0,0,26.42,0,1.76,126350.0,0.06661619984859954,high,youth,entry,1.0
5009168,F,N,Y,1,184500.0,Working,Secondary / secondary special,Civil marriage,House / apartment,-15984,-85,1,0,0,1,Managers,3.0,0,43.76,0,0.23,61500.0,0.005255941499085924,medium,adult,entry,2.0
5009169,F,N,Y,0,223100.0,Working,Secondary / secondary special,Widow,House / apartment,-25450,-7243,1,0,0,0,Drivers,1.0,0,69.68,0,19.83,223100.0,0.28458668197474163,medium,senior,senior,2.0
5009170,F,N,N,1,312300.0,Working,Secondary / secondary special,Married,House / apartment,-10027,-1121,1,0,0,0,,3.0,0,27.45,0,3.07,104100.0,0.11183970856102003,high,youth,mid,1.0
5009171,F,Y,Y,0,209700.0,Commercial associate,Secondary / secondary special,Married,House / apartment,-17792,-6062,1,0,0,0,Drivers,2.0,0,48.71,0,16.6,104850.0,0.34079244508314516,medium,adult,senior,3.0
5009172,M,N,Y,0,139300.0,Pensioner,Secondary / secondary special,Single / not married,House / apartment,-13592,365243,1,0,0,0,,1.0,0,37.21,1,0.0,139300.0,0.0,medium,adult,entry,1.0
5009173,M,Y,Y,0,237700.0,State servant,Higher education,Married,House / apartment,-14388,-4886,1,0,0,0,Laborers,2.0,0,39.39,0,13.38,118850.0,0.3396801218583397,medium,adult,senior,3.0
5009174,M,Y,Y,0,155800.0,Working,Secondary / secondary special,Married,House / apartment,-23573,-8178,1,0,0,0,Laborers,2.0,0,64.54,0,22.39,77900.0,0.3469166408428881,medium,senior,senior,3.0
5009175,M,Y,N,0,213200.0,Working,Higher education,Married,House / apartment,-18042,-6296,1,0,0,0,,2.0,0,49.4,0,17.24,106600.0,0.34898785425101214,medium,adult,senior,2.0
5009176,M,N,Y,0,477800.0,Pensioner,Secondary / secondary special,Married,House / apartment,-21162,365243,1,0,0,0,,2.0,0,57.94,1,0.0,238900.0,0.0,high,senior,entry,2.0
5009177,F,N,Y,0,213200.0,Working,Higher education,Married,House / apartment,-19600,-3558,1,0,0,1,Managers,2.0,0,53.66,0,9.74,106600.0,0.1815132314573239,medium,adult,mid,2.0
5009178,M,N,N,0,591800.0,Working,Secondary / secondary special,Married,House / apartment,-16966,-582,1,1,0,0,,2.0,0,46.45,0,1.59,295900.0,0.034230355220667384,high,adult,entry,1.0
5009179,M,N,Y,0,499500.0,Commercial associate,Secondary / secondary special,Married,House / apartment,-21764,-6192,1,0,0,1,,2.0,0,59.59,0,16.95,249750.0,0.2844436986071488,high,senior,senior,2.0
5009180,F,N,Y,1,182700.0,Commercial associate,Incomplete higher,Single / not married,House / apartment,-25033,-13985,1,1,1,0,Managers,2.0,1,68.54,0,38.29,91350.0,0.558651882112635,medium,senior,senior,2.0
5009181,M,Y,Y,1,140100.0,State servant,Secondary / secondary special,Single / not married,House / apartment,-24962,-12755,1,0,0,0,,2.0,0,68.34,0,34.92,70050.0,0.5109745390693591,medium,senior,senior,2.0
5009182,F,N,N,1,237800.0,Commercial associate,Secondary / secondary special,Widow,Rented apartment,-21722,-4006,1,0,0,0,,2.0,0,59.47,0,10.97,118900.0,0.18446275432991427,medium,senior,senior,1.0
5009183,M,Y,N,0,434600.0,Working,Secondary / secondary special,Married,House / apartment,-16205,-2633,1,0,1,1,,2.0,0,44.37,0,7.21,217300.0,0.16249718278115846,high,adult,mid,2.0
5009184,M,Y,N,1,191100.0,Commercial associate,Secondary / secondary special,Married,House / apartment,-10285,-3036,1,0,1,0,Managers,3.0,0,28.16,0,8.31,63700.0,0.2950994318181818,medium,youth,mid,2.0
5009185,F,N,N,0,384400.0,Pensioner,Higher education,Married,House / apartment,-8117,365243,1,0,0,0,,2.0,0,22.22,1,0.0,192200.0,0.0,high,youth,entry,1.0
5009186,F,Y,Y,0,446700.0,Commercial associate,Higher education,Single / not married,House / apartment,-11532,-227,1,1,0,0,Managers,1.0,0,31.57,0,0.62,446700.0,0.019638897687678174,high,youth,entry,3.0
5009187,F,Y,N,1,165800.0,Commercial associate,Higher education,Married,House / apartment,-13519,-2044,1,1,0,0,Sales staff,3.0,0,37.01,0,5.6,55266.666666666664,0.15131045663334233,medium,adult,mid,2.0
5009188,F,N,N,2,174100.0,State servant,Incomplete higher,Married,House / apartment,-9676,-2522,1,0,0,0,Managers,4.0,0,26.49,0,6.9,43525.0,0.260475651189128,medium,youth,mid,1.0
5009189,F,N,Y,0,348600.0,Commercial associate,Secondary / secondary special,Married,House / apartment,-11410,-274,1,0,0,0,,2.0,0,31.24,0,0.75,174300.0,0.024007682458386685,high,youth,entry,2.0
5009190,M,N,Y,0,263400.0,Working,Secondary / secondary special,Widow,House / apartment,-8831,-1487,1,0,0,0,,1.0,0,24.18,0,4.07,263400.0,0.16832092638544252,high,youth,mid,2.0
5009191,M,N,N,0,173200.0,Commercial associate,Higher education,Civil marriage,House / apartment,-16869,-5492,1,0,1,0,,2.0,0,46.18,0,15.04,86600.0,0.3256821134690342,medium,adult,senior,1.0
5009192,F,N,N,0,204700.0,Commercial associate,Secondary / secondary special,Married,Municipal apartment,-9612,-688,1,0,0,0,Sales staff,2.0,0,26.32,0,1.88,102350.0,0.07142857142857142,medium,youth,entry,1.0
5009193,F,N,N,1,235700.0,Working,Secondary / secondary special,Civil marriage,House / apartment,-20870,-3824,1,1,0,0,High skill tech staff,3.0,0,57.14,0,10.47,78566.66666666667,0.1832341617080854,medium,senior,senior,1.0
5009194,F,Y,N,0,111600.0,Working,Secondary / secondary special,Married,House / apartment,-13380,-476,1,0,1,0,Low-skill Laborers,2.0,0,36.63,0,1.3,55800.0,0.03549003549003549,medium,adult,entry,1.0
5009195,F,N,Y,1,358000.0,Commercial associate,Higher education,Married,House / apartment,-19579,-2060,1,1,0,0,Core staff,3.0,0,53.6,0,5.64,119333.33333333333,0.10522388059701492,high,adult,mid,2.0
5009196,F,N,Y,0,192200.0,Working,Secondary / secondary special,Single / not married,House / apartment,-23422,-15793,1,0,0,1,Core staff,1.0,0,64.13,0,43.24,192200.0,0.6742554186808047,medium,senior,senior,2.0
5009197,F,N,Y,1,60700.0,Pensioner,Higher education,Married,House / apartment,-8876,365243,1,0,0,1,,3.0,0,24.3,1,0.0,20233.333333333332,0.0,low,youth,entry,1.0
5009198,M,N,Y,2,241200.0,Working,Secondary / secondary special,Married,Rented apartment,-25367,-7940,1,0,0,0,Core staff,4.0,0,69.45,0,21.74,60300.0,0.3130309575233981,medium,senior,senior,2.0
5009199,F,Y,N,0,168500.0,State servant,Secondary / secondary special,Civil marriage,House / apartment,-19089,-71,1,0,0,0,,2.0,0,52.26,0,0.19,84250.0,0.0036356678147722926,medium,adult,entry,2.0
5009200,F,Y,Y,0,568000.0,Working,Higher education,Married,House / apartment,-8280,-908,1,0,0,0,Sales staff,2.0,0,22.67,0,2.49,284000.0,0.10983678870754301,high,youth,entry,3.0
5009201,F,N,Y,1,182200.0,Working,Incomplete higher,Widow,House / apartment,-13039,-6087,1,1,0,0,Laborers,2.0,0,35.7,0,16.67,91100.0,0.4669467787114846,medium,adult,senior,2.0
5009202,F,Y,Y,0,141000.0,Working,Secondary / secondary special,Married,House / apartment,-23490,-5708,1,0,1,0,,2.0,0,64.31,0,15.63,70500.0,0.2430415176488882,medium,senior,senior,2.0
5009203,F,N,Y,0,314700.0,Commercial associate,Secondary / secondary special,Married,House / apartment,-18194,-9900,1,0,0,0,Laborers,2.0,0,49.81,0,27.1,157350.0,0.5440674563340695,high,adult,senior,2.0
5009204,M,Y,Y,0,175500.0,Working,Secondary / secondary special,Married,House / apartment,-12550,-575,1,0,1,0,HR staff,2.0,0,34.36,0,1.57,87750.0,0.04569266589057043,medium,youth,entry,3.0
5009205,F,N,Y,0,165300.0,Working,Higher education,Civil marriage,House / apartment,-24481,-9721,1,0,0,0,Drivers,2.0,0,67.03,0,26.61,82650.0,0.39698642398925854,medium,senior,senior,2.0
5009206,F,N,Y,1,315000.0,Commercial associate,Secondary / secondary special,Married,House / apartment,-21682,-3206,1,0,0,1,Managers,3.0,0,59.36,0,8.78,105000.0,0.147911051212938,high,senior,mid,2.0
5009207,F,Y,Y,0,145100.0,Working,Secondary / secondary special,Married,House / apartment,-20738,-1124,1,0,0,0,Accountants,2.0,0,56.78,0,3.08,72550.0,0.05424445227192674,medium,senior,mid,2.0
5009208,M,Y,N,2,117800.0,Commercial associate,Secondary / secondary special,Married,House / apartment,-23530,-3753,1,0,1,0,Drivers,4.0,1,64.42,0,10.28,29450.0,0.1595777708786091,medium,senior,senior,1.0
5009209,F,N,Y,0,578700.0,Pensioner,Secondary / secondary special,Single / not married,House / apartment,-21363,365243,1,1,0,0,,1.0,0,58.49,1,0.0,578700.0,0.0,high,senior,entry,2.0
5009210,F,N,Y,1,326200.0,Pensioner,Secondary / secondary special,Married,House / apartment,-12542,365243,1,1,1,0,,3.0,0,34.34,1,0.0,108733.33333333333,0.0,high,youth,entry,2.0
5009211,M,N,Y,0,213900.0,Working,Higher education,Married,House / apartment,-17968,-10882,1,0,0,0,Sales staff,2.0,0,49.19,0,29.79,106950.0,0.6056108965236837,medium,adult,senior,2.0
5009212,F,Y,Y,0,243700.0,Commercial associate,Higher education,Married,House / apartment,-22687,-8344,1,0,1,0,Core staff,2.0,0,62.11,0,22.84,121850.0,0.36773466430526486,medium,senior,senior,3.0
5009213,M,N,Y,0,314400.0,Working,Higher education,Married,House / apartment,-10608,-2466,1,0,0,0,,2.0,0,29.04,0,6.75,157200.0,0.23243801652892562,high,youth,mid,2.0
5009214,M,N,N,1,397200.0,Pensioner,Secondary / secondary special,Married,House / apartment,-10282,365243,1,0,0,0,,3.0,0,28.15,1,0.0,132400.0,0.0,high,youth,entry,1.0
5009215,F,Y,N,0,167300.0,Pensioner,Higher education,Married,House / apartment,-10208,365243,1,0,1,0,,2.0,1,27.95,1,0.0,83650.0,0.0,medium,youth,entry,2.0
5009216,F,N,Y,1,293200.0,Working,Higher education,Civil marriage,House / apartment,-10853,-2710,1,0,0,0,,3.0,0,29.71,0,7.42,97733.33333333333,0.24974755974419385,high,youth,mid,2.0
5009217,F,Y,Y,0,189500.0,Working,Secondary / secondary special,Married,Municipal apartment,-9190,-621,1,0,1,0,Cooking staff,2.0,0,25.16,0,1.7,94750.0,0.06756756756756757,medium,youth,entry,3.0
5009218,F,Y,N,0,222100.0,Working,Secondary / secondary special,Married,House / apartment,-22602,-6143,1,0,0,0,Managers,2.0,1,61.88,0,16.82,111050.0,0.2718164188752424,medium,senior,senior,2.0
5009219,F,Y,N,1,264600.0,Working,Secondary / secondary special,Married,House / apartment,-22250,-1988,1,0,1,0,,3.0,0,60.92,0,5.44,88200.0,0.08929743926460933,high,senior,mid,2.0
5009220,M,Y,Y,0,243300.0,Commercial associate,Secondary / secondary special,Separated,Municipal apartment,-10069,-1209,1,0,0,0,Drivers,1.0,0,27.57,0,3.31,243300.0,0.12005803409503082,medium,youth,mid,3.0
5009221,M,Y,Y,0,352700.0,Commercial associate,Higher education,Married,House / apartment,-20190,-12702,1,0,0,0,,2.0,0,55.28,0,34.78,176350.0,0.6291606367583212,high,senior,senior,3.0
5009222,F,N,Y,0,311500.0,Working,Higher education,Single / not married,House / apartment,-18755,-8984,1,0,0,0,Sales staff,1.0,0,51.35,0,24.6,311500.0,0.4790652385589095,high,adult,senior,2.0
5009223,F,Y,Y,0,114800.0,Commercial associate,Secondary / secondary special,Civil marriage,House / apartment,-12349,-4227,1,0,1,0,Laborers,2.0,1,33.81,0,11.57,57400.0,0.3422064477965099,medium,youth,senior,2.0
5009224,F,Y,Y,0,123800.0,State servant,Secondary / secondary special,Married,House / apartment,-11457,-3772,1,0,0,0,Drivers,2.0,0,31.37,0,10.33,61900.0,0.32929550525980233,medium,youth,senior,2.0
5009225,F,Y,Y,0,202900.0,Commercial associate,Secondary / secondary special,Married,House / apartment,-11881,-1653,1,1,0,0,,2.0,0,32.53,0,4.53,101450.0,0.13925607131878268,medium,youth,mid,3.0
5009226,M,N,Y,0,609100.0,Working,Higher education,Married,House / apartment,-20648,-3872,1,0,0,0,Drivers,2.0,0,56.53,0,10.6,304550.0,0.1875110560764196,high,senior,senior,2.0
5009227,F,N,Y,1,159500.0,Commercial associate,Secondary / secondary special,Single / not married,House / apartment,-13137,-3416,1,0,1,0,,2.0,0,35.97,0,9.35,79750.0,0.2599388379204893,medium,adult,mid,2.0
5009228,M,N,N,2,220000.0,Commercial associate,Secondary / secondary special,Single / not married,Municipal apartment,-12381,-3488,1,0,0,0,Core staff,3.0,1,33.9,0,9.55,73333.33333333333,0.2817109144542773,medium,youth,mid,1.0
5009229,F,N,N,0,186700.0,Pensioner,Secondary / secondary special,Civil marriage,House / apartment,-7716,365243,1,0,0,0,,2.0,0,21.13,1,0.0,93350.0,0.0,medium,youth,entry,1.0
5009230,F,N,Y,0,185100.0,Working,Secondary / secondary special,Married,House / apartment,-23892,-10477,1,0,0,0,Sales staff,2.0,0,65.41,0,28.68,92550.0,0.43846506650359274,medium,senior,senior,2.0
5009231,F,Y,N,0,266900.0,Working,Secondary / secondary special,Married,House / apartment,-21051,-10686,1,0,0,0,Laborers,2.0,0,57.63,0,29.26,133450.0,0.5077216727398924,high,senior,senior,2.0
5009232,F,N,Y,1,491800.0,Commercial associate,Higher education,Married,House / apartment,-15939,-6962,1,0,0,0,,3.0,0,43.64,0,19.06,163933.33333333334,0.4367552703941338,high,adult,senior,2.0
5009233,M,N,N,0,306600.0,Working,Secondary / secondary special,Married,Municipal apartment,-24525,-7378,1,0,0,0,Laborers,2.0,0,67.15,0,20.2,153300.0,0.3008190618019359,high,senior,senior,1.0
5009234,M,N,Y,0,163400.0,Commercial associate,Secondary / secondary special,Married,House / apartment,-12666,-4185,1,0,1,1,Drivers,2.0,0,34.68,0,11.46,81700.0,0.3304498269896194,medium,youth,senior,2.0
5009235,F,Y,Y,2,967100.0,Working,Secondary / secondary special,Married,House / apartment,-19627,-9421,1,0,0,0,Laborers,4.0,0,53.74,0,25.79,241775.0,0.47990323781168587,high,adult,senior,3.0
5009236,F,N,Y,0,253900.0,Commercial associate,Secondary / secondary special,Married,House / apartment,-12878,-1436,1,1,1,0,Core staff,2.0,0,35.26,0,3.93,126950.0,0.1114577424844016,high,adult,mid,2.0
5009237,M,Y,Y,1,182900.0,Working,Higher education,Married,House / apartment,-13050,-3907,1,0,0,0,Laborers,3.0,0,35.73,0,10.7,60966.666666666664,0.2994682339770501,medium,adult,senior,3.0
5009238,M,N,N,0,494600.0,Working,Secondary / secondary special,Married,House / apartment,-22732,-15962,1,1,0,1,Accountants,2.0,0,62.24,0,43.7,247300.0,0.702120822622108,high,senior,senior,1.0
5009239,F,N,Y,0,193100.0,Commercial associate,Secondary / secondary special,Civil marriage,House / apartment,-21678,-4852,1,0,0,0,,2.0,0,59.35,0,13.28,96550.0,0.22375737152485256,medium,senior,senior,2.0
5009240,M,Y,Y,1,560700.0,Working,Incomplete higher,Married,House / apartment,-12676,-4383,1,0,1,0,Sales staff,3.0,0,34.7,0,12.0,186900.0,0.34582132564841495,high,youth,senior,3.0
5009241,F,N,Y,0,158000.0,Working,Secondary / secondary special,Single / not married,House / apartment,-8791,365243,1,1,0,0,,1.0,1,24.07,1,0.0,158000.0,0.0,medium,youth,entry,2.0
5009242,F,Y,Y,1,499100.0,Commercial associate,Higher education,Married,House / apartment,-13835,-2491,1,0,0,0,Private service staff,3.0,0,37.88,0,6.82,166366.66666666666,0.18004223864836325,high,adult,mid,3.0
5009243,M,N,Y,0,269900.0,Commercial associate,Secondary / secondary special,Married,House / apartment,-21186,-11562,1,0,1,0,,2.0,0,58.0,0,31.66,134950.0,0.5458620689655173,high,senior,senior,2.0
5009244,M,N,Y,1,465600.0,Working,Secondary / secondary special,Married,House / apartment,-9141,-2220,1,0,0,0,Laborers,3.0,0,25.03,0,6.08,155200.0,0.2429085097882541,high,youth,mid,2.0
5009245,F,Y,N,0,631800.0,Commercial associate,Secondary / secondary special,Married,Municipal apartment,-19579,-7185,1,0,0,0,,2.0,0,53.6,0,19.67,315900.0,0.36697761194029854,high,adult,senior,2.0
5009246,F,Y,N,0,138600.0,Working,Secondary / secondary special,Married,Municipal apartment,-23554,-13080,1,1,0,0,Laborers,2.0,0,64.49,0,35.81,69300.0,0.5552798883547838,medium,senior,senior,1.0
5009247,F,N,N,0,462000.0,Working,Higher education,Civil marriage,House / apartment,-10578,-2111,1,0,0,0,Managers,2.0,0,28.96,0,5.78,231000.0,0.19958563535911603,high,youth,mid,1.0
5009248,F,Y,Y,0,120700.0,Working,Higher education,Married,House / apartment,-23051,-8240,1,1,0,0,Drivers,2.0,0,63.11,0,22.56,60350.0,0.3574710822373633,medium,senior,senior,2.0
5009249,F,Y,N,0,144600.0,Working,Secondary / secondary special,Married,House / apartment,-8243,-1145,1,0,0,0,Medicine staff,2.0,0,22.57,0,3.13,72300.0,0.1386796632698272,medium,youth,mid,1.0
5009250,F,Y,Y,0,163400.0,State servant,Secondary / secondary special,Married,House / apartment,-19484,-8068,1,0,0,0,Laborers,2.0,0,53.34,0,22.09,81700.0,0.4141357330333708,medium,adult,senior,3.0
5009251,F,N,Y,0,314000.0,Working,Higher education,Married,House / apartment,-21751,-194,1,0,1,0,Core staff,2.0,0,59.55,0,0.53,157000.0,0.008900083963056256,high,senior,entry,2.0
5009252,F,N,Y,0,248200.0,Pensioner,Secondary / secondary special,Married,House / apartment,-15428,365243,1,0,0,0,,2.0,0,42.24,1,0.0,124100.0,0.0,medium,adult,entry,2.0
5009253,M,Y,N,0,224600.0,Pensioner,Secondary / secondary special,Single / not married,House / apartment,-11026,365243,1,0,0,0,,1.0,1,30.19,1,0.0,224600.0,0.0,medium,youth,entry,2.0
5009254,F,Y,N,0,262700.0,State servant,Secondary / secondary special,Married,House / apartment,-24193,-2294,1,0,0,0,,2.0,0,66.24,0,6.28,131350.0,0.09480676328502416,high,senior,mid,2.0
5009255,F,Y,N,0,328100.0,Working,Secondary / secondary special,Married,House / apartment,-7670,-499,1,0,0,0,Laborers,2.0,0,21.0,0,1.37,164050.0,0.06523809523809525,high,youth,entry,2.0
5009256,F,Y,N,3,341000.0,Pensioner,Secondary / secondary special,Married,House / apartment,-17442,365243,1,1,0,0,,5.0,0,47.75,1,0.0,68200.0,0.0,high,adult,entry,2.0
5009257,F,N,N,0,421900.0,State servant,Secondary / secondary special,Married,House / apartment,-14114,-2543,1,1,0,0,Accountants,2.0,0,38.64,0,6.96,210950.0,0.18012422360248448,high,adult,mid,1.0
5009258,M,N,N,0,606500.0,Working,Secondary / secondary special,Married,House / apartment,-15725,-650,1,0,0,1,Security staff,2.0,0,43.05,0,1.78,303250.0,0.0413472706155633,high,adult,entry,1.0
5009259,F,Y,Y,0,241500.0,Working,Higher education,Married,House / apartment,-17104,-6428,1,0,0,0,,2.0,0,46.83,0,17.6,120750.0,0.3758274610292548,medium,adult,senior,3.0
5009260,M,Y,Y,1,188100.0,Working,Secondary / secondary special,Single / not married,House / apartment,-17071,-8927,1,1,0,0,,2.0,0,46.74,0,24.44,94050.0,0.5228925973470261,medium,adult,senior,3.0
5009261,F,Y,Y,0,331800.0,Commercial associate,Secondary / secondary special,Married,House / apartment,-11024,-2660,1,0,0,0,,2.0,0,30.18,0,7.28,165900.0,0.24121935056328694,high,youth,mid,3.0
5009262,M,N,Y,0,137800.0,Commercial associate,Secondary / secondary special,Married,House / apartment,-19718,-12005,1,0,1,0,Laborers,2.0,0,53.98,0,32.87,68900.0,0.6089292330492775,medium,adult,senior,1.0
5009263,M,N,Y,0,173900.0,Working,Higher education,Married,House / apartment,-7655,-559,1,0,0,1,Laborers,2.0,0,20.96,0,1.53,86950.0,0.07299618320610687,medium,youth,entry,2.0
5009264,M,N,Y,0,402400.0,Pensioner,Secondary / secondary special,Single / not married,House / apartment,-7692,365243,1,1,0,0,,1.0,0,21.06,1,0.0,402400.0,0.0,high,youth,entry,2.0
5009265,F,Y,Y,1,229400.0,Working,Secondary / secondary special,Separated,House / apartment,-16043,-4473,1,0,1,0,Medicine staff,2.0,0,43.92,0,12.25,114700.0,0.27891621129326044,medium,adult,senior,3.0
5009266,F,Y,N,0,133400.0,Pensioner,Higher education,Married,House / apartment,-17202,365243,1,0,0,0,,2.0,0,47.1,1,0.0,66700.0,0.0,medium,adult,entry,1.0
5009267,F,Y,N,0,115900.0,Working,Secondary / secondary special,Married,House / apartment,-12325,-2146,1,0,1,1,Sales staff,2.0,0,33.74,0,5.88,57950.0,0.17427385892116182,medium,youth,mid,1.0
5009268,F,Y,Y,1,250200.0,Commercial associate,Secondary / secondary special,Married,Municipal apartment,-17380,-10803,1,0,0,0,Managers,3.0,0,47.58,0,29.58,83400.0,0.6216897856242118,high,adult,senior,3.0
5009269,F,N,Y,0,432100.0,Working,Incomplete higher,Married,House / apartment,-16730,-9018,1,0,1,0,Core staff,2.0,0,45.8,0,24.69,216050.0,0.5390829694323145,high,adult,senior,2.0
5009270,M,N,Y,1,429200.0,Working,Secondary / secondary special,Married,House / apartment,-13683,-1962,1,0,0,0,Managers,3.0,0,37.46,0,5.37,143066.66666666666,0.14335290977042178,high,adult,mid,2.0
5009271,F,N,Y,0,258000.0,Commercial associate,Secondary / secondary special,Married,House / apartment,-19208,-152,1,0,0,0,Laborers,2.0,0,52.59,0,0.42,129000.0,0.007986309184255561,high,adult,entry,2.0
5009272,M,N,N,1,666600.0,Working,Secondary / secondary special,Married,House / apartment,-24799,-1695,1,0,0,0,,3.0,0,67.9,0,4.64,222200.0,0.06833578792341678,high,senior,mid,1.0
5009273,F,Y,Y,1,231700.0,Working,Higher education,Married,House / apartment,-16268,-43,1,0,0,0,Managers,3.0,0,44.54,0,0.12,77233.33333333333,0.0026942074539739558,medium,adult,entry,3.0
5009274,M,N,Y,0,227800.0,Pensioner,Secondary / secondary special,Single / not married,House / apartment,-21660,365243,1,0,0,0,,1.0,0,59.3,1,0.0,227800.0,0.0,medium,senior,entry,2.0
5009275,F,Y,N,1,67600.0,Working,Higher education,Married,House / apartment,-11827,-4550,1,1,0,0,Medicine staff,3.0,0,32.38,0,12.46,22533.333333333332,0.38480543545398394,low,youth,senior,1.0
5009276,M,Y,N,0,195200.0,Pensioner,Higher education,Married,House / apartment,-21220,365243,1,0,0,0,,2.0,0,58.1,1,0.0,97600.0,0.0,medium,senior,entry,2.0
5009277,F,N,Y,0,373800.0,Working,Secondary / secondary special,Married,House / apartment,-19156,-816,1,0,0,0,Laborers,2.0,0,52.45,0,2.23,186900.0,0.042516682554814104,high,adult,entry,2.0
5009278,F,Y,N,0,533600.0,Working,Higher education,Separated,House / apartment,-18987,-10272,1,0,0,1,Managers,1.0,0,51.98,0,28.12,533600.0,0.540977298961139,high,adult,senior,2.0
5009279,F,N,Y,0,161200.0,Working,Secondary / secondary special,Married,House / apartment,-23614,-9986,1,1,0,0,Accountants,2.0,0,64.65,0,27.34,80600.0,0.42289249806651197,medium,senior,senior,2.0
5009280,M,Y,Y,1,307600.0,State servant,Secondary / secondary special,Married,House / apartment,-11567,365243,1,0,0,0,,3.0,1,31.67,1,0.0,102533.33333333333,0.0,high,youth,entry,3.0
5009281,F,N,Y,0,412100.0,Working,Secondary / secondary special,Single / not married,House / apartment,-14034,-1981,1,0,1,0,Laborers,1.0,0,38.42,0,5.42,412100.0,0.14107235814679853,high,adult,mid,2.0
5009282,F,N,Y,2,245500.0,Pensioner,Secondary / secondary special,Married,House / apartment,-8822,365243,1,0,0,0,,4.0,0,24.15,1,0.0,61375.0,0.0,medium,youth,entry,2.0
5009283,F,Y,Y,0,78000.0,State servant,Secondary / secondary special,Married,Co-op apartment,-20566,-8376,1,0,0,0,Core staff,2.0,1,56.31,0,22.93,39000.0,0.4072100870182916,low,senior,senior,2.0
5009284,F,N,Y,0,276300.0,Working,Secondary / secondary special,Married,With parents,-22716,-2932,1,0,0,0,Laborers,2.0,0,62.19,0,8.03,138150.0,0.12912043736935197,high,senior,mid,2.0
5009285,F,Y,Y,0,357200.0,Commercial associate,Secondary / secondary special,Single / not married,House / apartment,-14717,-398,1,0,0,0,Core staff,1.0,0,40.29,0,1.09,357200.0,0.027053859518490944,high,adult,entry,3.0
5009286,F,N,N,0,152000.0,Pensioner,Secondary / secondary special,Separated,House / apartment,-13822,365243,1,0,0,0,,1.0,0,37.84,1,0.0,152000.0,0.0,medium,adult,entry,1.0
5009287,F,N,Y,1,215000.0,Working,Higher education,Single / not married,House / apartment,-19334,-2793,1,0,0,0,HR staff,2.0,0,52.93,0,7.65,107500.0,0.14453051199697714,medium,adult,mid,2.0
5009288,F,N,Y,1,137000.0,Working,Secondary / secondary special,Widow,House / apartment,-8685,-376,1,0,1,1,Managers,2.0,0,23.78,0,1.03,68500.0,0.043313708999158956,medium,youth,entry,1.0
5009289,F,N,N,1,67500.0,Working,Higher education,Married,House / apartment,-12671,-1005,1,0,1,0,Core staff,3.0,0,34.69,0,2.75,22500.0,0.07927356586912655,low,youth,entry,0.0
5009290,M,Y,Y,1,408000.0,Pensioner,Higher education,Separated,House / apartment,-13993,365243,1,0,0,0,,2.0,0,38.31,1,0.0,204000.0,0.0,high,adult,entry,3.0
5009291,M,N,N,0,243700.0,Pensioner,Secondary / secondary special,Single / not married,House / apartment,-16776,365243,1,0,0,0,,1.0,0,45.93,1,0.0,243700.0,0.0,medium,adult,entry,1.0
5009292,F,N,Y,0,542700.0,Working,Secondary / secondary special,Separated,With parents,-16008,-3900,1,0,1,0,Core staff,1.0,0,43.83,0,10.68,542700.0,0.243668720054757,high,adult,senior,2.0
5009293,F,N,Y,0,374800.0,Working,Secondary / secondary special,Married,House / apartment,-11116,-3751,1,0,1,0,,2.0,0,30.43,0,10.27,187400.0,0.33749589221163323,high,youth,senior,2.0
5009294,F,Y,Y,0,204500.0,Pensioner,Higher education,Single / not married,House / apartment,-17181,365243,1,0,0,0,,1.0,0,47.04,1,0.0,204500.0,0.0,medium,adult,entry,3.0
5009295,F,N,Y,0,234200.0,Working,Secondary / secondary special,Married,House / apartment,-24214,-4901,1,0,0,0,,2.0,0,66.29,0,13.42,117100.0,0.20244380751244528,medium,senior,senior,2.0
5009296,M,N,Y,0,324000.0,Commercial associate,Secondary / secondary special,Married,Municipal apartment,-7800,-444,1,1,0,1,Drivers,2.0,0,21.36,0,1.22,162000.0,0.05711610486891386,high,youth,entry,2.0
5009297,M,Y,Y,0,395900.0,Working,Secondary / secondary special,Married,House / apartment,-19729,-9109,1,0,0,0,,2.0,0,54.02,0,24.94,197950.0,0.4616808589411329,high,adult,senior,3.0
5009298,F,N,Y,0,286900.0,Pensioner,Secondary / secondary special,Married,House / apartment,-18714,365243,1,0,0,0,,2.0,0,51.24,1,0.0,143450.0,0.0,high,adult,entry,2.0
5009299,F,Y,Y,1,424300.0,Pensioner,Secondary / secondary special,Married,House / apartment,-24187,365243,1,0,0,0,,3.0,0,66.22,1,0.0,141433.33333333334,0.0,high,senior,entry,3.0
5009300,F,N,Y,0,210500.0,Working,Secondary / secondary special,Widow,House / apartment,-19091,-10566,1,1,0,0,Laborers,1.0,0,52.27,0,28.93,210500.0,0.5534723550793954,medium,adult,senior,2.0
5009301,M,N,Y,0,148300.0,Working,Secondary / secondary special,Married,With parents,-18716,-2114,1,1,0,0,Drivers,2.0,0,51.24,0,5.79,74150.0,0.1129976580796253,medium,adult,mid,1.0
5009302,F,N,Y,0,236300.0,Working,Higher education,Separated,With parents,-21364,-2710,1,1,0,0,Sales staff,1.0,0,58.49,0,7.42,236300.0,0.12685929218669859,medium,senior,mid,2.0
5009303,F,N,Y,1,270500.0,Working,Incomplete higher,Widow,House / apartment,-12196,-1886,1,0,1,0,,2.0,0,33.39,0,5.16,135250.0,0.1545372866127583,high,youth,mid,2.0
5009304,F,N,Y,2,133900.0,Working,Secondary / secondary special,Married,House / apartment,-18185,-2053,1,1,1,0,Cooking staff,4.0,0,49.79,0,5.62,33475.0,0.11287407109861418,medium,adult,mid,1.0
5009305,F,Y,Y,0,125100.0,Commercial associate,Higher education,Married,House / apartment,-16791,-2924,1,0,0,0,,2.0,0,45.97,0,8.01,62550.0,0.1742440722210137,medium,adult,mid,2.0
5009306,M,Y,N,0,305300.0,Working,Higher education,Married,Municipal apartment,-15313,-6241,1,0,0,0,Laborers,2.0,0,41.92,0,17.09,152650.0,0.4076812977099236,high,adult,senior,2.0
5009307,F,N,Y,2,199200.0,Working,Secondary / secondary special,Married,House / apartment,-8757,-1657,1,0,0,0,Accountants,4.0,0,23.98,0,4.54,49800.0,0.18932443703085905,medium,youth,mid,2.0
5009308,F,Y,N,0,224700.0,Pensioner,Secondary / secondary special,Married,House / apartment,-12649,365243,1,1,0,0,,2.0,0,34.63,1,0.0,112350.0,0.0,medium,youth,entry,2.0
5009309,M,Y,Y,1,203900.0,Commercial associate,Higher education,Married,House / apartment,-12418,-2110,1,0,0,0,Drivers,3.0,0,34.0,0,5.78,67966.66666666667,0.17,medium,youth,mid,3.0
5009310,F,N,Y,1,522200.0,Working,Secondary / secondary special,Married,House / apartment,-20532,-9821,1,1,1,0,,3.0,0,56.21,0,26.89,174066.66666666666,0.4783846290695606,high,senior,senior,2.0
5009311,F,Y,Y,0,458800.0,Commercial associate,Higher education,Married,House / apartment,-24118,-15234,1,1,0,0,High skill tech staff,2.0,0,66.03,0,41.71,229400.0,0.6316825685294563,high,senior,senior,3.0
5009312,F,Y,N,0,131500.0,Pensioner,Secondary / secondary special,Married,House / apartment,-11520,365243,1,0,0,0,,2.0,0,31.54,1,0.0,65750.0,0.0,medium,youth,entry,1.0
5009313,F,N,Y,0,187000.0,Commercial associate,Secondary / secondary special,Married,House / apartment,-8668,-1502,1,1,1,0,Sales staff,2.0,0,23.73,0,4.11,93500.0,0.17319848293299622,medium,youth,mid,2.0
5009314,F,Y,Y,0,373400.0,Working,Secondary / secondary special,Civil marriage,With parents,-25567,-11330,1,0,0,0,Managers,2.0,0,70.0,0,31.02,186700.0,0.4431428571428571,high,senior,senior,3.0
5009315,F,N,Y,1,329900.0,Working,Secondary / secondary special,Married,House / apartment,-19928,-6742,1,0,0,0,Laborers,3.0,0,54.56,0,18.46,109966.66666666667,0.3383431085043988,high,adult,senior,2.0
5009316,F,N,Y,1,239100.0,Pensioner,Secondary / secondary special,Married,House / apartment,-23494,365243,1,0,0,0,,3.0,0,64.32,1,0.0,79700.0,0.0,medium,senior,entry,2.0
5009317,F,N,Y,1,138200.0,Pensioner,Secondary / secondary special,Married,House / apartment,-9933,365243,1,1,1,0,,3.0,0,27.2,1,0.0,46066.666666666664,0.0,medium,youth,entry,1.0
5009318,M,Y,Y,0,173500.0,Commercial associate,Secondary / secondary special,Single / not married,House / apartment,-21929,-5124,1,1,0,0,,1.0,0,60.04,0,14.03,173500.0,0.23367754830113258,medium,senior,senior,3.0
5009319,M,N,Y,0,188500.0,Working,Secondary / secondary special,Married,House / apartment,-22158,-4598,1,0,1,0,Managers,2.0,1,60.67,0,12.59,94250.0,0.20751607054557442,medium,senior,senior,2.0
5009320,F,N,Y,0,280400.0,Commercial associate,Secondary / secondary special,Married,House / apartment,-10072,-1406,1,0,0,0,Laborers,2.0,0,27.58,0,3.85,140200.0,0.13959390862944163,high,youth,mid,2.0
5009321,F,N,Y,0,572200.0,Pensioner,Higher education,Married,House / apartment,-10253,365243,1,0,0,0,,2.0,0,28.07,1,0.0,286100.0,0.0,high,youth,entry,2.0
5009322,F,Y,N,0,173200.0,Working,Secondary / secondary special,Separated,House / apartment,-12701,-1038,1,0,1,0,Laborers,1.0,0,34.77,0,2.84,173200.0,0.08167960885821109,medium,youth,entry,2.0
5009323,M,N,N,0,146200.0,Working,Higher education,Separated,House / apartment,-11264,-1853,1,0,0,0,,1.0,0,30.84,0,5.07,146200.0,0.16439688715953307,medium,youth,mid,0.0
5009324,F,N,Y,0,231200.0,Commercial associate,Higher education,Married,House / apartment,-25118,-16369,1,0,0,0,,2.0,0,68.77,0,44.82,115600.0,0.6517376763123456,medium,senior,senior,2.0
5009325,F,N,Y,3,408900.0,Pensioner,Secondary / secondary special,Single / not married,House / apartment,-13933,365243,1,0,0,0,,4.0,0,38.15,1,0.0,102225.0,0.0,high,adult,entry,2.0
5009326,F,N,N,0,118400.0,Working,Secondary / secondary special,Married,House / apartment,-21208,-5805,1,0,0,0,Laborers,2.0,1,58.06,0,15.89,59200.0,0.2736823975198071,medium,senior,senior,0.0
5009327,F,N,Y,1,505000.0,Commercial associate,Higher education,Married,Municipal apartment,-22007,-2395,1,0,0,0,,3.0,0,60.25,0,6.56,168333.33333333334,0.10887966804979253,high,senior,mid,2.0
5009328,F,N,Y,0,224000.0,Commercial associate,Higher education,Married,House / apartment,-14353,-3158,1,0,0,0,Managers,2.0,0,39.3,0,8.65,112000.0,0.22010178117048348,medium,adult,mid,2.0
5009329,F,Y,N,0,169100.0,Commercial associate,Secondary / secondary special,Married,House / apartment,-19771,-9960,1,0,1,0,Managers,2.0,0,54.13,0,27.27,84550.0,0.503787179013486,medium,adult,senior,2.0
5009330,F,N,Y,1,109700.0,Commercial associate,Secondary / secondary special,Single / not married,House / apartment,-9274,-1734,1,1,0,0,,2.0,0,25.39,0,4.75,54850.0,0.18708152816069318,medium,youth,mid,1.0
5009331,M,Y,Y,1,347600.0,Commercial associate,Secondary / secondary special,Separated,House / apartment,-14555,-4730,1,0,0,0,Laborers,2.0,0,39.85,0,12.95,173800.0,0.3249686323713927,high,adult,senior,3.0
5009332,M,N,N,0,224100.0,Working,Secondary / secondary special,Married,House / apartment,-24971,-7874,1,0,1,1,,2.0,0,68.37,0,21.56,112050.0,0.3153429866900687,medium,senior,senior,1.0
5009333,F,Y,Y,0,265900.0,Working,Secondary / secondary special,Married,House / apartment,-10383,-1184,1,0,0,0,Drivers,2.0,0,28.43,0,3.24,132950.0,0.11396412240590927,high,youth,mid,3.0
5009334,F,N,N,0,155600.0,Commercial associate,Secondary / secondary special,Married,House / apartment,-14349,-5440,1,0,0,0,Laborers,2.0,0,39.29,0,14.89,77800.0,0.3789768388903029,medium,adult,senior,1.0
5009335,F,Y,N,0,208100.0,Working,Incomplete higher,Married,House / apartment,-21742,-454,1,1,0,0,Sales staff,2.0,0,59.53,0,1.24,104050.0,0.02082983369729548,medium,senior,entry,2.0
5009336,F,N,N,2,191400.0,Commercial associate,Higher education,Separated,House / apartment,-19457,-7345,1,0,0,0,,3.0,0,53.27,0,20.11,63800.0,0.3775107940679557,medium,adult,senior,1.0
5009337,F,N,Y,0,232200.0,Commercial associate,Secondary / secondary special,Civil marriage,House / apartment,-18838,-539,1,0,0,0,Laborers,2.0,0,51.58,0,1.48,116100.0,0.02869329197363319,medium,adult,entry,2.0
5009338,F,Y,Y,0,174700.0,Working,Secondary / secondary special,Married,House / apartment,-22888,-13885,1,1,1,0,Sales staff,2.0,0,62.66,0,38.02,87350.0,0.6067666773060965,medium,senior,senior,3.0
5009339,F,Y,Y,2,113400.0,Commercial associate,Secondary / secondary special,Married,House / apartment,-7836,365243,1,0,0,1,,4.0,1,21.45,1,0.0,28350.0,0.0,medium,youth,entry,2.0
5009340,F,Y,Y,0,955200.0,Commercial associate,Secondary / secondary special,Single / not married,House / apartment,-21388,-13628,1,0,0,0,Core staff,1.0,0,58.56,0,37.31,955200.0,0.6371243169398907,high,senior,senior,3.0
5009341,M,N,Y,0,123500.0,Working,Secondary / secondary special,Married,Municipal apartment,-23423,-10227,1,0,1,0,,2.0,0,64.13,0,28.0,61750.0,0.43661312958053955,medium,senior,senior,1.0
5009342,F,N,Y,0,267300.0,Working,Secondary / secondary special,Widow,House / apartment,-7600,-156,1,0,0,0,Laborers,1.0,0,20.81,0,0.43,267300.0,0.02066314271984623,high,youth,entry,2.0
5009343,M,N,Y,0,100700.0,Pensioner,Secondary / secondary special,Married,House / apartment,-17513,365243,1,0,0,0,,2.0,0,47.95,1,0.0,50350.0,0.0,medium,adult,entry,1.0
5009344,F,Y,Y,0,89900.0,Working,Secondary / secondary special,Married,House / apartment,-13671,-3567,1,0,0,0,Laborers,2.0,0,37.43,0,9.77,44950.0,0.26102057173390325,low,adult,mid,2.0
5009345,F,N,Y,0,256400.0,Commercial associate,Higher education,Married,House / apartment,-8232,-294,1,0,0,0,Accountants,2.0,0,22.54,0,0.8,128200.0,0.035492457852706306,high,youth,entry,2.0
5009346,M,N,N,0,266400.0,Working,Higher education,Married,House / apartment,-14934,-4568,1,1,1,0,Sales staff,2.0,0,40.89,0,12.51,133200.0,0.30594277329420394,high,adult,senior,1.0
5009347,F,N,N,1,458700.0,Working,Secondary / secondary special,Married,House / apartment,-19067,-8300,1,1,0,0,,3.0,0,52.2,0,22.72,152900.0,0.43524904214559385,high,adult,senior,1.0
5009348,F,N,N,1,298100.0,Working,Secondary / secondary special,Married,House / apartment,-24088,-8003,1,0,1,0,,3.0,0,65.95,0,21.91,99366.66666666667,0.332221379833207,high,senior,senior,1.0
5009349,F,Y,Y,0,226500.0,Pensioner,Secondary / secondary special,Single / not married,House / apartment,-18637,365243,1,0,1,0,,1.0,0,51.03,1,0.0,226500.0,0.0,medium,adult,entry,3.0
5009350,M,Y,N,0,151900.0,Working,Secondary / secondary special,Married,House / apartment,-22951,-7512,1,0,0,0,Laborers,2.0,0,62.84,0,20.57,75950.0,0.32733927434754934,medium,senior,senior,2.0
5009351,F,Y,N,0,516600.0,Working,Higher education,Married,House / apartment,-9525,-2186,1,0,1,0,,2.0,0,26.08,0,5.98,258300.0,0.2292944785276074,high,youth,mid,2.0
5009352,F,Y,Y,0,388400.0,Commercial associate,Secondary / secondary special,Civil marriage,House / apartment,-11150,-2926,1,0,0,0,,2.0,0,30.53,0,8.01,194200.0,0.262364886996397,high,youth,mid,3.0
5009353,F,Y,Y,1,130900.0,Working,Secondary / secondary special,Single / not married,House / apartment,-25025,-18331,1,0,1,1,,2.0,0,68.51,0,50.19,65450.0,0.7325937819296452,medium,senior,senior,2.0
5009354,F,Y,Y,0,248800.0,Working,Secondary / secondary special,Married,House / apartment,-23511,-5898,1,1,0,0,Laborers,2.0,0,64.37,0,16.15,124400.0,0.2508932732639428,medium,senior,senior,3.0
5009355,F,Y,Y,0,262400.0,Working,Higher education,Civil marriage,House / apartment,-11601,-714,1,0,0,0,Laborers,2.0,0,31.76,0,1.95,131200.0,0.06139798488664987,high,youth,entry,3.0
5009356,F,N,Y,0,205400.0,Working,Secondary / secondary special,Widow,House / apartment,-18646,-6331,1,1,0,0,Laborers,1.0,0,51.05,0,17.33,205400.0,0.3394711067580803,medium,adult,senior,2.0
5009357,F,N,Y,0,359100.0,Commercial associate,Secondary / secondary special,Married,House / apartment,-13928,-7287,1,1,0,0,Laborers,2.0,0,38.13,0,19.95,179550.0,0.5232100708103855,high,adult,senior,2.0
5009358,F,N,N,0,370000.0,Working,Higher education,Married,House / apartment,-15863,-4394,1,0,0,0,,2.0,0,43.43,0,12.03,185000.0,0.2769974671885793,high,adult,senior,1.0
5009359,F,N,Y,1,222000.0,Working,Secondary / secondary special,Married,House / apartment,-23027,-5260,1,0,0,0,,3.0,0,63.04,0,14.4,74000.0,0.2284263959390863,medium,senior,senior,2.0
5009360,M,Y,Y,2,212100.0,Pensioner,Secondary / secondary special,Married,House / apartment,-20741,365243,1,0,0,0,,4.0,0,56.79,1,0.0,53025.0,0.0,medium,senior,entry,3.0
5009361,M,N,N,1,516600.0,Pensioner,Secondary / secondary special,Married,House / apartment,-11660,365243,1,0,0,0,,3.0,0,31.92,1,0.0,172200.0,0.0,high,youth,entry,1.0
5009362,F,Y,Y,2,389200.0,Pensioner,Higher education,Married,With parents,-13076,365243,1,0,0,0,,4.0,0,35.8,1,0.0,97300.0,0.0,high,adult,entry,3.0
5009363,F,N,N,2,253100.0,Pensioner,Higher education,Separated,House / apartment,-12596,365243,1,1,0,1,,3.0,0,34.49,1,0.0,84366.66666666667,0.0,high,youth,entry,1.0
5009364,F,Y,Y,0,108100.0,Commercial associate,Secondary / secondary special,Married,House / apartment,-21562,-11189,1,1,0,0,Core staff,2.0,0,59.03,0,30.63,54050.0,0.5188887006606809,medium,senior,senior,2.0
5009365,M,N,N,0,290000.0,Commercial associate,Secondary / secondary special,Married,House / apartment,-16255,-1342,1,0,0,0,Cleaning staff,2.0,0,44.5,0,3.67,145000.0,0.08247191011235955,high,adult,mid,1.0
5009366,M,Y,Y,1,346100.0,Commercial associate,Secondary / secondary special,Single / not married,House / apartment,-24668,-9722,1,0,0,0,,2.0,0,67.54,0,26.62,173050.0,0.39413680781758953,high,senior,senior,3.0
5009367,M,Y,Y,0,61600.0,Pensioner,Secondary / secondary special,Married,House / apartment,-22220,365243,1,0,0,0,,2.0,0,60.84,1,0.0,30800.0,0.0,low,senior,entry,2.0
5009368,F,N,Y,0,276900.0,Commercial associate,Secondary / secondary special,Married,House / apartment,-11162,-1691,1,0,0,0,,2.0,0,30.56,0,4.63,138450.0,0.15150523560209425,high,youth,mid,2.0
5009369,F,Y,N,0,198200.0,Working,Secondary / secondary special,Married,House / apartment,-21658,-14463,1,1,0,0,Laborers,2.0,0,59.3,0,39.6,99100.0,0.6677908937605397,medium,senior,senior,2.0
5009370,F,N,N,0,218600.0,Pensioner,Secondary / secondary special,Married,House / apartment,-16547,365243,1,0,1,1,,2.0,0,45.3,1,0.0,109300.0,0.0,medium,adult,entry,1.0
5009371,F,N,Y,0,155100.0,Pensioner,Higher education,Widow,House / apartment,-11938,365243,1,0,1,0,,1.0,0,32.68,1,0.0,155100.0,0.0,medium,youth,entry,2.0
5009372,F,N,N,0,226700.0,Pensioner,Secondary / secondary special,Married,House / apartment,-13940,365243,1,0,1,0,,2.0,0,38.17,1,0.0,113350.0,0.0,medium,adult,entry,1.0
5009373,M,N,Y,0,489700.0,Working,Secondary / secondary special,Single / not married,House / apartment,-25058,-11474,1,0,0,0,,1.0,0,68.61,0,31.41,489700.0,0.4578049846961084,high,senior,senior,2.0
5009374,F,N,Y,1,195300.0,Working,Secondary / secondary special,Married,House / apartment,-16143,-3197,1,0,0,0,Managers,3.0,0,44.2,0,8.75,65100.0,0.19796380090497737,medium,adult,mid,2.0
5009375,F,Y,N,0,395600.0,Working,Secondary / secondary special,Single / not married,House / apartment,-20447,-7437,1,0,1,0,,1.0,0,55.98,0,20.36,395600.0,0.36370132190067883,high,senior,senior,2.0
5009376,F,N,Y,1,163100.0,Working,Secondary / secondary special,Married,House / apartment,-16018,-180,1,0,0,0,Core staff,3.0,0,43.85,0,0.49,54366.666666666664,0.011174458380843785,medium,adult,entry,2.0
5009377,F,N,Y,0,356800.0,Working,Secondary / secondary special,Married,House / apartment,-14091,-1724,1,1,0,0,Sales staff,2.0,0,38.58,0,4.72,178400.0,0.12234318299637117,high,adult,mid,2.0
5009378,F,N,N,0,244300.0,Working,Higher education,Widow,House / apartment,-21850,-13656,1,0,1,0,Accountants,1.0,0,59.82,0,37.39,244300.0,0.6250417920427951,medium,senior,senior,1.0
5009379,F,Y,N,0,291100.0,Working,Higher education,Married,House / apartment,-22798,-8516,1,1,0,0,Accountants,2.0,0,62.42,0,23.32,145550.0,0.3735982057033002,high,senior,senior,2.0
5009380,M,N,N,0,245000.0,Working,Secondary / secondary special,Married,House / apartment,-8618,-1543,1,1,1,0,Core staff,2.0,0,23.59,0,4.22,122500.0,0.17888935989826196,medium,youth,mid,1.0
5009381,F,N,N,0,336500.0,Commercial associate,Secondary / secondary special,Married,House / apartment,-12400,-2025,1,0,0,0,Laborers,2.0,0,33.95,0,5.54,168250.0,0.16318114874815903,high,youth,mid,1.0
5009382,F,N,Y,1,67600.0,Pensioner,Secondary / secondary special,Married,House / apartment,-16580,365243,1,0,0,0,,3.0,1,45.39,1,0.0,22533.333333333332,0.0,low,adult,entry,1.0
5009383,M,N,N,1,120000.0,Working,Higher education,Civil marriage,House / apartment,-13085,-2339,1,0,0,0,Laborers,3.0,0,35.82,0,6.4,40000.0,0.1786711334450028,medium,adult,mid,0.0
5009384,F,Y,Y,2,300700.0,Commercial associate,Secondary / secondary special,Single / not married,House / apartment,-21615,-11569,1,0,0,0,Cleaning staff,3.0,0,59.18,0,31.67,100233.33333333333,0.5351470091247044,high,senior,senior,3.0
5009385,F,Y,N,0,87900.0,Working,Secondary / secondary special,Married,House / apartment,-9400,-2390,1,1,1,0,Core staff,2.0,0,25.74,0,6.54,43950.0,0.2540792540792541,low,youth,mid,1.0
5009386,F,N,Y,0,187200.0,Working,Incomplete higher,Separated,House / apartment,-21875,-7511,1,1,1,0,Drivers,1.0,0,59.89,0,20.56,187200.0,0.34329604274503256,medium,senior,senior,2.0
5009387,M,N,Y,0,237600.0,Commercial associate,Higher education,Married,House / apartment,-18589,-6913,1,0,0,0,Laborers,2.0,0,50.89,0,18.93,118800.0,0.3719787777559442,medium,adult,senior,2.0
5009388,F,N,Y,0,161400.0,Commercial associate,Higher education,Married,House / apartment,-12590,-1741,1,0,0,0,Core staff,2.0,0,34.47,0,4.77,80700.0,0.13838120104438642,medium,youth,mid,2.0
5009389,M,Y,Y,0,172800.0,Pensioner,Higher education,Married,House / apartment,-13596,365243,1,1,1,0,,2.0,0,37.22,1,0.0,86400.0,0.0,medium,adult,entry,3.0
5009390,M,N,Y,0,279600.0,Working,Secondary / secondary special,Married,House / apartment,-10645,-2756,1,0,1,0,Drivers,2.0,0,29.14,0,7.55,139800.0,0.2590940288263555,high,youth,mid,2.0
5009391,M,N,N,0,404400.0,Pensioner,Higher education,Married,House / apartment,-11918,365243,1,1,0,0,,2.0,0,32.63,1,0.0,202200.0,0.0,high,youth,entry,1.0
5009392,M,N,N,0,151200.0,Working,Secondary / secondary special,Married,House / apartment,-20404,-11405,1,0,1,0,,2.0,1,55.86,0,31.23,75600.0,0.5590762620837809,medium,senior,senior,1.0
5009393,M,N,Y,0,183100.0,Working,Lower secondary,Widow,House / apartment,-14170,-3410,1,1,1,0,Laborers,1.0,0,38.8,0,9.34,183100.0,0.2407216494845361,medium,adult,mid,2.0
5009394,M,Y,N,0,169400.0,Working,Secondary / secondary special,Married,House / apartment,-19860,-926,1,0,0,0,Core staff,2.0,0,54.37,0,2.54,84700.0,0.046716939488688616,medium,adult,entry,2.0
5009395,F,N,Y,0,72700.0,Pensioner,Secondary / secondary special,Married,Rented apartment,-16694,365243,1,0,1,0,,2.0,1,45.71,1,0.0,36350.0,0.0,low,adult,entry,1.0
5009396,M,Y,Y,1,262100.0,Working,Secondary / secondary special,Married,House / apartment,-9959,-3089,1,0,1,0,Managers,3.0,0,27.27,0,8.46,87366.66666666667,0.31023102310231027,high,youth,mid,3.0
5009397,M,N,Y,0,389600.0,Working,Secondary / secondary special,Married,House / apartment,-16419,-2663,1,1,1,0,Laborers,2.0,0,44.95,0,7.29,194800.0,0.1621802002224694,high,adult,mid,2.0
5009398,F,Y,N,0,405900.0,Commercial associate,Secondary / secondary special,Married,House / apartment,-21120,-8149,1,0,0,0,Core staff,2.0,0,57.82,0,22.31,202950.0,0.385852646143203,high,senior,senior,2.0
5009399,F,N,N,0,158000.0,Working,Secondary / secondary special,Married,House / apartment,-12741,-1825,1,0,0,0,Laborers,2.0,0,34.88,0,5.0,79000.0,0.143348623853211,medium,youth,mid,1.0
5009400,F,Y,Y,0,130600.0,Working,Secondary / secondary special,Married,House / apartment,-19141,-10184,1,0,0,0,Managers,2.0,0,52.41,0,27.88,65300.0,0.531959549704255,medium,adult,senior,2.0
5009401,M,N,Y,1,246800.0,Working,Secondary / secondary special,Married,House / apartment,-10940,-2105,1,1,1,0,,3.0,0,29.95,0,5.76,82266.66666666667,0.19232053422370618,medium,youth,mid,2.0
5009402,M,N,Y,1,369600.0,Working,Secondary / secondary special,Single / not married,House / apartment,-9783,-2473,1,0,0,0,Drivers,2.0,0,26.78,0,6.77,184800.0,0.2528005974607916,high,youth,mid,2.0
5009403,M,N,Y,0,263800.0,Commercial associate,Secondary / secondary special,Widow,House / apartment,-13884,-6016,1,0,0,1,Laborers,1.0,0,38.01,0,16.47,263800.0,0.43330702446724545,high,adult,senior,2.0
5009404,M,Y,Y,0,282100.0,Commercial associate,Secondary / secondary special,Married,House / apartment,-14413,365243,1,0,0,0,,2.0,1,39.46,1,0.0,141050.0,0.0,high,adult,entry,3.0
5009405,M,Y,Y,2,432100.0,Working,Higher education,Married,House / apartment,-21203,-11350,1,0,0,0,Laborers,4.0,0,58.05,0,31.07,108025.0,0.5352282515073213,high,senior,senior,3.0
5009406,M,Y,Y,0,168700.0,Working,Secondary / secondary special,Married,House / apartment,-15707,-6648,1,0,1,1,,2.0,1,43.0,0,18.2,84350.0,0.4232558139534884,medium,adult,senior,3.0
5009407,M,N,N,1,218700.0,Pensioner,Secondary / secondary special,Single / not married,House / apartment,-8789,365243,1,0,1,0,,2.0,0,24.06,1,0.0,109350.0,0.0,medium,youth,entry,1.0
5009408,M,Y,Y,0,552800.0,Working,Secondary / secondary special,Married,House / apartment,-18883,-7093,1,1,1,0,Laborers,2.0,0,51.7,0,19.42,276400.0,0.3756286266924565,high,adult,senior,3.0
5009409,F,N,Y,0,221300.0,Commercial associate,Higher education,Married,House / apartment,-15875,-6647,1,0,0,0,Sales staff,2.0,0,43.46,0,18.2,110650.0,0.41877588587206627,medium,adult,senior,2.0
5009410,M,N,Y,1,129500.0,Working,Secondary / secondary special,Married,House / apartment,-13362,-1235,1,0,1,0,Laborers,3.0,0,36.58,0,3.38,43166.666666666664,0.09240021869874249,medium,adult,mid,1.0
5009411,F,N,N,0,174700.0,Working,Secondary / secondary special,Single / not married,House / apartment,-21956,-13537,1,0,0,0,Laborers,1.0,0,60.11,0,37.06,174700.0,0.6165363500249543,medium,senior,senior,1.0
5009412,F,N,N,0,152700.0,State servant,Higher education,Married,House / apartment,-10124,-3111,1,0,0,0,Medicine staff,2.0,0,27.72,0,8.52,76350.0,0.30735930735930733,medium,youth,mid,1.0
5009413,F,N,N,0,291900.0,Commercial associate,Higher education,Married,House / apartment,-23983,-13846,1,0,0,0,Drivers,2.0,0,65.66,0,37.91,145950.0,0.5773682607371307,high,senior,senior,1.0
5009414,M,Y,Y,0,156000.0,Working,Higher education,Married,House / apartment,-13406,-5782,1,1,1,0,,2.0,0,36.7,0,15.83,78000.0,0.4313351498637602,medium,adult,senior,3.0
5009415,F,N,N,1,279600.0,Working,Secondary / secondary special,Married,House / apartment,-15723,-2009,1,0,0,0,,3.0,0,43.05,0,5.5,93200.0,0.12775842044134728,high,adult,mid,1.0
5009416,F,N,Y,0,169000.0,Working,Higher education,Single / not married,House / apartment,-24275,-3090,1,0,0,0,,1.0,0,66.46,0,8.46,169000.0,0.12729461330123384,medium,senior,mid,2.0
5009417,M,Y,Y,0,84400.0,Working,Secondary / secondary special,Civil marriage,With parents,-21207,-7138,1,0,0,0,Laborers,2.0,0,58.06,0,19.54,42200.0,0.33654839820874954,low,senior,senior,2.0
5009418,F,N,Y,1,284600.0,State servant,Higher education,Single / not married,House / apartment,-8662,-1236,1,0,0,0,Laborers,2.0,0,23.72,0,3.38,142300.0,0.14249578414839797,high,youth,mid,2.0
5009419,F,N,Y,0,262900.0,Pensioner,Higher education,Married,House / apartment,-17866,365243,1,1,1,0,,2.0,0,48.91,1,0.0,131450.0,0.0,high,adult,entry,2.0
5009420,M,N,N,0,316300.0,Working,Higher education,Married,House / apartment,-12973,-5997,1,0,0,0,Sales staff,2.0,0,35.52,0,16.42,158150.0,0.4622747747747748,high,adult,senior,1.0
5009421,M,Y,N,1,174400.0,Working,Secondary / secondary special,Married,House / apartment,-16591,-1623,1,0,0,0,Medicine staff,3.0,0,45.42,0,4.44,58133.333333333336,0.0977542932628798,medium,adult,mid,2.0
5009422,F,N,Y,4,165300.0,Pensioner,Higher education,Married,House / apartment,-20873,365243,1,0,1,0,,6.0,0,57.15,1,0.0,27550.0,0.0,medium,senior,entry,2.0
5009423,F,Y,Y,0,298400.0,Working,Secondary / secondary special,Civil marriage,House / apartment,-16366,-6039,1,1,0,0,Accountants,2.0,0,44.81,0,16.53,149200.0,0.3688908725730864,high,adult,senior,3.0
5009424,M,Y,Y,0,521800.0,Commercial associate,Secondary / secondary special,Married,House / apartment,-8602,-1595,1,0,0,0,Managers,2.0,1,23.55,0,4.37,260900.0,0.18556263269639064,high,youth,mid,3.0
5009425,M,N,Y,1,245500.0,Commercial associate,Secondary / secondary special,Married,Municipal apartment,-16984,-1649,1,1,1,0,Core staff,3.0,1,46.5,0,4.51,81833.33333333333,0.09698924731182795,medium,adult,mid,2.0
5009426,F,N,Y,1,301900.0,Commercial associate,Secondary / secondary special,Widow,House / apartment,-7746,-653,1,0,1,0,Laborers,2.0,0,21.21,0,1.79,150950.0,0.0843941537010844,high,youth,entry,2.0
5009427,F,N,N,1,207900.0,Commercial associate,Secondary / secondary special,Widow,House / apartment,-13668,-6836,1,0,0,0,Security staff,2.0,0,37.42,0,18.72,103950.0,0.5002672367717798,medium,adult,senior,1.0
5009428,F,Y,N,0,112800.0,Commercial associate,Secondary / secondary special,Married,House / apartment,-16035,-1013,1,0,1,0,,2.0,1,43.9,0,2.77,56400.0,0.06309794988610479,medium,adult,entry,1.0
5009429,F,N,Y,0,396000.0,State servant,Secondary / secondary special,Married,Rented apartment,-19078,-5523,1,0,0,0,,2.0,0,52.23,0,15.12,198000.0,0.28948879954049395,high,adult,senior,2.0
5009430,F,N,N,0,384500.0,Working,Secondary / secondary special,Married,House / apartment,-16550,-5537,1,0,0,0,,2.0,0,45.31,0,15.16,192250.0,0.3345839770470095,high,adult,senior,1.0
5009431,F,Y,Y,1,348300.0,Pensioner,Higher education,Separated,House / apartment,-10080,365243,1,0,0,0,,2.0,0,27.6,1,0.0,174150.0,0.0,high,youth,entry,3.0
5009432,M,N,Y,1,222900.0,Working,Higher education,Married,House / apartment,-24330,-6140,1,0,0,0,Laborers,3.0,0,66.61,0,16.81,74300.0,0.25236450983335834,medium,senior,senior,2.0
5009433,M,Y,Y,0,329100.0,Working,Secondary / secondary special,Widow,House / apartment,-19181,-12340,1,0,0,0,Laborers,1.0,0,52.51,0,33.79,329100.0,0.6434964768615502,high,adult,senior,3.0
5009434,F,N,Y,0,381700.0,Working,Lower secondary,Married,House / apartment,-13094,-1828,1,1,0,0,Managers,2.0,0,35.85,0,5.0,190850.0,0.1394700139470014,high,adult,mid,2.0
5009435,F,N,N,0,548800.0,Commercial associate,Secondary / secondary special,Married,House / apartment,-24945,-17417,1,0,0,0,Sales staff,2.0,0,68.3,0,47.69,274400.0,0.6982430453879941,high,senior,senior,1.0
5009436,F,Y,Y,2,400200.0,Working,Higher education,Married,House / apartment,-23423,-11109,1,0,1,0,Sales staff,4.0,0,64.13,0,30.41,100050.0,0.47419304537657886,high,senior,senior,3.0
5009437,F,Y,Y,0,252000.0,Pensioner,Secondary / secondary special,Married,House / apartment,-9925,365243,1,0,0,0,,2.0,0,27.17,1,0.0,126000.0,0.0,high,youth,entry,3.0
5009438,M,Y,Y,0,126900.0,Commercial associate,Incomplete higher,Separated,House / apartment,-19275,-5516,1,0,1,0,HR staff,1.0,0,52.77,0,15.1,126900.0,0.2861474322531741,medium,adult,senior,2.0
5009439,F,Y,N,0,263900.0,Working,Higher education,Married,House / apartment,-17533,-10397,1,0,0,0,,2.0,0,48.0,0,28.47,131950.0,0.593125,high,adult,senior,2.0
5009440,F,N,Y,0,277500.0,Commercial associate,Secondary / secondary special,Married,House / apartment,-10826,-1242,1,0,0,1,,2.0,0,29.64,0,3.4,138750.0,0.11470985155195682,high,youth,mid,2.0
5009441,M,N,N,0,348000.0,Pensioner,Secondary / secondary special,Married,House / apartment,-11569,365243,1,0,0,0,,2.0,0,31.67,1,0.0,174000.0,0.0,high,youth,entry,1.0
5009442,M,Y,N,1,480400.0,Commercial associate,Secondary / secondary special,Single / not married,House / apartment,-17601,-6549,1,0,0,0,Laborers,2.0,0,48.19,0,17.93,240200.0,0.3720688939614028,high,adult,senior,2.0
5009443,F,Y,Y,1,232800.0,Working,Secondary / secondary special,Married,House / apartment,-13173,-629,1,0,1,0,Managers,3.0,0,36.07,0,1.72,77600.0,0.047685056833934016,medium,adult,entry,3.0
5009444,M,N,Y,0,698000.0,Pensioner,Secondary / secondary special,Civil marriage,House / apartment,-22551,365243,1,0,0,0,,2.0,1,61.74,1,0.0,349000.0,0.0,high,senior,entry,2.0
5009445,M,N,N,0,101300.0,Commercial associate,Secondary / secondary special,Married,House / apartment,-9090,-833,1,0,1,0,,2.0,0,24.89,0,2.28,50650.0,0.09160305343511449,medium,youth,entry,0.0
5009446,M,Y,Y,1,301100.0,Working,Secondary / secondary special,Married,House / apartment,-23997,-12750,1,0,0,0,Laborers,3.0,0,65.7,0,34.91,100366.66666666667,0.5313546423135463,high,senior,senior,3.0
5009447,M,Y,N,0,163800.0,Working,Secondary / secondary special,Married,House / apartment,-22656,-11741,1,0,0,0,,2.0,0,62.03,0,32.15,81900.0,0.5182975979364823,medium,senior,senior,2.0
5009448,M,N,Y,0,94100.0,Working,Higher education,Married,House / apartment,-20794,-14020,1,1,0,0,Laborers,2.0,0,56.93,0,38.38,47050.0,0.6741612506587037,low,senior,senior,1.0
5009449,F,Y,Y,2,220700.0,Pensioner,Higher education,Married,House / apartment,-12100,365243,1,0,0,0,,4.0,0,33.13,1,0.0,55175.0,0.0,medium,youth,entry,3.0
5009450,F,Y,N,1,117800.0,Working,Secondary / secondary special,Widow,House / apartment,-20362,-3987,1,0,0,0,Managers,2.0,0,55.75,0,10.92,58900.0,0.1958744394618834,medium,senior,senior,1.0
5009451,F,N,N,1,225200.0,Working,Secondary / secondary special,Married,House / apartment,-15318,-1187,1,1,0,0,,3.0,1,41.94,0,3.25,75066.66666666667,0.07749165474487363,medium,adult,mid,1.0
5009452,F,N,N,0,248400.0,Pensioner,Secondary / secondary special,Married,Municipal apartment,-18879,365243,1,0,1,0,,2.0,0,51.69,1,0.0,124200.0,0.0,medium,adult,entry,1.0
5009453,F,N,Y,0,427100.0,Working,Secondary / secondary special,Married,With parents,-13013,-384,1,0,0,0,,2.0,0,35.63,0,1.05,213550.0,0.029469548133595282,high,adult,entry,2.0
5009454,M,N,N,0,114900.0,Pensioner,Secondary / secondary special,Married,House / apartment,-22570,365243,1,0,1,0,,2.0,0,61.79,1,0.0,57450.0,0.0,medium,senior,entry,0.0
5009455,F,N,N,0,384500.0,Working,Higher education,Single / not married,House / apartment,-8046,-1440,1,0,0,0,Sales staff,1.0,0,22.03,0,3.94,384500.0,0.17884702678166137,high,youth,mid,1.0
5009456,F,Y,N,1,256400.0,Working,Higher education,Single / not married,Office apartment,-19933,-7981,1,0,0,0,Accountants,2.0,0,54.57,0,21.85,128200.0,0.4004031519149716,high,adult,senior,2.0
5009457,F,Y,Y,0,408400.0,Working,Secondary / secondary special,Married,House / apartment,-22438,-10619,1,0,0,0,,2.0,0,61.43,0,29.07,204200.0,0.47322155298713986,high,senior,senior,3.0
5009458,F,Y,Y,1,196700.0,Pensioner,Secondary / secondary special,Married,Municipal apartment,-19110,365243,1,0,0,0,,3.0,0,52.32,1,0.0,65566.66666666667,0.0,medium,adult,entry,3.0
5009459,M,Y,N,0,125400.0,Commercial associate,Secondary / secondary special,Married,House / apartment,-10811,-1313,1,0,1,0,,2.0,0,29.6,0,3.59,62700.0,0.12128378378378377,medium,youth,mid,1.0
5009460,M,N,Y,0,132800.0,Pensioner,Higher education,Married,House / apartment,-12509,365243,1,0,1,0,,2.0,0,34.25,1,0.0,66400.0,0.0,medium,youth,entry,1.0
5009461,F,N,Y,3,128000.0,Commercial associate,Higher education,Married,House / apartment,-16708,-2079,1,0,1,0,High skill tech staff,5.0,0,45.74,0,5.69,25600.0,0.12439877568867512,medium,adult,mid,1.0
5009462,F,N,Y,0,310000.0,Working,Secondary / secondary special,Single / not married,House / apartment,-13322,-6112,1,0,0,0,Core staff,1.0,0,36.47,0,16.73,310000.0,0.45873320537428025,high,adult,senior,2.0
5009463,F,N,Y,0,510900.0,Working,Secondary / secondary special,Married,House / apartment,-7395,-87,1,0,1,0,Sales staff,2.0,0,20.25,0,0.24,255450.0,0.011851851851851851,high,youth,entry,2.0
5009464,F,Y,Y,0,184100.0,Working,Secondary / secondary special,Married,House / apartment,-8048,-902,1,0,0,0,High skill tech staff,2.0,0,22.03,0,2.47,92050.0,0.112119836586473,medium,youth,entry,3.0
5009465,F,Y,Y,0,334400.0,Commercial associate,Secondary / secondary special,Married,House / apartment,-21326,-8922,1,0,0,0,,2.0,0,58.39,0,24.43,167200.0,0.41839356054118854,high,senior,senior,3.0
5009466,F,N,N,0,114000.0,Pensioner,Higher education,Married,With parents,-8834,365243,1,1,1,0,,2.0,0,24.19,1,0.0,57000.0,0.0,medium,youth,entry,0.0
5009467,M,N,Y,0,267200.0,Working,Secondary / secondary special,Married,House / apartment,-24253,-14450,1,0,1,0,Drivers,2.0,0,66.4,0,39.56,133600.0,0.5957831325301205,high,senior,senior,2.0
5009468,M,N,Y,0,341000.0,Commercial associate,Higher education,Married,House / apartment,-15390,-7773,1,0,0,0,Cleaning staff,2.0,0,42.14,0,21.28,170500.0,0.5049833887043189,high,adult,senior,2.0
5009469,M,N,Y,1,118400.0,State servant,Secondary / secondary special,Civil marriage,House / apartment,-21151,-14105,1,0,0,0,Sales staff,3.0,0,57.91,0,38.62,39466.666666666664,0.666896908996719,medium,senior,senior,1.0
5009470,M,N,Y,0,220500.0,Working,Lower secondary,Married,House / apartment,-9597,-1661,1,0,0,0,Drivers,2.0,0,26.28,0,4.55,110250.0,0.17313546423135462,medium,youth,mid,2.0
5009471,M,N,Y,0,349200.0,Pensioner,Secondary / secondary special,Married,House / apartment,-24225,365243,1,0,0,0,,2.0,0,66.32,1,0.0,174600.0,0.0,high,senior,entry,2.0
5009472,M,Y,N,0,56300.0,Working,Secondary / secondary special,Single / not married,House / apartment,-7922,-263,1,0,1,0,,1.0,0,21.69,0,0.72,56300.0,0.03319502074688797,low,youth,entry,1.0
5009473,M,N,Y,0,476000.0,Commercial associate,Secondary / secondary special,Single / not married,House / apartment,-8075,-970,1,0,0,0,,1.0,0,22.11,0,2.66,476000.0,0.12030755314337405,high,youth,entry,2.0
5009474,M,N,N,0,291400.0,Working,Secondary / secondary special,Married,House / apartment,-8302,-545,1,0,0,1,Laborers,2.0,0,22.73,0,1.49,145700.0,0.06555213374395072,high,youth,entry,1.0
5009475,F,Y,Y,0,349300.0,Working,Higher education,Married,House / apartment,-9193,-2506,1,0,0,0,,2.0,0,25.17,0,6.86,174650.0,0.2725466825586015,high,youth,mid,3.0
5009476,M,N,Y,0,198600.0,Working,Secondary / secondary special,Single / not married,House / apartment,-16196,-7307,1,0,1,0,Core staff,1.0,0,44.34,0,20.01,198600.0,0.4512855209742896,medium,adult,senior,2.0
5009477,F,Y,Y,1,103200.0,State servant,Higher education,Married,House / apartment,-21701,-9444,1,0,0,0,,3.0,0,59.41,0,25.86,34400.0,0.4352802558491837,medium,senior,senior,2.0
5009478,F,N,Y,2,318900.0,Pensioner,Secondary / secondary special,Married,House / apartment,-12509,365243,1,1,1,0,,4.0,0,34.25,1,0.0,79725.0,0.0,high,youth,entry,2.0
5009479,F,Y,N,1,234300.0,Working,Secondary / secondary special,Married,House / apartment,-20925,-9496,1,0,1,0,Core staff,3.0,0,57.29,0,26.0,78100.0,0.4538313841857218,medium,senior,senior,2.0
5009480,M,N,N,0,248100.0,Student,Higher education,Widow,House / apartment,-21441,-12665,1,0,0,0,Sales staff,1.0,0,58.7,0,34.67,248100.0,0.5906303236797275,medium,senior,senior,1.0
5009481,F,Y,Y,0,420500.0,Commercial associate,Higher education,Married,House / apartment,-23892,-476,1,1,0,0,Laborers,2.0,0,65.41,0,1.3,210250.0,0.019874636905671917,high,senior,entry,3.0
5009482,F,N,Y,2,357400.0,Pensioner,Secondary / secondary special,Married,With parents,-10033,365243,1,0,0,0,,4.0,0,27.47,1,0.0,89350.0,0.0,high,youth,entry,2.0
5009483,F,Y,Y,0,638000.0,Working,Incomplete higher,Married,House / apartment,-9780,-2913,1,0,0,0,,2.0,0,26.78,0,7.98,319000.0,0.29798356982823004,high,youth,mid,3.0
5009484,F,Y,Y,1,263700.0,Working,Secondary / secondary special,Civil marriage,House / apartment,-9535,-231,1,0,1,0,Sales staff,3.0,0,26.11,0,0.63,87900.0,0.02412868632707775,high,youth,entry,3.0
5009485,M,N,N,0,172800.0,Commercial associate,Secondary / secondary special,Married,House / apartment,-13867,-3821,1,0,0,0,,2.0,0,37.97,0,10.46,86400.0,0.2754806426125889,medium,adult,senior,1.0
5009486,M,N,Y,0,222200.0,Working,Higher education,Single / not married,House / apartment,-16243,-6933,1,0,1,0,Private service staff,1.0,0,44.47,0,18.98,222200.0,0.42680458736226673,medium,adult,senior,2.0
5009487,F,Y,N,1,300500.0,Working,Secondary / secondary special,Married,Rented apartment,-15735,-6461,1,0,0,0,,3.0,0,43.08,0,17.69,100166.66666666667,0.41063138347260913,high,adult,senior,2.0
5009488,F,Y,Y,1,405700.0,Working,Secondary / secondary special,Married,House / apartment,-11999,-485,1,0,0,0,,3.0,0,32.85,0,1.33,135233.33333333334,0.04048706240487063,high,youth,entry,3.0
5009489,F,N,Y,1,117200.0,Working,Secondary / secondary special,Civil marriage,House / apartment,-18664,-935,1,0,0,0,,3.0,0,51.1,0,2.56,39066.666666666664,0.05009784735812133,medium,adult,entry,1.0
5009490,F,N,Y,2,245200.0,Working,Secondary / secondary special,Married,House / apartment,-13483,-3199,1,0,0,0,Laborers,4.0,0,36.91,0,8.76,61300.0,0.23733405581143324,medium,adult,mid,2.0
5009491,M,N,Y,0,545900.0,State servant,Secondary / secondary special,Separated,House / apartment,-13991,-4278,1,0,0,0,Accountants,1.0,0,38.31,0,11.71,545900.0,0.30566431741059774,high,adult,senior,2.0
5009492,F,Y,N,0,216500.0,Working,Secondary / secondary special,Civil marriage,House / apartment,-9232,-2434,1,0,0,0,,2.0,0,25.28,0,6.66,108250.0,0.2634493670886076,medium,youth,mid,2.0
5009493,M,N,Y,2,388900.0,Working,Higher education,Separated,With parents,-18121,-4425,1,0,0,0,Core staff,3.0,0,49.61,0,12.11,129633.33333333333,0.24410401128804676,high,adult,senior,2.0
5009494,M,Y,N,0,312400.0,Commercial associate,Secondary / secondary special,Single / not married,House / apartment,-19272,-7515,1,0,0,0,Drivers,1.0,0,52.76,0,20.57,312400.0,0.3898786959818044,high,adult,senior,2.0
5009495,F,Y,Y,0,393700.0,Commercial associate,Secondary / secondary special,Civil marriage,House / apartment,-21147,-3287,1,1,0,0,,2.0,0,57.9,0,9.0,196850.0,0.15544041450777202,high,senior,mid,3.0
5009496,F,N,N,0,162900.0,Commercial associate,Higher education,Married,House / apartment,-23814,-7518,1,0,1,0,Accountants,2.0,0,65.2,0,20.58,81450.0,0.31564417177914106,medium,senior,senior,1.0
5009497,M,N,Y,0,163200.0,Commercial associate,Secondary / secondary special,Married,With parents,-21294,-9206,1,0,0,0,Medicine staff,2.0,0,58.3,0,25.2,81600.0,0.4322469982847341,medium,senior,senior,2.0
5009498,M,N,N,0,246600.0,Working,Higher education,Married,House / apartment,-11610,-2349,1,1,0,0,Drivers,2.0,0,31.79,0,6.43,123300.0,0.20226486316451714,medium,youth,mid,1.0
5009499,F,Y,N,0,113500.0,Working,Higher education,Married,With parents,-11609,-2712,1,0,0,0,Laborers,2.0,0,31.78,0,7.43,56750.0,0.23379483952171176,medium,youth,mid,1.0
5009500,M,N,N,1,213300.0,Pensioner,Higher education,Single / not married,House / apartment,-24017,365243,1,0,0,0,,2.0,0,65.75,1,0.0,106650.0,0.0,medium,senior,entry,1.0
5009501,F,N,Y,1,277000.0,Pensioner,Secondary / secondary special,Married,Office apartment,-21735,365243,1,0,0,0,,3.0,0,59.51,1,0.0,92333.33333333333,0.0,high,senior,entry,2.0
5009502,M,N,N,0,595900.0,Commercial associate,Secondary / secondary special,Married,House / apartment,-21591,-677,1,0,1,0,,2.0,0,59.11,0,1.85,297950.0,0.03129758078159364,high,senior,entry,1.0
5009503,F,Y,Y,0,298600.0,Working,Secondary / secondary special,Single / not married,House / apartment,-20449,-4568,1,1,1,1,HR staff,1.0,0,55.99,0,12.51,298600.0,0.22343275584925879,high,senior,senior,3.0
5009504,F,Y,Y,0,333700.0,Working,Secondary / secondary special,Separated,House / apartment,-12185,-2439,1,0,1,0,,1.0,0,33.36,0,6.68,333700.0,0.20023980815347722,high,youth,mid,3.0
5009505,M,Y,Y,0,437000.0,Working,Secondary / secondary special,Single / not married,House / apartment,-22781,-8560,1,0,0,0,Cooking staff,1.0,0,62.37,0,23.44,437000.0,0.37582170915504254,high,senior,senior,3.0
5009506,M,N,Y,0,150700.0,Commercial associate,Secondary / secondary special,Civil marriage,House / apartment,-9914,-1934,1,0,1,0,Sales staff,2.0,0,27.14,0,5.3,75350.0,0.1952837140751658,medium,youth,mid,2.0
5009507,M,Y,N,0,224800.0,Working,Secondary / secondary special,Married,House / apartment,-13697,-2432,1,1,0,0,High skill tech staff,2.0,1,37.5,0,6.66,112400.0,0.1776,medium,adult,mid,2.0
5009508,M,N,Y,0,820900.0,Working,Secondary / secondary special,Civil marriage,House / apartment,-13632,-6059,1,0,1,1,,2.0,0,37.32,0,16.59,410450.0,0.4445337620578778,high,adult,senior,2.0
5009509,F,Y,Y,0,234700.0,Working,Secondary / secondary special,Married,House / apartment,-17534,-3814,1,0,0,0,Laborers,2.0,0,48.01,0,10.44,117350.0,0.21745469693813788,medium,adult,senior,3.0
5009510,M,N,Y,0,426600.0,Working,Higher education,Widow,House / apartment,-15769,-5690,1,0,0,0,Laborers,1.0,0,43.17,0,15.58,426600.0,0.3608987722955756,high,adult,senior,2.0
5009511,F,Y,Y,0,395300.0,Working,Secondary / secondary special,Married,House / apartment,-15702,-6642,1,1,0,1,Sales staff,2.0,0,42.99,0,18.18,197650.0,0.42288904396371246,high,adult,senior,3.0
5009512,M,N,Y,0,116600.0,Working,Secondary / secondary special,Single / not married,Municipal apartment,-17415,-2085,1,0,0,0,Medicine staff,1.0,0,47.68,0,5.71,116600.0,0.11975671140939598,medium,adult,mid,1.0
5009513,F,N,Y,0,285100.0,Commercial associate,Secondary / secondary special,Married,House / apartment,-14892,-3445,1,1,0,0,Laborers,2.0,0,40.77,0,9.43,142550.0,0.23129752268825113,high,adult,mid,2.0
5009514,F,Y,Y,0,262700.0,Working,Secondary / secondary special,Married,House / apartment,-11870,365243,1,1,0,0,,2.0,0,32.5,1,0.0,131350.0,0.0,high,youth,entry,3.0
5009515,F,N,Y,2,287900.0,Commercial associate,Secondary / secondary special,Single / not married,House / apartment,-19434,-7767,1,1,0,0,IT staff,3.0,0,53.21,0,21.26,95966.66666666667,0.39954895696297693,high,adult,senior,2.0
5009516,F,N,N,0,167400.0,Working,Secondary / secondary special,Civil marriage,House / apartment,-21744,-14561,1,0,1,0,High skill tech staff,2.0,1,59.53,0,39.87,83700.0,0.6697463463799764,medium,senior,senior,1.0
5009517,F,N,N,1,139700.0,Working,Secondary / secondary special,Civil marriage,House / apartment,-16053,-4448,1,0,0,0,Core staff,3.0,1,43.95,0,12.18,46566.666666666664,0.27713310580204775,medium,adult,senior,0.0
5009518,M,N,N,0,192400.0,Commercial associate,Higher education,Married,House / apartment,-19166,-2642,1,0,0,0,Laborers,2.0,0,52.47,0,7.23,96200.0,0.13779302458547743,medium,adult,mid,1.0
5009519,F,Y,Y,1,232500.0,Working,Secondary / secondary special,Married,House / apartment,-17082,-7378,1,0,1,0,Managers,3.0,0,46.77,0,20.2,77500.0,0.4319007911054094,medium,adult,senior,3.0
5009520,F,Y,Y,0,441500.0,Commercial associate,Secondary / secondary special,Married,House / apartment,-8382,-1141,1,0,0,0,Cooking staff,2.0,0,22.95,0,3.12,220750.0,0.13594771241830067,high,youth,mid,3.0
5009521,F,Y,Y,1,605700.0,Commercial associate,Secondary / secondary special,Married,House / apartment,-15032,-5376,1,0,0,1,,3.0,0,41.16,0,14.72,201900.0,0.3576287657920311,high,adult,senior,3.0
5009522,M,Y,Y,0,490800.0,Pensioner,Secondary / secondary special,Married,House / apartment,-7485,365243,1,0,1,0,,2.0,0,20.49,1,0.0,245400.0,0.0,high,youth,entry,3.0
5009523,F,Y,Y,1,375300.0,Working,Secondary / secondary special,Single / not married,House / apartment,-19393,-8938,1,0,0,0,High skill tech staff,2.0,0,53.1,0,24.47,187650.0,0.46082862523540485,high,adult,senior,3.0
5009524,F,Y,Y,0,147800.0,Working,Secondary / secondary special,Married,House / apartment,-16585,-9674,1,0,0,1,Laborers,2.0,0,45.41,0,26.49,73900.0,0.583351684650958,medium,adult,senior,2.0
5009525,M,N,Y,0,199000.0,Commercial associate,Higher education,Single / not married,House / apartment,-9621,-1048,1,1,0,0,,1.0,0,26.34,0,2.87,199000.0,0.10895975702353836,medium,youth,entry,2.0
5009526,M,N,Y,1,271200.0,Working,Secondary / secondary special,Married,House / apartment,-17207,-5128,1,0,1,0,Managers,3.0,0,47.11,0,14.04,90400.0,0.29802589683718955,high,adult,senior,2.0
5009527,F,Y,N,0,177900.0,Working,Secondary / secondary special,Married,House / apartment,-23713,-3038,1,0,0,0,,2.0,0,64.92,0,8.32,88950.0,0.1281577325939618,medium,senior,mid,2.0
5009528,F,Y,Y,2,325800.0,Commercial associate,Secondary / secondary special,Married,House / apartment,-13523,-5737,1,0,0,0,Laborers,4.0,0,37.02,0,15.71,81450.0,0.424365207995678,high,adult,senior,3.0
5009529,F,N,Y,0,350000.0,Working,Higher education,Single / not married,House / apartment,-25246,-13178,1,0,0,0,Core staff,1.0,0,69.12,0,36.08,350000.0,0.5219907407407407,high,senior,senior,2.0
5009530,M,Y,Y,0,319200.0,Working,Secondary / secondary special,Single / not married,House / apartment,-24826,-145,1,0,0,0,Drivers,1.0,0,67.97,0,0.4,319200.0,0.005884949242312786,high,senior,entry,3.0
5009531,F,Y,Y,1,407600.0,Commercial associate,Secondary / secondary special,Married,House / apartment,-21647,-9518,1,0,0,0,,3.0,0,59.27,0,26.06,135866.66666666666,0.4396828074911422,high,senior,senior,3.0
5009532,M,Y,Y,0,155300.0,State servant,Higher education,Married,House / apartment,-22167,-12028,1,0,0,0,,2.0,0,60.69,0,32.93,77650.0,0.5425935079914319,medium,senior,senior,3.0
5009533,M,N,Y,0,389200.0,Pensioner,Incomplete higher,Married,House / apartment,-14803,365243,1,0,0,0,,2.0,1,40.53,1,0.0,194600.0,0.0,high,adult,entry,2.0
5009534,M,N,Y,1,172400.0,Working,Secondary / secondary special,Single / not married,With parents,-14656,-579,1,0,0,0,Cleaning staff,2.0,0,40.13,0,1.59,86200.0,0.03962123099925243,medium,adult,entry,2.0
5009535,F,Y,N,1,152500.0,Working,Secondary / secondary special,Single / not married,House / apartment,-24735,-59,1,0,1,0,Medicine staff,2.0,1,67.72,0,0.16,76250.0,0.002362669816893089,medium,senior,entry,2.0
5009536,F,N,N,2,318500.0,Working,Secondary / secondary special,Married,House / apartment,-13993,-1804,1,0,0,0,Medicine staff,4.0,0,38.31,0,4.94,79625.0,0.12894805533803186,high,adult,mid,1.0
5009537,F,N,Y,0,448400.0,Working,Secondary / secondary special,Married,House / apartment,-9074,-860,1,1,0,0,High skill tech staff,2.0,0,24.84,0,2.35,224200.0,0.09460547504025765,high,youth,entry,2.0
5009538,F,N,Y,0,311600.0,Pensioner,Secondary / secondary special,Married,House / apartment,-10094,365243,1,1,0,0,,2.0,0,27.64,1,0.0,155800.0,0.0,high,youth,entry,2.0
5009539,F,N,Y,0,246700.0,Working,Higher education,Married,House / apartment,-20279,-3642,1,0,0,0,Sales staff,2.0,0,55.52,0,9.97,123350.0,0.1795749279538905,medium,senior,mid,2.0
5009540,F,N,N,0,285100.0,Working,Higher education,Married,House / apartment,-14299,-4179,1,0,0,0,IT staff,2.0,0,39.15,0,11.44,142550.0,0.2922094508301405,high,adult,senior,1.0
5009541,F,Y,Y,1,261400.0,State servant,Secondary / secondary special,Married,Office apartment,-10945,-4177,1,1,0,0,,3.0,1,29.97,0,11.44,87133.33333333333,0.38171504838171505,high,youth,senior,3.0
5009542,F,Y,Y,0,139000.0,Pensioner,Higher education,Married,House / apartment,-22167,365243,1,1,0,0,,2.0,0,60.69,1,0.0,69500.0,0.0,medium,senior,entry,2.0
5009543,F,N,Y,0,131200.0,Pensioner,Higher education,Married,Rented apartment,-16229,365243,1,0,0,1,,2.0,0,44.43,1,0.0,65600.0,0.0,medium,adult,entry,1.0
5009544,F,N,Y,0,234700.0,Pensioner,Higher education,Married,House / apartment,-17672,365243,1,0,1,0,,2.0,0,48.38,1,0.0,117350.0,0.0,medium,adult,entry,2.0
5009545,M,N,N,1,254100.0,Commercial associate,Secondary / secondary special,Married,House / apartment,-10117,-325,1,0,0,0,Sales staff,3.0,0,27.7,0,0.89,84700.0,0.032129963898916966,high,youth,entry,1.0
5009546,F,N,Y,2,245500.0,Working,Secondary / secondary special,Married,Municipal apartment,-10825,-784,1,0,0,0,,4.0,0,29.64,0,2.15,61375.0,0.07253711201079621,medium,youth,entry,2.0
5009547,F,N,Y,0,342300.0,Working,Secondary / secondary special,Married,House / apartment,-9603,-567,1,0,0,0,Sales staff,2.0,0,26.29,0,1.55,171150.0,0.05895777862305059,high,youth,entry,2.0
5009548,M,Y,Y,0,219200.0,Working,Secondary / secondary special,Married,House / apartment,-16702,-3316,1,0,1,0,Laborers,2.0,0,45.73,0,9.08,109600.0,0.19855674611852178,medium,adult,mid,3.0
5009549,F,N,Y,1,323500.0,Working,Secondary / secondary special,Married,House / apartment,-21470,-14130,1,0,0,0,Managers,3.0,0,58.78,0,38.69,107833.33333333333,0.6582170806396733,high,senior,senior,2.0
5009550,F,N,N,0,227100.0,Pensioner,Secondary / secondary special,Single / not married,House / apartment,-20678,365243,1,1,1,0,,1.0,0,56.61,1,0.0,227100.0,0.0,medium,senior,entry,1.0
5009551,F,N,N,0,607500.0,Working,Secondary / secondary special,Separated,House / apartment,-12076,-2887,1,0,0,0,,1.0,1,33.06,0,7.9,607500.0,0.23895946763460374,high,youth,mid,1.0
5009552,F,N,Y,0,254200.0,Working,Secondary / secondary special,Married,House / apartment,-22856,-10680,1,0,0,0,,2.0,0,62.58,0,29.24,127100.0,0.46724193032917866,high,senior,senior,2.0
5009553,F,N,Y,0,786900.0,Working,Secondary / secondary special,Married,House / apartment,-9235,-2363,1,1,0,0,Low-skill Laborers,2.0,0,25.28,0,6.47,393450.0,0.25593354430379744,high,youth,mid,2.0
5009554,M,Y,Y,0,291100.0,Working,Secondary / secondary special,Civil marriage,House / apartment,-9388,-430,1,0,0,0,Core staff,2.0,0,25.7,0,1.18,145550.0,0.04591439688715953,high,youth,entry,3.0
5009555,F,N,Y,1,219400.0,Pensioner,Secondary / secondary special,Separated,House / apartment,-22815,365243,1,1,0,0,,2.0,0,62.46,1,0.0,109700.0,0.0,medium,senior,entry,2.0
5009556,F,Y,Y,0,155700.0,Commercial associate,Secondary / secondary special,Married,House / apartment,-11769,-3243,1,0,1,0,Waiters/barmen staff,2.0,0,32.22,0,8.88,77850.0,0.27560521415270023,medium,youth,mid,3.0
5009557,M,N,Y,0,118700.0,Commercial associate,Secondary / secondary special,Married,House / apartment,-20237,-11303,1,1,0,0,Drivers,2.0,0,55.41,0,30.95,59350.0,0.5585634362028515,medium,senior,senior,1.0
5009558,M,N,Y,2,148700.0,Working,Secondary / secondary special,Single / not married,House / apartment,-7471,-230,1,0,0,0,,3.0,0,20.45,0,0.63,49566.666666666664,0.03080684596577017,medium,youth,entry,1.0
5009559,F,Y,Y,1,157300.0,Commercial associate,Incomplete higher,Married,House / apartment,-9014,-1399,1,0,0,0,Security staff,3.0,0,24.68,0,3.83,52433.333333333336,0.15518638573743923,medium,youth,mid,3.0
5009560,F,N,Y,0,297400.0,Commercial associate,Secondary / secondary special,Separated,House / apartment,-18432,-2154,1,0,1,1,Core staff,1.0,0,50.46,0,5.9,297400.0,0.11692429647245343,high,adult,mid,2.0
5009561,F,N,N,0,187700.0,Commercial associate,Secondary / secondary special,Married,House / apartment,-10636,-2396,1,1,0,1,Sales staff,2.0,0,29.12,0,6.56,93850.0,0.22527472527472525,medium,youth,mid,1.0
5009562,F,N,Y,0,268000.0,State servant,Secondary / secondary special,Civil marriage,House / apartment,-7820,-259,1,0,0,0,Laborers,2.0,0,21.41,0,0.71,134000.0,0.033162073797290983,high,youth,entry,2.0
5009563,F,Y,N,0,463500.0,State servant,Secondary / secondary special,Married,House / apartment,-15833,-1232,1,0,0,0,Drivers,2.0,0,43.35,0,3.37,231750.0,0.07773933102652826,high,adult,mid,2.0
5009564,M,N,Y,0,233600.0,State servant,Secondary / secondary special,Married,House / apartment,-13341,-6136,1,0,0,0,Core staff,2.0,1,36.53,0,16.8,116800.0,0.4598959759102108,medium,adult,senior,2.0
5009565,M,N,Y,0,690400.0,Commercial associate,Secondary / secondary special,Widow,House / apartment,-21956,-4720,1,1,1,0,,1.0,0,60.11,0,12.92,690400.0,0.21493927799035104,high,senior,senior,2.0
5009566,M,N,N,0,135600.0,State servant,Higher education,Married,House / apartment,-22259,-3926,1,0,0,0,Drivers,2.0,0,60.94,0,10.75,67800.0,0.17640301936330818,medium,senior,senior,0.0
5009567,F,Y,Y,0,226400.0,Working,Higher education,Married,House / apartment,-18526,-4404,1,0,0,0,,2.0,0,50.72,0,12.06,113200.0,0.23777602523659308,medium,adult,senior,3.0
5009568,M,N,N,0,186400.0,Pensioner,Secondary / secondary special,Civil marriage,House / apartment,-12657,365243,1,0,0,0,,2.0,0,34.65,1,0.0,93200.0,0.0,medium,youth,entry,1.0
5009569,F,N,Y,0,389900.0,Pensioner,Secondary / secondary special,Married,House / apartment,-15735,365243,1,0,0,0,,2.0,0,43.08,1,0.0,194950.0,0.0,high,adult,entry,2.0
5009570,F,Y,Y,0,79700.0,Pensioner,Secondary / secondary special,Married,Co-op apartment,-20130,365243,1,0,0,0,,2.0,1,55.11,1,0.0,39850.0,0.0,low,senior,entry,2.0
5009571,F,Y,Y,0,118600.0,Pensioner,Secondary / secondary special,Married,House / apartment,-8571,365243,1,0,0,0,,2.0,0,23.47,1,0.0,59300.0,0.0,medium,youth,entry,2.0
5009572,M,Y,Y,0,231400.0,Working,Higher education,Married,House / apartment,-13377,-2528,1,0,1,0,,2.0,0,36.62,0,6.92,115700.0,0.18896777717094485,medium,adult,mid,3.0
5009573,F,N,Y,0,530300.0,Working,Secondary / secondary special,Single / not married,House / apartment,-22324,-9571,1,0,1,0,,1.0,0,61.12,0,26.2,530300.0,0.4286649214659686,high,senior,senior,2.0
5009574,M,N,Y,0,273300.0,Working,Secondary / secondary special,Civil marriage,House / apartment,-14720,-4369,1,0,1,0,,2.0,0,40.3,0,11.96,136650.0,0.29677419354838713,high,adult,senior,2.0
5009575,F,N,Y,0,124200.0,Pensioner,Secondary / secondary special,Married,House / apartment,-18713,365243,1,0,1,0,,2.0,0,51.23,1,0.0,62100.0,0.0,medium,adult,entry,1.0
5009576,M,Y,Y,0,134200.0,Working,Secondary / secondary special,Married,House / apartment,-9064,-1051,1,0,0,0,Sales staff,2.0,0,24.82,0,2.88,67100.0,0.1160354552780016,medium,youth,entry,2.0
5009577,F,N,Y,1,563500.0,Working,Higher education,Married,House / apartment,-21496,-8729,1,0,0,1,Laborers,3.0,0,58.85,0,23.9,187833.33333333334,0.40611724723874254,high,senior,senior,2.0
5009578,F,Y,Y,2,179000.0,Commercial associate,Secondary / secondary special,Civil marriage,House / apartment,-9140,-2285,1,1,1,0,Accountants,4.0,0,25.02,0,6.26,44750.0,0.2501998401278977,medium,youth,mid,3.0
5009579,M,Y,Y,0,152400.0,Commercial associate,Secondary / secondary special,Single / not married,House / apartment,-23039,-15870,1,0,0,0,Laborers,1.0,0,63.08,0,43.45,152400.0,0.6888078630310717,medium,senior,senior,3.0
5009580,M,N,Y,2,511000.0,State servant,Secondary / secondary special,Separated,House / apartment,-9252,-1809,1,0,0,0,Sales staff,3.0,0,25.33,0,4.95,170333.33333333334,0.19542045005921835,high,youth,mid,2.0
5009581,F,Y,N,0,404700.0,Commercial associate,Secondary / secondary special,Widow,House / apartment,-23575,-894,1,0,1,0,Managers,1.0,0,64.54,0,2.45,404700.0,0.03796095444685466,high,senior,entry,2.0
5009582,F,N,N,0,461600.0,Pensioner,Secondary / secondary special,Married,House / apartment,-13948,365243,1,0,1,0,,2.0,0,38.19,1,0.0,230800.0,0.0,high,adult,entry,1.0
5009583,F,Y,Y,4,151800.0,Commercial associate,Secondary / secondary special,Married,With parents,-18710,-3291,1,1,0,0,,6.0,0,51.23,0,9.01,25300.0,0.17587351161428852,medium,adult,mid,3.0
5009584,F,N,N,0,113900.0,Pensioner,Secondary / secondary special,Married,House / apartment,-22765,365243,1,0,0,0,,2.0,0,62.33,1,0.0,56950.0,0.0,medium,senior,entry,0.0
5009585,F,N,Y,0,260900.0,Working,Secondary / secondary special,Married,House / apartment,-7492,-218,1,0,0,0,Laborers,2.0,0,20.51,0,0.6,130450.0,0.029254022428083858,high,youth,entry,2.0
5009586,M,N,N,0,288700.0,Working,Secondary / secondary special,Married,House / apartment,-12157,-267,1,0,0,1,High skill tech staff,2.0,0,33.28,0,0.73,144350.0,0.021935096153846152,high,youth,entry,1.0
5009587,M,Y,N,0,293000.0,Pensioner,Secondary / secondary special,Civil marriage,House / apartment,-23894,365243,1,0,0,0,,2.0,0,65.42,1,0.0,146500.0,0.0,high,senior,entry,2.0
5009588,M,Y,N,0,511200.0,Commercial associate,Secondary / secondary special,Married,House / apartment,-14394,365243,1,0,0,0,,2.0,0,39.41,1,0.0,255600.0,0.0,high,adult,entry,2.0
5009589,F,N,Y,0,102600.0,Commercial associate,Secondary / secondary special,Married,House / apartment,-20205,-6180,1,0,0,0,Laborers,2.0,0,55.32,0,16.92,51300.0,0.30585683297180044,medium,senior,senior,1.0
5009590,F,Y,Y,0,375200.0,Working,Incomplete higher,Married,Office apartment,-9862,-847,1,0,1,0,Drivers,2.0,0,27.0,0,2.32,187600.0,0.08592592592592592,high,youth,entry,3.0
5009591,F,N,Y,0,141100.0,Working,Secondary / secondary special,Single / not married,House / apartment,-19694,-1017,1,0,0,0,,1.0,0,53.92,0,2.78,141100.0,0.051557863501483676,medium,adult,entry,1.0
5009592,F,N,N,0,374500.0,Commercial associate,Secondary / secondary special,Married,Co-op apartment,-8641,-756,1,1,0,0,Managers,2.0,0,23.66,0,2.07,187250.0,0.0874894336432798,high,youth,entry,1.0
5009593,F,Y,Y,2,192500.0,Working,Higher education,Married,House / apartment,-20405,-6329,1,0,0,0,Laborers,4.0,0,55.87,0,17.33,48125.0,0.3101843565419724,medium,senior,senior,3.0
5009594,M,Y,N,1,162500.0,Working,Secondary / secondary special,Married,House / apartment,-13218,-699,1,0,1,0,Cleaning staff,3.0,0,36.19,0,1.91,54166.666666666664,0.052777010223818734,medium,adult,entry,2.0
5009595,F,N,Y,0,180000.0,Working,Higher education,Civil marriage,With parents,-15813,-1815,1,1,1,0,Core staff,2.0,0,43.29,0,4.97,90000.0,0.11480711480711481,medium,adult,mid,2.0
5009596,F,N,N,0,118500.0,Commercial associate,Higher education,Married,House / apartment,-10341,-967,1,0,0,0,,2.0,0,28.31,0,2.65,59250.0,0.09360649947015189,medium,youth,entry,0.0
5009597,F,N,Y,1,249100.0,Commercial associate,Secondary / secondary special,Separated,House / apartment,-18771,-6030,1,0,0,0,Laborers,2.0,0,51.39,0,16.51,124550.0,0.3212687293247714,medium,adult,senior,2.0
5009598,M,N,Y,0,165900.0,State servant,Lower secondary,Married,House / apartment,-13470,-6151,1,0,1,0,Core staff,2.0,0,36.88,0,16.84,82950.0,0.45661605206073747,medium,adult,senior,2.0
5009599,F,N,Y,0,361700.0,Commercial associate,Secondary / secondary special,Widow,Municipal apartment,-14306,-2176,1,0,0,1,Sales staff,1.0,0,39.17,0,5.96,361700.0,0.15215726321164155,high,adult,mid,2.0
5009600,F,Y,Y,0,336200.0,Pensioner,Secondary / secondary special,Civil marriage,House / apartment,-19216,365243,1,1,0,0,,2.0,0,52.61,1,0.0,168100.0,0.0,high,adult,entry,3.0
5009601,F,N,Y,1,567800.0,Commercial associate,Higher education,Married,House / apartment,-10571,-3169,1,0,0,0,Core staff,3.0,0,28.94,0,8.68,189266.66666666666,0.29993089149965446,high,youth,mid,2.0
5009602,F,N,N,0,293200.0,Commercial associate,Secondary / secondary special,Married,House / apartment,-22865,-267,1,1,0,0,Laborers,2.0,0,62.6,0,0.73,146600.0,0.011661341853035143,high,senior,entry,1.0
5009603,F,Y,Y,0,316700.0,Working,Secondary / secondary special,Married,House / apartment,-20806,-12136,1,0,0,0,Accountants,2.0,0,56.96,0,33.23,158350.0,0.5833918539325842,high,senior,senior,3.0
5009604,F,Y,Y,0,491600.0,Working,Higher education,Single / not married,House / apartment,-17856,-8475,1,0,1,0,,1.0,0,48.89,0,23.2,491600.0,0.47453466966659846,high,adult,senior,3.0
5009605,M,Y,N,0,178400.0,Commercial associate,Higher education,Married,Municipal apartment,-9649,-1557,1,0,0,0,Sales staff,2.0,0,26.42,0,4.26,89200.0,0.16124148372445116,medium,youth,mid,2.0
5009606,F,Y,Y,0,116000.0,Working,Secondary / secondary special,Married,House / apartment,-19853,-10521,1,0,1,1,Managers,2.0,0,54.35,0,28.8,58000.0,0.5298988040478381,medium,adult,senior,2.0
5009607,F,N,N,0,269800.0,Pensioner,Incomplete higher,Married,House / apartment,-7636,365243,1,1,1,0,,2.0,0,20.91,1,0.0,134900.0,0.0,high,youth,entry,1.0
5009608,F,Y,N,0,119900.0,Commercial associate,Secondary / secondary special,Single / not married,House / apartment,-21995,-14208,1,0,0,0,,1.0,0,60.22,0,38.9,119900.0,0.6459647957489206,medium,senior,senior,1.0
5009609,F,Y,Y,0,832700.0,Pensioner,Secondary / secondary special,Married,House / apartment,-12853,365243,1,0,1,0,,2.0,0,35.19,1,0.0,416350.0,0.0,high,adult,entry,3.0
5009610,F,Y,Y,0,505500.0,State servant,Secondary / secondary special,Married,House / apartment,-9446,-90,1,0,0,0,,2.0,0,25.86,0,0.25,252750.0,0.009667440061871617,high,youth,entry,3.0
5009611,F,N,Y,1,720300.0,Working,Secondary / secondary special,Married,House / apartment,-10309,365243,1,0,0,0,,3.0,0,28.22,1,0.0,240100.0,0.0,high,youth,entry,2.0
5009612,F,N,N,1,251900.0,Working,Secondary / secondary special,Married,House / apartment,-24894,-6180,1,0,0,0,,3.0,0,68.16,0,16.92,83966.66666666667,0.24823943661971834,high,senior,senior,1.0
5009613,M,N,Y,0,321500.0,Commercial associate,Secondary / secondary special,Married,House / apartment,-21437,-6984,1,1,0,0,Laborers,2.0,0,58.69,0,19.12,160750.0,0.32577951950928613,high,senior,senior,2.0
5009614,F,Y,Y,0,194000.0,Working,Secondary / secondary special,Single / not married,Office apartment,-11649,-2996,1,0,0,0,Drivers,1.0,0,31.89,0,8.2,194000.0,0.2571338977735967,medium,youth,mid,3.0
5009615,F,N,N,0,379600.0,Working,Secondary / secondary special,Married,House / apartment,-24900,-4716,1,0,0,0,Managers,2.0,0,68.17,0,12.91,189800.0,0.1893794924453572,high,senior,senior,1.0
5009616,M,N,Y,0,132900.0,Pensioner,Higher education,Married,House / apartment,-9864,365243,1,1,0,1,,2.0,0,27.01,1,0.0,66450.0,0.0,medium,youth,entry,1.0
5009617,F,Y,N,1,68500.0,State servant,Secondary / secondary special,Married,With parents,-20701,-9493,1,0,0,0,Laborers,3.0,0,56.68,0,25.99,22833.333333333332,0.45853916725476357,low,senior,senior,1.0
5009618,F,Y,N,0,164400.0,Pensioner,Secondary / secondary special,Widow,House / apartment,-19299,365243,1,1,1,0,,1.0,1,52.84,1,0.0,164400.0,0.0,medium,adult,entry,2.0
5009619,F,Y,Y,0,117900.0,Working,Higher education,Married,House / apartment,-22307,-5120,1,0,0,0,Laborers,2.0,0,61.07,0,14.02,58950.0,0.22957262158179137,medium,senior,senior,2.0
5009620,F,Y,N,1,511200.0,Working,Secondary / secondary special,Widow,House / apartment,-14276,-3102,1,0,0,1,Laborers,2.0,0,39.09,0,8.49,255600.0,0.21719109746738294,high,adult,mid,2.0
5009621,F,N,N,2,605200.0,Commercial associate,Higher education,Married,House / apartment,-14644,-5175,1,0,1,0,Core staff,4.0,0,40.09,0,14.17,151300.0,0.3534547268645547,high,adult,senior,1.0
5009622,M,N,Y,0,121100.0,Working,Secondary / secondary special,Married,House / apartment,-18711,-6166,1,0,0,0,,2.0,0,51.23,0,16.88,60550.0,0.3294944368534062,medium,adult,senior,1.0
5009623,M,N,Y,0,465700.0,Working,Secondary / secondary special,Single / not married,House / apartment,-14577,-3656,1,0,0,0,,1.0,0,39.91,0,10.01,465700.0,0.250814332247557,high,adult,senior,2.0
5009624,F,N,Y,0,392800.0,Working,Secondary / secondary special,Married,House / apartment,-8060,-184,1,0,0,0,,2.0,0,22.07,0,0.5,196400.0,0.022655188038060714,high,youth,entry,2.0
5009625,M,N,Y,1,111400.0,Pensioner,Secondary / secondary special,Single / not married,House / apartment,-20631,365243,1,0,1,0,,2.0,0,56.48,1,0.0,55700.0,0.0,medium,senior,entry,1.0
5009626,M,N,N,1,200900.0,Commercial associate,Secondary / secondary special,Civil marriage,House / apartment,-19010,-265,1,0,1,0,Drivers,3.0,0,52.05,0,0.73,66966.66666666667,0.014024975984630164,medium,adult,entry,1.0
5009627,F,N,Y,0,182700.0,Commercial associate,Secondary / secondary special,Married,House / apartment,-15043,-1110,1,1,0,0,,2.0,0,41.19,0,3.04,91350.0,0.07380432143724205,medium,adult,mid,2.0
5009628,F,Y,Y,0,354900.0,State servant,Higher education,Married,House / apartment,-12835,-6154,1,0,0,0,,2.0,0,35.14,0,16.85,177450.0,0.47951052931132615,high,adult,senior,3.0
5009629,F,Y,Y,0,132100.0,Working,Secondary / secondary special,Married,House / apartment,-13162,-2962,1,0,0,0,Private service staff,2.0,0,36.04,0,8.11,66050.0,0.22502774694783573,medium,adult,mid,2.0
5009630,M,N,Y,0,232400.0,Working,Secondary / secondary special,Civil marriage,House / apartment,-20838,-9101,1,0,1,0,Drivers,2.0,0,57.05,0,24.92,116200.0,0.4368098159509203,medium,senior,senior,2.0
5009631,M,Y,N,0,173300.0,Pensioner,Higher education,Married,House / apartment,-20621,365243,1,0,1,0,,2.0,0,56.46,1,0.0,86650.0,0.0,medium,senior,entry,2.0
5009632,F,Y,N,0,309300.0,Student,Secondary / secondary special,Married,House / apartment,-22260,-5386,1,0,0,0,Laborers,2.0,0,60.94,0,14.75,154650.0,0.24204135214965541,high,senior,senior,2.0
5009633,F,N,Y,0,219100.0,Commercial associate,Higher education,Married,House / apartment,-21224,-9446,1,0,0,0,Laborers,2.0,0,58.11,0,25.86,109550.0,0.445018069179143,medium,senior,senior,2.0
5009634,M,N,Y,1,186800.0,Working,Secondary / secondary special,Separated,House / apartment,-21147,-10471,1,0,0,0,Low-skill Laborers,2.0,0,57.9,0,28.67,93400.0,0.4951640759930916,medium,senior,senior,2.0
5009635,F,N,Y,0,219400.0,Pensioner,Secondary / secondary special,Married,House / apartment,-11903,365243,1,0,1,0,,2.0,0,32.59,1,0.0,109700.0,0.0,medium,youth,entry,2.0
5009636,M,N,Y,0,675700.0,Working,Secondary / secondary special,Married,House / apartment,-9161,-2016,1,0,1,0,Laborers,2.0,0,25.08,0,5.52,337850.0,0.22009569377990432,high,youth,mid,2.0
5009637,M,N,Y,0,198200.0,Commercial associate,Secondary / secondary special,Married,House / apartment,-21217,-11115,1,0,1,0,High skill tech staff,2.0,0,58.09,0,30.43,99100.0,0.5238423136512308,medium,senior,senior,2.0
5009638,F,N,Y,1,145100.0,Working,Secondary / secondary special,Single / not married,House / apartment,-9106,-1969,1,1,0,0,Drivers,2.0,0,24.93,0,5.39,72550.0,0.21620537505014037,medium,youth,mid,1.0
5009639,F,N,N,0,326800.0,Pensioner,Higher education,Married,House / apartment,-25241,365243,1,0,0,1,,2.0,0,69.11,1,0.0,163400.0,0.0,high,senior,entry,1.0
5009640,F,N,Y,2,227200.0,Working,Secondary / secondary special,Married,House / apartment,-23286,-4177,1,0,1,0,Sales staff,4.0,0,63.75,0,11.44,56800.0,0.17945098039215684,medium,senior,senior,2.0
5009641,F,N,N,0,120300.0,Pensioner,Secondary / secondary special,Married,House / apartment,-17047,365243,1,0,1,0,,2.0,0,46.67,1,0.0,60150.0,0.0,medium,adult,entry,0.0
5009642,F,N,Y,2,745100.0,Working,Secondary / secondary special,Married,Office apartment,-13737,-3099,1,0,0,0,High skill tech staff,4.0,0,37.61,0,8.48,186275.0,0.22547194894974742,high,adult,mid,2.0
5009643,F,N,Y,1,204700.0,Working,Secondary / secondary special,Married,House / apartment,-16926,-7098,1,0,1,0,,3.0,0,46.34,0,19.43,68233.33333333333,0.41929218817436337,medium,adult,senior,2.0
5009644,M,N,N,0,202100.0,State servant,Secondary / secondary special,Married,House / apartment,-20715,-4885,1,0,1,0,Private service staff,2.0,0,56.71,0,13.37,101050.0,0.23576088873214598,medium,senior,senior,1.0
5009645,F,Y,Y,2,264400.0,Working,Secondary / secondary special,Married,House / apartment,-21117,-8586,1,0,1,0,Laborers,4.0,0,57.82,0,23.51,66100.0,0.4066067104808025,high,senior,senior,3.0
5009646,M,Y,N,0,579800.0,Commercial associate,Secondary / secondary special,Married,House / apartment,-8650,-1477,1,0,0,0,,2.0,0,23.68,0,4.04,289900.0,0.17060810810810811,high,youth,mid,2.0
5009647,F,Y,Y,0,105400.0,Working,Secondary / secondary special,Married,House / apartment,-22004,-9632,1,0,0,0,Drivers,2.0,0,60.24,0,26.37,52700.0,0.43774900398406374,medium,senior,senior,2.0
5009648,M,N,Y,0,280300.0,Pensioner,Higher education,Married,House / apartment,-19020,365243,1,1,1,0,,2.0,0,52.07,1,0.0,140150.0,0.0,high,adult,entry,2.0
5009649,F,Y,N,0,693200.0,Working,Secondary / secondary special,Single / not married,House / apartment,-8046,-994,1,0,0,0,Laborers,1.0,0,22.03,0,2.72,693200.0,0.12346799818429414,high,youth,entry,2.0
5009650,M,Y,Y,1,260400.0,Working,Secondary / secondary special,Married,Municipal apartment,-13024,-5047,1,0,0,0,Accountants,3.0,0,35.66,0,13.82,86800.0,0.387549074593382,high,adult,senior,3.0
5009651,F,N,N,1,131600.0,Commercial associate,Higher education,Married,House / apartment,-16631,-7189,1,0,0,0,,3.0,0,45.53,0,19.68,43866.666666666664,0.43224247748737094,medium,adult,senior,0.0
5009652,F,Y,N,0,179200.0,Working,Higher education,Married,Municipal apartment,-10747,-924,1,0,0,0,,2.0,0,29.42,0,2.53,89600.0,0.08599592114208021,medium,youth,entry,2.0
5009653,F,N,Y,0,270700.0,Working,Secondary / secondary special,Married,House / apartment,-10140,-1392,1,0,0,0,Managers,2.0,0,27.76,0,3.81,135350.0,0.1372478386167147,high,youth,mid,2.0
5009654,M,Y,Y,0,474900.0,Commercial associate,Higher education,Civil marriage,House / apartment,-7566,-547,1,0,0,0,Sales staff,2.0,0,20.71,0,1.5,237450.0,0.07242877836793819,high,youth,entry,3.0
5009655,F,N,Y,0,206000.0,Working,Secondary / secondary special,Married,House / apartment,-23952,-1208,1,0,0,0,Private service staff,2.0,0,65.58,0,3.31,103000.0,0.050472705093016164,medium,senior,mid,2.0
5009656,M,N,Y,0,369100.0,Working,Secondary / secondary special,Married,House / apartment,-8330,-117,1,0,0,0,Core staff,2.0,0,22.81,0,0.32,184550.0,0.014028934677772907,high,youth,entry,2.0
5009657,F,N,N,2,119100.0,Commercial associate,Higher education,Civil marriage,House / apartment,-13989,-6689,1,0,0,0,HR staff,4.0,0,38.3,0,18.31,29775.0,0.4780678851174935,medium,adult,senior,0.0
5009658,M,N,Y,0,118600.0,Pensioner,Higher education,Single / not married,House / apartment,-11063,365243,1,0,1,0,,1.0,1,30.29,1,0.0,118600.0,0.0,medium,youth,entry,1.0
5009659,M,N,Y,0,191800.0,Working,Secondary / secondary special,Single / not married,House / apartment,-20838,-11161,1,0,0,0,Medicine staff,1.0,1,57.05,0,30.56,191800.0,0.5356704645048204,medium,senior,senior,2.0
5009660,M,Y,N,1,501100.0,Commercial associate,Secondary / secondary special,Married,House / apartment,-20220,-11684,1,0,1,0,,3.0,0,55.36,0,31.99,167033.33333333334,0.5778540462427746,high,senior,senior,2.0
5009661,F,Y,Y,0,252700.0,Commercial associate,Secondary / secondary special,Married,House / apartment,-22029,-5490,1,0,0,0,,2.0,0,60.31,0,15.03,126350.0,0.24921240258663568,high,senior,senior,3.0
5009662,F,Y,N,0,282200.0,Working,Secondary / secondary special,Separated,House / apartment,-18569,-6151,1,0,0,0,,1.0,0,50.84,0,16.84,282200.0,0.33123524783634933,high,adult,senior,2.0
5009663,M,N,Y,0,280500.0,Working,Higher education,Separated,House / apartment,-18110,-670,1,0,0,0,Sales staff,1.0,0,49.58,0,1.83,280500.0,0.03691004437273094,high,adult,entry,2.0
5009664,F,N,N,0,425100.0,Working,Secondary / secondary special,Married,House / apartment,-14740,-6306,1,0,1,0,Cooking staff,2.0,0,40.36,0,17.26,212550.0,0.42765113974231916,high,adult,senior,1.0
5009665,F,N,Y,3,179900.0,Pensioner,Secondary / secondary special,Single / not married,Office apartment,-18927,365243,1,0,0,0,,4.0,1,51.82,1,0.0,44975.0,0.0,medium,adult,entry,2.0
5009666,F,Y,Y,0,344400.0,Working,Secondary / secondary special,Married,House / apartment,-9409,-479,1,0,0,0,,2.0,0,25.76,0,1.31,172200.0,0.050854037267080744,high,youth,entry,3.0
5009667,F,N,Y,0,161100.0,Pensioner,Higher education,Married,House / apartment,-19806,365243,1,0,1,0,,2.0,0,54.23,1,0.0,80550.0,0.0,medium,adult,entry,2.0
5009668,F,N,Y,0,658100.0,Commercial associate,Secondary / secondary special,Married,House / apartment,-9202,-90,1,0,0,0,Sales staff,2.0,0,25.19,0,0.25,329050.0,0.009924573243350535,high,youth,entry,2.0
5009669,F,N,N,0,163600.0,Working,Secondary / secondary special,Married,House / apartment,-23043,-7391,1,0,0,0,Drivers,2.0,0,63.09,0,20.24,81800.0,0.3208115390711681,medium,senior,senior,1.0
5009670,M,N,Y,1,157000.0,Working,Higher education,Married,House / apartment,-16540,-440,1,0,0,0,Sales staff,3.0,0,45.28,0,1.2,52333.333333333336,0.026501766784452294,medium,adult,entry,2.0
5009671,M,Y,N,2,321400.0,State servant,Secondary / secondary special,Married,Municipal apartment,-16991,-2111,1,1,0,0,Medicine staff,4.0,0,46.52,0,5.78,80350.0,0.12424763542562338,high,adult,mid,2.0
5009672,F,N,Y,1,254100.0,Working,Higher education,Married,House / apartment,-17986,-7138,1,0,0,0,Laborers,3.0,0,49.24,0,19.54,84700.0,0.3968318440292445,high,adult,senior,2.0
5009673,F,N,Y,0,287500.0,Working,Secondary / secondary special,Married,House / apartment,-21478,-10786,1,0,1,0,Managers,2.0,0,58.8,0,29.53,143750.0,0.5022108843537415,high,senior,senior,2.0
5009674,F,Y,Y,0,273500.0,Commercial associate,Secondary / secondary special,Married,House / apartment,-16043,-2081,1,0,0,1,Laborers,2.0,0,43.92,0,5.7,136750.0,0.12978142076502733,high,adult,mid,3.0
5009675,M,Y,Y,0,141500.0,Working,Secondary / secondary special,Civil marriage,House / apartment,-15114,-3357,1,1,0,0,Drivers,2.0,0,41.38,0,9.19,70750.0,0.22208796520057997,medium,adult,mid,2.0
5009676,F,N,Y,0,547000.0,Working,Secondary / secondary special,Married,House / apartment,-12571,-2515,1,1,0,0,Laborers,2.0,0,34.42,0,6.89,273500.0,0.20017431725740847,high,youth,mid,2.0
5009677,F,N,Y,0,381600.0,Working,Secondary / secondary special,Civil marriage,House / apartment,-9643,365243,1,0,0,0,,2.0,0,26.4,1,0.0,190800.0,0.0,high,youth,entry,2.0
5009678,M,N,N,0,481600.0,Working,Secondary / secondary special,Married,House / apartment,-10781,-3922,1,0,1,0,Laborers,2.0,0,29.52,0,10.74,240800.0,0.3638211382113821,high,youth,senior,1.0
5009679,M,Y,Y,2,187500.0,Working,Secondary / secondary special,Civil marriage,House / apartment,-7315,-175,1,0,1,0,,4.0,0,20.03,0,0.48,46875.0,0.023964053919121316,medium,youth,entry,3.0
5009680,F,N,Y,0,300700.0,Pensioner,Secondary / secondary special,Married,Co-op apartment,-23183,365243,1,0,1,0,,2.0,0,63.47,1,0.0,150350.0,0.0,high,senior,entry,2.0
5009681,F,N,Y,0,269500.0,State servant,Secondary / secondary special,Civil marriage,House / apartment,-21275,-9827,1,0,0,0,Laborers,2.0,0,58.25,0,26.9,134750.0,0.4618025751072961,high,senior,senior,2.0
5009682,M,N,Y,0,429100.0,Working,Secondary / secondary special,Married,House / apartment,-11299,-1753,1,0,1,0,,2.0,0,30.93,0,4.8,214550.0,0.15518913676042675,high,youth,mid,2.0
5009683,M,N,N,0,436100.0,Working,Secondary / secondary special,Married,House / apartment,-7349,-572,1,0,0,0,Accountants,2.0,0,20.12,0,1.57,218050.0,0.07803180914512922,high,youth,entry,1.0
5009684,M,Y,Y,0,268900.0,Working,Secondary / secondary special,Married,House / apartment,-16292,-5480,1,1,0,0,,2.0,0,44.61,0,15.0,134450.0,0.3362474781439139,high,adult,senior,3.0
5009685,F,N,Y,0,114300.0,Working,Secondary / secondary special,Widow,House / apartment,-14840,-4205,1,0,0,0,Sales staff,1.0,0,40.63,0,11.51,114300.0,0.28328821068176224,medium,adult,senior,1.0
5009686,M,Y,Y,0,594400.0,Working,Secondary / secondary special,Single / not married,House / apartment,-21477,-10919,1,0,0,0,Laborers,1.0,0,58.8,0,29.89,594400.0,0.5083333333333334,high,senior,senior,3.0
5009687,M,N,Y,0,322400.0,Working,Secondary / secondary special,Married,House / apartment,-14663,-5110,1,0,1,0,,2.0,0,40.15,0,13.99,161200.0,0.3484433374844334,high,adult,senior,2.0
5009688,F,N,Y,1,180100.0,State servant,Secondary / secondary special,Married,With parents,-23086,-1112,1,0,1,0,Core staff,3.0,0,63.21,0,3.04,60033.333333333336,0.048093656067077994,medium,senior,mid,2.0
5009689,M,N,Y,0,299200.0,Working,Secondary / secondary special,Single / not married,House / apartment,-9055,-2230,1,0,1,0,Sales staff,1.0,0,24.79,0,6.11,299200.0,0.2464703509479629,high,youth,mid,2.0
5009690,F,N,Y,0,114700.0,Working,Secondary / secondary special,Widow,House / apartment,-13986,-5798,1,1,0,1,Laborers,1.0,0,38.29,0,15.87,114700.0,0.4144685296422042,medium,adult,senior,1.0
5009691,M,N,Y,0,413800.0,Working,Higher education,Married,Municipal apartment,-24361,-6665,1,1,0,0,Sales staff,2.0,0,66.7,0,18.25,206900.0,0.2736131934032983,high,senior,senior,2.0
5009692,M,N,N,0,117000.0,Working,Secondary / secondary special,Separated,House / apartment,-7519,-616,1,0,1,0,Core staff,1.0,0,20.59,0,1.69,117000.0,0.08207867897037396,medium,youth,entry,0.0
5009693,M,N,Y,2,218600.0,Pensioner,Secondary / secondary special,Married,House / apartment,-14442,365243,1,0,0,0,,4.0,1,39.54,1,0.0,54650.0,0.0,medium,adult,entry,2.0
5009694,F,N,N,0,275900.0,Working,Secondary / secondary special,Separated,House / apartment,-12048,-4837,1,0,0,0,Laborers,1.0,0,32.99,0,13.24,275900.0,0.40133373749621093,high,youth,senior,1.0
5009695,F,N,Y,0,410400.0,State servant,Higher education,Single / not married,House / apartment,-17018,-1036,1,1,0,0,Sales staff,1.0,0,46.59,0,2.84,410400.0,0.06095728697145309,high,adult,entry,2.0
5009696,F,N,N,1,257500.0,Working,Secondary / secondary special,Married,House / apartment,-12396,-5296,1,0,0,0,Sales staff,3.0,0,33.94,0,14.5,85833.33333333333,0.427224513847967,high,youth,senior,1.0
5009697,F,Y,Y,0,335400.0,Commercial associate,Secondary / secondary special,Married,House / apartment,-23192,-7650,1,0,1,0,Core staff,2.0,0,63.5,0,20.94,167700.0,0.3297637795275591,high,senior,senior,3.0
5009698,F,N,Y,0,240700.0,Student,Higher education,Married,House / apartment,-24419,-9865,1,0,0,0,Sales staff,2.0,0,66.86,0,27.01,120350.0,0.4039784624588693,medium,senior,senior,2.0
5009699,M,Y,Y,0,240200.0,Working,Secondary / secondary special,Married,House / apartment,-22812,-4128,1,0,0,0,,2.0,0,62.46,0,11.3,120100.0,0.180915786103106,medium,senior,senior,3.0
5009700,M,N,Y,0,254800.0,Working,Secondary / secondary special,Separated,House / apartment,-14584,-4963,1,0,0,0,Drivers,1.0,0,39.93,0,13.59,254800.0,0.34034560480841475,high,adult,senior,2.0
5009701,F,Y,Y,1,222100.0,Pensioner,Secondary / secondary special,Single / not married,House / apartment,-25384,365243,1,0,0,0,,2.0,0,69.5,1,0.0,111050.0,0.0,medium,senior,entry,3.0
5009702,M,N,Y,0,105000.0,Working,Secondary / secondary special,Married,House / apartment,-20729,-14138,1,0,0,0,Sales staff,2.0,0,56.75,0,38.71,52500.0,0.6821145374449339,medium,senior,senior,1.0
5009703,M,N,Y,0,166300.0,Commercial associate,Secondary / secondary special,Separated,House / apartment,-13799,-3991,1,0,0,1,,1.0,0,37.78,0,10.93,166300.0,0.2893065113816834,medium,adult,senior,2.0
5009704,M,N,Y,0,275900.0,Working,Secondary / secondary special,Married,House / apartment,-9016,-1102,1,0,1,0,Laborers,2.0,0,24.68,0,3.02,137950.0,0.12236628849270664,high,youth,mid,2.0
5009705,M,N,Y,0,215500.0,Working,Higher education,Civil marriage,House / apartment,-19487,-7300,1,0,1,0,Accountants,2.0,0,53.35,0,19.99,107750.0,0.37469540768509835,medium,adult,senior,2.0
5009706,M,Y,N,0,225800.0,Working,Secondary / secondary special,Civil marriage,House / apartment,-20610,-5431,1,1,0,0,Sales staff,2.0,0,56.43,0,14.87,112900.0,0.2635123161438951,medium,senior,senior,2.0
5009707,F,Y,Y,0,207700.0,Pensioner,Higher education,Separated,House / apartment,-9541,365243,1,0,1,0,,1.0,0,26.12,1,0.0,207700.0,0.0,medium,youth,entry,3.0
5009708,F,Y,Y,0,158500.0,Working,Higher education,Married,House / apartment,-17345,-1337,1,0,1,0,Secretaries,2.0,0,47.49,0,3.66,79250.0,0.07706885660138976,medium,adult,mid,3.0
5009709,F,N,Y,0,190800.0,Working,Secondary / secondary special,Married,House / apartment,-25332,-13129,1,0,0,0,,2.0,0,69.36,0,35.95,95400.0,0.5183102652825836,medium,senior,senior,2.0
5009710,F,N,Y,2,209400.0,Commercial associate,Secondary / secondary special,Married,House / apartment,-13263,-6350,1,1,0,0,,4.0,0,36.31,0,17.39,52350.0,0.478931423850179,medium,adult,senior,2.0
5009711,M,N,Y,0,244800.0,Working,Secondary / secondary special,Married,House / apartment,-12818,-1471,1,0,1,0,Core staff,2.0,0,35.09,0,4.03,122400.0,0.11484753491023084,medium,adult,mid,2.0
5009712,M,Y,N,0,297200.0,Working,Secondary / secondary special,Married,House / apartment,-23802,-12539,1,0,0,0,Sales staff,2.0,0,65.17,0,34.33,148600.0,0.5267761239834279,high,senior,senior,2.0
5009713,F,Y,Y,0,223100.0,Working,Secondary / secondary special,Civil marriage,With parents,-9449,-167,1,0,0,0,Core staff,2.0,0,25.87,0,0.46,111550.0,0.01778121376111326,medium,youth,entry,3.0
5009714,F,N,Y,2,145900.0,Commercial associate,Secondary / secondary special,Married,House / apartment,-24354,-9470,1,0,1,0,,4.0,1,66.68,0,25.93,36475.0,0.388872225554889,medium,senior,senior,1.0
5009715,M,N,Y,1,121300.0,Commercial associate,Higher education,Married,Rented apartment,-21540,-12315,1,0,0,0,,3.0,0,58.97,0,33.72,40433.333333333336,0.5718161777174835,medium,senior,senior,1.0
5009716,F,N,Y,1,894600.0,Working,Secondary / secondary special,Married,House / apartment,-14443,-5323,1,1,1,0,Managers,3.0,0,39.54,0,14.57,298200.0,0.36848760748609005,high,adult,senior,2.0
5009717,F,N,N,0,138800.0,Working,Secondary / secondary special,Married,House / apartment,-8831,-1383,1,0,1,0,Core staff,2.0,0,24.18,0,3.79,69400.0,0.1567411083540116,medium,youth,mid,0.0
5009718,F,N,N,1,188400.0,Commercial associate,Higher education,Married,House / apartment,-7655,-143,1,1,1,0,HR staff,3.0,0,20.96,0,0.39,62800.0,0.018606870229007633,medium,youth,entry,1.0
5009719,F,Y,Y,0,316100.0,Pensioner,Secondary / secondary special,Married,House / apartment,-14169,365243,1,0,0,0,,2.0,0,38.79,1,0.0,158050.0,0.0,high,adult,entry,3.0
5009720,M,N,Y,0,292400.0,Working,Secondary / secondary special,Married,House / apartment,-20187,-10464,1,0,1,0,,2.0,0,55.27,0,28.65,146200.0,0.5183643929799168,high,senior,senior,2.0
5009721,F,N,Y,0,316800.0,Working,Secondary / secondary special,Married,House / apartment,-16209,-4768,1,1,0,0,,2.0,0,44.38,0,13.05,158400.0,0.2940513744930149,high,adult,senior,2.0
5009722,F,Y,Y,1,195700.0,Working,Secondary / secondary special,Married,House / apartment,-20795,-2925,1,0,1,0,,3.0,1,56.93,0,8.01,65233.333333333336,0.1406991041630072,medium,senior,mid,3.0
5009723,M,N,Y,1,275100.0,Commercial associate,Secondary / secondary special,Married,House / apartment,-19551,-3084,1,1,0,0,Core staff,3.0,0,53.53,0,8.44,91700.0,0.15766859704838407,high,adult,mid,2.0
5009724,F,Y,N,1,251700.0,State servant,Incomplete higher,Civil marriage,House / apartment,-17768,-4371,1,1,0,0,Laborers,3.0,0,48.65,0,11.97,83900.0,0.24604316546762592,high,adult,senior,2.0
5009725,F,N,Y,2,208900.0,Working,Secondary / secondary special,Civil marriage,With parents,-24974,-1715,1,0,0,0,,4.0,0,68.38,0,4.7,52225.0,0.0687335478210003,medium,senior,mid,2.0
5009726,F,Y,Y,0,276000.0,Working,Secondary / secondary special,Married,House / apartment,-20607,-307,1,0,0,0,Managers,2.0,0,56.42,0,0.84,138000.0,0.014888337468982629,high,senior,entry,3.0
5009727,F,N,Y,0,413800.0,Working,Secondary / secondary special,Married,House / apartment,-24008,-8754,1,0,0,0,Drivers,2.0,0,65.73,0,23.97,206900.0,0.3646736649931538,high,senior,senior,2.0
5009728,F,Y,N,0,241400.0,Working,Secondary / secondary special,Separated,House / apartment,-11727,-3974,1,0,0,0,Laborers,1.0,0,32.11,0,10.88,241400.0,0.33883525381501095,medium,youth,senior,2.0
5009729,M,N,Y,1,242200.0,Working,Secondary / secondary special,Married,House / apartment,-20338,-7398,1,0,0,0,,3.0,0,55.68,0,20.25,80733.33333333333,0.3636853448275862,medium,senior,senior,2.0
5009730,M,N,N,0,416500.0,Pensioner,Secondary / secondary special,Married,With parents,-18222,365243,1,0,0,0,,2.0,0,49.89,1,0.0,208250.0,0.0,high,adult,entry,1.0
5009731,F,N,Y,1,394800.0,Working,Secondary / secondary special,Married,House / apartment,-24185,-12238,1,1,0,0,Sales staff,3.0,0,66.21,0,33.51,131600.0,0.5061169007702764,high,senior,senior,2.0
5009732,F,N,Y,0,539000.0,Pensioner,Secondary / secondary special,Single / not married,House / apartment,-16627,365243,1,1,0,0,,1.0,0,45.52,1,0.0,539000.0,0.0,high,adult,entry,2.0
5009733,M,N,N,0,101500.0,Working,Secondary / secondary special,Separated,House / apartment,-12412,-4341,1,0,0,0,Cleaning staff,1.0,0,33.98,0,11.89,101500.0,0.349911712772219,medium,youth,senior,0.0
5009734,M,Y,N,0,383900.0,Pensioner,Higher education,Married,House / apartment,-14333,365243,1,0,1,0,,2.0,0,39.24,1,0.0,191950.0,0.0,high,adult,entry,2.0
5009735,F,Y,Y,0,329800.0,Working,Secondary / secondary special,Married,House / apartment,-11301,-3733,1,0,0,0,,2.0,0,30.94,0,10.22,164900.0,0.33031674208144796,high,youth,senior,3.0
5009736,F,Y,Y,1,156800.0,Working,Secondary / secondary special,Married,House / apartment,-11322,-4314,1,0,0,0,Laborers,3.0,0,31.0,0,11.81,52266.666666666664,0.3809677419354839,medium,youth,senior,3.0
5009737,F,N,N,0,276900.0,State servant,Secondary / secondary special,Widow,House / apartment,-15896,-8331,1,1,0,0,Accountants,1.0,0,43.52,0,22.81,276900.0,0.524126838235294,high,adult,senior,1.0
5009738,M,Y,Y,0,412900.0,Working,Secondary / secondary special,Civil marriage,House / apartment,-23606,-733,1,0,0,0,Laborers,2.0,0,64.63,0,2.01,206450.0,0.031100108308834907,high,senior,entry,3.0
5009739,M,N,Y,0,161300.0,Commercial associate,Higher education,Married,House / apartment,-10809,-4126,1,1,0,0,,2.0,0,29.59,0,11.3,80650.0,0.38188577222034475,medium,youth,senior,2.0
5009740,M,N,N,0,304600.0,Pensioner,Secondary / secondary special,Civil marriage,House / apartment,-12562,365243,1,0,0,0,,2.0,0,34.39,1,0.0,152300.0,0.0,high,youth,entry,1.0
5009741,F,Y,Y,0,377400.0,Working,Lower secondary,Married,House / apartment,-22883,-4976,1,0,0,1,,2.0,0,62.65,0,13.62,188700.0,0.21739824421388668,high,senior,senior,3.0
5009742,M,Y,Y,0,142900.0,Commercial associate,Higher education,Married,House / apartment,-13501,-276,1,0,0,0,Drivers,2.0,0,36.96,0,0.76,71450.0,0.020562770562770564,medium,adult,entry,2.0
5009743,F,Y,Y,1,227400.0,Pensioner,Secondary / secondary special,Married,House / apartment,-24881,365243,1,0,0,0,,3.0,1,68.12,1,0.0,75800.0,0.0,medium,senior,entry,3.0
5009744,M,N,Y,0,283800.0,State servant,Higher education,Married,House / apartment,-12216,-1339,1,0,0,0,Drivers,2.0,0,33.45,0,3.67,141900.0,0.10971599402092674,high,youth,mid,2.0
5009745,F,Y,Y,0,164000.0,Commercial associate,Secondary / secondary special,Married,House / apartment,-15380,-2200,1,0,0,0,Laborers,2.0,0,42.11,0,6.02,82000.0,0.1429589171218238,medium,adult,mid,3.0
5009746,F,Y,Y,0,157300.0,Working,Secondary / secondary special,Civil marriage,House / apartment,-9051,-1365,1,0,0,0,,2.0,0,24.78,0,3.74,78650.0,0.1509281678773204,medium,youth,mid,3.0
5009747,F,N,Y,0,228200.0,Commercial associate,Secondary / secondary special,Married,House / apartment,-25425,-7724,1,0,1,0,Laborers,2.0,0,69.61,0,21.15,114100.0,0.30383565579658095,medium,senior,senior,2.0
5009748,M,N,Y,0,364500.0,Commercial associate,Secondary / secondary special,Married,House / apartment,-23561,-16216,1,0,0,0,,2.0,0,64.51,0,44.4,182250.0,0.688265385211595,high,senior,senior,2.0
5009749,M,Y,Y,0,336800.0,Commercial associate,Secondary / secondary special,Married,House / apartment,-22236,-24,1,0,1,0,,2.0,0,60.88,0,0.07,168400.0,0.0011498028909329829,high,senior,entry,3.0
5009750,M,Y,Y,0,158700.0,Pensioner,Secondary / secondary special,Married,House / apartment,-10178,365243,1,1,1,0,,2.0,0,27.87,1,0.0,79350.0,0.0,medium,youth,entry,3.0
5009751,F,Y,N,0,338300.0,Working,Secondary / secondary special,Married,House / apartment,-25008,-3829,1,1,1,0,High skill tech staff,2.0,0,68.47,0,10.48,169150.0,0.15305973419015628,high,senior,senior,2.0
5009752,F,N,Y,0,160700.0,Working,Secondary / secondary special,Married,House / apartment,-24274,-11429,1,0,0,0,Managers,2.0,0,66.46,0,31.29,80350.0,0.4708095094793861,medium,senior,senior,2.0
5009753,F,N,N,1,109100.0,Commercial associate,Secondary / secondary special,Married,House / apartment,-15261,-7954,1,0,0,0,Medicine staff,3.0,1,41.78,0,21.78,36366.666666666664,0.5213020584011488,medium,adult,senior,0.0
5009754,F,Y,Y,2,203200.0,State servant,Higher education,Married,House / apartment,-19753,-5526,1,0,0,0,,4.0,0,54.08,0,15.13,50800.0,0.27977071005917165,medium,adult,senior,3.0
5009755,F,Y,N,0,428000.0,Working,Secondary / secondary special,Married,House / apartment,-25430,-10216,1,0,1,0,Drivers,2.0,0,69.62,0,27.97,214000.0,0.4017523700086182,high,senior,senior,2.0
5009756,M,N,Y,0,338900.0,State servant,Secondary / secondary special,Married,House / apartment,-14788,-7065,1,0,0,0,Drivers,2.0,0,40.49,0,19.34,169450.0,0.47764880217337613,high,adult,senior,2.0
5009757,F,N,Y,0,243900.0,State servant,Secondary / secondary special,Married,House / apartment,-9369,-1911,1,0,0,0,,2.0,0,25.65,0,5.23,121950.0,0.20389863547758288,medium,youth,mid,2.0
5009758,F,Y,N,0,198200.0,Pensioner,Secondary / secondary special,Married,House / apartment,-23153,365243,1,0,0,0,,2.0,0,63.39,1,0.0,99100.0,0.0,medium,senior,entry,2.0
5009759,F,N,N,1,200900.0,Pensioner,Incomplete higher,Married,House / apartment,-16007,365243,1,0,0,0,,3.0,0,43.82,1,0.0,66966.66666666667,0.0,medium,adult,entry,1.0
5009760,F,Y,Y,1,257800.0,Pensioner,Secondary / secondary special,Single / not married,House / apartment,-25330,365243,1,0,1,0,,2.0,0,69.35,1,0.0,128900.0,0.0,high,senior,entry,3.0
5009761,M,Y,N,0,143100.0,Pensioner,Higher education,Single / not married,Office apartment,-17366,365243,1,0,0,0,,1.0,0,47.55,1,0.0,143100.0,0.0,medium,adult,entry,1.0
5009762,M,N,Y,0,205100.0,Commercial associate,Secondary / secondary special,Separated,House / apartment,-7843,-583,1,1,0,0,,1.0,0,21.47,0,1.6,205100.0,0.07452258965999069,medium,youth,entry,2.0
5009763,F,N,N,0,219200.0,Working,Higher education,Married,House / apartment,-16285,-121,1,0,0,0,Laborers,2.0,0,44.59,0,0.33,109600.0,0.007400762502803319,medium,adult,entry,1.0
5009764,M,N,Y,0,124200.0,Working,Higher education,Married,House / apartment,-20419,-1264,1,0,0,0,,2.0,0,55.9,0,3.46,62100.0,0.06189624329159213,medium,senior,mid,1.0
5009765,F,N,Y,1,160500.0,Working,Higher education,Single / not married,House / apartment,-7780,-750,1,0,0,0,Sales staff,2.0,0,21.3,0,2.05,80250.0,0.09624413145539905,medium,youth,entry,2.0
5009766,M,N,Y,0,299800.0,Working,Secondary / secondary special,Married,House / apartment,-14856,-2104,1,0,0,0,,2.0,0,40.67,0,5.76,149900.0,0.141627735431522,high,adult,mid,2.0
5009767,F,N,Y,0,245300.0,Working,Secondary / secondary special,Married,House / apartment,-10146,-1481,1,0,1,0,,2.0,0,27.78,0,4.05,122650.0,0.14578833693304535,medium,youth,mid,2.0
5009768,M,N,N,0,209200.0,Pensioner,Secondary / secondary special,Single / not married,House / apartment,-19050,365243,1,0,1,0,,1.0,1,52.16,1,0.0,209200.0,0.0,medium,adult,entry,1.0
5009769,F,N,Y,0,154800.0,Commercial associate,Secondary / secondary special,Married,House / apartment,-24789,-447,1,0,0,0,,2.0,1,67.87,0,1.22,77400.0,0.017975541476351848,medium,senior,entry,2.0
5009770,F,N,Y,0,537100.0,Working,Secondary / secondary special,Married,House / apartment,-18711,-10675,1,0,1,0,,2.0,0,51.23,0,29.23,268550.0,0.5705641225844232,high,adult,senior,2.0
5009771,M,Y,Y,0,160600.0,Pensioner,Secondary / secondary special,Single / not married,House / apartment,-19995,365243,1,0,0,0,,1.0,0,54.74,1,0.0,160600.0,0.0,medium,adult,entry,3.0
5009772,F,N,Y,0,276900.0,Working,Higher education,Single / not married,House / apartment,-14547,-804,1,0,0,0,High skill tech staff,1.0,0,39.83,0,2.2,276900.0,0.05523474767762993,high,adult,entry,2.0
5009773,F,N,Y,1,191300.0,Working,Secondary / secondary special,Single / not married,House / apartment,-17589,-5410,1,1,0,0,Drivers,2.0,0,48.16,0,14.81,95650.0,0.3075166112956811,medium,adult,senior,2.0
5009774,F,N,Y,1,248600.0,Pensioner,Higher education,Married,House / apartment,-17237,365243,1,1,0,0,,3.0,0,47.19,1,0.0,82866.66666666667,0.0,medium,adult,entry,2.0
5009775,F,Y,N,0,306900.0,Working,Secondary / secondary special,Civil marriage,House / apartment,-21177,-10267,1,1,0,0,High skill tech staff,2.0,0,57.98,0,28.11,153450.0,0.48482235253535705,high,senior,senior,2.0
5009776,F,N,Y,2,123000.0,Commercial associate,Secondary / secondary special,Single / not married,House / apartment,-22954,-330,1,0,0,0,,3.0,0,62.84,0,0.9,41000.0,0.014322087842138764,medium,senior,entry,1.0
5009777,M,N,Y,0,243300.0,Working,Secondary / secondary special,Civil marriage,House / apartment,-19411,-11572,1,0,0,0,,2.0,1,53.14,0,31.68,121650.0,0.5961610839292435,medium,adult,senior,2.0
5009778,M,Y,N,1,442800.0,Working,Secondary / secondary special,Single / not married,House / apartment,-25199,-14861,1,0,0,0,,2.0,0,68.99,0,40.69,221400.0,0.5897956225539933,high,senior,senior,2.0
5009779,M,N,Y,1,589000.0,Pensioner,Secondary / secondary special,Married,House / apartment,-22432,365243,1,0,0,0,,3.0,0,61.42,1,0.0,196333.33333333334,0.0,high,senior,entry,2.0
5009780,F,Y,N,0,228800.0,Working,Higher education,Married,House / apartment,-9581,-2036,1,1,0,0,,2.0,0,26.23,0,5.57,114400.0,0.2123522683949676,medium,youth,mid,2.0
5009781,M,Y,N,1,249300.0,State servant,Secondary / secondary special,Single / not married,House / apartment,-16573,-7364,1,0,0,0,,2.0,0,45.37,0,20.16,124650.0,0.44434648446109765,medium,adult,senior,2.0
5009782,F,N,Y,0,737600.0,Working,Higher education,Single / not married,House / apartment,-23800,-1553,1,0,0,0,Laborers,1.0,0,65.16,0,4.25,737600.0,0.06522406384284837,high,senior,mid,2.0
5009783,F,N,Y,0,430600.0,Commercial associate,Higher education,Married,House / apartment,-24544,-8318,1,0,1,0,Drivers,2.0,0,67.2,0,22.77,215300.0,0.3388392857142857,high,senior,senior,2.0
5009784,M,N,Y,0,179300.0,Pensioner,Secondary / secondary special,Single / not married,House / apartment,-14249,365243,1,1,1,0,,1.0,0,39.01,1,0.0,179300.0,0.0,medium,adult,entry,2.0
5009785,F,Y,Y,1,179100.0,State servant,Higher education,Married,House / apartment,-20558,-8914,1,0,0,0,Laborers,3.0,0,56.28,0,24.41,59700.0,0.43372423596304194,medium,senior,senior,3.0
5009786,M,N,N,1,393900.0,Working,Higher education,Married,House / apartment,-14803,-5878,1,1,0,0,,3.0,0,40.53,0,16.09,131300.0,0.39698988403651614,high,adult,senior,1.0
5009787,M,Y,Y,0,147300.0,Working,Higher education,Married,House / apartment,-9563,-1718,1,0,0,0,Managers,2.0,0,26.18,0,4.7,73650.0,0.17952635599694425,medium,youth,mid,2.0
5009788,F,Y,Y,0,420600.0,Commercial associate,Higher education,Married,With parents,-23460,365243,1,1,1,0,,2.0,0,64.23,1,0.0,210300.0,0.0,high,senior,entry,3.0
5009789,F,Y,Y,0,288500.0,Working,Higher education,Married,House / apartment,-24325,-8850,1,0,0,1,Core staff,2.0,0,66.6,0,24.23,144250.0,0.36381381381381384,high,senior,senior,3.0
5009790,F,N,Y,3,316300.0,Working,Secondary / secondary special,Single / not married,House / apartment,-16523,-8048,1,0,0,0,,4.0,0,45.24,0,22.03,79075.0,0.4869584438549956,high,adult,senior,2.0
5009791,F,N,Y,0,214700.0,Pensioner,Secondary / secondary special,Married,House / apartment,-7639,365243,1,0,1,0,,2.0,0,20.91,1,0.0,107350.0,0.0,medium,youth,entry,2.0
5009792,M,N,N,1,178200.0,Commercial associate,Higher education,Married,House / apartment,-22208,-7604,1,0,0,0,Laborers,3.0,1,60.8,0,20.82,59400.0,0.3424342105263158,medium,senior,senior,1.0
5009793,F,N,Y,0,507100.0,Working,Higher education,Widow,With parents,-16015,-4199,1,0,0,0,Managers,1.0,0,43.85,0,11.5,507100.0,0.26225769669327254,high,adult,senior,2.0
5009794,F,Y,Y,0,215800.0,Working,Secondary / secondary special,Married,Municipal apartment,-8675,365243,1,0,1,0,,2.0,0,23.75,1,0.0,107900.0,0.0,medium,youth,entry,3.0
5009795,F,N,Y,0,198800.0,Pensioner,Secondary / secondary special,Married,House / apartment,-10764,365243,1,1,1,1,,2.0,0,29.47,1,0.0,99400.0,0.0,medium,youth,entry,2.0
5009796,M,N,N,2,234500.0,Commercial associate,Secondary / secondary special,Separated,House / apartment,-10083,-262,1,1,0,0,Sales staff,3.0,0,27.61,0,0.72,78166.66666666667,0.026077508149221298,medium,youth,entry,1.0
5009797,F,N,Y,0,268900.0,Commercial associate,Secondary / secondary special,Married,House / apartment,-19838,-8303,1,0,1,0,Managers,2.0,0,54.31,0,22.73,134450.0,0.4185232922113791,high,adult,senior,2.0
5009798,F,Y,N,2,145800.0,Working,Secondary / secondary special,Single / not married,House / apartment,-12773,365243,1,0,0,0,,3.0,0,34.97,1,0.0,48600.0,0.0,medium,youth,entry,1.0
5009799,M,N,Y,0,184100.0,Working,Secondary / secondary special,Widow,With parents,-9637,-1955,1,0,0,0,Laborers,1.0,0,26.38,0,5.35,184100.0,0.20280515542077332,medium,youth,mid,2.0
5009800,F,N,N,0,179200.0,Working,Higher education,Civil marriage,House / apartment,-24064,-1190,1,0,0,0,Sales staff,2.0,0,65.88,0,3.26,89600.0,0.04948391013964785,medium,senior,mid,1.0
5009801,M,N,Y,1,372500.0,Commercial associate,Secondary / secondary special,Married,House / apartment,-24774,365243,1,0,0,0,,3.0,0,67.83,1,0.0,124166.66666666667,0.0,high,senior,entry,2.0
5009802,F,N,Y,1,156800.0,Working,Secondary / secondary special,Married,House / apartment,-9836,-946,1,0,0,0,Sales staff,3.0,0,26.93,0,2.59,52266.666666666664,0.09617526921648718,medium,youth,entry,2.0
5009803,F,Y,Y,2,101500.0,Commercial associate,Higher education,Married,House / apartment,-11510,-913,1,0,0,0,,4.0,0,31.51,0,2.5,25375.0,0.07933989209774674,medium,youth,entry,2.0
5009804,M,N,Y,0,91300.0,Commercial associate,Higher education,Civil marriage,House / apartment,-18119,-1263,1,0,1,0,,2.0,0,49.61,0,3.46,45650.0,0.06974400322515621,low,adult,mid,1.0
5009805,F,Y,Y,0,117000.0,Commercial associate,Secondary / secondary special,Civil marriage,House / apartment,-10054,-3069,1,0,0,0,Cooking staff,2.0,0,27.53,0,8.4,58500.0,0.3051216854340719,medium,youth,mid,2.0
5009806,F,N,Y,0,482300.0,Working,Secondary / secondary special,Civil marriage,House / apartment,-10201,-2501,1,0,0,0,Accountants,2.0,0,27.93,0,6.85,241150.0,0.24525599713569637,high,youth,mid,2.0
5009807,F,N,Y,0,246100.0,Commercial associate,Secondary / secondary special,Married,House / apartment,-13452,-6346,1,0,0,0,Security staff,2.0,0,36.83,0,17.37,123050.0,0.47162639152864516,medium,adult,senior,2.0
5009808,F,Y,Y,2,313700.0,Commercial associate,Higher education,Married,House / apartment,-24639,-1913,1,0,0,0,Laborers,4.0,0,67.46,0,5.24,78425.0,0.07767565965016307,high,senior,mid,3.0
5009809,F,N,N,0,319200.0,Working,Secondary / secondary special,Married,House / apartment,-24882,365243,1,0,0,1,,2.0,0,68.12,1,0.0,159600.0,0.0,high,senior,entry,1.0
5009810,F,N,Y,0,251100.0,Working,Secondary / secondary special,Married,House / apartment,-22678,365243,1,1,0,0,,2.0,0,62.09,1,0.0,125550.0,0.0,high,senior,entry,2.0
5009811,F,Y,N,0,235200.0,Commercial associate,Higher education,Single / not married,House / apartment,-20010,-12248,1,0,0,0,High skill tech staff,1.0,0,54.78,0,33.53,235200.0,0.6120847024461482,medium,adult,senior,2.0
5009812,M,N,Y,0,411600.0,Working,Higher education,Married,House / apartment,-20466,-4143,1,0,0,0,Accountants,2.0,0,56.03,0,11.34,205800.0,0.20239157594145993,high,senior,senior,2.0
5009813,F,Y,Y,0,262600.0,Working,Secondary / secondary special,Married,House / apartment,-15881,-3812,1,0,1,0,,2.0,0,43.48,0,10.44,131300.0,0.24011039558417663,high,adult,senior,3.0
5009814,M,N,Y,0,491400.0,Working,Secondary / secondary special,Civil marriage,House / apartment,-16987,-956,1,0,1,0,Managers,2.0,0,46.51,0,2.62,245700.0,0.05633197161900667,high,adult,entry,2.0
5009815,F,N,Y,0,333000.0,Working,Secondary / secondary special,Married,Municipal apartment,-18892,-7380,1,0,0,0,High skill tech staff,2.0,0,51.72,0,20.21,166500.0,0.39075792730085074,high,adult,senior,2.0
5009816,F,N,N,0,179300.0,State servant,Secondary / secondary special,Separated,House / apartment,-20660,-12712,1,0,0,0,,1.0,0,56.56,0,34.8,179300.0,0.6152758132956152,medium,senior,senior,1.0
5009817,M,N,Y,3,190400.0,Commercial associate,Secondary / secondary special,Married,House / apartment,-9074,-1258,1,0,0,0,,5.0,0,24.84,0,3.44,38080.0,0.13848631239935588,medium,youth,mid,2.0
5009818,F,N,N,0,169700.0,Working,Secondary / secondary special,Separated,House / apartment,-11412,-2427,1,0,0,0,Medicine staff,1.0,0,31.24,0,6.64,169700.0,0.21254801536491677,medium,youth,mid,1.0
5009819,F,N,N,0,448800.0,State servant,Secondary / secondary special,Married,House / apartment,-24891,-6652,1,0,0,0,,2.0,0,68.15,0,18.21,224400.0,0.26720469552457815,high,senior,senior,1.0
5009820,M,Y,Y,3,199400.0,Commercial associate,Secondary / secondary special,Married,With parents,-13426,-2687,1,0,1,0,Drivers,5.0,0,36.76,0,7.36,39880.0,0.20021762785636563,medium,adult,mid,3.0
5009821,F,N,N,1,163800.0,Commercial associate,Higher education,Married,House / apartment,-12208,-2520,1,0,0,1,Managers,3.0,0,33.42,0,6.9,54600.0,0.20646319569120286,medium,youth,mid,1.0
5009822,F,N,Y,3,286500.0,Working,Secondary / secondary special,Civil marriage,House / apartment,-15010,-6977,1,0,1,0,Sales staff,5.0,0,41.1,0,19.1,57300.0,0.464720194647202,high,adult,senior,2.0
5009823,M,Y,N,2,232600.0,Commercial associate,Secondary / secondary special,Married,House / apartment,-12618,-1390,1,0,0,0,Managers,4.0,0,34.55,0,3.81,58150.0,0.11027496382054994,medium,youth,mid,2.0
5009824,F,N,N,0,282900.0,Working,Incomplete higher,Single / not married,House / apartment,-8970,-2246,1,0,0,0,Sales staff,1.0,0,24.56,0,6.15,282900.0,0.2504071661237785,high,youth,mid,1.0
5009825,M,N,Y,0,628000.0,Working,Secondary / secondary special,Widow,House / apartment,-11103,-1396,1,0,1,0,,1.0,0,30.4,0,3.82,628000.0,0.1256578947368421,high,youth,mid,2.0
5009826,F,N,N,0,385400.0,Working,Higher education,Married,House / apartment,-18996,-4257,1,1,0,0,,2.0,0,52.01,0,11.66,192700.0,0.2241876562199577,high,adult,senior,1.0
5009827,F,Y,Y,0,247500.0,Working,Secondary / secondary special,Civil marriage,House / apartment,-11381,-923,1,0,1,0,Core staff,2.0,0,31.16,0,2.53,123750.0,0.08119383825417201,medium,youth,entry,3.0
5009828,F,Y,Y,1,120700.0,Working,Secondary / secondary special,Married,Rented apartment,-19133,-953,1,0,0,0,Drivers,3.0,0,52.38,0,2.61,40233.333333333336,0.04982817869415807,medium,adult,entry,2.0
5009829,F,Y,Y,0,190100.0,Working,Secondary / secondary special,Married,House / apartment,-9133,-1894,1,1,1,0,Sales staff,2.0,0,25.0,0,5.19,95050.0,0.2076,medium,youth,mid,3.0
5009830,F,N,Y,1,348400.0,Pensioner,Secondary / secondary special,Married,House / apartment,-8070,365243,1,0,0,0,,3.0,0,22.09,1,0.0,116133.33333333333,0.0,high,youth,entry,2.0
5009831,F,Y,Y,1,135900.0,Working,Secondary / secondary special,Married,House / apartment,-23039,-12803,1,0,0,0,High skill tech staff,3.0,0,63.08,0,35.05,45300.0,0.5556436271401395,medium,senior,senior,2.0
5009832,M,N,N,0,712100.0,Pensioner,Secondary / secondary special,Married,House / apartment,-21185,365243,1,0,0,0,,2.0,0,58.0,1,0.0,356050.0,0.0,high,senior,entry,1.0
5009833,F,Y,Y,1,245900.0,Commercial associate,Secondary / secondary special,Married,House / apartment,-19468,-698,1,0,0,0,Security staff,3.0,0,53.3,0,1.91,81966.66666666667,0.03583489681050657,medium,adult,entry,3.0
5009834,M,N,Y,0,250200.0,Working,Secondary / secondary special,Married,House / apartment,-7869,-832,1,1,0,0,Drivers,2.0,0,21.54,0,2.28,125100.0,0.10584958217270195,high,youth,entry,2.0
5009835,F,Y,Y,0,174900.0,Working,Secondary / secondary special,Married,House / apartment,-11676,-996,1,0,1,1,,2.0,0,31.97,0,2.73,87450.0,0.08539255552080076,medium,youth,entry,3.0
5009836,M,N,Y,1,313000.0,Pensioner,Secondary / secondary special,Married,House / apartment,-22140,365243,1,0,0,0,,3.0,0,60.62,1,0.0,104333.33333333333,0.0,high,senior,entry,2.0
5009837,M,Y,N,0,136800.0,Working,Secondary / secondary special,Married,House / apartment,-9947,-1641,1,1,0,0,Accountants,2.0,0,27.23,0,4.49,68400.0,0.16489166360631657,medium,youth,mid,1.0
5009838,M,N,N,1,720700.0,Commercial associate,Incomplete higher,Married,House / apartment,-22150,-13283,1,0,0,1,,3.0,0,60.64,0,36.37,240233.33333333334,0.5997691292875988,high,senior,senior,1.0
5009839,F,Y,N,0,471700.0,Commercial associate,Secondary / secondary special,Separated,House / apartment,-17975,-10552,1,0,1,0,Core staff,1.0,0,49.21,0,28.89,471700.0,0.5870757976021134,high,adult,senior,2.0
5009840,M,N,Y,0,399400.0,Working,Incomplete higher,Married,House / apartment,-20826,-113,1,1,1,0,Sales staff,2.0,0,57.02,0,0.31,199700.0,0.005436688881094352,high,senior,entry,2.0
5009841,F,N,Y,1,121800.0,Working,Secondary / secondary special,Married,House / apartment,-19075,-7340,1,0,0,1,Drivers,3.0,0,52.22,0,20.1,40600.0,0.38490999617004984,medium,adult,senior,1.0
5009842,M,Y,N,0,270500.0,Working,Secondary / secondary special,Married,House / apartment,-14920,-5139,1,0,0,0,Drivers,2.0,0,40.85,0,14.07,135250.0,0.3444308445532436,high,adult,senior,2.0
5009843,M,N,N,0,446900.0,Pensioner,Secondary / secondary special,Single / not married,House / apartment,-12637,365243,1,0,1,0,,1.0,0,34.6,1,0.0,446900.0,0.0,high,youth,entry,1.0
5009844,F,N,Y,0,328400.0,Pensioner,Higher education,Married,House / apartment,-19591,365243,1,0,0,1,,2.0,1,53.64,1,0.0,164200.0,0.0,high,adult,entry,2.0
5009845,F,Y,Y,1,147900.0,State servant,Higher education,Married,House / apartment,-22041,-4544,1,0,0,0,Core staff,3.0,0,60.34,0,12.44,49300.0,0.2061650646337421,medium,senior,senior,2.0
5009846,M,N,N,0,176400.0,Working,Higher education,Civil marriage,House / apartment,-8122,-322,1,0,0,0,Sales staff,2.0,0,22.24,0,0.88,88200.0,0.03956834532374101,medium,youth,entry,1.0
5009847,F,Y,N,1,194800.0,Working,Secondary / secondary special,Married,House / apartment,-14243,-1849,1,0,0,0,Realty agents,3.0,0,39.0,0,5.06,64933.333333333336,0.12974358974358974,medium,adult,mid,2.0
5009848,F,N,Y,0,180500.0,Working,Higher education,Married,House / apartment,-13710,-2879,1,0,0,0,Laborers,2.0,0,37.54,0,7.88,90250.0,0.20990942994139586,medium,adult,mid,2.0
5009849,F,N,N,0,524300.0,State servant,Secondary / secondary special,Separated,House / apartment,-17522,-9508,1,0,0,0,Laborers,1.0,0,47.97,0,26.03,524300.0,0.5426308109234939,high,adult,senior,1.0
5009850,M,Y,Y,2,93400.0,Working,Secondary / secondary special,Married,House / apartment,-9386,-533,1,0,0,0,,4.0,1,25.7,0,1.46,23350.0,0.05680933852140078,low,youth,entry,2.0
5009851,M,N,Y,0,338900.0,Working,Secondary / secondary special,Married,House / apartment,-24352,-9610,1,0,0,0,,2.0,0,66.67,0,26.31,169450.0,0.3946302684865756,high,senior,senior,2.0
5009852,F,N,Y,0,127900.0,Pensioner,Secondary / secondary special,Married,House / apartment,-17322,365243,1,0,0,0,,2.0,0,47.43,1,0.0,63950.0,0.0,medium,adult,entry,1.0
5009853,M,N,Y,1,151000.0,Working,Higher education,Married,House / apartment,-24175,-2918,1,0,0,0,,3.0,0,66.19,0,7.99,50333.333333333336,0.12071309865538601,medium,senior,mid,2.0
5009854,F,N,Y,1,89400.0,Commercial associate,Secondary / secondary special,Married,House / apartment,-22224,-9388,1,0,0,0,Laborers,3.0,0,60.85,0,25.7,29800.0,0.4223500410846343,low,senior,senior,1.0
5009855,F,N,Y,0,185500.0,Working,Secondary / secondary special,Married,House / apartment,-10805,-3752,1,0,0,0,,2.0,0,29.58,0,10.27,92750.0,0.34719405003380666,medium,youth,senior,2.0
5009856,F,N,Y,0,519600.0,Working,Secondary / secondary special,Married,House / apartment,-9722,-3114,1,0,0,0,Drivers,2.0,0,26.62,0,8.53,259800.0,0.3204357625845229,high,youth,mid,2.0
5009857,F,Y,N,1,278700.0,Pensioner,Incomplete higher,Married,House / apartment,-23034,365243,1,0,0,0,,3.0,0,63.06,1,0.0,92900.0,0.0,high,senior,entry,2.0
5009858,F,N,N,1,134100.0,Commercial associate,Secondary / secondary special,Separated,House / apartment,-17096,-5564,1,0,0,0,Core staff,2.0,0,46.81,0,15.23,67050.0,0.32535782952360603,medium,adult,senior,0.0
5009859,F,N,Y,1,406000.0,Working,Secondary / secondary special,Single / not married,Co-op apartment,-7666,-480,1,1,0,0,Laborers,2.0,0,20.99,0,1.31,203000.0,0.06241067174845165,high,youth,entry,2.0
5009860,F,N,Y,0,451900.0,Working,Secondary / secondary special,Married,House / apartment,-24366,-5466,1,0,1,0,HR staff,2.0,0,66.71,0,14.97,225950.0,0.22440413731074804,high,senior,senior,2.0
5009861,F,N,N,4,257200.0,Working,Higher education,Married,House / apartment,-15944,-2652,1,1,0,0,Laborers,6.0,0,43.65,0,7.26,42866.666666666664,0.1663230240549828,high,adult,mid,1.0
5009862,F,N,Y,0,675300.0,Commercial associate,Incomplete higher,Married,House / apartment,-12801,-239,1,1,1,0,Sales staff,2.0,0,35.05,0,0.65,337650.0,0.018544935805991442,high,adult,entry,2.0
5009863,F,N,N,0,368200.0,Working,Secondary / secondary special,Married,House / apartment,-16739,-6396,1,0,0,0,Laborers,2.0,0,45.83,0,17.51,184100.0,0.38206415012000877,high,adult,senior,1.0
5009864,F,N,N,0,343400.0,Commercial associate,Secondary / secondary special,Widow,House / apartment,-22334,-11891,1,0,0,0,,1.0,0,61.15,0,32.56,343400.0,0.5324611610793132,high,senior,senior,1.0
5009865,F,Y,Y,0,163400.0,Working,Higher education,Widow,House / apartment,-9319,-2623,1,1,0,1,Accountants,1.0,0,25.51,0,7.18,163400.0,0.2814582516660133,medium,youth,mid,3.0
5009866,F,N,N,0,334100.0,Pensioner,Incomplete higher,Married,With parents,-13860,365243,1,1,1,0,,2.0,0,37.95,1,0.0,167050.0,0.0,high,adult,entry,1.0
5009867,F,N,N,0,272100.0,Working,Secondary / secondary special,Married,House / apartment,-13128,-5398,1,0,0,0,Laborers,2.0,0,35.94,0,14.78,136050.0,0.4112409571508069,high,adult,senior,1.0
5009868,F,Y,Y,0,316600.0,Pensioner,Secondary / secondary special,Separated,House / apartment,-22639,365243,1,0,0,0,,1.0,0,61.98,1,0.0,316600.0,0.0,high,senior,entry,3.0
5009869,F,N,Y,0,173400.0,Working,Higher education,Single / not married,House / apartment,-21522,-9830,1,0,0,0,Core staff,1.0,0,58.92,0,26.91,173400.0,0.45672097759674135,medium,senior,senior,2.0
5009870,M,N,Y,0,260300.0,Working,Secondary / secondary special,Married,House / apartment,-14612,-2222,1,0,0,1,,2.0,0,40.01,0,6.08,130150.0,0.15196200949762562,high,adult,mid,2.0
5009871,M,Y,Y,0,162300.0,State servant,Secondary / secondary special,Married,House / apartment,-19440,-4639,1,0,0,0,Core staff,2.0,0,53.22,0,12.7,81150.0,0.23863209319804585,medium,adult,senior,3.0
5009872,F,Y,Y,0,83400.0,Working,Secondary / secondary special,Married,With parents,-14509,-4230,1,0,0,0,,2.0,1,39.72,0,11.58,41700.0,0.29154078549848944,low,adult,senior,2.0
5009873,M,Y,Y,0,402200.0,Commercial associate,Secondary / secondary special,Separated,House / apartment,-17739,-5768,1,0,0,0,Sales staff,1.0,0,48.57,0,15.79,402200.0,0.32509779699402924,high,adult,senior,3.0
5009874,M,N,Y,0,115200.0,Working,Secondary / secondary special,Married,House / apartment,-25407,-7645,1,0,1,0,Accountants,2.0,0,69.56,0,20.93,57600.0,0.30089131684876363,medium,senior,senior,1.0
5009875,M,Y,N,0,257600.0,Working,Lower secondary,Single / not married,House / apartment,-17086,-3646,1,0,0,1,Laborers,1.0,0,46.78,0,9.98,257600.0,0.21333903377511756,high,adult,mid,2.0
5009876,M,Y,Y,2,288400.0,Commercial associate,Secondary / secondary special,Married,House / apartment,-25359,-17689,1,0,0,0,Core staff,4.0,1,69.43,0,48.43,72100.0,0.6975370877142445,high,senior,senior,3.0
5009877,M,N,Y,1,287400.0,Working,Higher education,Separated,House / apartment,-20951,-4131,1,0,1,0,Laborers,2.0,0,57.36,0,11.31,143700.0,0.19717573221757323,high,senior,senior,2.0
5009878,F,Y,Y,1,211900.0,Commercial associate,Higher education,Married,House / apartment,-9510,-2862,1,0,0,0,Drivers,3.0,0,26.04,0,7.84,70633.33333333333,0.3010752688172043,medium,youth,mid,3.0
5009879,F,Y,Y,0,279600.0,Commercial associate,Secondary / secondary special,Married,House / apartment,-21841,-2105,1,0,0,0,High skill tech staff,2.0,0,59.8,0,5.76,139800.0,0.09632107023411371,high,senior,mid,3.0
5009880,F,Y,Y,0,309000.0,Pensioner,Higher education,Married,House / apartment,-10250,365243,1,0,0,0,,2.0,0,28.06,1,0.0,154500.0,0.0,high,youth,entry,3.0
5009881,F,N,Y,0,352500.0,Working,Secondary / secondary special,Married,Office apartment,-17027,-10076,1,0,0,0,,2.0,0,46.62,0,27.59,176250.0,0.5918060918060918,high,adult,senior,2.0
5009882,M,N,Y,1,580800.0,Working,Secondary / secondary special,Married,With parents,-18504,-11141,1,0,0,0,,3.0,0,50.66,0,30.5,193600.0,0.6020529016975918,high,adult,senior,2.0
5009883,F,Y,N,0,274500.0,Commercial associate,Secondary / secondary special,Married,House / apartment,-23599,-13042,1,0,0,0,Laborers,2.0,0,64.61,0,35.71,137250.0,0.5527008203064542,high,senior,senior,2.0
5009884,F,N,N,0,252100.0,Working,Secondary / secondary special,Married,House / apartment,-11148,-903,1,0,0,0,Cleaning staff,2.0,0,30.52,0,2.47,126050.0,0.0809305373525557,high,youth,entry,1.0
5009885,M,N,Y,0,155100.0,Commercial associate,Secondary / secondary special,Married,House / apartment,-23302,-7268,1,0,1,0,Sales staff,2.0,0,63.8,0,19.9,77550.0,0.31191222570532917,medium,senior,senior,2.0
5009886,F,Y,Y,0,303600.0,Working,Secondary / secondary special,Married,House / apartment,-24371,-17323,1,1,1,0,Managers,2.0,0,66.72,0,47.43,151800.0,0.7108812949640287,high,senior,senior,3.0
5009887,F,Y,Y,3,340800.0,Working,Secondary / secondary special,Married,House / apartment,-8939,-453,1,0,1,0,High skill tech staff,5.0,0,24.47,0,1.24,68160.0,0.0506742950551696,high,youth,entry,3.0
5009888,F,Y,N,1,221800.0,Pensioner,Secondary / secondary special,Married,House / apartment,-23473,365243,1,0,1,0,,3.0,0,64.27,1,0.0,73933.33333333333,0.0,medium,senior,entry,2.0
5009889,F,N,Y,1,320500.0,Pensioner,Incomplete higher,Married,House / apartment,-12038,365243,1,0,1,0,,3.0,0,32.96,1,0.0,106833.33333333333,0.0,high,youth,entry,2.0
5009890,F,N,N,0,210900.0,Commercial associate,Higher education,Married,House / apartment,-8784,-1981,1,0,0,0,Drivers,2.0,0,24.05,0,5.42,105450.0,0.22536382536382535,medium,youth,mid,1.0
5009891,M,Y,Y,1,341500.0,Pensioner,Secondary / secondary special,Married,House / apartment,-24811,365243,1,0,0,1,,3.0,0,67.93,1,0.0,113833.33333333333,0.0,high,senior,entry,3.0
5009892,F,N,Y,0,385300.0,Commercial associate,Secondary / secondary special,Married,House / apartment,-14468,-3675,1,1,0,0,Medicine staff,2.0,0,39.61,0,10.06,192650.0,0.2539762686190356,high,adult,senior,2.0
5009893,M,Y,Y,2,382600.0,Working,Secondary / secondary special,Married,House / apartment,-18682,-2520,1,0,0,0,Laborers,4.0,0,51.15,0,6.9,95650.0,0.13489736070381234,high,adult,mid,3.0
5009894,F,N,N,0,258900.0,State servant,Secondary / secondary special,Married,House / apartment,-17402,365243,1,0,0,0,,2.0,0,47.64,1,0.0,129450.0,0.0,high,adult,entry,1.0
5009895,F,N,N,0,145100.0,Commercial associate,Higher education,Single / not married,Municipal apartment,-11198,-3760,1,0,0,0,Sales staff,1.0,0,30.66,0,10.29,145100.0,0.33561643835616434,medium,youth,senior,0.0
5009896,F,Y,Y,0,179800.0,Commercial associate,Higher education,Married,House / apartment,-19533,-7377,1,0,1,0,Managers,2.0,0,53.48,0,20.2,89900.0,0.3777112939416604,medium,adult,senior,3.0
5009897,F,N,Y,0,328700.0,Working,Secondary / secondary special,Married,With parents,-8147,-808,1,0,0,0,Medicine staff,2.0,0,22.31,0,2.21,164350.0,0.09905871806364859,high,youth,entry,2.0
5009898,M,Y,Y,1,830600.0,Pensioner,Secondary / secondary special,Single / not married,House / apartment,-11014,365243,1,0,0,0,,2.0,0,30.15,1,0.0,415300.0,0.0,high,youth,entry,3.0
5009899,M,N,Y,2,205900.0,Working,Secondary / secondary special,Married,House / apartment,-24557,-8598,1,0,0,0,Managers,4.0,0,67.23,0,23.54,51475.0,0.3501413059645991,medium,senior,senior,2.0
5009900,M,Y,N,0,306600.0,Working,Secondary / secondary special,Married,House / apartment,-24718,365243,1,0,0,1,,2.0,0,67.67,1,0.0,153300.0,0.0,high,senior,entry,2.0
5009901,M,N,N,0,184900.0,Working,Higher education,Married,House / apartment,-16119,-5896,1,0,0,0,Drivers,2.0,0,44.13,0,16.14,92450.0,0.36573759347382734,medium,adult,senior,1.0
5009902,F,Y,N,0,150000.0,Working,Secondary / secondary special,Single / not married,House / apartment,-10393,-3441,1,0,1,0,,1.0,1,28.45,0,9.42,150000.0,0.3311072056239016,medium,youth,mid,1.0
5009903,F,N,N,1,174100.0,Working,Higher education,Single / not married,Municipal apartment,-15005,-4241,1,1,1,0,,2.0,0,41.08,0,11.61,87050.0,0.2826192794547225,medium,adult,senior,1.0
5009904,M,Y,Y,0,86200.0,Pensioner,Secondary / secondary special,Single / not married,House / apartment,-23323,365243,1,0,0,0,,1.0,0,63.85,1,0.0,86200.0,0.0,low,senior,entry,2.0
5009905,F,N,N,0,480300.0,Commercial associate,Secondary / secondary special,Civil marriage,House / apartment,-8588,-696,1,0,1,0,,2.0,0,23.51,0,1.91,240150.0,0.08124202467035303,high,youth,entry,1.0
5009906,F,Y,N,0,80000.0,Working,Secondary / secondary special,Single / not married,House / apartment,-9640,-2139,1,0,0,0,Sales staff,1.0,0,26.39,0,5.86,80000.0,0.2220538082607048,low,youth,mid,1.0
5009907,F,N,Y,0,214000.0,Pensioner,Secondary / secondary special,Civil marriage,House / apartment,-23662,365243,1,0,0,0,,2.0,0,64.78,1,0.0,107000.0,0.0,medium,senior,entry,2.0
5009908,F,Y,N,1,135500.0,Working,Higher education,Married,Municipal apartment,-14891,-6720,1,0,0,0,Accountants,3.0,0,40.77,0,18.4,45166.666666666664,0.4513122393917095,medium,adult,senior,1.0
5009909,M,Y,Y,0,156900.0,Working,Higher education,Married,House / apartment,-8829,-1681,1,1,1,0,,2.0,0,24.17,0,4.6,78450.0,0.19031857674803473,medium,youth,mid,3.0
5009910,F,N,N,0,485900.0,Working,Higher education,Separated,House / apartment,-9847,-2757,1,0,0,0,Laborers,1.0,1,26.96,0,7.55,485900.0,0.2800445103857567,high,youth,mid,1.0
5009911,F,Y,Y,1,270000.0,Pensioner,Secondary / secondary special,Separated,House / apartment,-23421,365243,1,0,0,0,,2.0,0,64.12,1,0.0,135000.0,0.0,high,senior,entry,3.0
5009912,F,Y,Y,0,150700.0,Working,Higher education,Married,House / apartment,-16256,-4881,1,0,0,0,Accountants,2.0,0,44.51,0,13.36,75350.0,0.30015726802965625,medium,adult,senior,3.0
5009913,M,N,Y,0,181800.0,Working,Secondary / secondary special,Married,House / apartment,-10282,-3159,1,0,0,0,Core staff,2.0,0,28.15,0,8.65,90900.0,0.30728241563055064,medium,youth,mid,2.0
5009914,F,N,Y,0,166500.0,Working,Secondary / secondary special,Civil marriage,House / apartment,-23633,-10140,1,0,0,0,,2.0,0,64.7,0,27.76,83250.0,0.4290571870170016,medium,senior,senior,2.0
5009915,M,Y,Y,0,238900.0,Commercial associate,Secondary / secondary special,Married,House / apartment,-22742,-9730,1,1,1,1,Laborers,2.0,0,62.26,0,26.64,119450.0,0.42788307099261164,medium,senior,senior,3.0
5009916,M,N,Y,0,266200.0,Commercial associate,Secondary / secondary special,Married,House / apartment,-7725,-1063,1,0,0,1,Sales staff,2.0,0,21.15,0,2.91,133100.0,0.1375886524822695,high,youth,entry,2.0
5009917,F,N,Y,4,629900.0,Working,Higher education,Married,House / apartment,-17915,-2204,1,0,1,0,Sales staff,6.0,0,49.05,0,6.03,104983.33333333333,0.12293577981651377,high,adult,mid,2.0
5009918,F,Y,Y,1,93600.0,Working,Secondary / secondary special,Married,House / apartment,-11767,-3130,1,0,1,0,High skill tech staff,3.0,1,32.22,0,8.57,31200.0,0.265983860955928,low,youth,mid,2.0
5009919,F,N,N,1,239900.0,Commercial associate,Secondary / secondary special,Married,House / apartment,-17041,-7923,1,0,0,0,Core staff,3.0,0,46.66,0,21.69,79966.66666666667,0.464852121731676,medium,adult,senior,1.0
5009920,M,N,N,2,208500.0,Commercial associate,Secondary / secondary special,Single / not married,House / apartment,-12405,-2046,1,0,0,0,Sales staff,3.0,0,33.96,0,5.6,69500.0,0.16489988221436983,medium,youth,mid,1.0
5009921,F,N,Y,0,391900.0,Working,Secondary / secondary special,Married,House / apartment,-13074,-3727,1,0,0,0,Managers,2.0,0,35.79,0,10.2,195950.0,0.28499580888516346,high,adult,senior,2.0
5009922,M,Y,N,0,291500.0,Pensioner,Secondary / secondary special,Separated,House / apartment,-18296,365243,1,0,0,0,,1.0,0,50.09,1,0.0,291500.0,0.0,high,adult,entry,2.0
5009923,M,N,Y,0,328000.0,State servant,Secondary / secondary special,Separated,House / apartment,-17146,-3021,1,0,0,0,Drivers,1.0,0,46.94,0,8.27,328000.0,0.17618236046016192,high,adult,mid,2.0
5009924,F,Y,N,1,290100.0,Working,Higher education,Single / not married,Office apartment,-14522,-6378,1,1,0,1,High skill tech staff,2.0,0,39.76,0,17.46,145050.0,0.43913480885311873,high,adult,senior,2.0
5009925,F,Y,Y,0,153200.0,Commercial associate,Secondary / secondary special,Widow,House / apartment,-9269,-548,1,0,1,0,Laborers,1.0,0,25.38,0,1.5,153200.0,0.0591016548463357,medium,youth,entry,3.0
5009926,F,Y,Y,0,447400.0,Working,Higher education,Married,House / apartment,-25009,-2484,1,0,0,0,,2.0,0,68.47,0,6.8,223700.0,0.09931356798597926,high,senior,mid,3.0
5009927,F,N,Y,0,363900.0,Commercial associate,Secondary / secondary special,Married,House / apartment,-10494,-1376,1,1,0,0,Laborers,2.0,0,28.73,0,3.77,181950.0,0.13122171945701358,high,youth,mid,2.0
5009928,F,N,Y,0,385900.0,Working,Secondary / secondary special,Civil marriage,House / apartment,-18867,-8549,1,0,0,0,,2.0,0,51.66,0,23.41,192950.0,0.4531552458381727,high,adult,senior,2.0
5009929,F,N,N,0,459300.0,Working,Secondary / secondary special,Married,House / apartment,-8816,-352,1,1,1,0,Laborers,2.0,0,24.14,0,0.96,229650.0,0.039768019884009936,high,youth,entry,1.0
5009930,M,N,N,1,300800.0,Commercial associate,Secondary / secondary special,Married,House / apartment,-19875,-7969,1,0,0,0,,3.0,0,54.41,0,21.82,100266.66666666667,0.4010292225693807,high,adult,senior,1.0
5009931,F,Y,Y,0,511900.0,Pensioner,Secondary / secondary special,Married,House / apartment,-9037,365243,1,0,0,0,,2.0,0,24.74,1,0.0,255950.0,0.0,high,youth,entry,3.0
5009932,F,Y,Y,2,294900.0,Working,Secondary / secondary special,Married,Rented apartment,-11496,-3768,1,1,0,0,,4.0,0,31.47,0,10.32,73725.0,0.32793136320305055,high,youth,senior,3.0
5009933,M,Y,N,0,218800.0,Working,Higher education,Single / not married,House / apartment,-19121,-9136,1,0,0,0,High skill tech staff,1.0,0,52.35,0,25.01,218800.0,0.4777459407831901,medium,adult,senior,2.0
5009934,F,Y,N,1,243300.0,Working,Secondary / secondary special,Married,House / apartment,-12472,-5673,1,0,1,1,,3.0,0,34.15,0,15.53,81100.0,0.4547584187408492,medium,youth,senior,2.0
5009935,F,N,Y,2,241200.0,Commercial associate,Higher education,Single / not married,House / apartment,-17036,365243,1,0,0,0,,3.0,0,46.64,1,0.0,80400.0,0.0,medium,adult,entry,2.0
5009936,M,N,Y,2,188300.0,Pensioner,Secondary / secondary special,Married,House / apartment,-9579,365243,1,1,0,0,,4.0,1,26.23,1,0.0,47075.0,0.0,medium,youth,entry,2.0
5009937,M,Y,Y,0,552100.0,Commercial associate,Higher education,Married,With parents,-11001,-2209,1,0,1,1,Laborers,2.0,0,30.12,0,6.05,276050.0,0.20086321381142097,high,youth,mid,3.0
5009938,F,Y,Y,0,283100.0,Commercial associate,Secondary / secondary special,Married,Rented apartment,-20706,-4862,1,1,0,0,Core staff,2.0,0,56.69,0,13.31,141550.0,0.23478567648615278,high,senior,senior,3.0
5009939,M,Y,Y,0,256000.0,Pensioner,Secondary / secondary special,Single / not married,House / apartment,-7947,365243,1,0,1,0,,1.0,0,21.76,1,0.0,256000.0,0.0,high,youth,entry,3.0
5009940,F,N,Y,0,296400.0,Working,Secondary / secondary special,Married,House / apartment,-9347,-1239,1,0,1,0,,2.0,0,25.59,0,3.39,148200.0,0.1324736225087925,high,youth,mid,2.0
5009941,F,N,N,0,1083200.0,Commercial associate,Secondary / secondary special,Widow,House / apartment,-11231,-4093,1,0,1,0,Private service staff,1.0,0,30.75,0,11.21,1083200.0,0.3645528455284553,high,youth,senior,1.0
5009942,F,N,Y,2,138600.0,Working,Higher education,Civil marriage,House / apartment,-7674,-1034,1,1,1,1,Laborers,4.0,0,21.01,0,2.83,34650.0,0.13469776297001426,medium,youth,entry,1.0
5009943,F,N,N,0,160000.0,Pensioner,Higher education,Married,House / apartment,-9047,365243,1,0,0,0,,2.0,0,24.77,1,0.0,80000.0,0.0,medium,youth,entry,1.0
5009944,F,N,N,0,122400.0,Working,Secondary / secondary special,Widow,House / apartment,-12444,-1645,1,0,0,0,Security staff,1.0,0,34.07,0,4.5,122400.0,0.13208100968594072,medium,youth,mid,0.0
5009945,M,Y,N,0,217300.0,Working,Secondary / secondary special,Married,House / apartment,-9002,-687,1,1,0,0,Laborers,2.0,0,24.65,0,1.88,108650.0,0.07626774847870182,medium,youth,entry,2.0
5009946,F,Y,Y,1,276000.0,Working,Secondary / secondary special,Married,House / apartment,-23123,-14910,1,1,0,0,Managers,3.0,0,63.31,0,40.82,92000.0,0.6447638603696099,high,senior,senior,3.0
5009947,F,N,N,2,193500.0,Pensioner,Secondary / secondary special,Married,House / apartment,-8512,365243,1,0,0,0,,4.0,0,23.3,1,0.0,48375.0,0.0,medium,youth,entry,1.0
5009948,M,N,Y,0,186400.0,Working,Secondary / secondary special,Married,House / apartment,-23029,-5507,1,0,1,0,,2.0,0,63.05,0,15.08,93200.0,0.23917525773195877,medium,senior,senior,2.0
5009949,F,Y,Y,0,262100.0,Working,Secondary / secondary special,Married,House / apartment,-22332,-1114,1,0,0,0,Managers,2.0,0,61.14,0,3.05,131050.0,0.04988550866862937,high,senior,mid,3.0
5009950,F,N,Y,1,189900.0,State servant,Secondary / secondary special,Married,House / apartment,-9145,-256,1,0,0,0,,3.0,0,25.04,0,0.7,63300.0,0.027955271565495207,medium,youth,entry,2.0
5009951,F,N,Y,0,285100.0,Pensioner,Secondary / secondary special,Single / not married,House / apartment,-7765,365243,1,0,0,0,,1.0,1,21.26,1,0.0,285100.0,0.0,high,youth,entry,2.0
5009952,F,N,N,0,426200.0,State servant,Secondary / secondary special,Married,House / apartment,-8218,-103,1,0,1,1,,2.0,0,22.5,0,0.28,213100.0,0.012444444444444445,high,youth,entry,1.0
5009953,F,N,N,1,342500.0,Working,Secondary / secondary special,Married,House / apartment,-18087,-555,1,0,0,0,Drivers,3.0,0,49.52,0,1.52,114166.66666666667,0.030694668820678513,high,adult,entry,1.0
5009954,F,N,Y,2,379300.0,Pensioner,Secondary / secondary special,Married,Office apartment,-19547,365243,1,0,0,1,,4.0,0,53.52,1,0.0,94825.0,0.0,high,adult,entry,2.0
5009955,F,N,Y,0,420200.0,Working,Secondary / secondary special,Married,House / apartment,-18640,-2714,1,0,0,1,Sales staff,2.0,0,51.03,0,7.43,210100.0,0.14560062708210855,high,adult,mid,2.0
5009956,F,Y,Y,0,281200.0,Working,Higher education,Married,House / apartment,-17194,-5242,1,1,0,0,Drivers,2.0,0,47.07,0,14.35,140600.0,0.30486509454004673,high,adult,senior,3.0
5009957,F,Y,Y,0,225500.0,Working,Secondary / secondary special,Married,House / apartment,-10495,-2933,1,1,1,0,,2.0,0,28.73,0,8.03,112750.0,0.27949878176122517,medium,youth,mid,3.0
5009958,F,Y,N,0,165900.0,Working,Secondary / secondary special,Single / not married,House / apartment,-22663,-4831,1,0,1,0,,1.0,0,62.05,0,13.23,165900.0,0.21321514907332798,medium,senior,senior,2.0
5009959,F,Y,Y,0,200800.0,Working,Higher education,Married,House / apartment,-13287,-6001,1,0,0,0,,2.0,0,36.38,0,16.43,100400.0,0.45162177020340843,medium,adult,senior,3.0
5009960,M,N,N,0,187900.0,Commercial associate,Secondary / secondary special,Married,House / apartment,-25315,-8121,1,0,0,0,Medicine staff,2.0,0,69.31,0,22.23,93950.0,0.3207329389698456,medium,senior,senior,1.0
5009961,F,N,Y,0,352000.0,Pensioner,Secondary / secondary special,Married,House / apartment,-14333,365243,1,1,1,0,,2.0,0,39.24,1,0.0,176000.0,0.0,high,adult,entry,2.0
5009962,F,Y,Y,0,290400.0,Working,Secondary / secondary special,Married,House / apartment,-12108,-798,1,0,0,0,Sales staff,2.0,0,33.15,0,2.18,145200.0,0.06576168929110106,high,youth,entry,3.0
5009963,M,N,Y,0,345900.0,Working,Secondary / secondary special,Single / not married,House / apartment,-23636,-5176,1,0,0,0,,1.0,0,64.71,0,14.17,345900.0,0.2189769741925514,high,senior,senior,2.0
5009964,F,Y,Y,0,136700.0,Working,Secondary / secondary special,Widow,House / apartment,-17667,-2051,1,0,0,0,Drivers,1.0,0,48.37,0,5.62,136700.0,0.11618771966094688,medium,adult,mid,2.0
5009965,M,Y,Y,0,499500.0,Pensioner,Secondary / secondary special,Single / not married,With parents,-20488,365243,1,0,0,0,,1.0,1,56.09,1,0.0,499500.0,0.0,high,senior,entry,3.0
5009966,M,Y,N,0,197200.0,Working,Higher education,Married,Co-op apartment,-14763,-5048,1,1,1,0,Laborers,2.0,0,40.42,0,13.82,98600.0,0.34190994557149923,medium,adult,senior,2.0
5009967,F,Y,N,0,140900.0,Working,Secondary / secondary special,Married,Municipal apartment,-23502,-8031,1,1,0,0,Medicine staff,2.0,0,64.34,0,21.99,70450.0,0.34177805408765927,medium,senior,senior,1.0
5009968,M,Y,Y,0,196000.0,Working,Secondary / secondary special,Married,Office apartment,-24065,-8886,1,0,1,0,,2.0,0,65.89,0,24.33,98000.0,0.3692517832751555,medium,senior,senior,3.0
5009969,F,N,Y,1,845200.0,Pensioner,Higher education,Married,House / apartment,-15281,365243,1,0,0,0,,3.0,0,41.84,1,0.0,281733.3333333333,0.0,high,adult,entry,2.0
5009970,F,N,Y,0,201100.0,Working,Secondary / secondary special,Married,House / apartment,-11701,-221,1,1,0,0,Accountants,2.0,0,32.04,0,0.61,100550.0,0.019038701622971287,medium,youth,entry,2.0
5009971,F,N,Y,3,207500.0,Working,Secondary / secondary special,Married,House / apartment,-19133,-11862,1,0,0,0,,5.0,1,52.38,0,32.48,41500.0,0.6200840015273004,medium,adult,senior,2.0
5009972,M,Y,Y,0,221800.0,Working,Secondary / secondary special,Married,House / apartment,-24738,-13378,1,1,1,0,Laborers,2.0,1,67.73,0,36.63,110900.0,0.5408238594419017,medium,senior,senior,3.0
5009973,M,Y,Y,0,226600.0,Pensioner,Secondary / secondary special,Married,House / apartment,-18672,365243,1,0,0,0,,2.0,1,51.12,1,0.0,113300.0,0.0,medium,adult,entry,3.0
5009974,F,Y,N,0,165200.0,Working,Higher education,Married,House / apartment,-24731,-7385,1,1,0,0,Sales staff,2.0,0,67.71,0,20.22,82600.0,0.29862649534780683,medium,senior,senior,2.0
5009975,F,N,N,0,262300.0,Commercial associate,Higher education,Single / not married,House / apartment,-13584,-5100,1,0,0,0,Sales staff,1.0,0,37.19,0,13.96,262300.0,0.37536972304382904,high,adult,senior,1.0
5009976,F,Y,N,1,418000.0,Working,Secondary / secondary special,Married,House / apartment,-24017,-4481,1,0,0,0,Security staff,3.0,0,65.75,0,12.27,139333.33333333334,0.18661596958174903,high,senior,senior,2.0
5009977,M,N,Y,2,285700.0,State servant,Higher education,Married,House / apartment,-9361,-954,1,0,0,0,Laborers,4.0,0,25.63,0,2.61,71425.0,0.10183378852906749,high,youth,entry,2.0
5009978,F,N,N,4,140100.0,Commercial associate,Secondary / secondary special,Married,Office apartment,-13858,-1035,1,0,1,0,Laborers,6.0,1,37.94,0,2.83,23350.0,0.07459146020031629,medium,adult,entry,0.0
5009979,F,N,Y,0,205500.0,Commercial associate,Secondary / secondary special,Married,House / apartment,-16335,-1792,1,0,0,0,,2.0,0,44.72,0,4.91,102750.0,0.10979427549194992,medium,adult,mid,2.0
5009980,F,N,Y,0,185300.0,Working,Secondary / secondary special,Married,House / apartment,-19232,-9058,1,0,1,0,Laborers,2.0,0,52.65,0,24.8,92650.0,0.4710351377018044,medium,adult,senior,2.0
5009981,M,Y,N,0,250700.0,Working,Secondary / secondary special,Married,House / apartment,-12677,-4179,1,0,0,0,,2.0,0,34.71,0,11.44,125350.0,0.3295880149812734,high,youth,senior,2.0
5009982,F,Y,Y,0,474800.0,Working,Secondary / secondary special,Married,House / apartment,-24184,-1621,1,0,0,0,Managers,2.0,0,66.21,0,4.44,237400.0,0.06705935659265973,high,senior,mid,3.0
5009983,F,Y,Y,0,226600.0,Commercial associate,Secondary / secondary special,Married,Office apartment,-23805,-14977,1,0,0,0,Sales staff,2.0,0,65.17,0,41.0,113300.0,0.629123829983121,medium,senior,senior,3.0
5009984,F,N,N,1,233600.0,State servant,Secondary / secondary special,Married,With parents,-21903,-5655,1,0,1,0,Managers,3.0,0,59.97,0,15.48,77866.66666666667,0.25812906453226614,medium,senior,senior,1.0
5009985,M,Y,N,2,593800.0,Working,Lower secondary,Civil marriage,House / apartment,-9394,-367,1,0,1,0,Managers,4.0,0,25.72,0,1.0,148450.0,0.038880248833592534,high,youth,entry,2.0
5009986,F,Y,N,0,378300.0,Pensioner,Higher education,Married,House / apartment,-8735,365243,1,1,0,0,,2.0,0,23.92,1,0.0,189150.0,0.0,high,youth,entry,2.0
5009987,F,N,Y,0,325300.0,Working,Secondary / secondary special,Married,House / apartment,-16402,-6445,1,0,1,0,Core staff,2.0,0,44.91,0,17.65,162650.0,0.3930082386996215,high,adult,senior,2.0
5009988,M,Y,Y,0,649900.0,State servant,Secondary / secondary special,Married,House / apartment,-21282,-5755,1,0,0,0,Managers,2.0,0,58.27,0,15.76,324950.0,0.27046507636862877,high,senior,senior,3.0
5009989,F,N,N,0,311900.0,Working,Secondary / secondary special,Married,Municipal apartment,-9556,-1232,1,0,0,1,Sales staff,2.0,0,26.16,0,3.37,155950.0,0.12882262996941896,high,youth,mid,1.0
5009990,F,N,Y,0,90400.0,Working,Higher education,Married,House / apartment,-19019,-3674,1,0,0,0,Laborers,2.0,0,52.07,0,10.06,45200.0,0.19320145957365087,low,adult,senior,1.0
5009991,M,Y,Y,2,370200.0,Working,Higher education,Married,House / apartment,-16945,-4837,1,0,0,0,Security staff,4.0,0,46.39,0,13.24,92550.0,0.28540633757275274,high,adult,senior,3.0
5009992,M,Y,Y,0,110100.0,Commercial associate,Secondary / secondary special,Single / not married,House / apartment,-20563,-8376,1,0,0,0,,1.0,0,56.3,0,22.93,110100.0,0.4072824156305506,medium,senior,senior,2.0
5009993,F,Y,Y,0,306000.0,Commercial associate,Secondary / secondary special,Married,House / apartment,-15256,-4047,1,0,0,0,,2.0,0,41.77,0,11.08,153000.0,0.2652621498683265,high,adult,senior,3.0
5009994,M,N,Y,0,103600.0,Working,Secondary / secondary special,Married,House / apartment,-19966,-13201,1,0,0,0,Laborers,2.0,0,54.66,0,36.14,51800.0,0.6611781924624954,medium,adult,senior,1.0
5009995,F,N,Y,0,193300.0,Working,Secondary / secondary special,Married,House / apartment,-10220,-1922,1,0,0,0,Managers,2.0,0,27.98,0,5.26,96650.0,0.1879914224446033,medium,youth,mid,2.0
5009996,M,N,Y,2,203500.0,Working,Secondary / secondary special,Married,House / apartment,-11224,-783,1,0,0,0,Laborers,4.0,0,30.73,0,2.14,50875.0,0.06963878945655712,medium,youth,entry,2.0
5009997,F,N,Y,0,166100.0,Working,Secondary / secondary special,Widow,House / apartment,-23802,-16036,1,1,1,0,High skill tech staff,1.0,0,65.17,0,43.9,166100.0,0.6736228325916832,medium,senior,senior,2.0
5009998,M,N,Y,3,205100.0,Working,Secondary / secondary special,Married,House / apartment,-13320,-4955,1,0,0,0,Laborers,5.0,1,36.47,0,13.57,41020.0,0.37208664655881546,medium,adult,senior,2.0
5009999,F,Y,Y,0,409100.0,Commercial associate,Secondary / secondary special,Married,House / apartment,-25303,-5682,1,0,0,0,,2.0,0,69.28,0,15.56,204550.0,0.2245958429561201,high,senior,senior,3.0
5010000,F,Y,N,1,170800.0,Commercial associate,Secondary / secondary special,Widow,House / apartment,-8149,-1066,1,0,1,0,Laborers,2.0,0,22.31,0,2.92,85400.0,0.13088301210219633,medium,youth,entry,2.0
5010001,F,N,Y,0,320600.0,Commercial associate,Higher education,Single / not married,House / apartment,-16361,-1850,1,1,1,0,Laborers,1.0,0,44.79,0,5.07,320600.0,0.11319490957803081,high,adult,mid,2.0
5010002,F,Y,Y,0,150600.0,Commercial associate,Secondary / secondary special,Married,House / apartment,-13240,-6014,1,0,1,0,,2.0,0,36.25,0,16.47,75300.0,0.45434482758620687,medium,adult,senior,3.0
5010003,M,Y,N,1,222100.0,Working,Higher education,Single / not married,Municipal apartment,-25494,-9903,1,0,0,0,,2.0,0,69.8,0,27.11,111050.0,0.3883954154727794,medium,senior,senior,2.0
5010004,F,N,Y,1,287000.0,Pensioner,Secondary / secondary special,Single / not married,With parents,-25386,365243,1,1,0,1,,2.0,0,69.5,1,0.0,143500.0,0.0,high,senior,entry,2.0
5010005,M,N,Y,1,148300.0,Working,Secondary / secondary special,Single / not married,House / apartment,-11601,-4968,1,0,0,0,Managers,2.0,0,31.76,0,13.6,74150.0,0.4282115869017632,medium,youth,senior,1.0
5010006,M,N,Y,0,126700.0,Commercial associate,Secondary / secondary special,Married,House / apartment,-12186,-747,1,0,0,0,,2.0,0,33.36,0,2.05,63350.0,0.06145083932853716,medium,youth,entry,1.0
5010007,M,N,N,2,312200.0,Working,Incomplete higher,Married,House / apartment,-20996,-13036,1,1,0,0,,4.0,0,57.48,0,35.69,78050.0,0.6209116214335421,high,senior,senior,1.0
5010008,F,Y,N,4,428100.0,Commercial associate,Secondary / secondary special,Married,Rented apartment,-23553,-13472,1,0,0,0,Laborers,6.0,0,64.48,0,36.88,71350.0,0.5719602977667494,high,senior,senior,2.0
5010009,F,N,N,0,234700.0,Working,Secondary / secondary special,Married,House / apartment,-19426,-6343,1,0,0,0,,2.0,0,53.19,0,17.37,117350.0,0.3265651438240271,medium,adult,senior,1.0
5010010,F,Y,N,2,194200.0,Working,Secondary / secondary special,Married,House / apartment,-23097,-6822,1,0,1,0,,4.0,0,63.24,0,18.68,48550.0,0.2953826691967109,medium,senior,senior,2.0
5010011,F,Y,Y,0,263900.0,Commercial associate,Secondary / secondary special,Married,House / apartment,-8461,-1036,1,1,0,0,,2.0,0,23.16,0,2.84,131950.0,0.12262521588946458,high,youth,entry,3.0
5010012,M,N,Y,0,251000.0,Working,Secondary / secondary special,Married,House / apartment,-19003,-11662,1,0,1,0,Medicine staff,2.0,0,52.03,0,31.93,125500.0,0.6136844128387469,high,adult,senior,2.0
5010013,F,Y,Y,0,275700.0,Working,Incomplete higher,Married,House / apartment,-20092,-10045,1,1,1,0,,2.0,0,55.01,0,27.5,137850.0,0.4999091074350118,high,senior,senior,3.0
5010014,F,N,Y,2,69000.0,Commercial associate,Higher education,Married,House / apartment,-10781,-525,1,0,1,0,,4.0,0,29.52,0,1.44,17250.0,0.04878048780487805,low,youth,entry,1.0
5010015,F,Y,N,0,143000.0,Pensioner,Higher education,Married,House / apartment,-21513,365243,1,0,0,0,,2.0,0,58.9,1,0.0,71500.0,0.0,medium,senior,entry,1.0
5010016,M,N,Y,0,160000.0,Working,Incomplete higher,Civil marriage,House / apartment,-24550,-10998,1,0,0,1,Laborers,2.0,0,67.21,0,30.11,80000.0,0.4479988097009374,medium,senior,senior,2.0
5010017,F,Y,Y,0,263300.0,Working,Secondary / secondary special,Single / not married,House / apartment,-23704,-386,1,0,0,0,Laborers,1.0,0,64.9,0,1.06,263300.0,0.01633281972265023,high,senior,entry,3.0
5010018,F,N,N,0,267900.0,Working,Secondary / secondary special,Widow,House / apartment,-11779,-3043,1,0,0,0,,1.0,0,32.25,0,8.33,267900.0,0.25829457364341085,high,youth,mid,1.0
5010019,M,N,Y,0,335600.0,Commercial associate,Secondary / secondary special,Married,Rented apartment,-13222,-1910,1,1,1,0,Sales staff,2.0,0,36.2,0,5.23,167800.0,0.14447513812154697,high,adult,mid,2.0
5010020,M,Y,Y,0,277700.0,Working,Secondary / secondary special,Single / not married,House / apartment,-16429,-3925,1,0,0,0,Private service staff,1.0,0,44.98,0,10.75,277700.0,0.2389951089373055,high,adult,senior,3.0
5010021,F,Y,Y,1,127400.0,Pensioner,Incomplete higher,Civil marriage,Municipal apartment,-10197,365243,1,0,1,0,,3.0,0,27.92,1,0.0,42466.666666666664,0.0,medium,youth,entry,2.0
5010022,F,Y,Y,3,503300.0,Working,Secondary / secondary special,Civil marriage,House / apartment,-24727,-7246,1,1,1,0,Core staff,5.0,0,67.7,0,19.84,100660.0,0.29305760709010337,high,senior,senior,3.0
5010023,M,Y,Y,1,461100.0,Working,Higher education,Single / not married,House / apartment,-10256,-961,1,1,0,0,Managers,2.0,0,28.08,0,2.63,230550.0,0.09366096866096867,high,youth,entry,3.0
5010024,F,N,Y,1,130100.0,Working,Higher education,Married,House / apartment,-21210,-2486,1,0,0,0,Sales staff,3.0,0,58.07,0,6.81,43366.666666666664,0.11727225762011365,medium,senior,mid,1.0
5010025,M,N,Y,0,288300.0,Working,Secondary / secondary special,Married,House / apartment,-13540,-4004,1,0,0,0,Core staff,2.0,0,37.07,0,10.96,144150.0,0.29565686538980307,high,adult,senior,2.0
5010026,F,Y,N,0,181300.0,Commercial associate,Secondary / secondary special,Civil marriage,House / apartment,-17783,-6811,1,0,0,0,Managers,2.0,0,48.69,0,18.65,90650.0,0.3830355309098377,medium,adult,senior,2.0
5010027,F,Y,N,0,261700.0,Working,Secondary / secondary special,Single / not married,House / apartment,-8167,-620,1,1,0,0,Laborers,1.0,0,22.36,0,1.7,261700.0,0.07602862254025045,high,youth,entry,2.0
5010028,F,Y,Y,0,413400.0,State servant,Secondary / secondary special,Civil marriage,House / apartment,-11049,-11,1,0,1,0,Laborers,2.0,0,30.25,0,0.03,206700.0,0.0009917355371900827,high,youth,entry,3.0
5010029,F,N,Y,2,708200.0,Working,Secondary / secondary special,Married,Co-op apartment,-15421,-4336,1,0,0,0,High skill tech staff,4.0,0,42.22,0,11.87,177050.0,0.2811463761250592,high,adult,senior,2.0
5010030,F,Y,N,0,355400.0,Commercial associate,Secondary / secondary special,Married,With parents,-19672,-3746,1,0,0,0,Core staff,2.0,0,53.86,0,10.26,177700.0,0.19049387300408466,high,adult,senior,2.0
5010031,M,N,N,2,282900.0,Working,Secondary / secondary special,Married,House / apartment,-21505,-11695,1,0,0,0,Laborers,4.0,0,58.88,0,32.02,70725.0,0.5438179347826088,high,senior,senior,1.0
5010032,F,N,Y,0,206000.0,Pensioner,Higher education,Civil marriage,House / apartment,-7855,365243,1,1,0,0,,2.0,1,21.51,1,0.0,103000.0,0.0,medium,youth,entry,2.0
5010033,F,Y,Y,1,267400.0,Pensioner,Secondary / secondary special,Civil marriage,Municipal apartment,-10090,365243,1,0,1,0,,3.0,0,27.62,1,0.0,89133.33333333333,0.0,high,youth,entry,3.0
5010034,F,N,N,0,481800.0,Working,Secondary / secondary special,Married,Rented apartment,-20633,-11096,1,1,1,0,Laborers,2.0,0,56.49,0,30.38,240900.0,0.5377942998760842,high,senior,senior,1.0
5010035,M,N,Y,0,238700.0,State servant,Higher education,Married,House / apartment,-22153,-516,1,0,0,0,HR staff,2.0,0,60.65,0,1.41,119350.0,0.023248145094806265,medium,senior,entry,2.0
5010036,M,N,Y,1,156800.0,Working,Secondary / secondary special,Married,House / apartment,-11625,-916,1,1,1,1,Core staff,3.0,0,31.83,0,2.51,52266.666666666664,0.07885642475651901,medium,youth,entry,2.0
5010037,M,Y,Y,0,108600.0,Commercial associate,Secondary / secondary special,Married,House / apartment,-11499,-3985,1,0,0,0,,2.0,0,31.48,0,10.91,54300.0,0.346569250317662,medium,youth,senior,2.0
5010038,F,Y,Y,1,315500.0,Pensioner,Higher education,Married,House / apartment,-8913,365243,1,1,0,0,,3.0,0,24.4,1,0.0,105166.66666666667,0.0,high,youth,entry,3.0
5010039,F,N,Y,0,276300.0,Commercial associate,Higher education,Single / not married,House / apartment,-10050,-1394,1,1,0,1,,1.0,0,27.52,0,3.82,276300.0,0.13880813953488372,high,youth,mid,2.0
5010040,F,N,Y,0,176800.0,Pensioner,Higher education,Civil marriage,House / apartment,-7451,365243,1,0,0,0,,2.0,0,20.4,1,0.0,88400.0,0.0,medium,youth,entry,2.0
5010041,F,N,N,2,407800.0,Pensioner,Secondary / secondary special,Married,House / apartment,-18077,365243,1,0,0,0,,4.0,0,49.49,1,0.0,101950.0,0.0,high,adult,entry,1.0
5010042,F,N,Y,0,197700.0,State servant,Secondary / secondary special,Married,House / apartment,-23812,-10985,1,1,1,0,Drivers,2.0,0,65.19,0,30.08,98850.0,0.46142046326123637,medium,senior,senior,2.0
5010043,M,N,Y,1,228200.0,Working,Secondary / secondary special,Married,House / apartment,-10037,-2230,1,0,0,0,,3.0,0,27.48,0,6.11,76066.66666666667,0.22234352256186318,medium,youth,mid,2.0
5010044,F,N,Y,0,242100.0,Working,Incomplete higher,Married,House / apartment,-21028,-5838,1,0,1,0,,2.0,0,57.57,0,15.98,121050.0,0.277575125933646,medium,senior,senior,2.0
5010045,F,Y,N,0,204800.0,Commercial associate,Secondary / secondary special,Widow,House / apartment,-17781,-11072,1,1,0,0,Sales staff,1.0,0,48.68,0,30.31,204800.0,0.6226376335250616,medium,adult,senior,2.0
5010046,F,N,Y,0,274700.0,Commercial associate,Secondary / secondary special,Civil marriage,House / apartment,-24470,-9110,1,0,1,0,Laborers,2.0,0,67.0,0,24.94,137350.0,0.3722388059701493,high,senior,senior,2.0
5010047,F,N,Y,0,434200.0,Commercial associate,Higher education,Married,House / apartment,-21881,-10725,1,1,0,1,Medicine staff,2.0,0,59.91,0,29.36,217100.0,0.4900684359873143,high,senior,senior,2.0
5010048,F,N,Y,0,137900.0,Working,Incomplete higher,Married,Office apartment,-22878,-10915,1,0,0,0,Laborers,2.0,0,62.64,0,29.88,68950.0,0.47701149425287354,medium,senior,senior,1.0
5010049,F,N,N,0,311700.0,Pensioner,Secondary / secondary special,Married,House / apartment,-18977,365243,1,0,0,0,,2.0,0,51.96,1,0.0,155850.0,0.0,high,adult,entry,1.0
5010050,M,Y,Y,0,266100.0,State servant,Secondary / secondary special,Married,House / apartment,-22122,-11175,1,0,1,0,Cooking staff,2.0,0,60.57,0,30.6,133050.0,0.5052005943536404,high,senior,senior,3.0
5010051,M,N,Y,0,263600.0,Working,Secondary / secondary special,Married,House / apartment,-13713,-6718,1,0,0,0,,2.0,0,37.54,0,18.39,131800.0,0.48987746403835913,high,adult,senior,2.0
5010052,F,N,Y,0,377500.0,Working,Higher education,Married,Municipal apartment,-11122,-311,1,0,0,0,Laborers,2.0,0,30.45,0,0.85,188750.0,0.027914614121510674,high,youth,entry,2.0
5010053,F,Y,N,0,250200.0,Working,Secondary / secondary special,Civil marriage,House / apartment,-23970,-6981,1,0,1,0,,2.0,0,65.63,0,19.11,125100.0,0.2911778150236173,high,senior,senior,2.0
5010054,F,N,Y,0,310400.0,Working,Secondary / secondary special,Married,Office apartment,-20716,-13205,1,0,1,0,Accountants,2.0,0,56.72,0,36.15,155200.0,0.6373413258110014,high,senior,senior,2.0
5010055,F,Y,N,0,349200.0,Commercial associate,Secondary / secondary special,Widow,House / apartment,-8961,-1576,1,1,1,0,,1.0,0,24.53,0,4.31,349200.0,0.17570322054626986,high,youth,mid,2.0
5010056,M,Y,N,0,189700.0,Pensioner,Higher education,Married,House / apartment,-23137,365243,1,0,1,0,,2.0,0,63.35,1,0.0,94850.0,0.0,medium,senior,entry,2.0
5010057,M,Y,N,0,283500.0,Working,Secondary / secondary special,Civil marriage,House / apartment,-13677,365243,1,0,0,0,,2.0,0,37.45,1,0.0,141750.0,0.0,high,adult,entry,2.0
5010058,F,N,Y,0,215400.0,Commercial associate,Secondary / secondary special,Single / not married,House / apartment,-12752,-2399,1,0,0,0,,1.0,0,34.91,0,6.57,215400.0,0.18819822400458325,medium,youth,mid,2.0
5010059,F,N,N,4,228500.0,Commercial associate,Secondary / secondary special,Married,House / apartment,-18688,-9789,1,0,0,0,Laborers,6.0,1,51.16,0,26.8,38083.333333333336,0.5238467552775606,medium,adult,senior,1.0
5010060,M,N,Y,1,207800.0,Working,Secondary / secondary special,Married,House / apartment,-17689,-10969,1,1,0,0,,3.0,0,48.43,0,30.03,69266.66666666667,0.6200702044187487,medium,adult,senior,2.0
5010061,F,N,Y,0,309000.0,Commercial associate,Incomplete higher,Civil marriage,House / apartment,-17135,-7694,1,0,0,0,,2.0,0,46.91,0,21.07,154500.0,0.44915796205499897,high,adult,senior,2.0
5010062,M,N,N,0,254300.0,Commercial associate,Secondary / secondary special,Married,House / apartment,-11960,-2221,1,0,1,0,Cooking staff,2.0,0,32.74,0,6.08,127150.0,0.1857055589492975,high,youth,mid,1.0
5010063,F,Y,Y,1,297400.0,Pensioner,Secondary / secondary special,Married,House / apartment,-24833,365243,1,0,0,0,,3.0,0,67.99,1,0.0,99133.33333333333,0.0,high,senior,entry,3.0
5010064,M,Y,Y,0,242000.0,Working,Secondary / secondary special,Separated,House / apartment,-24657,-334,1,1,0,0,,1.0,0,67.51,0,0.91,242000.0,0.01347948452081173,medium,senior,entry,3.0
5010065,F,N,Y,1,109500.0,Commercial associate,Secondary / secondary special,Married,House / apartment,-7381,-773,1,0,0,0,,3.0,0,20.21,0,2.12,36500.0,0.10489856506679862,medium,youth,entry,1.0
5010066,M,Y,Y,2,248000.0,Working,Higher education,Married,Municipal apartment,-13475,-4834,1,0,0,1,Drivers,4.0,0,36.89,0,13.23,62000.0,0.3586337760910816,medium,adult,senior,3.0
5010067,F,N,Y,0,252000.0,Working,Higher education,Married,House / apartment,-8137,-893,1,0,0,0,Core staff,2.0,0,22.28,0,2.44,126000.0,0.10951526032315978,high,youth,entry,2.0
5010068,M,N,N,0,275600.0,Working,Secondary / secondary special,Married,House / apartment,-22833,-4915,1,0,1,0,,2.0,0,62.51,0,13.46,137800.0,0.21532554791233405,high,senior,senior,1.0
5010069,M,N,N,1,181400.0,Working,Secondary / secondary special,Married,House / apartment,-23495,-15553,1,1,0,1,,3.0,1,64.33,0,42.58,60466.666666666664,0.6618995802891341,medium,senior,senior,1.0
5010070,F,N,Y,2,134300.0,Working,Secondary / secondary special,Married,House / apartment,-16770,-8809,1,0,1,0,,4.0,1,45.91,0,24.12,33575.0,0.5253757351339579,medium,adult,senior,1.0
5010071,F,Y,Y,0,333600.0,Working,Higher education,Single / not married,House / apartment,-22640,-1613,1,0,0,0,,1.0,0,61.98,0,4.42,333600.0,0.0713133268796386,high,senior,mid,3.0
5010072,F,Y,N,0,212900.0,Commercial associate,Secondary / secondary special,Married,With parents,-20150,-11492,1,0,0,0,Laborers,2.0,0,55.17,0,31.46,106450.0,0.5702374478883451,medium,senior,senior,2.0
5010073,M,N,Y,0,266000.0,Commercial associate,Higher education,Married,House / apartment,-16428,-5401,1,0,0,0,Sales staff,2.0,0,44.98,0,14.79,133000.0,0.3288128056914184,high,adult,senior,2.0
5010074,F,Y,Y,0,212100.0,Working,Secondary / secondary special,Married,House / apartment,-13949,365243,1,0,0,0,,2.0,0,38.19,1,0.0,106050.0,0.0,medium,adult,entry,3.0
5010075,F,N,Y,1,243400.0,Working,Higher education,Civil marriage,House / apartment,-12167,-4289,1,0,0,0,Laborers,3.0,0,33.31,0,11.74,81133.33333333333,0.3524467126988892,medium,youth,senior,2.0
5010076,F,Y,Y,2,195000.0,Commercial associate,Higher education,Married,House / apartment,-12043,-5375,1,0,1,0,,4.0,0,32.97,0,14.72,48750.0,0.44646648468304523,medium,youth,senior,3.0
5010077,M,N,Y,0,150500.0,Working,Secondary / secondary special,Widow,Office apartment,-17570,-5104,1,1,1,0,,1.0,0,48.1,0,13.97,150500.0,0.2904365904365904,medium,adult,senior,2.0
5010078,F,N,Y,1,309400.0,Working,Higher education,Married,House / apartment,-10351,-1265,1,1,1,0,Core staff,3.0,0,28.34,0,3.46,103133.33333333333,0.12208892025405786,high,youth,mid,2.0
5010079,M,N,Y,0,180600.0,Commercial associate,Secondary / secondary special,Married,House / apartment,-10497,-1242,1,0,1,1,Managers,2.0,0,28.74,0,3.4,90300.0,0.11830201809324983,medium,youth,mid,2.0
5010080,M,Y,Y,0,265000.0,Working,Secondary / secondary special,Married,Office apartment,-7495,-393,1,0,1,0,Sales staff,2.0,0,20.52,0,1.08,132500.0,0.052631578947368425,high,youth,entry,3.0
5010081,F,Y,Y,0,299700.0,Working,Secondary / secondary special,Married,Rented apartment,-18506,-7645,1,0,0,0,,2.0,0,50.67,0,20.93,149850.0,0.41306492993881977,high,adult,senior,3.0
5010082,M,N,N,0,182100.0,Working,Secondary / secondary special,Married,House / apartment,-25464,-18583,1,0,0,0,,2.0,0,69.72,0,50.88,91050.0,0.729776247848537,medium,senior,senior,1.0
5010083,F,Y,N,0,133700.0,Working,Secondary / secondary special,Single / not married,House / apartment,-23544,-12771,1,0,0,0,Laborers,1.0,1,64.46,0,34.97,133700.0,0.542506981073534,medium,senior,senior,1.0
5010084,F,N,Y,0,821200.0,State servant,Secondary / secondary special,Civil marriage,House / apartment,-20193,-2329,1,0,0,1,Accountants,2.0,0,55.29,0,6.38,410600.0,0.11539157171278712,high,senior,mid,2.0
5010085,F,N,Y,1,187500.0,Working,Secondary / secondary special,Married,House / apartment,-21651,-6314,1,0,0,0,Sales staff,3.0,0,59.28,0,17.29,62500.0,0.29166666666666663,medium,senior,senior,2.0
5010086,F,N,N,1,333400.0,Working,Secondary / secondary special,Married,House / apartment,-14918,-5802,1,0,1,0,Sales staff,3.0,0,40.84,0,15.89,111133.33333333333,0.3890793339862879,high,adult,senior,1.0
5010087,M,N,Y,0,643800.0,Commercial associate,Secondary / secondary special,Civil marriage,Municipal apartment,-12749,-5891,1,1,0,0,Laborers,2.0,0,34.9,0,16.13,321900.0,0.4621776504297994,high,youth,senior,2.0
5010088,M,Y,N,0,362400.0,Working,Secondary / secondary special,Married,House / apartment,-14037,-3906,1,0,0,0,High skill tech staff,2.0,0,38.43,0,10.69,181200.0,0.278168097840229,high,adult,senior,2.0
5010089,F,N,Y,0,210100.0,Working,Secondary / secondary special,Married,House / apartment,-8792,-904,1,0,1,0,Laborers,2.0,0,24.07,0,2.48,105050.0,0.10303282093892813,medium,youth,entry,2.0
5010090,M,N,N,3,236100.0,Pensioner,Secondary / secondary special,Married,House / apartment,-18880,365243,1,0,0,0,,5.0,0,51.69,1,0.0,47220.0,0.0,medium,adult,entry,1.0
5010091,F,N,Y,0,161000.0,Pensioner,Higher education,Married,House / apartment,-10498,365243,1,0,0,0,,2.0,1,28.74,1,0.0,80500.0,0.0,medium,youth,entry,2.0
5010092,M,N,Y,0,379400.0,Working,Secondary / secondary special,Married,House / apartment,-21237,-14447,1,0,0,0,,2.0,0,58.14,0,39.55,189700.0,0.6802545579635363,high,senior,senior,2.0
5010093,M,N,N,0,324000.0,Working,Secondary / secondary special,Married,House / apartment,-10774,-1722,1,0,0,0,Security staff,2.0,1,29.5,0,4.71,162000.0,0.15966101694915255,high,youth,mid,1.0
5010094,F,Y,Y,0,188800.0,Commercial associate,Secondary / secondary special,Married,House / apartment,-11471,-3556,1,0,0,0,Accountants,2.0,0,31.41,0,9.74,94400.0,0.31009232728430436,medium,youth,mid,3.0
5010095,M,Y,Y,0,145000.0,Working,Secondary / secondary special,Single / not married,House / apartment,-24788,-16112,1,1,1,0,Laborers,1.0,0,67.87,0,44.11,145000.0,0.6499189627228524,medium,senior,senior,2.0
5010096,F,N,Y,1,126100.0,Working,Secondary / secondary special,Married,House / apartment,-9230,-2435,1,0,1,0,,3.0,0,25.27,0,6.67,42033.333333333336,0.26394934705184014,medium,youth,mid,1.0
5010097,F,Y,N,1,399800.0,Working,Secondary / secondary special,Married,House / apartment,-16415,-7589,1,1,0,0,Managers,3.0,0,44.94,0,20.78,133266.66666666666,0.4623943035157989,high,adult,senior,2.0
5010098,F,N,Y,0,259300.0,Working,Secondary / secondary special,Married,House / apartment,-8450,-281,1,0,0,0,Laborers,2.0,0,23.13,0,0.77,129650.0,0.03329009943795936,high,youth,entry,2.0
5010099,M,N,Y,0,271800.0,Working,Secondary / secondary special,Separated,Municipal apartment,-8956,-1850,1,0,0,0,Laborers,1.0,0,24.52,0,5.07,271800.0,0.2067699836867863,high,youth,mid,2.0
5010100,M,Y,Y,0,161800.0,Working,Secondary / secondary special,Married,House / apartment,-18874,-5762,1,0,1,0,Laborers,2.0,0,51.67,0,15.78,80900.0,0.30539965163537836,medium,adult,senior,3.0
5010101,M,Y,Y,2,117400.0,Commercial associate,Secondary / secondary special,Married,House / apartment,-18824,-8072,1,0,0,0,Medicine staff,4.0,0,51.54,0,22.1,29350.0,0.4287931703531238,medium,adult,senior,2.0
5010102,F,N,Y,0,395100.0,Working,Secondary / secondary special,Married,House / apartment,-10832,-2774,1,0,0,0,High skill tech staff,2.0,0,29.66,0,7.59,197550.0,0.25590020229265004,high,youth,mid,2.0
5010103,F,Y,Y,0,249300.0,Working,Secondary / secondary special,Married,House / apartment,-23239,-5410,1,1,1,0,Laborers,2.0,0,63.62,0,14.81,124650.0,0.23278843131090854,medium,senior,senior,3.0
5010104,M,N,Y,0,384300.0,Working,Secondary / secondary special,Married,House / apartment,-20129,-10558,1,1,1,0,Drivers,2.0,1,55.11,0,28.91,192150.0,0.524587189257848,high,senior,senior,2.0
5010105,F,N,Y,0,201300.0,Commercial associate,Secondary / secondary special,Married,With parents,-12795,-5714,1,0,1,0,,2.0,0,35.03,0,15.64,100650.0,0.44647445047102485,medium,adult,senior,2.0
5010106,M,N,Y,0,216900.0,Working,Secondary / secondary special,Married,House / apartment,-11841,-3646,1,1,0,0,Sales staff,2.0,0,32.42,0,9.98,108450.0,0.3078346699568168,medium,youth,mid,2.0
5010107,F,N,Y,0,348800.0,Working,Incomplete higher,Widow,House / apartment,-21080,-7210,1,0,0,0,Laborers,1.0,0,57.71,0,19.74,348800.0,0.34205510310171544,high,senior,senior,2.0
5010108,F,Y,Y,0,352100.0,Working,Higher education,Married,House / apartment,-20703,-8603,1,0,0,0,Security staff,2.0,0,56.68,0,23.55,176050.0,0.4154904728299224,high,senior,senior,3.0
5010109,F,N,Y,0,363800.0,Working,Secondary / secondary special,Single / not married,House / apartment,-10023,-3294,1,0,0,0,Core staff,1.0,0,27.44,0,9.02,363800.0,0.32871720116618075,high,youth,mid,2.0
5010110,F,Y,N,0,210600.0,State servant,Secondary / secondary special,Married,House / apartment,-13682,365243,1,0,0,0,,2.0,0,37.46,1,0.0,105300.0,0.0,medium,adult,entry,2.0
5010111,F,Y,Y,0,331900.0,Commercial associate,Secondary / secondary special,Married,House / apartment,-11262,365243,1,0,0,0,,2.0,0,30.83,1,0.0,165950.0,0.0,high,youth,entry,3.0
5010112,M,N,N,0,425100.0,Working,Secondary / secondary special,Widow,House / apartment,-12677,-235,1,0,0,0,Core staff,1.0,0,34.71,0,0.64,425100.0,0.018438490348602708,high,youth,entry,1.0
5010113,F,N,Y,0,231700.0,Commercial associate,Secondary / secondary special,Single / not married,House / apartment,-12557,-5528,1,0,0,0,,1.0,0,34.38,0,15.13,231700.0,0.44008144269924376,medium,youth,senior,2.0
5010114,M,Y,Y,0,188900.0,Working,Secondary / secondary special,Married,House / apartment,-25130,-12027,1,0,0,0,High skill tech staff,2.0,0,68.8,0,32.93,94450.0,0.4786337209302326,medium,senior,senior,3.0
5010115,F,N,Y,2,477700.0,Working,Secondary / secondary special,Single / not married,House / apartment,-21006,-4584,1,0,1,0,Laborers,3.0,0,57.51,0,12.55,159233.33333333334,0.2182229177534342,high,senior,senior,2.0
5010116,F,N,Y,0,176000.0,Working,Secondary / secondary special,Widow,House / apartment,-21551,-9435,1,0,0,0,,1.0,0,59.0,0,25.83,176000.0,0.4377966101694915,medium,senior,senior,2.0
5010117,F,Y,N,0,334400.0,Commercial associate,Secondary / secondary special,Married,House / apartment,-12371,-4611,1,0,0,0,,2.0,0,33.87,0,12.62,167200.0,0.37260112193681727,high,youth,senior,2.0
5010118,F,Y,N,0,237100.0,Working,Secondary / secondary special,Married,House / apartment,-7315,-53,1,0,1,0,Laborers,2.0,0,20.03,0,0.15,118550.0,0.0074887668497254116,medium,youth,entry,2.0
5010119,F,N,N,0,97200.0,Working,Higher education,Married,Co-op apartment,-8367,-732,1,0,0,0,,2.0,1,22.91,0,2.0,48600.0,0.08729812309035356,low,youth,entry,0.0
5010120,F,N,Y,0,429200.0,Working,Secondary / secondary special,Married,House / apartment,-17404,-4503,1,0,0,0,,2.0,0,47.65,0,12.33,214600.0,0.25876180482686256,high,adult,senior,2.0
5010121,F,N,Y,1,61500.0,Working,Secondary / secondary special,Married,House / apartment,-12519,-1168,1,0,1,0,Sales staff,3.0,1,34.28,0,3.2,20500.0,0.09334889148191365,low,youth,mid,1.0
5010122,M,N,Y,0,90500.0,Commercial associate,Secondary / secondary special,Single / not married,House / apartment,-10829,-756,1,0,0,0,Core staff,1.0,1,29.65,0,2.07,90500.0,0.06981450252951096,low,youth,entry,1.0
5010123,M,Y,N,0,317800.0,Pensioner,Secondary / secondary special,Married,House / apartment,-8212,365243,1,1,1,0,,2.0,0,22.48,1,0.0,158900.0,0.0,high,youth,entry,2.0
5010124,M,N,Y,1,317700.0,Commercial associate,Secondary / secondary special,Separated,House / apartment,-23301,-11956,1,0,0,0,Sales staff,2.0,0,63.79,0,32.73,158850.0,0.5130898259915346,high,senior,senior,2.0
5010125,M,N,Y,2,177500.0,Commercial associate,Secondary / secondary special,Married,House / apartment,-18265,-9944,1,0,0,0,Laborers,4.0,1,50.01,0,27.23,44375.0,0.5444911017796441,medium,adult,senior,2.0
5010126,F,N,Y,2,262900.0,Pensioner,Secondary / secondary special,Married,House / apartment,-9266,365243,1,0,0,0,,4.0,0,25.37,1,0.0,65725.0,0.0,high,youth,entry,2.0
5010127,M,Y,Y,1,68900.0,Working,Higher education,Married,House / apartment,-21301,-5585,1,0,0,0,Laborers,3.0,0,58.32,0,15.29,22966.666666666668,0.2621742112482853,low,senior,senior,2.0
5010128,F,Y,N,2,347700.0,Working,Secondary / secondary special,Widow,House / apartment,-21108,-8481,1,1,0,0,Sales staff,3.0,0,57.79,0,23.22,115900.0,0.40179961931129954,high,senior,senior,2.0
5010129,M,Y,Y,0,276600.0,Working,Secondary / secondary special,Married,House / apartment,-12590,-2416,1,0,0,0,,2.0,0,34.47,0,6.61,138300.0,0.1917609515520743,high,youth,mid,3.0
5010130,M,N,Y,0,238600.0,Working,Higher education,Married,House / apartment,-10746,-348,1,0,0,0,Accountants,2.0,0,29.42,0,0.95,119300.0,0.032290958531611146,medium,youth,entry,2.0
5010131,F,N,Y,0,246700.0,Working,Secondary / secondary special,Separated,House / apartment,-22170,-14987,1,0,1,0,,1.0,0,60.7,0,41.03,246700.0,0.6759472817133443,medium,senior,senior,2.0
5010132,F,N,N,1,312400.0,Working,Higher education,Separated,House / apartment,-13324,-2964,1,0,0,0,,2.0,0,36.48,0,8.11,156200.0,0.22231359649122806,high,adult,mid,1.0
5010133,F,Y,Y,2,240600.0,Working,Higher education,Married,House / apartment,-22781,-1174,1,1,0,0,Managers,4.0,0,62.37,0,3.21,60150.0,0.05146705146705147,medium,senior,mid,3.0
5010134,F,Y,N,0,95600.0,Working,Secondary / secondary special,Separated,House / apartment,-8102,-917,1,0,0,0,Laborers,1.0,0,22.18,0,2.51,95600.0,0.11316501352569883,low,youth,entry,1.0
5010135,F,N,Y,0,732100.0,Pensioner,Secondary / secondary special,Single / not married,Rented apartment,-16423,365243,1,0,1,0,,1.0,0,44.96,1,0.0,732100.0,0.0,high,adult,entry,2.0
5010136,M,N,N,1,445000.0,Working,Higher education,Married,House / apartment,-10585,-207,1,0,1,0,,3.0,0,28.98,0,0.57,148333.33333333334,0.019668737060041405,high,youth,entry,1.0
5010137,F,N,N,2,128400.0,Working,Higher education,Married,House / apartment,-19578,-12703,1,0,0,1,,4.0,0,53.6,0,34.78,32100.0,0.6488805970149254,medium,adult,senior,0.0
5010138,F,Y,Y,0,205400.0,Commercial associate,Secondary / secondary special,Married,House / apartment,-25517,-7583,1,0,1,0,,2.0,0,69.86,0,20.76,102700.0,0.29716576009161183,medium,senior,senior,3.0
5010139,F,N,Y,2,217000.0,Working,Secondary / secondary special,Married,House / apartment,-14838,-1108,1,0,0,0,Laborers,4.0,0,40.62,0,3.03,54250.0,0.07459379615952733,medium,adult,mid,2.0
5010140,M,Y,Y,0,418700.0,Working,Secondary / secondary special,Single / not married,House / apartment,-9137,-1786,1,0,0,0,,1.0,0,25.02,0,4.89,418700.0,0.19544364508393283,high,youth,mid,3.0
5010141,F,Y,Y,0,82900.0,Working,Higher education,Married,House / apartment,-13107,-2411,1,0,0,0,Security staff,2.0,0,35.89,0,6.6,41450.0,0.18389523544162717,low,adult,mid,2.0
5010142,M,N,N,0,190200.0,Commercial associate,Secondary / secondary special,Civil marriage,House / apartment,-23586,-1544,1,0,1,0,,2.0,0,64.57,0,4.23,95100.0,0.06551029890041817,medium,senior,mid,1.0
5010143,M,Y,Y,0,101200.0,Pensioner,Higher education,Civil marriage,House / apartment,-21290,365243,1,0,0,0,,2.0,0,58.29,1,0.0,50600.0,0.0,medium,senior,entry,2.0
5010144,M,Y,Y,0,211700.0,Commercial associate,Lower secondary,Married,House / apartment,-11546,-4507,1,0,1,0,Managers,2.0,0,31.61,0,12.34,105850.0,0.390382790256248,medium,youth,senior,3.0
5010145,F,N,Y,1,192800.0,Working,Higher education,Separated,House / apartment,-24720,-14061,1,0,1,0,,2.0,0,67.68,0,38.5,96400.0,0.568853427895981,medium,senior,senior,2.0
5010146,F,N,Y,1,254100.0,Working,Secondary / secondary special,Single / not married,House / apartment,-18668,-3537,1,0,0,1,Secretaries,2.0,0,51.11,0,9.68,127050.0,0.18939542163960085,high,adult,mid,2.0
5010147,F,N,N,1,180400.0,Working,Secondary / secondary special,Married,House / apartment,-10374,-1869,1,0,0,1,Sales staff,3.0,0,28.4,0,5.12,60133.333333333336,0.18028169014084508,medium,youth,mid,1.0
5010148,F,N,Y,0,167700.0,State servant,Secondary / secondary special,Single / not married,House / apartment,-17757,-4088,1,1,0,0,Drivers,1.0,0,48.62,0,11.19,167700.0,0.23015220074043605,medium,adult,senior,2.0
5010149,F,Y,N,0,332800.0,Commercial associate,Secondary / secondary special,Separated,House / apartment,-15546,365243,1,0,1,0,,1.0,0,42.56,1,0.0,332800.0,0.0,high,adult,entry,2.0
5010150,M,Y,N,0,306400.0,Working,Secondary / secondary special,Married,House / apartment,-22275,-2951,1,0,0,0,Laborers,2.0,1,60.99,0,8.08,153200.0,0.132480734546647,high,senior,mid,2.0
5010151,F,N,Y,0,321600.0,Commercial associate,Secondary / secondary special,Widow,House / apartment,-13590,-225,1,1,0,0,Medicine staff,1.0,0,37.21,0,0.62,321600.0,0.0166621875839828,high,adult,entry,2.0
5010152,F,N,Y,0,223500.0,Working,Secondary / secondary special,Married,House / apartment,-23284,-1730,1,0,0,0,,2.0,0,63.75,0,4.74,111750.0,0.0743529411764706,medium,senior,mid,2.0
5010153,M,N,N,0,183400.0,State servant,Secondary / secondary special,Married,House / apartment,-22134,-2137,1,0,0,0,,2.0,0,60.6,0,5.85,91700.0,0.09653465346534652,medium,senior,mid,1.0
5010154,F,Y,Y,0,230000.0,Pensioner,Higher education,Single / not married,House / apartment,-19625,365243,1,0,1,0,,1.0,0,53.73,1,0.0,230000.0,0.0,medium,adult,entry,3.0
5010155,F,N,Y,1,313700.0,Working,Secondary / secondary special,Single / not married,House / apartment,-12028,-2268,1,0,0,0,Sales staff,2.0,0,32.93,0,6.21,156850.0,0.1885818402672335,high,youth,mid,2.0
5010156,F,Y,Y,0,82200.0,Commercial associate,Secondary / secondary special,Single / not married,House / apartment,-25026,-5946,1,0,0,0,Core staff,1.0,0,68.52,0,16.28,82200.0,0.23759486281377704,low,senior,senior,2.0
5010157,F,N,Y,2,297300.0,Working,Secondary / secondary special,Married,House / apartment,-17325,-10109,1,1,0,1,Sales staff,4.0,0,47.43,0,27.68,74325.0,0.5835968796120599,high,adult,senior,2.0
5010158,F,N,N,0,284900.0,Working,Higher education,Married,House / apartment,-23878,-12837,1,0,0,0,Managers,2.0,0,65.37,0,35.15,142450.0,0.5377084289429401,high,senior,senior,1.0
5010159,F,N,Y,3,251800.0,Commercial associate,Higher education,Single / not married,House / apartment,-11245,-1331,1,0,0,0,Laborers,4.0,0,30.79,0,3.64,62950.0,0.11822020136407925,high,youth,mid,2.0
5010160,F,N,Y,0,226600.0,Commercial associate,Secondary / secondary special,Married,House / apartment,-25264,-11254,1,0,0,0,Laborers,2.0,0,69.17,0,30.81,113300.0,0.4454243169003903,medium,senior,senior,2.0
5010161,F,N,N,0,67700.0,Working,Secondary / secondary special,Married,House / apartment,-22208,-10487,1,0,0,0,,2.0,1,60.8,0,28.71,33850.0,0.4722039473684211,low,senior,senior,0.0
5010162,M,N,N,0,195900.0,Commercial associate,Higher education,Civil marriage,House / apartment,-24640,-6580,1,0,0,0,Sales staff,2.0,0,67.46,0,18.02,97950.0,0.26712125704120965,medium,senior,senior,1.0
5010163,F,N,Y,1,597300.0,Commercial associate,Secondary / secondary special,Married,Municipal apartment,-11183,365243,1,0,0,0,,3.0,0,30.62,1,0.0,199100.0,0.0,high,youth,entry,2.0
5010164,F,Y,N,0,245700.0,Working,Secondary / secondary special,Married,House / apartment,-15170,-1004,1,0,0,0,Sales staff,2.0,0,41.53,0,2.75,122850.0,0.06621719239104262,medium,adult,entry,2.0
5010165,M,N,Y,0,209400.0,Working,Secondary / secondary special,Married,House / apartment,-9088,-920,1,0,1,0,Sales staff,2.0,0,24.88,0,2.52,104700.0,0.10128617363344052,medium,youth,entry,2.0
5010166,F,Y,N,1,246200.0,Commercial associate,Secondary / secondary special,Married,House / apartment,-9806,-3021,1,0,0,0,,3.0,0,26.85,0,8.27,82066.66666666667,0.30800744878957165,medium,youth,mid,2.0
5010167,F,N,Y,0,291500.0,Working,Secondary / secondary special,Married,House / apartment,-12491,-3067,1,0,0,0,Managers,2.0,0,34.2,0,8.4,145750.0,0.24561403508771928,high,youth,mid,2.0
5010168,F,N,Y,0,339400.0,Pensioner,Secondary / secondary special,Married,House / apartment,-24684,365243,1,0,0,0,,2.0,0,67.58,1,0.0,169700.0,0.0,high,senior,entry,2.0
5010169,M,N,N,0,217700.0,Working,Secondary / secondary special,Married,House / apartment,-19490,365243,1,0,1,0,,2.0,1,53.36,1,0.0,108850.0,0.0,medium,adult,entry,1.0
5010170,F,Y,Y,0,301900.0,Working,Secondary / secondary special,Married,House / apartment,-13051,-5107,1,0,0,0,,2.0,0,35.73,0,13.98,150950.0,0.39126784214945426,high,adult,senior,3.0
5010171,F,Y,N,0,564600.0,Working,Secondary / secondary special,Married,House / apartment,-24738,-826,1,0,0,0,Medicine staff,2.0,0,67.73,0,2.26,282300.0,0.03336778384763029,high,senior,entry,2.0
5010172,M,N,Y,0,403800.0,Working,Secondary / secondary special,Married,House / apartment,-20814,-4310,1,0,1,0,,2.0,0,56.99,0,11.8,201900.0,0.20705386909984208,high,senior,senior,2.0
5010173,M,N,N,0,786700.0,Commercial associate,Secondary / secondary special,Married,House / apartment,-23869,-16851,1,0,0,0,Sales staff,2.0,0,65.35,0,46.14,393350.0,0.7060443764345831,high,senior,senior,1.0
5010174,F,N,N,0,175800.0,Working,Secondary / secondary special,Married,House / apartment,-24238,365243,1,0,1,0,,2.0,0,66.36,1,0.0,87900.0,0.0,medium,senior,entry,1.0
5010175,M,Y,Y,1,564400.0,Working,Secondary / secondary special,Separated,House / apartment,-21016,-13703,1,0,0,0,,2.0,0,57.54,0,37.52,282200.0,0.6520681265206814,high,senior,senior,3.0
5010176,F,N,N,0,164400.0,Pensioner,Secondary / secondary special,Married,House / apartment,-11745,365243,1,1,1,0,,2.0,0,32.16,1,0.0,82200.0,0.0,medium,youth,entry,1.0
5010177,F,N,Y,0,291300.0,Working,Secondary / secondary special,Civil marriage,House / apartment,-25505,-16395,1,0,0,0,Managers,2.0,0,69.83,0,44.89,145650.0,0.6428469139338393,high,senior,senior,2.0
5010178,M,Y,N,0,352100.0,Working,Secondary / secondary special,Single / not married,House / apartment,-13242,-5854,1,0,1,0,,1.0,0,36.25,0,16.03,352100.0,0.4422068965517242,high,adult,senior,2.0
5010179,F,Y,Y,0,189100.0,Working,Secondary / secondary special,Married,House / apartment,-19572,-12772,1,1,1,0,Managers,2.0,0,53.59,0,34.97,94550.0,0.6525471169994401,medium,adult,senior,3.0
5010180,F,N,N,0,255100.0,Working,Secondary / secondary special,Married,With parents,-22733,-10133,1,0,0,0,Sales staff,2.0,0,62.24,0,27.74,127550.0,0.44569408740359895,high,senior,senior,1.0
5010181,F,N,Y,0,384900.0,Working,Secondary / secondary special,Widow,House / apartment,-10504,-1715,1,1,1,1,Sales staff,1.0,0,28.76,0,4.7,384900.0,0.16342141863699583,high,youth,mid,2.0
5010182,F,N,Y,0,171200.0,Working,Secondary / secondary special,Married,House / apartment,-18428,-3117,1,0,1,0,Laborers,2.0,1,50.45,0,8.53,85600.0,0.16907829534192267,medium,adult,mid,2.0
5010183,F,N,Y,2,562500.0,Working,Secondary / secondary special,Married,House / apartment,-14157,-4681,1,1,0,0,Laborers,4.0,0,38.76,0,12.82,140625.0,0.33075335397316824,high,adult,senior,2.0
5010184,M,N,Y,0,122200.0,Pensioner,Secondary / secondary special,Married,House / apartment,-11766,365243,1,0,1,0,,2.0,1,32.21,1,0.0,61100.0,0.0,medium,youth,entry,1.0
5010185,F,N,N,0,643900.0,Working,Higher education,Married,House / apartment,-7520,-472,1,1,0,0,Laborers,2.0,0,20.59,0,1.29,321950.0,0.0626517727051967,high,youth,entry,1.0
5010186,F,Y,Y,0,402800.0,Pensioner,Higher education,Single / not married,House / apartment,-23229,365243,1,0,0,0,,1.0,0,63.6,1,0.0,402800.0,0.0,high,senior,entry,3.0
5010187,M,Y,Y,0,233400.0,Commercial associate,Higher education,Separated,House / apartment,-9787,-2550,1,0,0,0,Sales staff,1.0,0,26.8,0,6.98,233400.0,0.26044776119402985,medium,youth,mid,3.0
5010188,F,N,Y,1,199600.0,Working,Secondary / secondary special,Married,House / apartment,-23342,-11553,1,1,1,0,Sales staff,3.0,0,63.91,0,31.63,66533.33333333333,0.4949147238303865,medium,senior,senior,2.0
5010189,M,N,Y,0,189500.0,Commercial associate,Secondary / secondary special,Married,House / apartment,-18275,-1325,1,0,1,0,Sales staff,2.0,0,50.03,0,3.63,94750.0,0.0725564661203278,medium,adult,mid,2.0
5010190,F,N,Y,0,228100.0,Working,Higher education,Married,House / apartment,-18647,-999,1,0,1,0,Sales staff,2.0,0,51.05,0,2.74,114050.0,0.05367286973555339,medium,adult,entry,2.0
5010191,M,N,N,0,238300.0,Working,Secondary / secondary special,Widow,House / apartment,-22438,-9905,1,0,0,0,,1.0,0,61.43,0,27.12,238300.0,0.44147810516034514,medium,senior,senior,1.0
5010192,F,Y,N,0,457300.0,Pensioner,Secondary / secondary special,Married,House / apartment,-16609,365243,1,0,1,0,,2.0,0,45.47,1,0.0,228650.0,0.0,high,adult,entry,2.0
5010193,F,N,Y,0,653300.0,Commercial associate,Secondary / secondary special,Civil marriage,House / apartment,-13830,-4072,1,0,0,0,Cleaning staff,2.0,0,37.86,0,11.15,326650.0,0.2945060750132066,high,adult,senior,2.0
5010194,M,Y,Y,0,269700.0,Pensioner,Higher education,Married,House / apartment,-9840,365243,1,1,0,0,,2.0,0,26.94,1,0.0,134850.0,0.0,high,youth,entry,3.0
5010195,M,N,Y,0,160000.0,Pensioner,Secondary / secondary special,Single / not married,House / apartment,-17722,365243,1,0,0,0,,1.0,0,48.52,1,0.0,160000.0,0.0,medium,adult,entry,2.0
5010196,M,N,Y,0,185800.0,Working,Secondary / secondary special,Married,House / apartment,-17407,-6846,1,0,1,0,Cooking staff,2.0,1,47.66,0,18.74,92900.0,0.3932018464120856,medium,adult,senior,2.0
5010197,F,N,Y,0,222800.0,Working,Secondary / secondary special,Separated,House / apartment,-12672,-2318,1,0,0,0,,1.0,0,34.69,0,6.35,222800.0,0.1830498702796195,medium,youth,mid,2.0
5010198,M,N,N,0,145900.0,Working,Secondary / secondary special,Married,House / apartment,-18264,-152,1,0,0,0,Laborers,2.0,0,50.0,0,0.42,72950.0,0.0084,medium,adult,entry,0.0
5010199,F,Y,Y,0,135400.0,Pensioner,Higher education,Single / not married,House / apartment,-15329,365243,1,1,0,0,,1.0,0,41.97,1,0.0,135400.0,0.0,medium,adult,entry,2.0
5010200,F,N,N,0,696600.0,Pensioner,Secondary / secondary special,Married,House / apartment,-22016,365243,1,0,0,0,,2.0,0,60.28,1,0.0,348300.0,0.0,high,senior,entry,1.0
5010201,M,Y,Y,2,284000.0,Working,Secondary / secondary special,Single / not married,House / apartment,-17523,-754,1,0,0,0,High skill tech staff,3.0,0,47.98,0,2.06,94666.66666666667,0.0429345560650271,high,adult,entry,3.0
5010202,F,N,Y,0,161000.0,Working,Secondary / secondary special,Married,Rented apartment,-24356,-10013,1,0,0,1,Laborers,2.0,0,66.68,0,27.41,80500.0,0.4110677864427114,medium,senior,senior,2.0
5010203,F,N,Y,2,367200.0,Working,Higher education,Married,House / apartment,-16765,-3921,1,0,0,0,,4.0,0,45.9,0,10.74,91800.0,0.23398692810457516,high,adult,senior,2.0
5010204,M,N,Y,0,135400.0,Pensioner,Higher education,Married,House / apartment,-23513,365243,1,0,0,0,,2.0,0,64.38,1,0.0,67700.0,0.0,medium,senior,entry,1.0
5010205,M,N,Y,1,141100.0,Pensioner,Higher education,Married,House / apartment,-16811,365243,1,0,1,0,,3.0,1,46.03,1,0.0,47033.333333333336,0.0,medium,adult,entry,1.0
5010206,M,Y,N,0,163400.0,Working,Higher education,Married,House / apartment,-17496,-5439,1,0,0,0,Drivers,2.0,0,47.9,0,14.89,81700.0,0.3108559498956159,medium,adult,senior,2.0
5010207,F,N,Y,0,558300.0,Working,Secondary / secondary special,Married,Rented apartment,-14004,-131,1,0,0,0,,2.0,0,38.34,0,0.36,279150.0,0.009389671361502346,high,adult,entry,2.0
5010208,F,Y,N,1,215100.0,Working,Higher education,Married,House / apartment,-14613,-115,1,0,0,0,Core staff,3.0,0,40.01,0,0.31,71700.0,0.007748062984253937,medium,adult,entry,2.0
5010209,F,N,Y,1,72000.0,Working,Secondary / secondary special,Married,House / apartment,-24346,-9238,1,0,0,0,,3.0,0,66.66,0,25.29,24000.0,0.3793879387938794,low,senior,senior,1.0
5010210,F,Y,Y,0,447100.0,Pensioner,Higher education,Married,House / apartment,-11383,365243,1,0,0,0,,2.0,0,31.16,1,0.0,223550.0,0.0,high,youth,entry,3.0
5010211,F,Y,Y,0,209500.0,Working,Secondary / secondary special,Married,House / apartment,-9523,-1431,1,0,0,0,Managers,2.0,0,26.07,0,3.92,104750.0,0.1503644035289605,medium,youth,mid,3.0
5010212,F,N,Y,0,96800.0,Commercial associate,Secondary / secondary special,Married,House / apartment,-22467,-10892,1,1,0,0,,2.0,0,61.51,0,29.82,48400.0,0.4847992196390831,low,senior,senior,1.0
5010213,F,N,Y,2,208400.0,Working,Secondary / secondary special,Married,House / apartment,-17841,-6539,1,0,0,0,Laborers,4.0,0,48.85,0,17.9,52100.0,0.3664278403275332,medium,adult,senior,2.0
5010214,M,Y,Y,0,316800.0,Working,Secondary / secondary special,Civil marriage,House / apartment,-12503,-871,1,0,0,0,Sales staff,2.0,0,34.23,0,2.38,158400.0,0.06952965235173825,high,youth,entry,3.0
5010215,M,Y,Y,0,298800.0,Working,Secondary / secondary special,Married,House / apartment,-15202,-5151,1,1,0,0,Sales staff,2.0,0,41.62,0,14.1,149400.0,0.33877943296492075,high,adult,senior,3.0
5010216,M,N,Y,1,600000.0,Pensioner,Secondary / secondary special,Married,House / apartment,-16891,365243,1,0,0,0,,3.0,1,46.25,1,0.0,200000.0,0.0,high,adult,entry,2.0
5010217,M,Y,Y,1,159400.0,Commercial associate,Secondary / secondary special,Married,House / apartment,-18119,-3556,1,1,1,1,,3.0,0,49.61,0,9.74,53133.333333333336,0.19633138480145132,medium,adult,mid,3.0
5010218,F,Y,Y,0,249900.0,Working,Incomplete higher,Widow,House / apartment,-22299,365243,1,1,0,0,,1.0,0,61.05,1,0.0,249900.0,0.0,medium,senior,entry,3.0
5010219,F,N,Y,0,172100.0,Working,Higher education,Married,House / apartment,-14507,-206,1,0,0,0,High skill tech staff,2.0,0,39.72,0,0.56,86050.0,0.014098690835850958,medium,adult,entry,2.0
5010220,M,Y,N,2,112900.0,Working,Higher education,Civil marriage,House / apartment,-19660,-5523,1,1,1,0,,4.0,0,53.83,0,15.12,28225.0,0.2808842652795839,medium,adult,senior,1.0
5010221,M,N,Y,0,380100.0,Working,Higher education,Married,House / apartment,-22550,-13331,1,0,0,0,,2.0,0,61.74,0,36.5,190050.0,0.5911888564949789,high,senior,senior,2.0
5010222,F,N,N,1,307800.0,Commercial associate,Secondary / secondary special,Married,House / apartment,-22714,-8835,1,0,0,1,,3.0,0,62.19,0,24.19,102600.0,0.3889692876668275,high,senior,senior,1.0
5010223,F,N,Y,0,281300.0,Working,Secondary / secondary special,Married,House / apartment,-11948,-3058,1,0,1,0,Core staff,2.0,0,32.71,0,8.37,140650.0,0.25588505044328946,high,youth,mid,2.0
5010224,M,N,N,0,302200.0,Working,Secondary / secondary special,Married,House / apartment,-13700,-704,1,0,1,1,Managers,2.0,0,37.51,0,1.93,151100.0,0.051452945881098375,high,adult,entry,1.0
5010225,F,N,Y,0,173300.0,Pensioner,Higher education,Married,House / apartment,-18169,365243,1,0,0,0,,2.0,0,49.74,1,0.0,86650.0,0.0,medium,adult,entry,2.0
5010226,M,Y,N,0,147700.0,Working,Higher education,Married,Co-op apartment,-23481,-1381,1,1,1,0,Accountants,2.0,0,64.29,0,3.78,73850.0,0.05879608026131591,medium,senior,mid,1.0
5010227,M,Y,Y,1,248800.0,Working,Higher education,Separated,House / apartment,-21741,-13774,1,0,0,0,Core staff,2.0,0,59.52,0,37.71,124400.0,0.6335685483870968,medium,senior,senior,3.0
5010228,F,N,N,0,436300.0,Working,Higher education,Married,House / apartment,-17970,-2702,1,0,0,0,,2.0,0,49.2,0,7.4,218150.0,0.15040650406504064,high,adult,mid,1.0
5010229,F,Y,Y,0,545500.0,Pensioner,Secondary / secondary special,Married,House / apartment,-25270,365243,1,1,0,0,,2.0,0,69.19,1,0.0,272750.0,0.0,high,senior,entry,3.0
5010230,M,N,Y,0,363400.0,Commercial associate,Secondary / secondary special,Single / not married,House / apartment,-15322,-2576,1,0,1,0,Sales staff,1.0,0,41.95,0,7.05,363400.0,0.16805721096543502,high,adult,mid,2.0
5010231,F,N,Y,0,247700.0,Working,Incomplete higher,Single / not married,House / apartment,-22690,-5450,1,0,0,0,,1.0,0,62.12,0,14.92,247700.0,0.24018029620090148,medium,senior,senior,2.0
5010232,F,Y,Y,0,279400.0,Commercial associate,Secondary / secondary special,Married,House / apartment,-22251,-13463,1,1,0,0,Drivers,2.0,1,60.92,0,36.86,139700.0,0.6050558108995403,high,senior,senior,3.0
5010233,F,N,Y,0,245600.0,Working,Secondary / secondary special,Single / not married,House / apartment,-23888,-1102,1,0,0,0,Sales staff,1.0,0,65.4,0,3.02,245600.0,0.04617737003058103,medium,senior,mid,2.0
5010234,F,N,Y,0,146200.0,Pensioner,Secondary / secondary special,Married,House / apartment,-25342,365243,1,0,0,0,,2.0,0,69.38,1,0.0,73100.0,0.0,medium,senior,entry,1.0
5010235,F,N,Y,1,247200.0,Pensioner,Secondary / secondary special,Married,House / apartment,-16358,365243,1,0,0,0,,3.0,0,44.79,1,0.0,82400.0,0.0,medium,adult,entry,2.0
5010236,F,N,N,1,125200.0,Commercial associate,Higher education,Married,House / apartment,-10878,-729,1,0,1,0,,3.0,0,29.78,0,2.0,41733.333333333336,0.0671591672263264,medium,youth,entry,0.0
5010237,F,N,Y,0,229400.0,Commercial associate,Secondary / secondary special,Married,House / apartment,-15722,-109,1,0,0,0,Managers,2.0,0,43.04,0,0.3,114700.0,0.006970260223048327,medium,adult,entry,2.0
5010238,M,N,N,0,553200.0,Working,Secondary / secondary special,Married,House / apartment,-22899,-8930,1,0,0,1,Laborers,2.0,0,62.69,0,24.45,276600.0,0.3900143563566757,high,senior,senior,1.0
5010239,M,N,Y,0,368400.0,Commercial associate,Secondary / secondary special,Married,House / apartment,-22574,-8597,1,0,0,0,,2.0,0,61.8,0,23.54,184200.0,0.38090614886731394,high,senior,senior,2.0
5010240,M,N,Y,0,153900.0,Commercial associate,Secondary / secondary special,Married,House / apartment,-13441,-1359,1,1,0,0,Cooking staff,2.0,0,36.8,0,3.72,76950.0,0.10108695652173914,medium,adult,mid,2.0
5010241,F,Y,N,1,235400.0,Working,Higher education,Married,Municipal apartment,-8169,-777,1,0,0,0,Medicine staff,3.0,0,22.37,0,2.13,78466.66666666667,0.09521680822530174,medium,youth,entry,2.0
5010242,M,Y,N,0,160900.0,Commercial associate,Secondary / secondary special,Single / not married,House / apartment,-16616,-2731,1,0,0,0,Sales staff,1.0,0,45.49,0,7.48,160900.0,0.1644317432402726,medium,adult,mid,2.0
5010243,F,N,N,0,236600.0,Pensioner,Secondary / secondary special,Married,House / apartment,-15963,365243,1,0,1,0,,2.0,0,43.7,1,0.0,118300.0,0.0,medium,adult,entry,1.0
5010244,F,Y,Y,0,410900.0,Working,Secondary / secondary special,Married,Municipal apartment,-8871,-1862,1,0,0,0,Laborers,2.0,0,24.29,0,5.1,205450.0,0.2099629477151091,high,youth,mid,3.0
5010245,M,Y,Y,0,338400.0,Working,Higher education,Civil marriage,House / apartment,-21822,-8539,1,0,0,0,Core staff,2.0,0,59.75,0,23.38,169200.0,0.3912970711297071,high,senior,senior,3.0
5010246,F,N,Y,0,845400.0,Commercial associate,Secondary / secondary special,Civil marriage,House / apartment,-12484,-1127,1,0,0,0,,2.0,0,34.18,0,3.09,422700.0,0.09040374488004681,high,youth,mid,2.0
5010247,F,Y,Y,0,443200.0,Pensioner,Higher education,Civil marriage,Office apartment,-19098,365243,1,0,0,0,,2.0,0,52.29,1,0.0,221600.0,0.0,high,adult,entry,3.0
5010248,F,N,Y,0,270300.0,Pensioner,Secondary / secondary special,Married,Rented apartment,-9158,365243,1,0,0,0,,2.0,0,25.07,1,0.0,135150.0,0.0,high,youth,entry,2.0
5010249,M,N,N,2,342500.0,Commercial associate,Secondary / secondary special,Married,House / apartment,-23024,-16309,1,1,1,0,,4.0,0,63.04,0,44.65,85625.0,0.7082804568527918,high,senior,senior,1.0
5010250,F,N,N,1,220600.0,Pensioner,Higher education,Married,House / apartment,-20806,365243,1,1,1,0,,3.0,0,56.96,1,0.0,73533.33333333333,0.0,medium,senior,entry,1.0
5010251,F,N,Y,1,138900.0,Commercial associate,Secondary / secondary special,Married,House / apartment,-14399,-7151,1,0,0,0,Sales staff,3.0,0,39.42,0,19.58,46300.0,0.4967021816336884,medium,adult,senior,1.0
5010252,F,Y,Y,2,469000.0,Working,Secondary / secondary special,Married,House / apartment,-18801,-6917,1,0,1,0,,4.0,0,51.47,0,18.94,117250.0,0.36798134835826696,high,adult,senior,3.0
5010253,F,N,N,0,404300.0,Pensioner,Secondary / secondary special,Married,House / apartment,-10728,365243,1,0,1,0,,2.0,0,29.37,1,0.0,202150.0,0.0,high,youth,entry,1.0
5010254,F,N,Y,1,216400.0,Working,Secondary / secondary special,Widow,House / apartment,-25301,-4414,1,0,0,0,Managers,2.0,0,69.27,0,12.08,108200.0,0.1743900678504403,medium,senior,senior,2.0
5010255,F,N,Y,0,280000.0,Working,Secondary / secondary special,Married,House / apartment,-21844,-6754,1,0,0,0,,2.0,0,59.81,0,18.49,140000.0,0.3091456278214345,high,senior,senior,2.0
5010256,F,N,Y,0,454000.0,Working,Secondary / secondary special,Married,House / apartment,-21713,-7712,1,0,0,0,Drivers,2.0,0,59.45,0,21.11,227000.0,0.35508830950378467,high,senior,senior,2.0
5010257,F,Y,Y,1,372700.0,Working,Secondary / secondary special,Married,House / apartment,-10106,-678,1,0,0,0,,3.0,0,27.67,0,1.86,124233.33333333333,0.06722081676906397,high,youth,entry,3.0
5010258,M,N,N,0,117500.0,Working,Secondary / secondary special,Single / not married,House / apartment,-7629,-438,1,0,0,0,Sales staff,1.0,0,20.89,0,1.2,117500.0,0.05744375299186213,medium,youth,entry,0.0
5010259,F,Y,Y,3,275800.0,Working,Higher education,Married,House / apartment,-17995,-10353,1,0,1,0,Accountants,5.0,0,49.27,0,28.34,55160.0,0.575197889182058,high,adult,senior,3.0
5010260,F,N,Y,0,224500.0,Working,Secondary / secondary special,Married,House / apartment,-9937,-309,1,0,0,0,Laborers,2.0,0,27.21,0,0.85,112250.0,0.03123851525174568,medium,youth,entry,2.0
5010261,F,N,Y,1,425900.0,Working,Secondary / secondary special,Widow,House / apartment,-21558,-8208,1,0,0,0,Core staff,2.0,0,59.02,0,22.47,212950.0,0.38071840054218903,high,senior,senior,2.0
5010262,M,Y,N,0,408800.0,Working,Secondary / secondary special,Single / not married,House / apartment,-14904,-8244,1,0,0,0,Private service staff,1.0,0,40.8,0,22.57,408800.0,0.553186274509804,high,adult,senior,2.0
5010263,F,Y,N,0,472000.0,Pensioner,Secondary / secondary special,Single / not married,House / apartment,-13489,365243,1,0,0,0,,1.0,0,36.93,1,0.0,472000.0,0.0,high,adult,entry,2.0
5010264,F,Y,Y,0,139600.0,Pensioner,Secondary / secondary special,Separated,House / apartment,-8650,365243,1,0,0,1,,1.0,0,23.68,1,0.0,139600.0,0.0,medium,youth,entry,2.0
5010265,F,N,Y,1,165000.0,Pensioner,Higher education,Married,House / apartment,-25496,365243,1,0,1,0,,3.0,1,69.8,1,0.0,55000.0,0.0,medium,senior,entry,2.0
5010266,M,N,Y,0,426100.0,Working,Higher education,Single / not married,House / apartment,-24764,-16311,1,0,1,0,,1.0,0,67.8,0,44.66,426100.0,0.6587020648967551,high,senior,senior,2.0
5010267,F,Y,Y,0,181600.0,Commercial associate,Secondary / secondary special,Married,House / apartment,-9708,-318,1,0,1,0,HR staff,2.0,0,26.58,0,0.87,90800.0,0.0327313769751693,medium,youth,entry,3.0
5010268,F,N,Y,0,114100.0,Working,Secondary / secondary special,Single / not married,With parents,-13383,365243,1,1,0,0,,1.0,1,36.64,1,0.0,114100.0,0.0,medium,adult,entry,1.0
5010269,M,Y,Y,0,318600.0,Working,Secondary / secondary special,Married,House / apartment,-14442,-6052,1,0,1,0,High skill tech staff,2.0,0,39.54,0,16.57,159300.0,0.41906929691451694,high,adult,senior,3.0
5010270,F,N,Y,0,185700.0,Commercial associate,Incomplete higher,Married,House / apartment,-12725,-4844,1,0,0,1,Laborers,2.0,0,34.84,0,13.26,92850.0,0.38059701492537307,medium,youth,senior,2.0
5010271,F,Y,Y,0,597400.0,Commercial associate,Secondary / secondary special,Married,House / apartment,-24371,-13347,1,0,0,0,Managers,2.0,0,66.72,0,36.54,298700.0,0.5476618705035972,high,senior,senior,3.0
5010272,F,N,Y,1,283100.0,Pensioner,Secondary / secondary special,Married,House / apartment,-20479,365243,1,0,0,0,,3.0,0,56.07,1,0.0,94366.66666666667,0.0,high,senior,entry,2.0
5010273,F,N,N,0,264500.0,Commercial associate,Secondary / secondary special,Married,House / apartment,-24762,-5708,1,0,0,0,Managers,2.0,0,67.79,0,15.63,132250.0,0.23056498008555834,high,senior,senior,1.0
5010274,F,N,Y,0,203000.0,Working,Secondary / secondary special,Married,House / apartment,-23276,-10378,1,0,0,0,,2.0,1,63.73,0,28.41,101500.0,0.44578691354150324,medium,senior,senior,2.0
5010275,F,N,Y,0,540800.0,Pensioner,Secondary / secondary special,Married,House / apartment,-21085,365243,1,0,0,0,,2.0,0,57.73,1,0.0,270400.0,0.0,high,senior,entry,2.0
5010276,F,N,N,0,292100.0,Commercial associate,Higher education,Married,House / apartment,-20033,-7644,1,1,0,0,Medicine staff,2.0,0,54.85,0,20.93,146050.0,0.38158614402917046,high,adult,senior,1.0
5010277,F,N,Y,0,199000.0,Pensioner,Secondary / secondary special,Married,House / apartment,-23123,365243,1,0,0,0,,2.0,1,63.31,1,0.0,99500.0,0.0,medium,senior,entry,2.0
5010278,M,N,N,1,164100.0,Pensioner,Secondary / secondary special,Married,House / apartment,-19799,365243,1,1,0,0,,3.0,0,54.21,1,0.0,54700.0,0.0,medium,adult,entry,1.0
5010279,F,N,Y,0,235300.0,Working,Secondary / secondary special,Married,House / apartment,-10751,-1156,1,0,0,0,Drivers,2.0,0,29.43,0,3.16,117650.0,0.10737342847434592,medium,youth,mid,2.0
5010280,F,N,Y,0,149700.0,Working,Secondary / secondary special,Married,House / apartment,-19141,-12097,1,0,0,1,Laborers,2.0,0,52.41,0,33.12,74850.0,0.6319404693760733,medium,adult,senior,1.0
5010281,F,Y,N,0,408400.0,Working,Secondary / secondary special,Married,House / apartment,-16710,-5267,1,0,0,0,,2.0,0,45.75,0,14.42,204200.0,0.3151912568306011,high,adult,senior,2.0
5010282,F,N,Y,0,98800.0,Working,Higher education,Single / not married,House / apartment,-25237,-550,1,1,0,0,Laborers,1.0,0,69.1,0,1.51,98800.0,0.021852387843704777,low,senior,entry,1.0
5010283,F,Y,N,0,227700.0,Working,Secondary / secondary special,Married,House / apartment,-16618,-4782,1,0,1,0,Medicine staff,2.0,0,45.5,0,13.09,113850.0,0.2876923076923077,medium,adult,senior,2.0
5010284,F,N,Y,0,331200.0,Working,Secondary / secondary special,Married,House / apartment,-8007,-8,1,1,0,0,Core staff,2.0,0,21.92,0,0.02,165600.0,0.0009124087591240876,high,youth,entry,2.0
5010285,M,N,Y,1,289700.0,Pensioner,Higher education,Married,House / apartment,-12130,365243,1,0,0,0,,3.0,0,33.21,1,0.0,96566.66666666667,0.0,high,youth,entry,2.0
5010286,F,N,Y,0,170600.0,Pensioner,Secondary / secondary special,Separated,House / apartment,-24059,365243,1,1,0,0,,1.0,0,65.87,1,0.0,170600.0,0.0,medium,senior,entry,2.0
5010287,M,Y,Y,0,339600.0,Commercial associate,Secondary / secondary special,Married,House / apartment,-24880,-10891,1,0,0,0,Managers,2.0,0,68.12,0,29.82,169800.0,0.43775689958896064,high,senior,senior,3.0
5010288,M,Y,Y,0,156800.0,Working,Secondary / secondary special,Married,House / apartment,-20609,-4877,1,0,0,1,,2.0,0,56.42,0,13.35,78400.0,0.2366182204891882,medium,senior,senior,3.0
5010289,F,N,Y,0,241400.0,Working,Secondary / secondary special,Civil marriage,House / apartment,-8343,-751,1,1,1,0,,2.0,0,22.84,0,2.06,120700.0,0.09019264448336252,medium,youth,entry,2.0
5010290,F,N,Y,2,338200.0,Commercial associate,Secondary / secondary special,Married,House / apartment,-7735,-620,1,1,0,0,High skill tech staff,4.0,0,21.18,0,1.7,84550.0,0.08026440037771482,high,youth,entry,2.0
5010291,F,Y,Y,0,307700.0,Working,Secondary / secondary special,Married,House / apartment,-16064,-9321,1,1,0,0,,2.0,0,43.98,0,25.52,153850.0,0.5802637562528422,high,adult,senior,3.0
5010292,F,N,N,3,174200.0,Pensioner,Secondary / secondary special,Married,House / apartment,-25562,365243,1,0,1,0,,5.0,1,69.98,1,0.0,34840.0,0.0,medium,senior,entry,1.0
5010293,F,N,Y,0,444300.0,Pensioner,Secondary / secondary special,Widow,With parents,-23181,365243,1,1,0,0,,1.0,0,63.47,1,0.0,444300.0,0.0,high,senior,entry,2.0
5010294,M,N,N,0,254900.0,Working,Higher education,Civil marriage,House / apartment,-24346,-1893,1,0,1,0,Medicine staff,2.0,0,66.66,0,5.18,127450.0,0.0777077707770777,high,senior,mid,1.0
5010295,F,Y,Y,0,354000.0,Commercial associate,Secondary / secondary special,Married,House / apartment,-18692,-1740,1,1,0,0,,2.0,0,51.18,0,4.76,177000.0,0.09300508010941774,high,adult,mid,3.0
5010296,M,N,Y,0,524400.0,Working,Higher education,Married,House / apartment,-22995,-8229,1,0,1,0,Accountants,2.0,0,62.96,0,22.53,262200.0,0.35784625158831007,high,senior,senior,2.0
5010297,M,Y,N,0,426900.0,Commercial associate,Secondary / secondary special,Married,Municipal apartment,-13143,-989,1,1,0,0,Laborers,2.0,0,35.98,0,2.71,213450.0,0.07531962201222903,high,adult,entry,2.0
5010298,F,N,Y,0,427400.0,Working,Secondary / secondary special,Married,House / apartment,-7805,-1198,1,0,0,0,Core staff,2.0,0,21.37,0,3.28,213700.0,0.15348619560131024,high,youth,mid,2.0
5010299,F,Y,Y,0,268800.0,Working,Secondary / secondary special,Married,House / apartment,-24075,-16843,1,0,1,0,Laborers,2.0,0,65.91,0,46.11,134400.0,0.6995903504779245,high,senior,senior,3.0
5010300,F,Y,Y,0,363100.0,Commercial associate,Secondary / secondary special,Married,House / apartment,-11294,-169,1,0,0,0,Core staff,2.0,0,30.92,0,0.46,181550.0,0.014877102199223804,high,youth,entry,3.0
5010301,F,Y,Y,0,271600.0,Commercial associate,Secondary / secondary special,Married,House / apartment,-20609,-9828,1,0,0,0,Managers,2.0,0,56.42,0,26.91,135800.0,0.4769585253456221,high,senior,senior,3.0
5010302,F,Y,Y,0,133400.0,Commercial associate,Secondary / secondary special,Civil marriage,House / apartment,-19339,-4645,1,0,0,0,Laborers,2.0,0,52.95,0,12.72,66700.0,0.24022662889518415,medium,adult,senior,2.0
5010303,F,N,N,1,284000.0,Working,Secondary / secondary special,Married,House / apartment,-10193,-2543,1,0,0,0,Laborers,3.0,0,27.91,0,6.96,94666.66666666667,0.2493729845933357,high,youth,mid,1.0
5010304,F,Y,Y,0,277500.0,Commercial associate,Secondary / secondary special,Married,House / apartment,-10880,-356,1,0,0,0,,2.0,1,29.79,0,0.97,138750.0,0.032561262168512926,high,youth,entry,3.0
5010305,F,Y,N,1,326900.0,Pensioner,Higher education,Single / not married,House / apartment,-13315,365243,1,1,1,0,,2.0,0,36.45,1,0.0,163450.0,0.0,high,adult,entry,2.0
5010306,M,N,Y,0,229000.0,State servant,Higher education,Married,House / apartment,-21128,-6938,1,0,0,0,,2.0,0,57.85,0,19.0,114500.0,0.32843560933448573,medium,senior,senior,2.0
5010307,M,Y,Y,0,166800.0,Pensioner,Higher education,Civil marriage,House / apartment,-8022,365243,1,0,0,0,,2.0,0,21.96,1,0.0,83400.0,0.0,medium,youth,entry,3.0
5010308,F,Y,Y,0,339000.0,Pensioner,Lower secondary,Married,House / apartment,-14739,365243,1,0,1,0,,2.0,0,40.35,1,0.0,169500.0,0.0,high,adult,entry,3.0
5010309,F,N,N,0,126600.0,Commercial associate,Secondary / secondary special,Single / not married,House / apartment,-19452,-6548,1,1,0,0,Drivers,1.0,0,53.26,0,17.93,126600.0,0.3366503942921517,medium,adult,senior,0.0
5010310,F,N,N,0,506300.0,Commercial associate,Secondary / secondary special,Separated,House / apartment,-10436,-794,1,0,0,0,Laborers,1.0,0,28.57,0,2.17,506300.0,0.07595379768988449,high,youth,entry,1.0
5010311,F,N,Y,0,217500.0,Working,Secondary / secondary special,Married,House / apartment,-9486,-552,1,1,0,0,Sales staff,2.0,0,25.97,0,1.51,108750.0,0.058144012321909896,medium,youth,entry,2.0
5010312,F,N,Y,0,276000.0,Working,Higher education,Married,House / apartment,-14431,-2937,1,0,0,0,Sales staff,2.0,0,39.51,0,8.04,138000.0,0.2034927866362946,high,adult,mid,2.0
5010313,F,N,Y,0,322800.0,Pensioner,Secondary / secondary special,Married,House / apartment,-12538,365243,1,0,0,0,,2.0,0,34.33,1,0.0,161400.0,0.0,high,youth,entry,2.0
5010314,F,Y,Y,1,328000.0,Pensioner,Secondary / secondary special,Married,House / apartment,-19159,365243,1,1,0,1,,3.0,0,52.45,1,0.0,109333.33333333333,0.0,high,adult,entry,3.0
5010315,F,N,Y,0,120700.0,Commercial associate,Secondary / secondary special,Married,House / apartment,-25012,-10372,1,0,1,0,Cooking staff,2.0,0,68.48,0,28.4,60350.0,0.4147196261682243,medium,senior,senior,1.0
5010316,F,N,N,0,368600.0,Working,Secondary / secondary special,Married,House / apartment,-7387,-355,1,0,0,1,Medicine staff,2.0,0,20.22,0,0.97,184300.0,0.04797230464886251,high,youth,entry,1.0
5010317,M,N,Y,0,284100.0,Working,Secondary / secondary special,Single / not married,House / apartment,-23785,-170,1,0,0,0,Medicine staff,1.0,0,65.12,0,0.47,284100.0,0.007217444717444716,high,senior,entry,2.0
5010318,M,N,N,1,177700.0,Working,Secondary / secondary special,Civil marriage,House / apartment,-15217,-5818,1,1,0,0,Sales staff,3.0,0,41.66,0,15.93,59233.333333333336,0.38238118098895824,medium,adult,senior,1.0
5010319,M,Y,Y,0,167800.0,Working,Higher education,Separated,House / apartment,-19431,-7209,1,0,0,0,,1.0,0,53.2,0,19.74,167800.0,0.3710526315789473,medium,adult,senior,3.0
5010320,F,N,Y,0,206600.0,Working,Secondary / secondary special,Married,Co-op apartment,-22847,-3625,1,1,0,0,Laborers,2.0,0,62.55,0,9.92,103300.0,0.15859312549960033,medium,senior,mid,2.0
5010321,F,N,Y,2,127500.0,Pensioner,Incomplete higher,Married,House / apartment,-17778,365243,1,0,0,0,,4.0,0,48.67,1,0.0,31875.0,0.0,medium,adult,entry,1.0
5010322,M,N,N,1,577600.0,Working,Secondary / secondary special,Civil marriage,House / apartment,-9082,-510,1,0,0,1,,3.0,0,24.87,0,1.4,192533.33333333334,0.05629272215520707,high,youth,entry,1.0
5010323,F,Y,N,0,513300.0,Working,Higher education,Married,House / apartment,-9873,-559,1,0,0,0,Managers,2.0,0,27.03,0,1.53,256650.0,0.05660377358490566,high,youth,entry,2.0
5010324,M,Y,Y,0,306000.0,Working,Secondary / secondary special,Married,House / apartment,-21719,-4439,1,0,1,0,Managers,2.0,0,59.46,0,12.15,153000.0,0.20433905146316853,high,senior,senior,3.0
5010325,F,Y,Y,1,218300.0,State servant,Secondary / secondary special,Married,Co-op apartment,-11489,-3150,1,0,0,0,High skill tech staff,3.0,0,31.46,0,8.62,72766.66666666667,0.27399872854418306,medium,youth,mid,3.0
5010326,F,N,Y,1,221200.0,Pensioner,Secondary / secondary special,Married,House / apartment,-17697,365243,1,0,1,0,,3.0,0,48.45,1,0.0,73733.33333333333,0.0,medium,adult,entry,2.0
5010327,M,Y,Y,0,356600.0,Working,Secondary / secondary special,Married,House / apartment,-15123,-4365,1,0,0,0,High skill tech staff,2.0,0,41.4,0,11.95,178300.0,0.2886473429951691,high,adult,senior,3.0
5010328,F,Y,Y,0,587900.0,Student,Higher education,Married,House / apartment,-12850,-5104,1,0,0,0,Laborers,2.0,0,35.18,0,13.97,293950.0,0.39710062535531554,high,adult,senior,3.0
5010329,M,N,N,0,183600.0,Working,Secondary / secondary special,Married,House / apartment,-21677,-6894,1,0,0,0,Laborers,2.0,0,59.35,0,18.87,91800.0,0.31794439764111204,medium,senior,senior,1.0
5010330,M,Y,Y,0,139600.0,Working,Secondary / secondary special,Married,House / apartment,-20659,-6907,1,0,0,0,Drivers,2.0,0,56.56,0,18.91,69800.0,0.33433521923620935,medium,senior,senior,2.0
5010331,M,N,N,0,529300.0,Commercial associate,Secondary / secondary special,Civil marriage,House / apartment,-19105,-7183,1,1,0,1,Core staff,2.0,0,52.31,0,19.67,264650.0,0.3760275281972854,high,adult,senior,1.0
5010332,F,Y,Y,0,99900.0,Working,Secondary / secondary special,Married,House / apartment,-14111,-3382,1,1,1,0,Sales staff,2.0,1,38.63,0,9.26,49950.0,0.23971006989386484,low,adult,mid,2.0
5010333,F,N,Y,2,147400.0,Commercial associate,Secondary / secondary special,Married,House / apartment,-11441,-2269,1,1,0,1,,4.0,0,31.32,0,6.21,36850.0,0.19827586206896552,medium,youth,mid,1.0
5010334,M,N,N,1,215800.0,State servant,Secondary / secondary special,Married,House / apartment,-16727,-10095,1,0,0,0,Sales staff,3.0,0,45.8,0,27.64,71933.33333333333,0.6034934497816594,medium,adult,senior,1.0
5010335,F,N,Y,0,111900.0,Pensioner,Secondary / secondary special,Married,House / apartment,-22227,365243,1,0,0,0,,2.0,0,60.85,1,0.0,55950.0,0.0,medium,senior,entry,1.0
5010336,F,N,N,0,425700.0,Working,Secondary / secondary special,Married,House / apartment,-17818,-5333,1,0,0,0,,2.0,0,48.78,0,14.6,212850.0,0.2993029930299303,high,adult,senior,1.0
5010337,M,Y,Y,0,374700.0,Working,Higher education,Married,With parents,-25022,-2601,1,0,1,0,Laborers,2.0,0,68.51,0,7.12,187350.0,0.10392643409721208,high,senior,mid,3.0
5010338,F,Y,Y,0,183200.0,Working,Secondary / secondary special,Married,House / apartment,-7587,-550,1,1,0,0,Laborers,2.0,0,20.77,0,1.51,91600.0,0.07270101107366395,medium,youth,entry,3.0
5010339,M,Y,N,0,462900.0,Working,Secondary / secondary special,Married,House / apartment,-25537,-12733,1,1,0,0,Drivers,2.0,0,69.92,0,34.86,231450.0,0.49856979405034324,high,senior,senior,2.0
5010340,M,N,N,0,503900.0,Working,Secondary / secondary special,Married,House / apartment,-19932,-3857,1,0,0,0,Laborers,2.0,0,54.57,0,10.56,251950.0,0.19351291918636615,high,adult,senior,1.0
5010341,F,N,Y,0,230700.0,Working,Secondary / secondary special,Single / not married,House / apartment,-22512,-9407,1,1,1,0,,1.0,0,61.63,0,25.75,230700.0,0.41781599870193087,medium,senior,senior,2.0
5010342,M,N,Y,0,194900.0,Commercial associate,Secondary / secondary special,Married,House / apartment,-13422,-953,1,0,0,0,,2.0,0,36.75,0,2.61,97450.0,0.0710204081632653,medium,adult,entry,2.0
5010343,F,N,N,1,755600.0,Commercial associate,Secondary / secondary special,Married,House / apartment,-16589,-8626,1,1,0,0,,3.0,0,45.42,0,23.62,251866.66666666666,0.520035226772347,high,adult,senior,1.0
5010344,F,Y,N,0,350100.0,Working,Higher education,Separated,House / apartment,-21860,-12737,1,0,1,0,Sales staff,1.0,0,59.85,0,34.87,350100.0,0.5826232247284878,high,senior,senior,2.0
5010345,M,N,Y,0,277500.0,Working,Higher education,Married,House / apartment,-21196,-590,1,0,1,0,,2.0,0,58.03,0,1.62,138750.0,0.027916594864725145,high,senior,entry,2.0
5010346,F,N,N,1,482700.0,Working,Secondary / secondary special,Married,House / apartment,-13405,-2910,1,0,1,0,,3.0,0,36.7,0,7.97,160900.0,0.21716621253405993,high,adult,mid,1.0
5010347,M,Y,Y,0,283900.0,Working,Secondary / secondary special,Married,House / apartment,-13230,-6037,1,1,1,0,Core staff,2.0,0,36.22,0,16.53,141950.0,0.45637769188293764,high,adult,senior,3.0
5010348,F,N,Y,0,189600.0,Working,Secondary / secondary special,Married,House / apartment,-19410,-10065,1,0,0,0,Medicine staff,2.0,0,53.14,0,27.56,94800.0,0.5186300338727888,medium,adult,senior,2.0
5010349,F,Y,Y,0,254100.0,Working,Incomplete higher,Married,House / apartment,-24356,-5257,1,1,0,0,Core staff,2.0,0,66.68,0,14.39,127050.0,0.21580683863227354,high,senior,senior,3.0
5010350,F,N,Y,3,410400.0,Commercial associate,Incomplete higher,Married,House / apartment,-15318,-5933,1,0,0,0,,5.0,0,41.94,0,16.24,82080.0,0.3872198378636147,high,adult,senior,2.0
5010351,F,N,N,0,90200.0,Pensioner,Secondary / secondary special,Married,House / apartment,-13751,365243,1,1,1,0,,2.0,0,37.65,1,0.0,45100.0,0.0,low,adult,entry,0.0
5010352,M,Y,Y,0,211400.0,Working,Secondary / secondary special,Separated,House / apartment,-23644,-7935,1,1,1,0,Medicine staff,1.0,0,64.73,0,21.72,211400.0,0.3355476595087285,medium,senior,senior,3.0
5010353,F,N,N,0,487500.0,Commercial associate,Secondary / secondary special,Married,House / apartment,-19779,-10457,1,0,0,0,Core staff,2.0,0,54.15,0,28.63,243750.0,0.5287165281625116,high,adult,senior,1.0
5010354,F,Y,Y,0,189000.0,Working,Secondary / secondary special,Married,House / apartment,-14396,-1260,1,1,0,0,,2.0,0,39.41,0,3.45,94500.0,0.08754123318954582,medium,adult,mid,3.0
5010355,F,N,N,0,528900.0,Pensioner,Secondary / secondary special,Married,House / apartment,-8351,365243,1,0,0,0,,2.0,0,22.86,1,0.0,264450.0,0.0,high,youth,entry,1.0
5010356,F,N,N,0,495300.0,Working,Secondary / secondary special,Married,House / apartment,-20481,-12722,1,1,1,1,Laborers,2.0,0,56.07,0,34.83,247650.0,0.6211878009630818,high,senior,senior,1.0
5010357,F,Y,Y,2,236300.0,Working,Secondary / secondary special,Married,House / apartment,-13750,-5701,1,0,0,0,,4.0,0,37.65,0,15.61,59075.0,0.4146082337317397,medium,adult,senior,3.0
5010358,M,N,Y,2,183700.0,Working,Secondary / secondary special,Separated,House / apartment,-8594,-1352,1,0,0,0,,3.0,0,23.53,0,3.7,61233.333333333336,0.1572460688482788,medium,youth,mid,2.0
5010359,M,N,Y,0,211500.0,Working,Secondary / secondary special,Married,House / apartment,-18487,-11026,1,0,0,0,Core staff,2.0,0,50.61,0,30.19,105750.0,0.5965224263979451,medium,adult,senior,2.0
5010360,F,Y,N,0,925200.0,Commercial associate,Secondary / secondary special,Widow,House / apartment,-13204,-5623,1,0,0,0,,1.0,0,36.15,0,15.39,925200.0,0.4257261410788382,high,adult,senior,2.0
5010361,F,Y,N,0,623200.0,State servant,Secondary / secondary special,Married,House / apartment,-13486,-2907,1,0,1,0,Managers,2.0,0,36.92,0,7.96,311600.0,0.21560130010834236,high,adult,mid,2.0
5010362,F,N,Y,1,259900.0,Pensioner,Secondary / secondary special,Married,House / apartment,-16056,365243,1,0,0,0,,3.0,1,43.96,1,0.0,86633.33333333333,0.0,high,adult,entry,2.0
5010363,F,N,N,0,180100.0,Working,Secondary / secondary special,Married,House / apartment,-20408,-7446,1,1,1,0,Core staff,2.0,0,55.87,0,20.39,90050.0,0.3649543583318418,medium,senior,senior,1.0
5010364,F,Y,Y,0,258800.0,Commercial associate,Secondary / secondary special,Married,House / apartment,-12351,-5592,1,0,0,1,Core staff,2.0,0,33.82,0,15.31,129400.0,0.4526907155529273,high,youth,senior,3.0
5010365,M,Y,Y,1,275800.0,Commercial associate,Secondary / secondary special,Married,House / apartment,-8783,-585,1,0,0,1,,3.0,0,24.05,0,1.6,91933.33333333333,0.06652806652806653,high,youth,entry,3.0
5010366,F,Y,N,1,131100.0,Pensioner,Secondary / secondary special,Married,House / apartment,-15056,365243,1,1,1,0,,3.0,1,41.22,1,0.0,43700.0,0.0,medium,adult,entry,1.0
5010367,M,N,Y,0,254100.0,Commercial associate,Secondary / secondary special,Married,House / apartment,-8308,-772,1,1,1,0,,2.0,0,22.75,0,2.11,127050.0,0.09274725274725275,high,youth,entry,2.0
5010368,F,Y,N,2,472900.0,Commercial associate,Secondary / secondary special,Married,House / apartment,-20039,-1091,1,0,1,0,High skill tech staff,4.0,0,54.86,0,2.99,118225.0,0.05450236966824645,high,adult,entry,2.0
5010369,F,Y,Y,2,99300.0,Commercial associate,Higher education,Single / not married,House / apartment,-24823,-724,1,0,0,0,,3.0,0,67.96,0,1.98,33100.0,0.029134785167745734,low,senior,entry,2.0
5010370,F,N,Y,0,369100.0,Commercial associate,Secondary / secondary special,Married,House / apartment,-19336,-8082,1,0,1,0,Drivers,2.0,0,52.94,0,22.13,184550.0,0.41802040045334343,high,adult,senior,2.0
5010371,M,N,Y,0,485500.0,Working,Secondary / secondary special,Married,House / apartment,-12334,-5012,1,0,1,0,,2.0,0,33.77,0,13.72,242750.0,0.40627776132662125,high,youth,senior,2.0
5010372,F,Y,Y,4,184500.0,Working,Higher education,Married,House / apartment,-10623,-1348,1,0,0,0,,6.0,1,29.08,0,3.69,30750.0,0.12689133425034388,medium,youth,mid,3.0
5010373,F,N,N,0,569500.0,Commercial associate,Secondary / secondary special,Married,House / apartment,-11556,-417,1,0,0,1,,2.0,0,31.64,0,1.14,284750.0,0.03603034134007585,high,youth,entry,1.0
5010374,F,N,Y,0,172900.0,Pensioner,Secondary / secondary special,Single / not married,House / apartment,-11352,365243,1,0,0,0,,1.0,0,31.08,1,0.0,172900.0,0.0,medium,youth,entry,2.0
5010375,M,Y,Y,0,304400.0,Working,Secondary / secondary special,Married,House / apartment,-13036,-3123,1,0,1,0,Sales staff,2.0,0,35.69,0,8.55,152200.0,0.23956290277388628,high,adult,mid,3.0
5010376,F,Y,Y,1,209400.0,State servant,Secondary / secondary special,Separated,House / apartment,-9083,-294,1,0,0,0,Laborers,2.0,1,24.87,0,0.8,104700.0,0.032167269802975476,medium,youth,entry,3.0
5010377,F,N,Y,1,209400.0,Working,Secondary / secondary special,Civil marriage,House / apartment,-23663,-5957,1,0,0,0,Managers,3.0,0,64.79,0,16.31,69800.0,0.25173637907084423,medium,senior,senior,2.0
5010378,M,Y,N,0,179300.0,Working,Higher education,Married,House / apartment,-23470,-11769,1,0,0,0,,2.0,0,64.26,0,32.22,89650.0,0.5014005602240896,medium,senior,senior,2.0
5010379,M,N,Y,3,346200.0,Working,Secondary / secondary special,Married,House / apartment,-18541,-1076,1,1,0,0,Laborers,5.0,0,50.76,0,2.95,69240.0,0.05811662726556344,high,adult,entry,2.0
5010380,M,N,Y,1,373200.0,State servant,Secondary / secondary special,Single / not married,House / apartment,-8436,-443,1,1,1,0,Laborers,2.0,0,23.1,0,1.21,186600.0,0.052380952380952375,high,youth,entry,2.0
5010381,F,Y,N,1,236400.0,Working,Incomplete higher,Civil marriage,House / apartment,-21988,-6967,1,0,1,0,,3.0,0,60.2,0,19.07,78800.0,0.31677740863787374,medium,senior,senior,2.0
5010382,F,Y,Y,0,123700.0,Working,Secondary / secondary special,Married,House / apartment,-8433,-1362,1,1,1,0,Managers,2.0,0,23.09,0,3.73,61850.0,0.16154179298397575,medium,youth,mid,2.0
5010383,F,N,N,0,298700.0,Working,Secondary / secondary special,Separated,House / apartment,-9249,-1580,1,0,1,0,,1.0,0,25.32,0,4.33,298700.0,0.17101105845181674,high,youth,mid,1.0
5010384,M,N,Y,0,301500.0,Working,Higher education,Separated,House / apartment,-13246,-2648,1,0,0,1,Core staff,1.0,0,36.27,0,7.25,301500.0,0.19988971601874825,high,adult,mid,2.0
5010385,F,N,Y,0,219100.0,Pensioner,Higher education,Married,House / apartment,-15185,365243,1,0,1,0,,2.0,0,41.57,1,0.0,109550.0,0.0,medium,adult,entry,2.0
5010386,F,N,N,0,621000.0,Working,Secondary / secondary special,Single / not married,House / apartment,-13768,365243,1,0,0,0,,1.0,0,37.69,1,0.0,621000.0,0.0,high,adult,entry,1.0
5010387,F,Y,N,1,111700.0,Pensioner,Higher education,Married,House / apartment,-10323,365243,1,1,1,0,,3.0,0,28.26,1,0.0,37233.333333333336,0.0,medium,youth,entry,1.0
5010388,F,N,Y,0,80600.0,Pensioner,Secondary / secondary special,Married,House / apartment,-9353,365243,1,0,0,0,,2.0,0,25.61,1,0.0,40300.0,0.0,low,youth,entry,1.0
5010389,M,N,Y,1,169400.0,Working,Higher education,Married,House / apartment,-23000,-581,1,0,0,0,Cleaning staff,3.0,1,62.97,0,1.59,56466.666666666664,0.0252501191043354,medium,senior,entry,2.0
5010390,F,N,Y,0,348300.0,Commercial associate,Higher education,Married,House / apartment,-13938,-2635,1,0,0,0,HR staff,2.0,0,38.16,0,7.21,174150.0,0.1889412997903564,high,adult,mid,2.0
5010391,F,Y,Y,0,144000.0,Working,Secondary / secondary special,Single / not married,House / apartment,-11297,-3566,1,0,1,0,Accountants,1.0,0,30.93,0,9.76,144000.0,0.3155512447462011,medium,youth,mid,2.0
5010392,F,Y,N,0,149500.0,Working,Secondary / secondary special,Married,House / apartment,-16199,-2172,1,0,0,0,Laborers,2.0,0,44.35,0,5.95,74750.0,0.13416009019165728,medium,adult,mid,1.0
5010393,F,N,Y,0,392800.0,Commercial associate,Secondary / secondary special,Married,House / apartment,-7977,-937,1,0,0,0,,2.0,0,21.84,0,2.57,196400.0,0.11767399267399267,high,youth,entry,2.0
5010394,F,N,Y,0,307700.0,Commercial associate,Higher education,Civil marriage,Rented apartment,-18268,-11493,1,0,0,1,Security staff,2.0,0,50.02,0,31.47,153850.0,0.6291483406637345,high,adult,senior,2.0
5010395,F,Y,N,1,294800.0,Working,Higher education,Married,Rented apartment,-11843,-4066,1,0,0,0,,3.0,0,32.42,0,11.13,98266.66666666667,0.34330660086366444,high,youth,senior,2.0
5010396,M,Y,Y,0,360800.0,Working,Secondary / secondary special,Married,House / apartment,-18230,-8456,1,0,1,0,Sales staff,2.0,0,49.91,0,23.15,180400.0,0.46383490282508516,high,adult,senior,3.0
5010397,M,N,Y,0,197400.0,Pensioner,Higher education,Married,Municipal apartment,-18520,365243,1,0,0,0,,2.0,0,50.7,1,0.0,98700.0,0.0,medium,adult,entry,2.0
5010398,F,N,N,0,202000.0,Commercial associate,Higher education,Married,House / apartment,-22083,-14010,1,0,0,0,Laborers,2.0,0,60.46,0,38.36,101000.0,0.6344690704598082,medium,senior,senior,1.0
5010399,F,Y,N,0,366000.0,Working,Secondary / secondary special,Civil marriage,House / apartment,-11504,-1366,1,0,0,0,,2.0,0,31.5,0,3.74,183000.0,0.11873015873015874,high,youth,mid,2.0
5010400,M,Y,Y,0,124600.0,Working,Higher education,Married,House / apartment,-15769,-8111,1,0,0,0,,2.0,0,43.17,0,22.21,62300.0,0.5144776465137827,medium,adult,senior,2.0
5010401,M,Y,Y,0,83600.0,Working,Secondary / secondary special,Married,House / apartment,-24871,-17877,1,0,0,0,,2.0,0,68.09,0,48.94,41800.0,0.7187545895138786,low,senior,senior,2.0
5010402,M,N,Y,0,196600.0,Working,Secondary / secondary special,Married,House / apartment,-20584,-11570,1,0,0,0,,2.0,0,56.36,0,31.68,98300.0,0.5621007806955287,medium,senior,senior,2.0
5010403,F,N,Y,1,388800.0,Working,Higher education,Married,House / apartment,-25117,-7918,1,0,0,0,,3.0,0,68.77,0,21.68,129600.0,0.3152537443652756,high,senior,senior,2.0
5010404,M,N,Y,0,277400.0,Working,Higher education,Married,Municipal apartment,-24241,-3571,1,0,1,0,,2.0,0,66.37,0,9.78,138700.0,0.14735573301190294,high,senior,mid,2.0
5010405,M,N,N,1,374800.0,Working,Secondary / secondary special,Married,House / apartment,-18459,-10729,1,0,0,1,Cleaning staff,3.0,0,50.54,0,29.37,124933.33333333333,0.5811238622872972,high,adult,senior,1.0
5010406,M,Y,N,0,89100.0,Pensioner,Secondary / secondary special,Married,House / apartment,-12125,365243,1,0,0,0,,2.0,1,33.2,1,0.0,44550.0,0.0,low,youth,entry,1.0
5010407,F,N,N,2,285800.0,Working,Higher education,Married,House / apartment,-21128,-7587,1,0,0,1,Laborers,4.0,0,57.85,0,20.77,71450.0,0.35903197925669833,high,senior,senior,1.0
5010408,M,N,Y,0,338500.0,Commercial associate,Higher education,Married,House / apartment,-20054,-768,1,0,0,0,,2.0,0,54.9,0,2.1,169250.0,0.03825136612021858,high,adult,entry,2.0
5010409,F,Y,N,0,124300.0,Working,Secondary / secondary special,Married,House / apartment,-18060,-59,1,0,0,0,Sales staff,2.0,1,49.45,0,0.16,62150.0,0.0032355915065722953,medium,adult,entry,1.0
5010410,M,Y,Y,0,375700.0,Working,Secondary / secondary special,Married,House / apartment,-20049,-6250,1,0,0,0,Sales staff,2.0,0,54.89,0,17.11,187850.0,0.311714337766442,high,adult,senior,3.0
5010411,F,N,Y,4,230900.0,Working,Higher education,Single / not married,With parents,-18511,-4086,1,0,1,0,Sales staff,5.0,0,50.68,0,11.19,46180.0,0.2207971586424625,medium,adult,senior,2.0
5010412,M,N,Y,0,1133900.0,Commercial associate,Higher education,Married,Rented apartment,-16790,-77,1,0,0,0,Sales staff,2.0,0,45.97,0,0.21,566950.0,0.004568196649989123,high,adult,entry,2.0
5010413,F,Y,Y,0,82200.0,Working,Higher education,Married,House / apartment,-14901,-7606,1,0,0,0,,2.0,0,40.8,0,20.82,41100.0,0.5102941176470589,low,adult,senior,2.0
5010414,F,N,N,0,484100.0,Working,Higher education,Civil marriage,House / apartment,-8121,-486,1,1,0,0,Laborers,2.0,0,22.23,0,1.33,242050.0,0.05982905982905983,high,youth,entry,1.0
5010415,F,N,Y,0,200500.0,Working,Secondary / secondary special,Separated,House / apartment,-23115,-5434,1,1,1,0,Medicine staff,1.0,0,63.29,0,14.88,200500.0,0.2351082319481751,medium,senior,senior,2.0
5010416,F,Y,Y,0,108800.0,Working,Lower secondary,Married,House / apartment,-23112,-4517,1,1,0,0,Laborers,2.0,1,63.28,0,12.37,54400.0,0.195480404551201,medium,senior,senior,2.0
5010417,M,Y,N,0,187600.0,Working,Higher education,Married,House / apartment,-18154,-7867,1,1,1,0,,2.0,0,49.7,0,21.54,93800.0,0.4334004024144869,medium,adult,senior,2.0
5010418,M,Y,Y,0,280500.0,Commercial associate,Secondary / secondary special,Married,House / apartment,-12197,-3279,1,1,1,1,,2.0,0,33.39,0,8.98,140250.0,0.26894279724468406,high,youth,mid,3.0
5010419,F,N,N,0,410100.0,Working,Higher education,Separated,House / apartment,-7819,365243,1,1,0,0,,1.0,0,21.41,1,0.0,410100.0,0.0,high,youth,entry,1.0
5010420,F,Y,Y,0,577500.0,Commercial associate,Higher education,Married,House / apartment,-7331,-720,1,0,1,0,,2.0,0,20.07,0,1.97,288750.0,0.0981564524165421,high,youth,entry,3.0
5010421,F,Y,Y,0,497000.0,State servant,Higher education,Separated,House / apartment,-8636,-238,1,0,1,0,,1.0,0,23.64,0,0.65,497000.0,0.027495769881556685,high,youth,entry,3.0
5010422,F,N,N,0,150700.0,Working,Secondary / secondary special,Married,House / apartment,-13877,-7044,1,0,0,0,Managers,2.0,0,37.99,0,19.29,75350.0,0.5077652013687812,medium,adult,senior,1.0
5010423,F,N,Y,2,429600.0,Pensioner,Secondary / secondary special,Married,House / apartment,-10746,365243,1,0,0,0,,4.0,0,29.42,1,0.0,107400.0,0.0,high,youth,entry,2.0
5010424,F,Y,Y,0,296900.0,Commercial associate,Secondary / secondary special,Single / not married,House / apartment,-12146,-3905,1,0,1,0,,1.0,0,33.25,0,10.69,296900.0,0.32150375939849624,high,youth,senior,3.0
5010425,M,N,Y,1,176000.0,Pensioner,Secondary / secondary special,Single / not married,House / apartment,-20083,365243,1,1,0,0,,2.0,0,54.98,1,0.0,88000.0,0.0,medium,adult,entry,2.0
5010426,F,N,Y,0,219600.0,Working,Secondary / secondary special,Single / not married,House / apartment,-24821,-6150,1,1,0,0,Core staff,1.0,0,67.96,0,16.84,219600.0,0.24779281930547384,medium,senior,senior,2.0
5010427,F,N,Y,2,171200.0,Pensioner,Secondary / secondary special,Civil marriage,House / apartment,-11081,365243,1,0,1,0,,4.0,0,30.34,1,0.0,42800.0,0.0,medium,youth,entry,2.0
5010428,M,N,Y,0,248700.0,Pensioner,Secondary / secondary special,Single / not married,House / apartment,-15809,365243,1,0,1,0,,1.0,0,43.28,1,0.0,248700.0,0.0,medium,adult,entry,2.0
5010429,F,Y,Y,0,169500.0,Working,Higher education,Married,House / apartment,-25412,-6912,1,0,0,0,Managers,2.0,0,69.57,0,18.92,84750.0,0.2719563030041685,medium,senior,senior,3.0
5010430,M,N,N,0,146000.0,Working,Secondary / secondary special,Married,House / apartment,-24320,-14396,1,0,0,0,Medicine staff,2.0,0,66.58,0,39.41,73000.0,0.591919495343947,medium,senior,senior,0.0
5010431,F,N,Y,1,310200.0,State servant,Secondary / secondary special,Married,House / apartment,-13739,-3924,1,0,1,0,Core staff,3.0,1,37.62,0,10.74,103400.0,0.28548644338118023,high,adult,senior,2.0
5010432,M,N,Y,0,334300.0,Commercial associate,Secondary / secondary special,Married,House / apartment,-13143,-3063,1,1,1,0,Sales staff,2.0,0,35.98,0,8.39,167150.0,0.23318510283490831,high,adult,mid,2.0
5010433,F,N,Y,0,222300.0,Working,Secondary / secondary special,Married,House / apartment,-11728,-2798,1,1,1,0,,2.0,0,32.11,0,7.66,111150.0,0.23855496729990658,medium,youth,mid,2.0
5010434,F,N,N,0,483700.0,Pensioner,Higher education,Married,House / apartment,-10143,365243,1,0,0,0,,2.0,0,27.77,1,0.0,241850.0,0.0,high,youth,entry,1.0
5010435,M,Y,N,0,214300.0,Working,Secondary / secondary special,Married,House / apartment,-15707,-2457,1,0,0,0,Managers,2.0,0,43.0,0,6.73,107150.0,0.15651162790697676,medium,adult,mid,2.0
5010436,F,N,N,0,209800.0,Working,Secondary / secondary special,Married,House / apartment,-13535,-4822,1,0,0,0,Core staff,2.0,0,37.06,0,13.2,104900.0,0.3561791689152725,medium,adult,senior,1.0
5010437,F,N,N,0,339700.0,Commercial associate,Secondary / secondary special,Separated,House / apartment,-20908,-8890,1,0,0,0,Managers,1.0,0,57.24,0,24.34,339700.0,0.4252271139063592,high,senior,senior,1.0
5010438,F,N,Y,0,228500.0,Commercial associate,Secondary / secondary special,Married,House / apartment,-11631,-2758,1,0,1,0,Cleaning staff,2.0,0,31.84,0,7.55,114250.0,0.23712311557788945,medium,youth,mid,2.0
5010439,M,Y,Y,0,254700.0,Pensioner,Secondary / secondary special,Married,House / apartment,-20752,365243,1,1,0,0,,2.0,0,56.82,1,0.0,127350.0,0.0,high,senior,entry,3.0
5010440,F,N,Y,1,69200.0,Working,Secondary / secondary special,Married,House / apartment,-12567,-1412,1,0,0,0,Cleaning staff,3.0,1,34.41,0,3.87,23066.666666666668,0.11246730601569313,low,youth,mid,1.0
5010441,M,N,Y,0,246200.0,Pensioner,Secondary / secondary special,Married,House / apartment,-18130,365243,1,0,0,0,,2.0,0,49.64,1,0.0,123100.0,0.0,medium,adult,entry,2.0
5010442,F,Y,Y,0,97900.0,Working,Secondary / secondary special,Married,House / apartment,-18964,-3068,1,1,0,0,Laborers,2.0,0,51.92,0,8.4,48950.0,0.1617873651771957,low,adult,mid,2.0
5010443,F,N,Y,1,132600.0,Commercial associate,Higher education,Married,House / apartment,-19573,-5926,1,0,0,0,,3.0,0,53.59,0,16.22,44200.0,0.30266840828512775,medium,adult,senior,1.0
5010444,F,N,N,0,125200.0,Working,Secondary / secondary special,Married,House / apartment,-10507,-3786,1,0,0,1,,2.0,0,28.77,0,10.37,62600.0,0.36044490789016337,medium,youth,senior,0.0
5010445,F,N,N,0,145000.0,Working,Secondary / secondary special,Single / not married,House / apartment,-12468,-3977,1,0,0,0,Core staff,1.0,0,34.14,0,10.89,145000.0,0.31898066783831286,medium,youth,senior,0.0
5010446,F,N,Y,1,185500.0,Pensioner,Secondary / secondary special,Single / not married,House / apartment,-11800,365243,1,0,0,0,,2.0,0,32.31,1,0.0,92750.0,0.0,medium,youth,entry,2.0
5010447,F,N,N,0,191400.0,Working,Secondary / secondary special,Married,House / apartment,-17827,-2217,1,0,0,0,Core staff,2.0,0,48.81,0,6.07,95700.0,0.12435976234378202,medium,adult,mid,1.0
5010448,M,Y,Y,0,340300.0,Pensioner,Secondary / secondary special,Married,House / apartment,-8688,365243,1,0,0,1,,2.0,0,23.79,1,0.0,170150.0,0.0,high,youth,entry,3.0
5010449,F,N,Y,2,272800.0,Working,Secondary / secondary special,Married,House / apartment,-16770,-5573,1,0,0,0,Cooking staff,4.0,0,45.91,0,15.26,68200.0,0.3323894576345023,high,adult,senior,2.0
5010450,M,N,Y,2,94400.0,Working,Secondary / secondary special,Single / not married,House / apartment,-8902,-1545,1,1,1,0,,3.0,0,24.37,0,4.23,31466.666666666668,0.1735740664751744,low,youth,mid,1.0
5010451,F,N,Y,0,254500.0,Working,Secondary / secondary special,Married,House / apartment,-13460,-2380,1,0,0,0,,2.0,0,36.85,0,6.52,127250.0,0.17693351424694706,high,adult,mid,2.0
5010452,F,N,Y,0,286200.0,Commercial associate,Secondary / secondary special,Married,House / apartment,-19846,-395,1,0,0,0,Laborers,2.0,0,54.34,0,1.08,143100.0,0.019874861980125138,high,adult,entry,2.0
5010453,F,N,N,0,207100.0,Working,Secondary / secondary special,Married,House / apartment,-14839,-266,1,0,0,0,,2.0,0,40.63,0,0.73,103550.0,0.017967019443760765,medium,adult,entry,1.0
5010454,M,Y,Y,0,236800.0,Commercial associate,Higher education,Married,House / apartment,-12425,-563,1,0,1,0,,2.0,0,34.02,0,1.54,118400.0,0.04526748971193415,medium,youth,entry,3.0
5010455,M,N,Y,0,268500.0,Commercial associate,Secondary / secondary special,Married,With parents,-18552,-7525,1,1,0,0,,2.0,0,50.79,0,20.6,134250.0,0.40559165189998037,high,adult,senior,2.0
5010456,M,Y,Y,0,357800.0,Working,Secondary / secondary special,Married,House / apartment,-20824,-12128,1,1,0,0,Managers,2.0,0,57.01,0,33.2,178900.0,0.5823539729871953,high,senior,senior,3.0
5010457,F,Y,Y,2,111100.0,Working,Higher education,Single / not married,Municipal apartment,-11954,-668,1,0,1,0,,3.0,0,32.73,0,1.83,37033.333333333336,0.05591200733272228,medium,youth,entry,2.0
5010458,M,Y,N,1,216100.0,Working,Secondary / secondary special,Married,House / apartment,-12773,-6063,1,0,1,0,Laborers,3.0,0,34.97,0,16.6,72033.33333333333,0.4746925936517015,medium,youth,senior,2.0
5010459,F,N,Y,0,519000.0,State servant,Secondary / secondary special,Married,House / apartment,-18998,-7699,1,0,1,0,,2.0,0,52.01,0,21.08,259500.0,0.4053066717938858,high,adult,senior,2.0
5010460,F,Y,N,0,495700.0,Working,Secondary / secondary special,Civil marriage,House / apartment,-24932,-7190,1,1,0,0,Managers,2.0,0,68.26,0,19.69,247850.0,0.28845590389686493,high,senior,senior,2.0
5010461,M,Y,N,0,373600.0,Working,Secondary / secondary special,Civil marriage,House / apartment,-11211,-1652,1,0,0,0,Drivers,2.0,0,30.69,0,4.52,186800.0,0.1472792440534376,high,youth,mid,2.0
5010462,F,Y,Y,0,319300.0,Working,Secondary / secondary special,Married,House / apartment,-19253,-12204,1,0,0,0,Cooking staff,2.0,0,52.71,0,33.41,159650.0,0.6338455701005501,high,adult,senior,3.0
5010463,F,Y,Y,0,558400.0,Commercial associate,Higher education,Married,House / apartment,-23862,-5920,1,0,0,0,Laborers,2.0,0,65.33,0,16.21,279200.0,0.2481249043318537,high,senior,senior,3.0
5010464,F,N,N,1,636900.0,Commercial associate,Secondary / secondary special,Married,House / apartment,-15742,-8507,1,0,1,0,Laborers,3.0,0,43.1,0,23.29,212300.0,0.5403712296983758,high,adult,senior,1.0
5010465,F,N,N,0,228900.0,Pensioner,Secondary / secondary special,Married,House / apartment,-13091,365243,1,0,0,0,,2.0,0,35.84,1,0.0,114450.0,0.0,medium,adult,entry,1.0
5010466,F,Y,Y,1,150400.0,Pensioner,Secondary / secondary special,Single / not married,House / apartment,-19484,365243,1,1,1,0,,2.0,0,53.34,1,0.0,75200.0,0.0,medium,adult,entry,3.0
5010467,F,N,N,0,213300.0,Working,Secondary / secondary special,Single / not married,Municipal apartment,-7879,-701,1,0,0,0,,1.0,0,21.57,0,1.92,213300.0,0.0890125173852573,medium,youth,entry,1.0
5010468,F,N,N,0,1148300.0,Working,Secondary / secondary special,Married,Municipal apartment,-13882,-7273,1,0,0,0,Cooking staff,2.0,0,38.01,0,19.91,574150.0,0.5238095238095238,high,adult,senior,1.0
5010469,F,N,Y,0,111400.0,Commercial associate,Secondary / secondary special,Married,House / apartment,-12016,-3089,1,0,0,0,,2.0,0,32.9,0,8.46,55700.0,0.2571428571428572,medium,youth,mid,1.0
5010470,M,Y,Y,0,193000.0,Pensioner,Secondary / secondary special,Married,House / apartment,-11407,365243,1,1,1,0,,2.0,0,31.23,1,0.0,96500.0,0.0,medium,youth,entry,3.0
5010471,F,N,N,2,120500.0,Working,Secondary / secondary special,Married,House / apartment,-10588,-3678,1,0,0,0,Managers,4.0,1,28.99,0,10.07,30125.0,0.34736115902035186,medium,youth,senior,0.0
5010472,M,Y,Y,1,259800.0,Working,Higher education,Married,House / apartment,-20766,-11154,1,0,1,0,Managers,3.0,1,56.85,0,30.54,86600.0,0.5372031662269129,high,senior,senior,3.0
5010473,F,Y,Y,0,133800.0,Pensioner,Secondary / secondary special,Married,House / apartment,-24748,365243,1,0,0,0,,2.0,0,67.76,1,0.0,66900.0,0.0,medium,senior,entry,2.0
5010474,F,Y,Y,0,231200.0,Working,Secondary / secondary special,Married,House / apartment,-14332,-3086,1,1,0,0,Security staff,2.0,0,39.24,0,8.45,115600.0,0.21534148827726807,medium,adult,mid,3.0
5010475,F,N,Y,0,92100.0,Working,Secondary / secondary special,Married,House / apartment,-8202,-1315,1,0,0,0,Drivers,2.0,0,22.46,0,3.6,46050.0,0.16028495102404275,low,youth,mid,1.0
5010476,F,Y,Y,4,332500.0,Pensioner,Secondary / secondary special,Married,House / apartment,-20434,365243,1,0,0,1,,6.0,0,55.95,1,0.0,55416.666666666664,0.0,high,senior,entry,3.0
5010477,F,Y,N,1,449800.0,Pensioner,Secondary / secondary special,Married,House / apartment,-17134,365243,1,0,0,0,,3.0,1,46.91,1,0.0,149933.33333333334,0.0,high,adult,entry,2.0
5010478,F,Y,Y,0,201500.0,Working,Higher education,Married,House / apartment,-20521,-12565,1,1,0,0,Managers,2.0,1,56.18,0,34.4,100750.0,0.6123175507297971,medium,senior,senior,3.0
5010479,M,N,Y,0,228200.0,Working,Secondary / secondary special,Married,House / apartment,-19137,-8679,1,0,1,0,Managers,2.0,0,52.39,0,23.76,114100.0,0.4535216644397786,medium,adult,senior,2.0
5010480,M,N,Y,0,225000.0,Working,Secondary / secondary special,Married,House / apartment,-23841,-13787,1,0,0,1,Managers,2.0,0,65.27,0,37.75,112500.0,0.5783667841274706,medium,senior,senior,2.0
5010481,F,Y,Y,0,267200.0,Pensioner,Higher education,Single / not married,House / apartment,-9870,365243,1,0,0,0,,1.0,0,27.02,1,0.0,267200.0,0.0,high,youth,entry,3.0
5010482,M,N,Y,0,239500.0,Student,Secondary / secondary special,Single / not married,House / apartment,-10394,-3156,1,1,0,0,Laborers,1.0,0,28.46,0,8.64,239500.0,0.303583977512298,medium,youth,mid,2.0
5010483,F,N,Y,0,358400.0,Pensioner,Higher education,Single / not married,With parents,-13543,365243,1,0,0,0,,1.0,0,37.08,1,0.0,358400.0,0.0,high,adult,entry,2.0
5010484,M,N,Y,2,452200.0,Working,Secondary / secondary special,Married,House / apartment,-16279,-6668,1,0,0,0,Core staff,4.0,0,44.57,0,18.26,113050.0,0.4096926183531524,high,adult,senior,2.0
5010485,F,Y,Y,0,162500.0,Working,Secondary / secondary special,Married,House / apartment,-24211,-7763,1,0,0,0,,2.0,0,66.29,0,21.25,81250.0,0.3205611706139689,medium,senior,senior,3.0
5010486,F,N,Y,0,209100.0,Commercial associate,Higher education,Married,House / apartment,-23868,-16623,1,0,1,0,Laborers,2.0,0,65.35,0,45.51,104550.0,0.6964039785768937,medium,senior,senior,2.0
5010487,F,Y,Y,1,383200.0,Working,Higher education,Civil marriage,House / apartment,-23228,-12464,1,0,1,0,Drivers,3.0,0,63.59,0,34.12,127733.33333333333,0.5365623525711589,high,senior,senior,3.0
5010488,M,N,N,0,119900.0,Commercial associate,Secondary / secondary special,Civil marriage,House / apartment,-11369,-4054,1,0,0,0,Laborers,2.0,0,31.13,0,11.1,59950.0,0.3565692258271764,medium,youth,senior,0.0
5010489,F,Y,Y,0,91100.0,Commercial associate,Secondary / secondary special,Civil marriage,House / apartment,-20631,-6315,1,1,0,0,,2.0,0,56.48,0,17.29,45550.0,0.3061260623229462,low,senior,senior,2.0
5010490,F,Y,Y,0,273400.0,Working,Secondary / secondary special,Married,House / apartment,-14309,-3837,1,0,0,0,,2.0,0,39.18,0,10.51,136700.0,0.26824910668708524,high,adult,senior,3.0
5010491,F,Y,N,0,312900.0,State servant,Secondary / secondary special,Civil marriage,House / apartment,-24311,-17657,1,0,0,0,,2.0,0,66.56,0,48.34,156450.0,0.7262620192307693,high,senior,senior,2.0
5010492,F,N,Y,0,170100.0,Working,Higher education,Civil marriage,House / apartment,-11223,-2999,1,0,0,0,,2.0,0,30.73,0,8.21,85050.0,0.26716563618613737,medium,youth,mid,2.0
5010493,F,Y,Y,0,182800.0,Commercial associate,Secondary / secondary special,Married,House / apartment,-9885,-2924,1,1,1,0,Laborers,2.0,0,27.06,0,8.01,91400.0,0.2960088691796009,medium,youth,mid,3.0
5010494,M,N,Y,1,166900.0,Working,Secondary / secondary special,Married,House / apartment,-22689,-953,1,1,0,0,Drivers,3.0,0,62.12,0,2.61,55633.333333333336,0.04201545396007727,medium,senior,entry,2.0
5010495,F,Y,Y,0,158300.0,Commercial associate,Higher education,Married,House / apartment,-20398,-7809,1,1,0,0,Managers,2.0,0,55.85,0,21.38,79150.0,0.38281110116383166,medium,senior,senior,3.0
5010496,F,N,N,1,345300.0,Commercial associate,Higher education,Married,With parents,-22306,-10842,1,0,1,0,Sales staff,3.0,0,61.07,0,29.68,115100.0,0.48599967250695925,high,senior,senior,1.0
5010497,M,N,N,0,135300.0,Working,Secondary / secondary special,Married,House / apartment,-10189,-2858,1,0,1,0,Drivers,2.0,0,27.9,0,7.82,67650.0,0.2802867383512545,medium,youth,mid,0.0
5010498,F,N,Y,1,213800.0,Working,Higher education,Civil marriage,House / apartment,-23464,-3613,1,0,0,0,Cleaning staff,3.0,0,64.24,0,9.89,71266.66666666667,0.15395392278953926,medium,senior,mid,2.0
5010499,M,N,Y,0,155300.0,Working,Secondary / secondary special,Civil marriage,Municipal apartment,-19680,-10576,1,1,0,0,Core staff,2.0,0,53.88,0,28.96,77650.0,0.5374907201187825,medium,adult,senior,2.0
5010500,M,N,Y,0,117900.0,Working,Higher education,Separated,House / apartment,-19204,-10278,1,0,0,0,,1.0,0,52.58,0,28.14,117900.0,0.5351844807911754,medium,adult,senior,1.0
5010501,M,Y,N,0,377200.0,Commercial associate,Secondary / secondary special,Married,House / apartment,-17944,-11024,1,0,1,0,Security staff,2.0,0,49.13,0,30.18,188600.0,0.6142886220232037,high,adult,senior,2.0
5010502,F,N,N,0,188300.0,Working,Higher education,Married,House / apartment,-21274,-958,1,0,1,0,,2.0,0,58.25,0,2.62,94150.0,0.04497854077253219,medium,senior,entry,1.0
5010503,F,Y,Y,0,268300.0,Working,Secondary / secondary special,Married,House / apartment,-14895,-5529,1,0,0,0,,2.0,0,40.78,0,15.14,134150.0,0.3712604217753801,high,adult,senior,3.0
5010504,F,N,Y,1,114900.0,Working,Secondary / secondary special,Married,House / apartment,-9731,-2846,1,0,0,0,Core staff,3.0,0,26.64,0,7.79,38300.0,0.2924174174174174,medium,youth,mid,1.0
5010505,F,N,Y,0,168500.0,Commercial associate,Secondary / secondary special,Married,House / apartment,-17153,-861,1,0,0,0,,2.0,0,46.96,0,2.36,84250.0,0.05025553662691652,medium,adult,entry,2.0
5010506,M,Y,Y,0,356300.0,Commercial associate,Higher education,Single / not married,House / apartment,-20967,-5820,1,0,0,0,Sales staff,1.0,0,57.4,0,15.93,356300.0,0.27752613240418117,high,senior,senior,3.0
5010507,F,Y,Y,0,890100.0,Working,Higher education,Married,House / apartment,-10111,-2769,1,0,0,0,Core staff,2.0,0,27.68,0,7.58,445050.0,0.2738439306358382,high,youth,mid,3.0
5010508,F,N,Y,1,90900.0,Commercial associate,Secondary / secondary special,Married,House / apartment,-11396,-2110,1,0,1,0,Medicine staff,3.0,1,31.2,0,5.78,30300.0,0.18525641025641026,low,youth,mid,1.0
5010509,M,N,Y,0,220800.0,Pensioner,Secondary / secondary special,Married,House / apartment,-20026,365243,1,1,0,0,,2.0,0,54.83,1,0.0,110400.0,0.0,medium,adult,entry,2.0
5010510,F,N,N,2,300000.0,Working,Secondary / secondary special,Separated,House / apartment,-12230,-2923,1,0,1,0,Managers,3.0,0,33.48,0,8.0,100000.0,0.23894862604540026,high,youth,mid,1.0
5010511,M,N,N,2,179400.0,Commercial associate,Secondary / secondary special,Married,House / apartment,-10409,-2419,1,0,0,0,Accountants,4.0,1,28.5,0,6.62,44850.0,0.23228070175438598,medium,youth,mid,1.0
5010512,F,N,Y,0,373300.0,Working,Secondary / secondary special,Married,House / apartment,-23548,-10478,1,0,1,0,Medicine staff,2.0,0,64.47,0,28.69,186650.0,0.4450131844268652,high,senior,senior,2.0
5010513,F,N,Y,0,158300.0,Working,Secondary / secondary special,Separated,House / apartment,-10243,-2061,1,0,0,0,,1.0,0,28.04,0,5.64,158300.0,0.20114122681883023,medium,youth,mid,2.0
5010514,M,Y,N,1,263700.0,Commercial associate,Secondary / secondary special,Married,House / apartment,-13590,-1111,1,0,0,0,Security staff,3.0,0,37.21,0,3.04,87900.0,0.08169846815372211,high,adult,mid,2.0
5010515,M,Y,Y,0,188000.0,Working,Secondary / secondary special,Married,House / apartment,-15129,-402,1,0,0,0,Cleaning staff,2.0,1,41.42,0,1.1,94000.0,0.02655721873491067,medium,adult,entry,3.0
5010516,F,N,Y,0,449200.0,Pensioner,Higher education,Married,House / apartment,-16001,365243,1,0,0,0,,2.0,0,43.81,1,0.0,224600.0,0.0,high,adult,entry,2.0
5010517,F,N,Y,2,174100.0,Working,Secondary / secondary special,Married,House / apartment,-13903,-1813,1,0,1,0,Sales staff,4.0,1,38.06,0,4.96,43525.0,0.13032054650551758,medium,adult,mid,2.0
5010518,M,N,Y,2,204700.0,Working,Secondary / secondary special,Married,House / apartment,-23970,-6508,1,0,0,0,Laborers,4.0,0,65.63,0,17.82,51175.0,0.2715221697394484,medium,senior,senior,2.0
5010519,F,N,Y,2,391700.0,Working,Secondary / secondary special,Civil marriage,House / apartment,-19333,-1491,1,1,0,0,Core staff,4.0,0,52.93,0,4.08,97925.0,0.07708293973172115,high,adult,mid,2.0
5010520,M,Y,Y,0,146000.0,Commercial associate,Secondary / secondary special,Married,House / apartment,-13870,-33,1,0,0,1,High skill tech staff,2.0,1,37.97,0,0.09,73000.0,0.00237029233605478,medium,adult,entry,2.0
5010521,F,N,Y,0,252700.0,Commercial associate,Secondary / secondary special,Married,House / apartment,-13838,-5785,1,1,0,0,,2.0,0,37.89,0,15.84,126350.0,0.4180522565320665,high,adult,senior,2.0
5010522,F,Y,Y,0,98100.0,Working,Secondary / secondary special,Married,House / apartment,-16490,-6379,1,0,0,0,,2.0,0,45.15,0,17.46,49050.0,0.38671096345514955,low,adult,senior,2.0
5010523,M,Y,Y,0,141700.0,Pensioner,Secondary / secondary special,Married,House / apartment,-7920,365243,1,0,1,0,,2.0,0,21.68,1,0.0,70850.0,0.0,medium,youth,entry,2.0
5010524,M,N,Y,0,295500.0,State servant,Secondary / secondary special,Married,House / apartment,-24228,-217,1,0,0,0,High skill tech staff,2.0,0,66.33,0,0.59,147750.0,0.008894919342680536,high,senior,entry,2.0
5010525,M,Y,N,0,148800.0,Working,Secondary / secondary special,Married,House / apartment,-11383,-2219,1,1,0,0,Sales staff,2.0,0,31.16,0,6.08,74400.0,0.1951219512195122,medium,youth,mid,1.0
5010526,M,N,Y,0,185900.0,Pensioner,Secondary / secondary special,Married,House / apartment,-20045,365243,1,0,1,0,,2.0,0,54.88,1,0.0,92950.0,0.0,medium,adult,entry,2.0
5010527,M,N,Y,1,312400.0,Working,Secondary / secondary special,Married,House / apartment,-21508,-4280,1,0,0,0,IT staff,3.0,0,58.89,0,11.72,104133.33333333333,0.1990151129223977,high,senior,senior,2.0
5010528,F,N,Y,1,182700.0,Working,Secondary / secondary special,Married,Municipal apartment,-22415,-12638,1,0,1,1,Accountants,3.0,0,61.37,0,34.6,60900.0,0.563793384389767,medium,senior,senior,2.0
5010529,M,Y,Y,1,368400.0,Working,Secondary / secondary special,Married,House / apartment,-10330,-824,1,0,1,0,,3.0,0,28.28,0,2.26,122800.0,0.0799151343705799,high,youth,entry,3.0
5010530,F,Y,Y,0,271900.0,Working,Secondary / secondary special,Married,House / apartment,-17106,-414,1,0,1,0,Core staff,2.0,0,46.83,0,1.13,135950.0,0.024129831304719195,high,adult,entry,3.0
5010531,F,Y,N,0,303600.0,State servant,Secondary / secondary special,Married,House / apartment,-8833,-593,1,0,1,0,Laborers,2.0,0,24.18,0,1.62,151800.0,0.06699751861042184,high,youth,entry,2.0
5010532,F,N,Y,1,454000.0,Working,Secondary / secondary special,Single / not married,House / apartment,-22003,-177,1,0,0,0,Laborers,2.0,0,60.24,0,0.48,227000.0,0.00796812749003984,high,senior,entry,2.0
5010533,F,N,Y,0,286500.0,Commercial associate,Higher education,Married,House / apartment,-16189,-8308,1,0,1,0,Sales staff,2.0,0,44.32,0,22.75,143250.0,0.513312274368231,high,adult,senior,2.0
5010534,M,N,N,0,527000.0,Working,Secondary / secondary special,Civil marriage,House / apartment,-10199,-1615,1,0,1,0,Cleaning staff,2.0,0,27.92,0,4.42,263500.0,0.15830945558739254,high,youth,mid,1.0
5010535,F,Y,Y,0,385000.0,Commercial associate,Secondary / secondary special,Married,House / apartment,-20430,-6627,1,0,0,0,,2.0,0,55.93,0,18.14,192500.0,0.3243339889147148,high,senior,senior,3.0
5010536,F,N,Y,0,187900.0,Working,Secondary / secondary special,Separated,With parents,-13353,-3311,1,0,0,0,Core staff,1.0,0,36.56,0,9.07,187900.0,0.24808533916849015,medium,adult,mid,2.0
5010537,F,Y,Y,0,466000.0,Pensioner,Secondary / secondary special,Married,House / apartment,-9396,365243,1,0,0,0,,2.0,0,25.72,1,0.0,233000.0,0.0,high,youth,entry,3.0
5010538,M,Y,Y,1,278600.0,Working,Secondary / secondary special,Separated,Municipal apartment,-15725,-1070,1,0,0,0,,2.0,0,43.05,0,2.93,139300.0,0.06806039488966319,high,adult,entry,3.0
5010539,F,N,N,2,200400.0,Pensioner,Secondary / secondary special,Married,House / apartment,-11601,365243,1,0,1,0,,4.0,0,31.76,1,0.0,50100.0,0.0,medium,youth,entry,1.0
5010540,F,N,Y,0,280600.0,Pensioner,Higher education,Single / not married,House / apartment,-24658,365243,1,0,1,0,,1.0,0,67.51,1,0.0,280600.0,0.0,high,senior,entry,2.0
5010541,M,Y,Y,0,425800.0,Commercial associate,Secondary / secondary special,Separated,House / apartment,-13904,-355,1,0,0,0,,1.0,0,38.07,0,0.97,425800.0,0.025479380089309167,high,adult,entry,3.0
5010542,F,Y,N,1,306500.0,Working,Incomplete higher,Married,House / apartment,-17759,-7723,1,0,1,0,Accountants,3.0,0,48.62,0,21.14,102166.66666666667,0.43480049362402307,high,adult,senior,2.0
5010543,F,N,Y,0,607200.0,Working,Secondary / secondary special,Civil marriage,House / apartment,-24624,-3379,1,0,0,0,,2.0,0,67.42,0,9.25,303600.0,0.13719964402254523,high,senior,mid,2.0
5010544,F,Y,Y,0,420300.0,Pensioner,Secondary / secondary special,Married,House / apartment,-14495,365243,1,0,1,0,,2.0,0,39.69,1,0.0,210150.0,0.0,high,adult,entry,3.0
5010545,F,Y,Y,2,317100.0,Working,Secondary / secondary special,Married,House / apartment,-13845,-3853,1,1,0,0,,4.0,0,37.91,0,10.55,79275.0,0.27829068847269856,high,adult,senior,3.0
5010546,F,N,Y,1,146200.0,Working,Secondary / secondary special,Married,Municipal apartment,-10271,-2556,1,0,1,0,Core staff,3.0,0,28.12,0,7.0,48733.333333333336,0.24893314366998576,medium,youth,mid,1.0
5010547,M,N,N,2,223100.0,Commercial associate,Higher education,Married,House / apartment,-24441,-6682,1,0,1,1,High skill tech staff,4.0,0,66.92,0,18.29,55775.0,0.27331141661685593,medium,senior,senior,1.0
5010548,F,N,N,0,253000.0,Working,Secondary / secondary special,Married,House / apartment,-21929,-14209,1,0,1,0,Laborers,2.0,0,60.04,0,38.9,126500.0,0.6479013990672885,high,senior,senior,1.0
5010549,F,N,Y,0,345900.0,Working,Secondary / secondary special,Widow,House / apartment,-11341,-2629,1,0,1,0,,1.0,0,31.05,0,7.2,345900.0,0.2318840579710145,high,youth,mid,2.0
5010550,M,N,Y,1,335800.0,Commercial associate,Secondary / secondary special,Single / not married,House / apartment,-13380,-499,1,0,0,0,Core staff,2.0,0,36.63,0,1.37,167900.0,0.0374010374010374,high,adult,entry,2.0
5010551,M,Y,Y,0,265700.0,Working,Secondary / secondary special,Single / not married,With parents,-24014,-12780,1,0,0,0,Managers,1.0,0,65.75,0,34.99,265700.0,0.5321673003802282,high,senior,senior,3.0
5010552,F,N,Y,1,259300.0,Working,Secondary / secondary special,Married,House / apartment,-17117,-6614,1,1,1,0,Medicine staff,3.0,0,46.86,0,18.11,86433.33333333333,0.38647033717456253,high,adult,senior,2.0
5010553,M,N,Y,0,350000.0,Commercial associate,Secondary / secondary special,Married,House / apartment,-17465,-439,1,0,0,0,Core staff,2.0,0,47.82,0,1.2,175000.0,0.02509410288582183,high,adult,entry,2.0
5010554,F,Y,Y,1,158900.0,Working,Secondary / secondary special,Married,House / apartment,-19142,-4158,1,0,1,0,,3.0,0,52.41,0,11.38,52966.666666666664,0.21713413470711698,medium,adult,senior,3.0
5010555,M,N,N,0,569900.0,Commercial associate,Incomplete higher,Married,With parents,-21224,-12239,1,0,0,1,,2.0,0,58.11,0,33.51,284950.0,0.5766649457924625,high,senior,senior,1.0
5010556,M,Y,N,0,87700.0,Working,Secondary / secondary special,Married,House / apartment,-24459,-13746,1,0,0,0,,2.0,0,66.97,0,37.63,43850.0,0.5618933850978051,low,senior,senior,1.0
5010557,M,Y,Y,0,505400.0,Commercial associate,Secondary / secondary special,Married,House / apartment,-21956,-13402,1,1,0,0,,2.0,0,60.11,0,36.69,252700.0,0.6103809682249209,high,senior,senior,3.0
5010558,F,Y,Y,0,238700.0,Working,Secondary / secondary special,Single / not married,House / apartment,-24372,-12111,1,0,0,0,,1.0,0,66.73,0,33.16,238700.0,0.49692791847744633,medium,senior,senior,3.0
5010559,F,N,Y,0,403000.0,Working,Higher education,Married,House / apartment,-22291,-3925,1,0,0,0,,2.0,0,61.03,0,10.75,201500.0,0.1761428805505489,high,senior,senior,2.0
5010560,F,N,N,0,292800.0,Working,Secondary / secondary special,Married,House / apartment,-8153,-1160,1,0,1,1,Drivers,2.0,0,22.32,0,3.18,146400.0,0.1424731182795699,high,youth,mid,1.0
5010561,F,N,N,1,290200.0,Working,Higher education,Married,House / apartment,-9451,-1152,1,0,0,0,Laborers,3.0,0,25.88,0,3.15,96733.33333333333,0.12171561051004637,high,youth,mid,1.0
5010562,M,N,N,0,322100.0,Pensioner,Secondary / secondary special,Married,Office apartment,-23465,365243,1,0,0,0,,2.0,0,64.24,1,0.0,161050.0,0.0,high,senior,entry,1.0
5010563,F,Y,Y,0,365900.0,Working,Secondary / secondary special,Married,House / apartment,-7811,-641,1,1,1,0,Sales staff,2.0,0,21.39,0,1.75,182950.0,0.08181393174380551,high,youth,entry,3.0
5010564,F,Y,Y,0,207100.0,Commercial associate,Secondary / secondary special,Married,House / apartment,-21809,-13145,1,0,0,0,Drivers,2.0,0,59.71,0,35.99,103550.0,0.6027466086082733,medium,senior,senior,3.0
5010565,F,Y,Y,2,409600.0,State servant,Lower secondary,Married,House / apartment,-22825,-148,1,1,0,0,,4.0,0,62.49,0,0.41,102400.0,0.006561049767962873,high,senior,entry,3.0
5010566,M,Y,Y,0,141900.0,Commercial associate,Secondary / secondary special,Separated,House / apartment,-14892,-3474,1,0,1,0,Core staff,1.0,0,40.77,0,9.51,141900.0,0.2332597498160412,medium,adult,mid,2.0
5010567,F,Y,Y,0,243500.0,Working,Secondary / secondary special,Married,House / apartment,-13786,-2852,1,0,1,0,,2.0,0,37.74,0,7.81,121750.0,0.20694223635400105,medium,adult,mid,3.0
5010568,M,N,Y,1,370800.0,Working,Secondary / secondary special,Single / not married,Municipal apartment,-10855,-2838,1,0,0,0,Laborers,2.0,0,29.72,0,7.77,185400.0,0.2614401076716016,high,youth,mid,2.0
5010569,M,N,Y,0,401500.0,State servant,Secondary / secondary special,Married,House / apartment,-8198,-1274,1,1,0,0,Laborers,2.0,0,22.44,0,3.49,200750.0,0.15552584670231728,high,youth,mid,2.0
5010570,F,N,Y,0,307400.0,Commercial associate,Secondary / secondary special,Married,Municipal apartment,-20918,-901,1,0,1,0,,2.0,0,57.27,0,2.47,153700.0,0.04312903789069321,high,senior,entry,2.0
5010571,F,Y,Y,0,200500.0,Commercial associate,Higher education,Single / not married,House / apartment,-8651,-6,1,0,0,0,Managers,1.0,0,23.69,0,0.02,200500.0,0.0008442380751371887,medium,youth,entry,3.0
5010572,F,N,Y,1,382200.0,Working,Higher education,Married,House / apartment,-24557,-11277,1,0,1,0,,3.0,0,67.23,0,30.87,127400.0,0.45917001338688085,high,senior,senior,2.0
5010573,F,Y,Y,0,174700.0,Pensioner,Higher education,Married,House / apartment,-12724,365243,1,0,1,0,,2.0,0,34.84,1,0.0,87350.0,0.0,medium,youth,entry,3.0
5010574,F,Y,Y,1,586100.0,Commercial associate,Secondary / secondary special,Married,House / apartment,-21810,-10087,1,0,1,0,Laborers,3.0,0,59.71,0,27.62,195366.66666666666,0.46256908390554347,high,senior,senior,3.0
5010575,F,N,Y,1,234000.0,Working,Secondary / secondary special,Single / not married,House / apartment,-8395,-1029,1,0,1,0,,2.0,0,22.98,0,2.82,117000.0,0.12271540469973889,medium,youth,entry,2.0
5010576,F,N,Y,0,113100.0,Commercial associate,Secondary / secondary special,Married,House / apartment,-17099,-4641,1,0,0,0,,2.0,1,46.81,0,12.71,56550.0,0.271523178807947,medium,adult,senior,1.0
5010577,F,Y,Y,1,134300.0,Working,Secondary / secondary special,Married,House / apartment,-13680,-5590,1,0,0,0,Managers,3.0,0,37.45,0,15.3,44766.666666666664,0.40854472630173566,medium,adult,senior,2.0
5010578,F,N,N,0,249500.0,Working,Higher education,Married,House / apartment,-7853,-580,1,0,0,0,Laborers,2.0,0,21.5,0,1.59,124750.0,0.07395348837209302,medium,youth,entry,1.0
5010579,M,Y,Y,0,261800.0,Pensioner,Secondary / secondary special,Married,House / apartment,-19282,365243,1,0,0,0,,2.0,0,52.79,1,0.0,130900.0,0.0,high,adult,entry,3.0
5010580,F,N,Y,0,653600.0,Working,Higher education,Single / not married,Rented apartment,-24530,-14918,1,0,0,0,Medicine staff,1.0,0,67.16,0,40.84,653600.0,0.6081000595592615,high,senior,senior,2.0
5010581,F,N,Y,2,145300.0,Working,Higher education,Civil marriage,House / apartment,-7501,-207,1,1,0,0,Laborers,4.0,0,20.54,0,0.57,36325.0,0.02775073028237585,medium,youth,entry,1.0
5010582,M,N,N,0,249000.0,Working,Secondary / secondary special,Married,House / apartment,-12244,-267,1,1,0,0,Managers,2.0,0,33.52,0,0.73,124500.0,0.021778042959427205,medium,youth,entry,1.0
5010583,F,Y,Y,0,143700.0,Working,Secondary / secondary special,Married,House / apartment,-20155,-3508,1,0,0,0,,2.0,0,55.18,0,9.6,71850.0,0.17397607828923523,medium,senior,mid,2.0
5010584,M,Y,Y,0,190800.0,Working,Secondary / secondary special,Separated,House / apartment,-23216,-6601,1,1,0,0,,1.0,0,63.56,0,18.07,190800.0,0.2842983008181246,medium,senior,senior,3.0
5010585,F,N,Y,0,566600.0,State servant,Secondary / secondary special,Married,House / apartment,-10789,-1029,1,1,0,0,Drivers,2.0,0,29.54,0,2.82,283300.0,0.0954637779282329,high,youth,entry,2.0
5010586,F,N,N,0,138300.0,Working,Secondary / secondary special,Single / not married,House / apartment,-8596,-1127,1,0,0,0,,1.0,1,23.53,0,3.09,138300.0,0.13132171695707606,medium,youth,mid,0.0
5010587,F,Y,N,0,327400.0,Working,Higher education,Married,House / apartment,-7463,-350,1,0,1,0,,2.0,0,20.43,0,0.96,163700.0,0.04698972099853157,high,youth,entry,2.0
5010588,F,N,Y,0,297100.0,Commercial associate,Secondary / secondary special,Married,With parents,-11235,-4155,1,1,1,0,,2.0,0,30.76,0,11.38,148550.0,0.36996098829648894,high,youth,senior,2.0
5010589,F,N,N,0,241200.0,Working,Secondary / secondary special,Civil marriage,House / apartment,-8607,-1263,1,0,1,0,Laborers,2.0,0,23.56,0,3.46,120600.0,0.1468590831918506,medium,youth,mid,1.0
5010590,F,N,N,0,316500.0,Working,Higher education,Married,House / apartment,-13868,-118,1,0,1,0,Drivers,2.0,0,37.97,0,0.32,158250.0,0.00842770608375033,high,adult,entry,1.0
5010591,F,N,Y,0,136700.0,Working,Higher education,Single / not married,House / apartment,-15343,-1724,1,0,0,0,Managers,1.0,0,42.01,0,4.72,136700.0,0.11235420138062366,medium,adult,mid,1.0
5010592,M,N,Y,1,558800.0,Working,Higher education,Married,House / apartment,-16070,-2489,1,0,0,0,Sales staff,3.0,0,44.0,0,6.81,186266.66666666666,0.15477272727272726,high,adult,mid,2.0
5010593,F,N,Y,2,639100.0,Working,Secondary / secondary special,Married,House / apartment,-9904,-2512,1,0,1,0,Laborers,4.0,0,27.12,0,6.88,159775.0,0.25368731563421826,high,youth,mid,2.0
5010594,M,N,N,0,250000.0,Working,Secondary / secondary special,Single / not married,House / apartment,-15779,-961,1,1,0,0,Laborers,1.0,0,43.2,0,2.63,250000.0,0.060879629629629624,medium,adult,entry,1.0
5010595,F,Y,Y,0,820000.0,Working,Secondary / secondary special,Married,House / apartment,-7470,-674,1,0,1,0,Drivers,2.0,0,20.45,0,1.85,410000.0,0.09046454767726163,high,youth,entry,3.0
5010596,F,Y,N,2,200000.0,Pensioner,Secondary / secondary special,Single / not married,House / apartment,-11677,365243,1,1,0,0,,3.0,0,31.97,1,0.0,66666.66666666667,0.0,medium,youth,entry,2.0
5010597,F,Y,Y,1,298200.0,Working,Secondary / secondary special,Widow,House / apartment,-14045,-930,1,0,0,0,Sales staff,2.0,0,38.45,0,2.55,149100.0,0.06631989596879062,high,adult,entry,3.0
5010598,M,N,Y,0,499500.0,Pensioner,Secondary / secondary special,Separated,House / apartment,-9466,365243,1,0,0,0,,1.0,1,25.92,1,0.0,499500.0,0.0,high,youth,entry,2.0
5010599,M,Y,N,0,194100.0,Commercial associate,Higher education,Single / not married,House / apartment,-22171,-11413,1,0,1,0,Managers,1.0,0,60.7,0,31.25,194100.0,0.514827018121911,medium,senior,senior,2.0
5010600,F,N,Y,0,122400.0,Working,Secondary / secondary special,Married,House / apartment,-10980,-321,1,0,0,0,,2.0,0,30.06,0,0.88,61200.0,0.02927478376580173,medium,youth,entry,1.0
5010601,M,Y,Y,0,109100.0,State servant,Secondary / secondary special,Married,House / apartment,-21091,-10288,1,1,0,0,Core staff,2.0,0,57.74,0,28.17,54550.0,0.4878766886040873,medium,senior,senior,2.0
5010602,M,Y,Y,0,684100.0,Working,Secondary / secondary special,Single / not married,With parents,-15959,-4530,1,1,0,0,,1.0,0,43.69,0,12.4,684100.0,0.2838178072785535,high,adult,senior,3.0
5010603,M,N,Y,2,187400.0,Working,Secondary / secondary special,Married,House / apartment,-16066,-4073,1,0,1,0,Core staff,4.0,0,43.99,0,11.15,46850.0,0.2534666969765856,medium,adult,senior,2.0
5010604,F,Y,Y,0,222500.0,Working,Secondary / secondary special,Married,House / apartment,-19088,-5430,1,0,0,0,Managers,2.0,0,52.26,0,14.87,111250.0,0.28453884424033676,medium,adult,senior,3.0
5010605,F,Y,Y,0,140000.0,Commercial associate,Secondary / secondary special,Married,Municipal apartment,-8114,-142,1,0,1,0,,2.0,0,22.21,0,0.39,70000.0,0.017559657811796487,medium,youth,entry,2.0
5010606,F,Y,Y,1,392200.0,Working,Higher education,Married,House / apartment,-8743,-565,1,0,0,0,Laborers,3.0,0,23.94,0,1.55,130733.33333333333,0.06474519632414369,high,youth,entry,3.0
5010607,M,N,N,1,165200.0,Working,Secondary / secondary special,Separated,Co-op apartment,-13274,-1694,1,0,0,0,,2.0,0,36.34,0,4.64,82600.0,0.12768299394606492,medium,adult,mid,1.0
5010608,M,N,N,1,191000.0,Working,Secondary / secondary special,Married,House / apartment,-14917,-2926,1,0,0,0,Core staff,3.0,0,40.84,0,8.01,63666.666666666664,0.1961312438785504,medium,adult,mid,1.0
5010609,F,N,Y,2,283600.0,Commercial associate,Secondary / secondary special,Married,House / apartment,-15157,-7657,1,0,0,0,Medicine staff,4.0,0,41.5,0,20.96,70900.0,0.5050602409638555,high,adult,senior,2.0
5010610,F,N,N,0,143400.0,Working,Secondary / secondary special,Married,House / apartment,-19667,-3933,1,0,1,0,Laborers,2.0,0,53.85,0,10.77,71700.0,0.19999999999999998,medium,adult,senior,0.0
5010611,M,N,Y,2,223300.0,Working,Higher education,Civil marriage,House / apartment,-7318,-711,1,0,0,0,Sales staff,4.0,0,20.04,0,1.95,55825.0,0.09730538922155689,medium,youth,entry,2.0
5010612,M,Y,Y,1,492200.0,Working,Secondary / secondary special,Separated,House / apartment,-24821,-15481,1,0,0,0,Cooking staff,2.0,0,67.96,0,42.38,246100.0,0.6236021188934668,high,senior,senior,3.0
5010613,M,Y,Y,0,302400.0,Pensioner,Secondary / secondary special,Married,House / apartment,-10492,365243,1,0,0,0,,2.0,0,28.73,1,0.0,151200.0,0.0,high,youth,entry,3.0
5010614,F,N,N,0,260600.0,Working,Secondary / secondary special,Single / not married,House / apartment,-11846,-4962,1,0,0,0,Core staff,1.0,0,32.43,0,13.59,260600.0,0.41905642923219244,high,youth,senior,1.0
5010615,F,Y,N,0,271800.0,Working,Higher education,Married,House / apartment,-23844,-750,1,0,1,0,Laborers,2.0,0,65.28,0,2.05,135900.0,0.0314031862745098,high,senior,entry,2.0
5010616,M,Y,Y,2,201000.0,Pensioner,Secondary / secondary special,Married,House / apartment,-7405,365243,1,0,0,0,,4.0,1,20.27,1,0.0,50250.0,0.0,medium,youth,entry,3.0
5010617,M,N,Y,0,662300.0,Working,Secondary / secondary special,Single / not married,House / apartment,-25409,-10760,1,0,0,0,Cooking staff,1.0,0,69.57,0,29.46,662300.0,0.4234583872358776,high,senior,senior,2.0
5010618,M,N,Y,0,162700.0,Commercial associate,Secondary / secondary special,Married,House / apartment,-7962,-414,1,0,1,0,Laborers,2.0,0,21.8,0,1.13,81350.0,0.0518348623853211,medium,youth,entry,2.0
5010619,F,Y,Y,0,271300.0,State servant,Higher education,Married,House / apartment,-9506,-2080,1,0,1,0,Core staff,2.0,0,26.03,0,5.69,135650.0,0.21859393008067615,high,youth,mid,3.0
5010620,M,Y,Y,0,258600.0,Pensioner,Higher education,Married,House / apartment,-11690,365243,1,1,0,0,,2.0,0,32.01,1,0.0,129300.0,0.0,high,youth,entry,3.0
5010621,F,N,Y,0,404300.0,Working,Secondary / secondary special,Married,House / apartment,-15317,-5280,1,0,0,0,,2.0,0,41.94,0,14.46,202150.0,0.34477825464949935,high,adult,senior,2.0
5010622,F,N,N,0,423800.0,Working,Higher education,Married,House / apartment,-16773,-4390,1,0,0,0,,2.0,0,45.92,0,12.02,211900.0,0.2617595818815331,high,adult,senior,1.0
5010623,F,N,Y,1,240300.0,Working,Secondary / secondary special,Married,House / apartment,-9217,-2275,1,0,0,0,,3.0,0,25.23,0,6.23,80100.0,0.2469282600079271,medium,youth,mid,2.0
5010624,M,N,N,0,282300.0,State servant,Secondary / secondary special,Married,House / apartment,-8650,-1722,1,0,1,0,Managers,2.0,0,23.68,0,4.71,141150.0,0.19890202702702703,high,youth,mid,1.0
5010625,M,N,Y,0,287700.0,State servant,Secondary / secondary special,Married,Co-op apartment,-7887,-749,1,0,0,0,Laborers,2.0,0,21.59,0,2.05,143850.0,0.09495136637332098,high,youth,entry,2.0
5010626,F,N,Y,0,78400.0,Working,Higher education,Married,With parents,-11994,-1940,1,0,0,0,,2.0,0,32.84,0,5.31,39200.0,0.1616930572472594,low,youth,mid,1.0
5010627,F,N,N,0,110300.0,Commercial associate,Secondary / secondary special,Married,House / apartment,-24134,-4631,1,0,1,0,,2.0,0,66.08,0,12.68,55150.0,0.19188861985472155,medium,senior,senior,0.0
5010628,F,Y,N,0,180400.0,Pensioner,Higher education,Separated,House / apartment,-14424,365243,1,0,0,0,,1.0,0,39.49,1,0.0,180400.0,0.0,medium,adult,entry,2.0
5010629,F,N,Y,0,184400.0,Working,Secondary / secondary special,Married,House / apartment,-21258,-26,1,1,1,0,Core staff,2.0,0,58.2,0,0.07,92200.0,0.0012027491408934709,medium,senior,entry,2.0
5010630,M,Y,Y,0,134000.0,Working,Higher education,Widow,House / apartment,-10778,-3986,1,0,0,0,Medicine staff,1.0,0,29.51,0,10.91,134000.0,0.3697051846831582,medium,youth,senior,2.0
5010631,F,Y,N,0,355100.0,Working,Secondary / secondary special,Married,House / apartment,-8486,-809,1,0,0,0,,2.0,0,23.23,0,2.21,177550.0,0.0951356005165734,high,youth,entry,2.0
5010632,F,N,Y,0,244400.0,Working,Secondary / secondary special,Single / not married,House / apartment,-17428,-5345,1,0,0,0,,1.0,0,47.72,0,14.63,244400.0,0.30658005029337804,medium,adult,senior,2.0
5010633,M,N,Y,0,219300.0,Pensioner,Secondary / secondary special,Married,House / apartment,-22318,365243,1,0,0,0,,2.0,0,61.1,1,0.0,109650.0,0.0,medium,senior,entry,2.0
5010634,F,N,Y,0,130300.0,Pensioner,Secondary / secondary special,Single / not married,House / apartment,-23713,365243,1,1,0,0,,1.0,0,64.92,1,0.0,130300.0,0.0,medium,senior,entry,1.0
5010635,F,Y,N,0,238800.0,Working,Secondary / secondary special,Married,House / apartment,-17280,-6480,1,1,0,0,Laborers,2.0,0,47.31,0,17.74,119400.0,0.37497357852462476,medium,adult,senior,2.0
5010636,F,N,N,0,65700.0,Working,Secondary / secondary special,Married,House / apartment,-12675,-5182,1,0,0,1,Sales staff,2.0,0,34.7,0,14.19,32850.0,0.4089337175792507,low,youth,senior,0.0
5010637,F,N,N,1,225000.0,Working,Lower secondary,Married,House / apartment,-9305,-2348,1,0,0,0,Laborers,3.0,0,25.48,0,6.43,75000.0,0.25235478806907374,medium,youth,mid,1.0
5010638,F,N,Y,1,252000.0,Pensioner,Secondary / secondary special,Married,House / apartment,-19501,365243,1,0,0,0,,3.0,0,53.39,1,0.0,84000.0,0.0,high,adult,entry,2.0
5010639,F,Y,Y,0,275500.0,Commercial associate,Secondary / secondary special,Single / not married,House / apartment,-12426,-14,1,0,0,1,,1.0,0,34.02,0,0.04,275500.0,0.0011757789535567313,high,youth,entry,3.0
5010640,M,Y,Y,0,111700.0,Working,Secondary / secondary special,Separated,House / apartment,-22718,-14171,1,0,0,0,Laborers,1.0,0,62.2,0,38.8,111700.0,0.6237942122186494,medium,senior,senior,2.0
5010641,M,N,N,0,273200.0,Commercial associate,Secondary / secondary special,Married,House / apartment,-18356,-5358,1,0,1,0,Laborers,2.0,0,50.26,0,14.67,136600.0,0.2918822124950259,high,adult,senior,1.0
5010642,F,Y,Y,0,145000.0,Working,Secondary / secondary special,Separated,House / apartment,-22990,-14524,1,0,1,0,,1.0,0,62.94,0,39.76,145000.0,0.6317127422942485,medium,senior,senior,2.0
5010643,M,N,Y,1,162600.0,Working,Higher education,Married,House / apartment,-17654,-3829,1,0,1,0,Drivers,3.0,0,48.33,0,10.48,54200.0,0.21684254086488725,medium,adult,senior,2.0
5010644,F,N,Y,2,349600.0,State servant,Secondary / secondary special,Single / not married,House / apartment,-21399,-12199,1,1,1,0,,3.0,0,58.59,0,33.4,116533.33333333333,0.5700631507083119,high,senior,senior,2.0
5010645,F,Y,Y,1,668300.0,Working,Higher education,Separated,House / apartment,-12680,-2820,1,0,0,0,Laborers,2.0,0,34.72,0,7.72,334150.0,0.22235023041474655,high,youth,mid,3.0
5010646,F,Y,N,1,250500.0,Working,Secondary / secondary special,Married,House / apartment,-16492,-3539,1,0,0,0,,3.0,0,45.15,0,9.69,83500.0,0.21461794019933556,high,adult,mid,2.0
5010647,F,Y,Y,1,162300.0,Working,Incomplete higher,Married,House / apartment,-7659,-72,1,1,0,1,Core staff,3.0,0,20.97,0,0.2,54100.0,0.009537434430138294,medium,youth,entry,3.0
5010648,F,N,N,0,268300.0,Commercial associate,Secondary / secondary special,Married,House / apartment,-18406,-4486,1,0,0,0,,2.0,0,50.39,0,12.28,134150.0,0.24369914665608253,high,adult,senior,1.0
5010649,M,Y,Y,0,390400.0,Commercial associate,Secondary / secondary special,Married,House / apartment,-17052,-2336,1,0,0,0,,2.0,0,46.69,0,6.4,195200.0,0.13707431998286573,high,adult,mid,3.0
5010650,M,N,N,1,333000.0,Commercial associate,Secondary / secondary special,Single / not married,Municipal apartment,-21098,-14095,1,0,0,0,Laborers,2.0,0,57.76,0,38.59,166500.0,0.6681094182825486,high,senior,senior,1.0
5010651,M,N,N,0,962200.0,Pensioner,Higher education,Married,House / apartment,-20618,365243,1,0,0,0,,2.0,0,56.45,1,0.0,481100.0,0.0,high,senior,entry,1.0
5010652,F,N,Y,0,170700.0,Working,Secondary / secondary special,Widow,House / apartment,-18767,-4228,1,1,1,1,Laborers,1.0,0,51.38,0,11.58,170700.0,0.22537952510704554,medium,adult,senior,2.0
5010653,F,Y,N,0,276900.0,Working,Secondary / secondary special,Married,House / apartment,-8340,-1313,1,0,0,0,,2.0,0,22.83,0,3.59,138450.0,0.15724923346473937,high,youth,mid,2.0
5010654,M,Y,Y,1,529600.0,Working,Secondary / secondary special,Married,House / apartment,-23796,-15312,1,0,0,0,Managers,3.0,0,65.15,0,41.92,176533.33333333334,0.6434382194934766,high,senior,senior,3.0
5010655,F,N,N,0,513300.0,Pensioner,Higher education,Married,Co-op apartment,-7634,365243,1,0,0,0,,2.0,0,20.9,1,0.0,256650.0,0.0,high,youth,entry,1.0
5010656,F,N,N,0,92100.0,Working,Secondary / secondary special,Separated,House / apartment,-21975,-6075,1,0,0,0,,1.0,0,60.16,0,16.63,92100.0,0.27642952127659576,low,senior,senior,0.0
5010657,F,N,N,2,243700.0,Pensioner,Secondary / secondary special,Married,House / apartment,-16059,365243,1,0,1,0,,4.0,0,43.97,1,0.0,60925.0,0.0,medium,adult,entry,1.0
5010658,F,Y,Y,1,512800.0,Working,Higher education,Widow,House / apartment,-22244,-6047,1,0,0,0,Core staff,2.0,0,60.9,0,16.56,256400.0,0.27192118226600986,high,senior,senior,3.0
5010659,M,Y,Y,3,1035900.0,Working,Higher education,Married,House / apartment,-15798,-1407,1,0,0,0,Laborers,5.0,0,43.25,0,3.85,207180.0,0.08901734104046242,high,adult,mid,3.0
5010660,F,N,Y,0,347100.0,Working,Secondary / secondary special,Married,House / apartment,-19120,-5341,1,0,1,0,Sales staff,2.0,0,52.35,0,14.62,173550.0,0.2792741165234002,high,adult,senior,2.0
5010661,F,Y,Y,0,203100.0,State servant,Lower secondary,Married,With parents,-13939,-1439,1,0,0,0,Drivers,2.0,1,38.16,0,3.94,101550.0,0.10324947589098533,medium,adult,mid,3.0
5010662,F,N,N,1,147400.0,Working,Secondary / secondary special,Civil marriage,Rented apartment,-20886,365243,1,0,1,0,,3.0,0,57.18,1,0.0,49133.333333333336,0.0,medium,senior,entry,0.0
5010663,F,N,N,0,740300.0,Working,Secondary / secondary special,Married,House / apartment,-11947,-4828,1,0,0,0,,2.0,0,32.71,0,13.22,370150.0,0.4041577499235708,high,youth,senior,1.0
5010664,F,Y,N,0,351500.0,Working,Secondary / secondary special,Married,House / apartment,-20442,-6705,1,1,0,0,Laborers,2.0,0,55.97,0,18.36,175750.0,0.3280328747543327,high,senior,senior,2.0
5010665,F,N,Y,0,159800.0,Working,Secondary / secondary special,Married,House / apartment,-10837,-3705,1,0,0,0,,2.0,0,29.67,0,10.14,79900.0,0.3417593528816987,medium,youth,senior,2.0
5010666,M,N,N,0,220600.0,Working,Higher education,Married,House / apartment,-20494,-11503,1,0,1,0,Waiters/barmen staff,2.0,0,56.11,0,31.49,110300.0,0.561219034040278,medium,senior,senior,1.0
5010667,F,Y,N,0,285100.0,Working,Higher education,Married,Office apartment,-12668,-3449,1,0,1,0,Private service staff,2.0,0,34.68,0,9.44,142550.0,0.27220299884659743,high,youth,mid,2.0
5010668,F,N,N,0,320400.0,Working,Secondary / secondary special,Single / not married,House / apartment,-12394,-2902,1,0,1,0,Accountants,1.0,0,33.93,0,7.95,320400.0,0.23430592396109637,high,youth,mid,1.0
5010669,F,Y,Y,0,155700.0,Working,Secondary / secondary special,Married,House / apartment,-22125,-9076,1,1,0,0,Laborers,2.0,0,60.57,0,24.85,77850.0,0.41026911012052175,medium,senior,senior,3.0
5010670,M,Y,Y,1,179600.0,Working,Secondary / secondary special,Civil marriage,House / apartment,-22165,-13960,1,0,1,0,Laborers,3.0,0,60.68,0,38.22,59866.666666666664,0.6298615688859591,medium,senior,senior,3.0
5010671,M,Y,Y,0,106800.0,Working,Secondary / secondary special,Married,House / apartment,-19932,-5986,1,0,0,1,Accountants,2.0,0,54.57,0,16.39,53400.0,0.3003481766538391,medium,adult,senior,2.0
5010672,M,N,Y,0,410600.0,Commercial associate,Secondary / secondary special,Married,House / apartment,-24178,-1955,1,0,0,0,Managers,2.0,0,66.2,0,5.35,205300.0,0.08081570996978851,high,senior,mid,2.0
5010673,F,N,Y,0,205800.0,Working,Higher education,Married,House / apartment,-10157,-535,1,0,0,0,,2.0,0,27.81,0,1.46,102900.0,0.05249910104279036,medium,youth,entry,2.0
5010674,F,N,N,0,308200.0,Working,Secondary / secondary special,Married,House / apartment,-12223,-5326,1,0,1,0,Managers,2.0,0,33.46,0,14.58,154100.0,0.43574417214584577,high,youth,senior,1.0
5010675,M,Y,Y,2,497100.0,Working,Secondary / secondary special,Single / not married,House / apartment,-12674,-4071,1,0,0,0,Laborers,3.0,0,34.7,0,11.15,165700.0,0.32132564841498557,high,youth,senior,3.0
5010676,F,N,Y,0,272500.0,Working,Secondary / secondary special,Civil marriage,House / apartment,-12880,-4793,1,0,1,0,Core staff,2.0,0,35.26,0,13.12,136250.0,0.37209302325581395,high,adult,senior,2.0
5010677,F,Y,Y,1,230700.0,Commercial associate,Higher education,Married,House / apartment,-13296,-1459,1,0,1,0,Laborers,3.0,0,36.4,0,3.99,76900.0,0.10961538461538463,medium,adult,mid,3.0
5010678,F,N,N,0,269000.0,Commercial associate,Secondary / secondary special,Separated,House / apartment,-20034,-2224,1,0,0,0,,1.0,1,54.85,0,6.09,269000.0,0.11103008204193254,high,adult,mid,1.0
5010679,F,N,N,0,252000.0,Commercial associate,Higher education,Married,House / apartment,-12250,-2961,1,0,0,0,Sales staff,2.0,0,33.54,0,8.11,126000.0,0.24180083482409062,high,youth,mid,1.0
5010680,F,Y,N,0,455200.0,Working,Secondary / secondary special,Civil marriage,House / apartment,-12527,-2674,1,0,1,0,Medicine staff,2.0,0,34.3,0,7.32,227600.0,0.2134110787172012,high,youth,mid,2.0
5010681,F,Y,Y,0,285200.0,Working,Secondary / secondary special,Married,House / apartment,-17722,-8799,1,0,0,0,,2.0,0,48.52,0,24.09,142600.0,0.4964962901896125,high,adult,senior,3.0
5010682,M,N,Y,0,186000.0,Working,Secondary / secondary special,Married,House / apartment,-10836,-985,1,1,0,0,Core staff,2.0,1,29.67,0,2.7,93000.0,0.0910010111223458,medium,youth,entry,2.0
5010683,F,Y,N,0,412300.0,Commercial associate,Higher education,Married,House / apartment,-13969,-723,1,0,0,0,Sales staff,2.0,0,38.25,0,1.98,206150.0,0.05176470588235294,high,adult,entry,2.0
5010684,F,N,Y,0,451700.0,Working,Secondary / secondary special,Married,House / apartment,-8363,-1420,1,0,0,0,Managers,2.0,0,22.9,0,3.89,225850.0,0.1698689956331878,high,youth,mid,2.0
5010685,F,Y,Y,1,125000.0,Working,Higher education,Widow,With parents,-24701,-4666,1,0,0,1,High skill tech staff,2.0,0,67.63,0,12.77,62500.0,0.18882152890728968,medium,senior,senior,2.0
5010686,F,Y,Y,1,525400.0,Pensioner,Secondary / secondary special,Married,House / apartment,-13100,365243,1,1,1,0,,3.0,0,35.87,1,0.0,175133.33333333334,0.0,high,adult,entry,3.0
5010687,F,N,Y,0,293000.0,Working,Secondary / secondary special,Married,House / apartment,-22829,-8806,1,0,0,0,Medicine staff,2.0,0,62.5,0,24.11,146500.0,0.38576,high,senior,senior,2.0
5010688,M,N,N,0,281300.0,State servant,Secondary / secondary special,Married,House / apartment,-16983,-10232,1,0,0,0,,2.0,0,46.5,0,28.01,140650.0,0.6023655913978495,high,adult,senior,1.0
5010689,F,N,Y,0,403800.0,Working,Secondary / secondary special,Married,House / apartment,-11473,-554,1,0,0,0,,2.0,0,31.41,0,1.52,201900.0,0.048392231773320596,high,youth,entry,2.0
5010690,M,Y,Y,2,183900.0,Pensioner,Secondary / secondary special,Married,House / apartment,-10837,365243,1,1,0,0,,4.0,0,29.67,1,0.0,45975.0,0.0,medium,youth,entry,3.0
5010691,M,Y,Y,0,393400.0,Working,Secondary / secondary special,Married,House / apartment,-19997,-4636,1,0,1,1,Core staff,2.0,0,54.75,0,12.69,196700.0,0.23178082191780822,high,adult,senior,3.0
5010692,F,Y,Y,0,202200.0,Pensioner,Higher education,Married,House / apartment,-24926,365243,1,0,0,0,,2.0,0,68.24,1,0.0,101100.0,0.0,medium,senior,entry,3.0
5010693,F,N,Y,0,116800.0,Working,Secondary / secondary special,Married,House / apartment,-10648,-3202,1,0,0,0,Drivers,2.0,0,29.15,0,8.77,58400.0,0.30085763293310464,medium,youth,mid,1.0
5010694,M,N,Y,0,148200.0,Working,Secondary / secondary special,Married,With parents,-9413,-1398,1,0,0,0,,2.0,0,25.77,0,3.83,74100.0,0.14862242918121849,medium,youth,mid,1.0
5010695,F,N,Y,0,324200.0,Working,Secondary / secondary special,Married,House / apartment,-14374,-2109,1,0,1,1,,2.0,0,39.35,0,5.77,162100.0,0.14663278271918678,high,adult,mid,2.0
5010696,F,N,Y,0,152200.0,State servant,Secondary / secondary special,Single / not married,House / apartment,-14497,-6180,1,0,0,1,Medicine staff,1.0,0,39.69,0,16.92,152200.0,0.4263038548752835,medium,adult,senior,2.0
5010697,M,Y,Y,1,546100.0,State servant,Secondary / secondary special,Single / not married,House / apartment,-22029,-573,1,0,1,0,Managers,2.0,0,60.31,0,1.57,273050.0,0.026032167136461615,high,senior,entry,3.0
5010698,F,N,Y,1,442500.0,Working,Incomplete higher,Single / not married,House / apartment,-15868,-5887,1,0,1,0,,2.0,0,43.44,0,16.12,221250.0,0.37108655616942915,high,adult,senior,2.0
5010699,F,N,Y,0,475500.0,Commercial associate,Secondary / secondary special,Widow,House / apartment,-8446,-1298,1,0,1,0,Sales staff,1.0,0,23.12,0,3.55,475500.0,0.15354671280276816,high,youth,mid,2.0
5010700,F,N,Y,0,259800.0,Commercial associate,Higher education,Civil marriage,House / apartment,-24119,-1377,1,0,0,0,,2.0,0,66.03,0,3.77,129900.0,0.05709525973042556,high,senior,mid,2.0
5010701,M,Y,N,0,277700.0,Working,Secondary / secondary special,Married,House / apartment,-14120,-5902,1,0,0,0,,2.0,0,38.66,0,16.16,138850.0,0.4180031039834455,high,adult,senior,2.0
5010702,F,Y,Y,2,134400.0,Working,Secondary / secondary special,Married,Rented apartment,-19514,-3426,1,0,0,0,Laborers,4.0,1,53.43,0,9.38,33600.0,0.1755568032940296,medium,adult,mid,2.0
5010703,F,N,Y,1,401700.0,State servant,Secondary / secondary special,Separated,Rented apartment,-19495,-2336,1,0,0,0,,2.0,0,53.37,0,6.4,200850.0,0.11991755667978266,high,adult,mid,2.0
5010704,F,Y,Y,0,295200.0,Working,Secondary / secondary special,Married,House / apartment,-8334,-1285,1,1,1,0,Managers,2.0,0,22.82,0,3.52,147600.0,0.15425065731814197,high,youth,mid,3.0
5010705,M,Y,N,0,324200.0,Working,Secondary / secondary special,Married,Rented apartment,-7371,-497,1,0,0,0,Sales staff,2.0,0,20.18,0,1.36,162100.0,0.0673934588701685,high,youth,entry,2.0
5010706,F,Y,Y,0,567900.0,Working,Secondary / secondary special,Married,House / apartment,-8913,-605,1,0,0,0,Accountants,2.0,0,24.4,0,1.66,283950.0,0.0680327868852459,high,youth,entry,3.0
5010707,M,N,Y,0,180300.0,Working,Higher education,Widow,House / apartment,-24774,-2691,1,1,1,0,Laborers,1.0,0,67.83,0,7.37,180300.0,0.10865398791095386,medium,senior,mid,2.0
5010708,F,Y,N,0,229200.0,Working,Incomplete higher,Civil marriage,House / apartment,-21805,-8876,1,0,0,0,,2.0,0,59.7,0,24.3,114600.0,0.40703517587939697,medium,senior,senior,2.0
5010709,M,Y,N,2,287400.0,Working,Secondary / secondary special,Married,House / apartment,-9716,-472,1,0,0,0,,4.0,0,26.6,0,1.29,71850.0,0.04849624060150376,high,youth,entry,2.0
5010710,F,Y,N,0,152900.0,Working,Secondary / secondary special,Separated,House / apartment,-18534,-78,1,0,1,0,Laborers,1.0,0,50.74,0,0.21,152900.0,0.00413874655104454,medium,adult,entry,2.0
5010711,F,N,Y,0,222300.0,Working,Secondary / secondary special,Widow,House / apartment,-18481,-2795,1,0,0,0,Accountants,1.0,0,50.6,0,7.65,222300.0,0.15118577075098816,medium,adult,mid,2.0
5010712,M,N,Y,1,312400.0,Working,Secondary / secondary special,Married,Municipal apartment,-7315,-446,1,0,0,0,Accountants,3.0,0,20.03,0,1.22,104133.33333333333,0.06090863704443335,high,youth,entry,2.0
5010713,M,N,Y,0,207500.0,Working,Higher education,Civil marriage,House / apartment,-15141,-1570,1,0,0,0,,2.0,0,41.45,0,4.3,103750.0,0.10373944511459589,medium,adult,mid,2.0
5010714,M,N,N,2,469800.0,Pensioner,Secondary / secondary special,Civil marriage,Office apartment,-20304,365243,1,0,0,1,,4.0,0,55.59,1,0.0,117450.0,0.0,high,senior,entry,1.0
5010715,F,N,Y,0,114700.0,Working,Higher education,Married,House / apartment,-10716,-3673,1,0,0,0,Managers,2.0,0,29.34,0,10.06,57350.0,0.3428766189502386,medium,youth,senior,1.0
5010716,F,Y,Y,2,428000.0,Commercial associate,Secondary / secondary special,Married,House / apartment,-22845,-14863,1,1,0,1,Laborers,4.0,0,62.55,0,40.69,107000.0,0.650519584332534,high,senior,senior,3.0
5010717,F,Y,N,0,339800.0,Working,Secondary / secondary special,Married,House / apartment,-19364,-84,1,0,0,0,Laborers,2.0,0,53.02,0,0.23,169900.0,0.004337985665786495,high,adult,entry,2.0
5010718,F,Y,N,0,183700.0,Working,Secondary / secondary special,Married,House / apartment,-7431,-620,1,0,0,0,,2.0,0,20.34,0,1.7,91850.0,0.08357915437561456,medium,youth,entry,2.0
5010719,F,Y,N,0,153800.0,Working,Higher education,Separated,House / apartment,-22918,-14967,1,0,0,0,,1.0,1,62.75,0,40.98,153800.0,0.6530677290836653,medium,senior,senior,2.0
5010720,F,Y,N,0,86300.0,Commercial associate,Secondary / secondary special,Married,House / apartment,-7659,-106,1,0,0,0,Managers,2.0,0,20.97,0,0.29,43150.0,0.013829279923700524,low,youth,entry,1.0
5010721,F,N,N,0,164000.0,Pensioner,Secondary / secondary special,Married,House / apartment,-23521,365243,1,1,1,0,,2.0,0,64.4,1,0.0,82000.0,0.0,medium,senior,entry,1.0
5010722,F,N,Y,2,412100.0,Working,Secondary / secondary special,Separated,House / apartment,-13400,-1287,1,0,1,0,Core staff,3.0,0,36.69,0,3.52,137366.66666666666,0.09593894794221859,high,adult,mid,2.0
5010723,F,N,N,1,237400.0,Working,Secondary / secondary special,Widow,House / apartment,-20064,-4796,1,1,0,0,Managers,2.0,0,54.93,0,13.13,118700.0,0.2390314946295285,medium,adult,senior,1.0
5010724,F,N,N,0,436700.0,Commercial associate,Secondary / secondary special,Married,House / apartment,-21685,-12923,1,0,0,0,,2.0,0,59.37,0,35.38,218350.0,0.5959238672730336,high,senior,senior,1.0
5010725,M,Y,Y,0,179100.0,Working,Higher education,Separated,House / apartment,-12442,-384,1,0,1,0,Laborers,1.0,0,34.06,0,1.05,179100.0,0.03082795067527892,medium,youth,entry,3.0
5010726,F,Y,Y,1,347700.0,Commercial associate,Higher education,Married,Rented apartment,-13814,-489,1,0,0,0,High skill tech staff,3.0,0,37.82,0,1.34,115900.0,0.035430988894764676,high,adult,entry,3.0
5010727,F,N,N,1,170500.0,Working,Higher education,Married,House / apartment,-16611,-2201,1,0,0,0,,3.0,0,45.48,0,6.03,56833.333333333336,0.13258575197889183,medium,adult,mid,1.0
5010728,F,N,Y,0,150600.0,Commercial associate,Higher education,Single / not married,House / apartment,-17946,365243,1,1,1,0,,1.0,0,49.13,1,0.0,150600.0,0.0,medium,adult,entry,2.0
5010729,M,Y,N,2,231400.0,Working,Higher education,Single / not married,House / apartment,-12638,-5878,1,1,0,0,Laborers,3.0,0,34.6,0,16.09,77133.33333333333,0.46502890173410405,medium,youth,senior,2.0
5010730,F,N,Y,0,175100.0,Working,Higher education,Single / not married,House / apartment,-25429,-5641,1,0,0,0,Sales staff,1.0,0,69.62,0,15.44,175100.0,0.22177535191037057,medium,senior,senior,2.0
5010731,F,N,Y,0,112900.0,Commercial associate,Secondary / secondary special,Married,House / apartment,-20765,-9632,1,0,0,0,Low-skill Laborers,2.0,0,56.85,0,26.37,56450.0,0.46385224274406334,medium,senior,senior,1.0
5010732,F,N,Y,0,222900.0,Working,Secondary / secondary special,Married,House / apartment,-12312,-4855,1,0,1,0,Laborers,2.0,0,33.71,0,13.29,111450.0,0.3942450311480273,medium,youth,senior,2.0
5010733,M,N,Y,1,257500.0,Working,Lower secondary,Separated,House / apartment,-19001,-1885,1,1,0,0,High skill tech staff,2.0,0,52.02,0,5.16,128750.0,0.09919261822376009,high,adult,mid,2.0
5010734,F,Y,Y,0,460300.0,Working,Secondary / secondary special,Married,House / apartment,-15256,-6374,1,0,0,0,Medicine staff,2.0,0,41.77,0,17.45,230150.0,0.4177639454153698,high,adult,senior,3.0
5010735,F,Y,Y,0,390000.0,Working,Higher education,Married,House / apartment,-23017,-6455,1,0,0,0,Core staff,2.0,0,63.02,0,17.67,195000.0,0.28038717867343704,high,senior,senior,3.0
5010736,F,N,Y,0,449300.0,Working,Secondary / secondary special,Civil marriage,House / apartment,-13312,-6154,1,1,0,0,,2.0,0,36.45,0,16.85,224650.0,0.46227709190672156,high,adult,senior,2.0
5010737,F,Y,Y,0,350000.0,State servant,Higher education,Married,House / apartment,-10736,-2555,1,0,0,0,,2.0,0,29.39,0,7.0,175000.0,0.23817625042531473,high,youth,mid,3.0
5010738,F,N,Y,0,288300.0,Commercial associate,Secondary / secondary special,Married,House / apartment,-8148,-366,1,0,0,0,Sales staff,2.0,0,22.31,0,1.0,144150.0,0.04482294935006724,high,youth,entry,2.0
5010739,F,N,Y,0,132100.0,Working,Secondary / secondary special,Married,House / apartment,-25281,-153,1,1,1,0,Laborers,2.0,0,69.22,0,0.42,66050.0,0.006067610517191563,medium,senior,entry,1.0
5010740,M,Y,N,0,263100.0,Pensioner,Secondary / secondary special,Civil marriage,House / apartment,-13865,365243,1,0,1,0,,2.0,0,37.96,1,0.0,131550.0,0.0,high,adult,entry,2.0
5010741,F,N,Y,0,329000.0,Working,Secondary / secondary special,Widow,House / apartment,-11332,-4094,1,0,1,0,Cooking staff,1.0,0,31.03,0,11.21,329000.0,0.36126329358685144,high,youth,senior,2.0
5010742,F,N,Y,1,505900.0,Commercial associate,Higher education,Married,House / apartment,-16286,-6168,1,0,0,1,Laborers,3.0,0,44.59,0,16.89,168633.33333333334,0.37878448082529714,high,adult,senior,2.0
5010743,M,Y,Y,0,344100.0,Working,Secondary / secondary special,Married,House / apartment,-12631,-1736,1,0,0,0,,2.0,0,34.58,0,4.75,172050.0,0.13736263736263737,high,youth,mid,3.0
5010744,M,N,Y,1,453900.0,Commercial associate,Higher education,Married,House / apartment,-11558,-247,1,0,0,0,Cleaning staff,3.0,0,31.64,0,0.68,151300.0,0.02149178255372946,high,youth,entry,2.0
5010745,M,N,Y,0,145700.0,Commercial associate,Secondary / secondary special,Civil marriage,House / apartment,-18562,-4243,1,0,0,0,Accountants,2.0,0,50.82,0,11.62,72850.0,0.2286501377410468,medium,adult,senior,1.0
5010746,F,N,Y,0,207400.0,Commercial associate,Higher education,Married,House / apartment,-8672,-760,1,0,1,0,Managers,2.0,0,23.74,0,2.08,103700.0,0.08761583824768325,medium,youth,entry,2.0
5010747,F,Y,N,0,302600.0,Working,Secondary / secondary special,Single / not married,House / apartment,-16600,-5484,1,0,0,0,Managers,1.0,0,45.45,0,15.01,302600.0,0.3302530253025302,high,adult,senior,2.0
5010748,F,N,N,0,436200.0,Working,Secondary / secondary special,Married,House / apartment,-14380,-1409,1,0,1,0,Core staff,2.0,0,39.37,0,3.86,218100.0,0.09804419608839218,high,adult,mid,1.0
5010749,F,N,N,0,227000.0,Working,Secondary / secondary special,Married,House / apartment,-17030,-4807,1,1,0,0,Medicine staff,2.0,0,46.63,0,13.16,113500.0,0.2822217456573022,medium,adult,senior,1.0
5010750,F,Y,Y,1,234300.0,Working,Lower secondary,Civil marriage,House / apartment,-13157,-2856,1,0,0,0,Drivers,3.0,0,36.02,0,7.82,78100.0,0.21710161021654636,medium,adult,mid,3.0
5010751,M,Y,Y,2,344200.0,Working,Secondary / secondary special,Married,House / apartment,-17720,-2673,1,0,0,0,Accountants,4.0,0,48.51,0,7.32,86050.0,0.15089672232529378,high,adult,mid,3.0
5010752,M,N,Y,0,139000.0,Commercial associate,Secondary / secondary special,Civil marriage,House / apartment,-8799,-799,1,1,0,0,High skill tech staff,2.0,0,24.09,0,2.19,69500.0,0.09090909090909091,medium,youth,entry,1.0
5010753,F,Y,N,0,545300.0,Pensioner,Secondary / secondary special,Married,House / apartment,-14175,365243,1,0,0,0,,2.0,0,38.81,1,0.0,272650.0,0.0,high,adult,entry,2.0
5010754,M,N,N,2,157300.0,Working,Secondary / secondary special,Married,House / apartment,-11642,-759,1,1,0,1,,4.0,0,31.87,0,2.08,39325.0,0.06526513962974584,medium,youth,entry,1.0
5010755,M,N,Y,0,93500.0,Working,Higher education,Married,House / apartment,-15306,-3352,1,0,0,0,Sales staff,2.0,0,41.91,0,9.18,46750.0,0.21904080171796708,low,adult,mid,1.0
5010756,F,N,Y,0,245400.0,Pensioner,Secondary / secondary special,Married,Office apartment,-14580,365243,1,1,0,0,,2.0,0,39.92,1,0.0,122700.0,0.0,medium,adult,entry,2.0
5010757,F,Y,Y,2,570700.0,Pensioner,Secondary / secondary special,Married,House / apartment,-18832,365243,1,0,0,0,,4.0,0,51.56,1,0.0,142675.0,0.0,high,adult,entry,3.0
5010758,F,N,N,2,327300.0,Working,Higher education,Single / not married,House / apartment,-18788,-10788,1,1,0,0,HR staff,3.0,0,51.44,0,29.54,109100.0,0.5742612752721618,high,adult,senior,1.0
5010759,F,Y,N,0,355400.0,Working,Secondary / secondary special,Married,House / apartment,-14854,-8220,1,0,0,0,Core staff,2.0,0,40.67,0,22.51,177700.0,0.553479223014507,high,adult,senior,2.0
5010760,F,N,Y,0,249200.0,Commercial associate,Higher education,Civil marriage,House / apartment,-10622,-2195,1,0,0,0,,2.0,0,29.08,0,6.01,124600.0,0.20667125171939477,medium,youth,mid,2.0
5010761,F,N,N,0,226200.0,Pensioner,Secondary / secondary special,Married,House / apartment,-17932,365243,1,0,0,0,,2.0,0,49.1,1,0.0,113100.0,0.0,medium,adult,entry,1.0
5010762,F,N,Y,1,112800.0,Working,Incomplete higher,Married,House / apartment,-24956,-17191,1,0,0,1,,3.0,0,68.33,0,47.07,37600.0,0.6888628713595786,medium,senior,senior,1.0
5010763,F,N,N,2,78900.0,Commercial associate,Secondary / secondary special,Married,House / apartment,-10692,-1299,1,0,0,0,,4.0,0,29.27,0,3.56,19725.0,0.12162623846942262,low,youth,mid,0.0
5010764,M,N,N,0,269300.0,Commercial associate,Higher education,Civil marriage,House / apartment,-8566,-1123,1,0,1,0,Cooking staff,2.0,0,23.45,0,3.07,134650.0,0.13091684434968018,high,youth,mid,1.0
5010765,F,Y,N,1,470600.0,Working,Secondary / secondary special,Married,House / apartment,-12137,-5178,1,0,1,0,Laborers,3.0,0,33.23,0,14.18,156866.66666666666,0.4267228408065002,high,youth,senior,2.0
5010766,F,N,Y,1,290000.0,Commercial associate,Secondary / secondary special,Married,House / apartment,-14846,-7607,1,0,0,0,Accountants,3.0,0,40.65,0,20.83,96666.66666666667,0.5124231242312423,high,adult,senior,2.0
5010767,F,N,Y,0,333500.0,Working,Secondary / secondary special,Married,House / apartment,-12897,-4388,1,0,0,0,Cooking staff,2.0,0,35.31,0,12.01,166750.0,0.3401302747097139,high,adult,senior,2.0
5010768,F,Y,Y,1,538900.0,Commercial associate,Secondary / secondary special,Married,House / apartment,-22549,-6385,1,0,0,0,Core staff,3.0,0,61.74,0,17.48,179633.33333333334,0.28312277291869126,high,senior,senior,3.0
5010769,F,Y,Y,0,287800.0,Working,Secondary / secondary special,Married,House / apartment,-16309,-4233,1,0,0,1,Managers,2.0,0,44.65,0,11.59,143900.0,0.25957446808510637,high,adult,senior,3.0
5010770,M,N,N,0,229600.0,Working,Secondary / secondary special,Married,House / apartment,-11800,-5105,1,0,0,0,High skill tech staff,2.0,0,32.31,0,13.98,114800.0,0.43268337975858867,medium,youth,senior,1.0
5010771,F,Y,Y,0,162100.0,Commercial associate,Lower secondary,Married,House / apartment,-24658,-3763,1,0,1,0,Managers,2.0,1,67.51,0,10.3,81050.0,0.15256998963116575,medium,senior,senior,3.0
5010772,M,N,Y,1,671000.0,Commercial associate,Secondary / secondary special,Married,House / apartment,-9589,-1849,1,0,0,0,Cleaning staff,3.0,0,26.25,0,5.06,223666.66666666666,0.19276190476190475,high,youth,mid,2.0
5010773,M,N,N,0,317700.0,State servant,Secondary / secondary special,Single / not married,House / apartment,-9550,-1890,1,0,0,0,Laborers,1.0,0,26.15,0,5.17,317700.0,0.1977055449330784,high,youth,mid,1.0
5010774,M,Y,Y,0,152300.0,Working,Secondary / secondary special,Civil marriage,House / apartment,-11785,-643,1,0,0,0,High skill tech staff,2.0,0,32.27,0,1.76,76150.0,0.054539820266501386,medium,youth,entry,3.0
5010775,F,N,Y,1,135900.0,Working,Secondary / secondary special,Married,House / apartment,-8707,-1597,1,0,1,0,Drivers,3.0,0,23.84,0,4.37,45300.0,0.18330536912751677,medium,youth,mid,1.0
5010776,M,Y,Y,0,456800.0,State servant,Secondary / secondary special,Married,House / apartment,-21032,-1277,1,0,1,0,Laborers,2.0,0,57.58,0,3.5,228400.0,0.06078499478985759,high,senior,mid,3.0
5010777,F,N,Y,2,145300.0,Commercial associate,Incomplete higher,Married,House / apartment,-13018,-6001,1,1,0,0,Laborers,4.0,1,35.64,0,16.43,36325.0,0.4609988776655443,medium,adult,senior,1.0
5010778,M,N,Y,0,616900.0,State servant,Higher education,Civil marriage,House / apartment,-20634,-9429,1,0,0,1,Security staff,2.0,0,56.49,0,25.82,308450.0,0.45707204815011504,high,senior,senior,2.0
5010779,F,N,N,0,61500.0,Working,Secondary / secondary special,Married,House / apartment,-21234,-8899,1,0,0,0,,2.0,0,58.14,0,24.36,30750.0,0.41898864809081526,low,senior,senior,0.0
5010780,M,N,Y,0,497200.0,Working,Secondary / secondary special,Married,With parents,-11643,365243,1,0,1,0,,2.0,0,31.88,1,0.0,248600.0,0.0,high,youth,entry,2.0
5010781,F,N,N,2,311400.0,Working,Secondary / secondary special,Separated,House / apartment,-16772,-7456,1,0,0,0,Accountants,3.0,0,45.92,0,20.41,103800.0,0.4444686411149826,high,adult,senior,1.0
5010782,F,N,Y,0,259000.0,Pensioner,Secondary / secondary special,Widow,Rented apartment,-16794,365243,1,1,1,0,,1.0,0,45.98,1,0.0,259000.0,0.0,high,adult,entry,2.0
5010783,F,Y,Y,0,223600.0,Pensioner,Secondary / secondary special,Civil marriage,House / apartment,-23218,365243,1,1,0,0,,2.0,0,63.57,1,0.0,111800.0,0.0,medium,senior,entry,3.0
5010784,M,Y,Y,1,628300.0,Working,Higher education,Widow,House / apartment,-7773,-5,1,0,1,0,Laborers,2.0,0,21.28,0,0.01,314150.0,0.00046992481203007516,high,youth,entry,3.0
5010785,F,N,Y,0,347700.0,Working,Secondary / secondary special,Civil marriage,House / apartment,-13091,-5341,1,0,0,0,Sales staff,2.0,0,35.84,0,14.62,173850.0,0.4079241071428571,high,adult,senior,2.0
5010786,F,N,Y,2,155400.0,Working,Higher education,Single / not married,House / apartment,-23421,-11948,1,1,0,0,,3.0,0,64.12,0,32.71,51800.0,0.5101372426699937,medium,senior,senior,2.0
5010787,F,N,Y,1,103400.0,Commercial associate,Secondary / secondary special,Married,House / apartment,-11630,-3616,1,0,0,0,Sales staff,3.0,0,31.84,0,9.9,34466.666666666664,0.31092964824120606,medium,youth,mid,1.0
5010788,M,N,Y,0,266800.0,Working,Secondary / secondary special,Separated,House / apartment,-9805,-1069,1,1,0,0,Drivers,1.0,0,26.84,0,2.93,266800.0,0.10916542473919524,high,youth,entry,2.0
5010789,M,Y,Y,0,244000.0,Commercial associate,Higher education,Civil marriage,House / apartment,-17827,-7264,1,0,1,0,,2.0,0,48.81,0,19.89,122000.0,0.4074984634296251,medium,adult,senior,3.0
5010790,F,N,Y,0,114200.0,Working,Secondary / secondary special,Married,House / apartment,-12891,-1156,1,0,0,0,,2.0,0,35.29,0,3.16,57100.0,0.08954378010767923,medium,adult,mid,1.0
5010791,F,N,Y,0,237500.0,Working,Secondary / secondary special,Married,House / apartment,-15839,-9185,1,0,0,0,,2.0,0,43.36,0,25.15,118750.0,0.5800276752767527,medium,adult,senior,2.0
5010792,F,Y,N,1,183200.0,Working,Secondary / secondary special,Married,House / apartment,-22280,-933,1,0,1,0,Managers,3.0,0,61.0,0,2.55,61066.666666666664,0.041803278688524584,medium,senior,entry,2.0
5010793,F,Y,N,2,245300.0,Commercial associate,Secondary / secondary special,Separated,House / apartment,-16814,-1771,1,1,1,0,Managers,3.0,0,46.03,0,4.85,81766.66666666667,0.10536606560938518,medium,adult,mid,2.0
5010794,F,N,Y,0,351000.0,Working,Secondary / secondary special,Married,House / apartment,-16726,-2822,1,0,0,0,Core staff,2.0,0,45.79,0,7.73,175500.0,0.1688141515614763,high,adult,mid,2.0
5010795,M,Y,Y,0,514900.0,Pensioner,Secondary / secondary special,Married,House / apartment,-12385,365243,1,0,0,0,,2.0,0,33.91,1,0.0,257450.0,0.0,high,youth,entry,3.0
5010796,F,Y,N,0,384600.0,Commercial associate,Secondary / secondary special,Married,House / apartment,-21785,-5751,1,0,1,0,Sales staff,2.0,0,59.64,0,15.75,192300.0,0.2640845070422535,high,senior,senior,2.0
5010797,M,Y,Y,0,170200.0,Working,Higher education,Widow,House / apartment,-20816,-8522,1,0,0,0,Sales staff,1.0,0,56.99,0,23.33,170200.0,0.4093700649236708,medium,senior,senior,3.0
5010798,F,N,N,0,293600.0,Working,Secondary / secondary special,Married,House / apartment,-11581,-1924,1,0,0,0,Laborers,2.0,0,31.71,0,5.27,146800.0,0.1661936297697887,high,youth,mid,1.0
5010799,F,N,Y,0,252000.0,Pensioner,Secondary / secondary special,Married,House / apartment,-13149,365243,1,0,0,0,,2.0,0,36.0,1,0.0,126000.0,0.0,high,adult,entry,2.0
5010800,F,N,N,0,125400.0,Working,Secondary / secondary special,Married,House / apartment,-21707,-14979,1,1,0,0,,2.0,0,59.43,0,41.01,62700.0,0.6900555275113579,medium,senior,senior,0.0
5010801,M,N,Y,0,297900.0,Working,Secondary / secondary special,Married,House / apartment,-13838,-6222,1,0,0,0,Core staff,2.0,0,37.89,0,17.03,148950.0,0.4494589601477963,high,adult,senior,2.0
5010802,M,Y,N,1,617700.0,State servant,Secondary / secondary special,Married,House / apartment,-14675,-2666,1,0,1,1,Laborers,3.0,0,40.18,0,7.3,205900.0,0.18168242906918866,high,adult,mid,2.0
5010803,M,N,Y,0,248100.0,Commercial associate,Secondary / secondary special,Married,House / apartment,-13960,-4660,1,1,1,0,,2.0,0,38.22,0,12.76,124050.0,0.3338566195709053,medium,adult,senior,2.0
5010804,M,Y,Y,1,110000.0,Commercial associate,Secondary / secondary special,Married,House / apartment,-10257,-3022,1,0,1,1,Sales staff,3.0,0,28.08,0,8.27,36666.666666666664,0.29451566951566954,medium,youth,mid,2.0
5010805,M,Y,Y,0,247900.0,Working,Secondary / secondary special,Married,With parents,-13531,-171,1,0,1,0,Medicine staff,2.0,0,37.05,0,0.47,123950.0,0.012685560053981106,medium,adult,entry,3.0
5010806,F,N,Y,1,133100.0,Pensioner,Higher education,Married,House / apartment,-21969,365243,1,0,1,0,,3.0,0,60.15,1,0.0,44366.666666666664,0.0,medium,senior,entry,1.0
5010807,M,N,N,0,376000.0,Working,Higher education,Married,House / apartment,-16273,-5924,1,0,0,0,High skill tech staff,2.0,0,44.55,0,16.22,188000.0,0.36408529741863077,high,adult,senior,1.0
5010808,M,Y,Y,1,317400.0,Working,Secondary / secondary special,Separated,House / apartment,-15673,-5718,1,0,1,0,High skill tech staff,2.0,0,42.91,0,15.66,158700.0,0.3649498951293405,high,adult,senior,3.0
5010809,F,Y,N,1,224100.0,Working,Secondary / secondary special,Married,House / apartment,-10160,-1955,1,0,0,0,Laborers,3.0,0,27.82,0,5.35,74700.0,0.1923076923076923,medium,youth,mid,2.0
5010810,F,N,Y,0,206900.0,Working,Secondary / secondary special,Married,House / apartment,-10548,-1735,1,1,0,0,Core staff,2.0,0,28.88,0,4.75,103450.0,0.16447368421052633,medium,youth,mid,2.0
5010811,F,Y,N,0,219600.0,State servant,Secondary / secondary special,Married,House / apartment,-8089,-1234,1,0,0,0,,2.0,0,22.15,0,3.38,109800.0,0.1525959367945824,medium,youth,mid,2.0
5010812,M,Y,Y,2,245100.0,Commercial associate,Secondary / secondary special,Married,With parents,-7560,-704,1,0,0,0,,4.0,0,20.7,0,1.93,61275.0,0.09323671497584542,medium,youth,entry,3.0
5010813,F,Y,N,1,165900.0,Commercial associate,Incomplete higher,Married,House / apartment,-16217,-3361,1,0,1,0,Laborers,3.0,0,44.4,0,9.2,55300.0,0.2072072072072072,medium,adult,mid,2.0
5010814,M,Y,N,2,122000.0,State servant,Secondary / secondary special,Married,House / apartment,-14779,-3617,1,1,1,0,Drivers,4.0,0,40.46,0,9.9,30500.0,0.24468610973801286,medium,adult,mid,1.0
5010815,M,N,Y,1,431400.0,Working,Higher education,Single / not married,House / apartment,-12334,-4458,1,0,0,0,Core staff,2.0,0,33.77,0,12.21,215700.0,0.36156351791530944,high,youth,senior,2.0
5010816,F,Y,N,0,201300.0,Working,Secondary / secondary special,Married,House / apartment,-25386,-9988,1,0,0,1,Laborers,2.0,0,69.5,0,27.35,100650.0,0.3935251798561151,medium,senior,senior,2.0
5010817,M,Y,N,0,265400.0,Commercial associate,Secondary / secondary special,Married,House / apartment,-14573,-1983,1,0,0,0,Core staff,2.0,0,39.9,0,5.43,132700.0,0.13609022556390976,high,adult,mid,2.0
5010818,F,N,Y,0,281600.0,Working,Secondary / secondary special,Separated,Municipal apartment,-21711,-2566,1,0,1,0,Security staff,1.0,1,59.44,0,7.03,281600.0,0.11827052489905789,high,senior,mid,2.0
5010819,F,N,Y,2,286800.0,Working,Higher education,Married,House / apartment,-11150,-2197,1,0,0,1,,4.0,0,30.53,0,6.02,71700.0,0.19718309859154928,high,youth,mid,2.0
5010820,M,Y,Y,0,135700.0,Working,Secondary / secondary special,Single / not married,House / apartment,-11817,-1335,1,0,0,0,Core staff,1.0,0,32.35,0,3.66,135700.0,0.11313755795981453,medium,youth,mid,2.0
5010821,F,Y,N,0,105600.0,Working,Secondary / secondary special,Married,House / apartment,-17685,-5658,1,0,0,0,Accountants,2.0,0,48.42,0,15.49,52800.0,0.31990912845931435,medium,adult,senior,1.0
5010822,M,Y,Y,1,181900.0,Working,Secondary / secondary special,Married,House / apartment,-7379,-423,1,1,1,0,Managers,3.0,0,20.2,0,1.16,60633.333333333336,0.05742574257425742,medium,youth,entry,3.0
5010823,F,N,Y,1,297500.0,Working,Higher education,Married,House / apartment,-7623,-1018,1,0,0,0,Accountants,3.0,0,20.87,0,2.79,99166.66666666667,0.1336847149017729,high,youth,entry,2.0
5010824,F,N,Y,0,169600.0,Working,Higher education,Married,House / apartment,-9902,-2330,1,0,0,0,Laborers,2.0,0,27.11,0,6.38,84800.0,0.23533751383253412,medium,youth,mid,2.0
5010825,F,N,Y,0,204400.0,Working,Secondary / secondary special,Separated,House / apartment,-11380,-2132,1,0,0,0,Laborers,1.0,0,31.16,0,5.84,204400.0,0.18741976893453144,medium,youth,mid,2.0
5010826,F,N,N,0,707200.0,Working,Secondary / secondary special,Married,House / apartment,-16945,-7969,1,1,0,0,Managers,2.0,0,46.39,0,21.82,353600.0,0.47035999137745205,high,adult,senior,1.0
5010827,M,N,N,0,97000.0,Working,Incomplete higher,Married,House / apartment,-19837,-7312,1,1,0,0,,2.0,0,54.31,0,20.02,48500.0,0.36862456269563615,low,adult,senior,0.0
5010828,F,N,Y,1,167400.0,State servant,Higher education,Married,House / apartment,-13001,-6144,1,0,1,0,,3.0,0,35.59,0,16.82,55800.0,0.4726046642315257,medium,adult,senior,2.0
5010829,M,N,Y,0,630200.0,State servant,Secondary / secondary special,Married,House / apartment,-11671,-1908,1,0,1,0,Laborers,2.0,0,31.95,0,5.22,315100.0,0.16338028169014085,high,youth,mid,2.0
5010830,F,Y,N,1,238700.0,Commercial associate,Higher education,Single / not married,House / apartment,-22332,-3760,1,0,0,0,Cooking staff,2.0,0,61.14,0,10.29,119350.0,0.16830225711481844,medium,senior,senior,2.0
5010831,F,N,Y,1,171500.0,State servant,Secondary / secondary special,Married,House / apartment,-10278,-1609,1,0,0,0,,3.0,0,28.14,0,4.41,57166.666666666664,0.15671641791044777,medium,youth,mid,2.0
5010832,M,Y,Y,0,437900.0,State servant,Secondary / secondary special,Single / not married,House / apartment,-19693,-11875,1,1,0,0,Cooking staff,1.0,0,53.92,0,32.51,437900.0,0.6029302670623145,high,adult,senior,3.0
5010833,F,Y,Y,0,251000.0,Working,Secondary / secondary special,Civil marriage,House / apartment,-24313,-4680,1,0,1,0,Laborers,2.0,0,66.57,0,12.81,125500.0,0.19242902208201895,high,senior,senior,3.0
5010834,M,N,Y,0,205100.0,Working,Secondary / secondary special,Married,House / apartment,-11546,-1292,1,0,1,0,Drivers,2.0,0,31.61,0,3.54,102550.0,0.11198987662132237,medium,youth,mid,2.0
5010835,F,Y,Y,0,268800.0,State servant,Higher education,Married,House / apartment,-8893,-1394,1,0,0,0,Laborers,2.0,0,24.35,0,3.82,134400.0,0.1568788501026694,high,youth,mid,3.0
5010836,F,N,N,0,175700.0,Commercial associate,Secondary / secondary special,Married,House / apartment,-25198,-2692,1,0,1,0,,2.0,0,68.99,0,7.37,87850.0,0.10682707638788232,medium,senior,mid,1.0
5010837,F,N,Y,1,146800.0,Working,Secondary / secondary special,Married,House / apartment,-12250,-399,1,0,0,0,Managers,3.0,0,33.54,0,1.09,48933.333333333336,0.03249850924269529,medium,youth,entry,1.0
5010838,F,N,N,0,230700.0,Commercial associate,Higher education,Married,House / apartment,-12339,-1382,1,0,0,0,,2.0,0,33.78,0,3.78,115350.0,0.11190053285968027,medium,youth,mid,1.0
5010839,M,N,Y,1,147300.0,Working,Higher education,Widow,House / apartment,-16140,-7569,1,0,0,1,Laborers,2.0,0,44.19,0,20.72,73650.0,0.4688843629780493,medium,adult,senior,1.0
5010840,M,Y,Y,0,245400.0,Working,Secondary / secondary special,Married,House / apartment,-11525,-3317,1,1,1,0,Laborers,2.0,0,31.55,0,9.08,122700.0,0.287797147385103,medium,youth,mid,3.0
5010841,M,N,N,0,291500.0,Working,Secondary / secondary special,Married,House / apartment,-25437,-12416,1,0,0,0,Private service staff,2.0,0,69.64,0,33.99,145750.0,0.4880815623205055,high,senior,senior,1.0
5010842,M,N,Y,2,374000.0,Working,Higher education,Married,House / apartment,-8090,-916,1,0,0,0,,4.0,0,22.15,0,2.51,93500.0,0.11331828442437923,high,youth,entry,2.0
5010843,M,N,Y,0,429100.0,Working,Higher education,Married,House / apartment,-15550,-2966,1,0,0,0,,2.0,0,42.57,0,8.12,214550.0,0.19074465586093492,high,adult,mid,2.0
5010844,F,N,Y,0,199300.0,Pensioner,Higher education,Married,House / apartment,-17319,365243,1,1,0,0,,2.0,0,47.42,1,0.0,99650.0,0.0,medium,adult,entry,2.0
5010845,F,Y,Y,0,313400.0,Working,Secondary / secondary special,Married,House / apartment,-15833,-3999,1,0,0,0,Sales staff,2.0,0,43.35,0,10.95,156700.0,0.25259515570934254,high,adult,senior,3.0
5010846,F,N,N,0,312300.0,Working,Secondary / secondary special,Married,House / apartment,-16811,-9548,1,0,0,0,,2.0,0,46.03,0,26.14,156150.0,0.5678905061916142,high,adult,senior,1.0
5010847,M,Y,Y,1,287600.0,Working,Higher education,Married,House / apartment,-25341,-15120,1,0,0,0,Managers,3.0,0,69.38,0,41.4,95866.66666666667,0.5967137503603344,high,senior,senior,3.0
5010848,F,N,N,0,192100.0,Commercial associate,Higher education,Married,House / apartment,-23319,-5682,1,0,1,0,Sales staff,2.0,0,63.84,0,15.56,96050.0,0.243734335839599,medium,senior,senior,1.0
5010849,F,Y,Y,0,146000.0,State servant,Secondary / secondary special,Separated,House / apartment,-12938,-3738,1,1,1,0,Sales staff,1.0,0,35.42,0,10.23,146000.0,0.2888198757763975,medium,adult,senior,2.0
5010850,M,N,Y,0,313800.0,Working,Secondary / secondary special,Married,House / apartment,-17376,-5379,1,1,0,0,Sales staff,2.0,0,47.57,0,14.73,156900.0,0.30964893840655877,high,adult,senior,2.0
5010851,F,Y,N,2,104000.0,Working,Higher education,Civil marriage,House / apartment,-7311,-255,1,0,1,0,Laborers,4.0,0,20.02,0,0.7,26000.0,0.03496503496503496,medium,youth,entry,1.0
5010852,F,Y,N,0,213500.0,Working,Secondary / secondary special,Married,House / apartment,-14785,-3199,1,0,1,1,High skill tech staff,2.0,0,40.48,0,8.76,106750.0,0.21640316205533597,medium,adult,mid,2.0
5010853,M,N,Y,0,68100.0,Commercial associate,Secondary / secondary special,Single / not married,House / apartment,-10298,-500,1,0,0,0,Laborers,1.0,1,28.19,0,1.37,68100.0,0.048598793898545586,low,youth,entry,1.0
5010854,F,N,Y,0,125100.0,Working,Secondary / secondary special,Married,With parents,-20296,-3077,1,1,0,0,Low-skill Laborers,2.0,1,55.57,0,8.42,62550.0,0.15152060464279288,medium,senior,mid,1.0
5010855,F,N,Y,0,157500.0,Working,Secondary / secondary special,Civil marriage,House / apartment,-11343,-2639,1,0,0,0,,2.0,1,31.06,0,7.23,78750.0,0.2327752736638764,medium,youth,mid,2.0
5010856,M,N,Y,0,422500.0,Working,Secondary / secondary special,Civil marriage,House / apartment,-20982,-13146,1,0,0,0,Laborers,2.0,0,57.45,0,35.99,211250.0,0.6264577893820714,high,senior,senior,2.0
5010857,F,N,N,0,344400.0,Working,Secondary / secondary special,Single / not married,House / apartment,-13024,-3420,1,0,1,0,Managers,1.0,0,35.66,0,9.36,344400.0,0.26247896803140774,high,adult,mid,1.0
5010858,F,N,N,0,185100.0,Pensioner,Secondary / secondary special,Civil marriage,House / apartment,-24213,365243,1,0,0,0,,2.0,0,66.29,1,0.0,92550.0,0.0,medium,senior,entry,1.0
5010859,F,Y,Y,0,351600.0,Working,Incomplete higher,Married,House / apartment,-15439,-8566,1,0,0,0,Low-skill Laborers,2.0,0,42.27,0,23.45,175800.0,0.55476697421339,high,adult,senior,3.0
5010860,F,N,N,0,380500.0,Working,Higher education,Married,House / apartment,-22637,-12167,1,0,0,0,Core staff,2.0,0,61.98,0,33.31,190250.0,0.5374314294933851,high,senior,senior,1.0
5010861,F,Y,Y,2,225300.0,Pensioner,Higher education,Married,House / apartment,-18777,365243,1,1,0,0,,4.0,0,51.41,1,0.0,56325.0,0.0,medium,adult,entry,3.0
5010862,F,N,Y,1,122200.0,Pensioner,Higher education,Married,House / apartment,-25155,365243,1,1,0,0,,3.0,0,68.87,1,0.0,40733.333333333336,0.0,medium,senior,entry,1.0
5010863,F,N,Y,0,220000.0,Working,Secondary / secondary special,Married,Rented apartment,-20869,-3392,1,0,0,0,Core staff,2.0,0,57.14,0,9.29,110000.0,0.1625831291564578,medium,senior,mid,2.0
5010864,M,N,N,0,232500.0,State servant,Secondary / secondary special,Married,House / apartment,-20595,-8952,1,0,1,0,,2.0,0,56.39,0,24.51,116250.0,0.434651533959922,medium,senior,senior,1.0
5010865,F,N,N,0,131800.0,Commercial associate,Secondary / secondary special,Married,House / apartment,-12142,-1737,1,1,1,0,Low-skill Laborers,2.0,0,33.24,0,4.76,65900.0,0.14320096269554752,medium,youth,mid,0.0
5010866,F,N,Y,1,293300.0,Working,Secondary / secondary special,Married,House / apartment,-16525,-8246,1,0,0,0,Cleaning staff,3.0,0,45.24,0,22.58,97766.66666666667,0.4991158267020335,high,adult,senior,2.0
5010867,F,N,Y,0,280800.0,Working,Secondary / secondary special,Married,House / apartment,-12603,-5538,1,0,0,0,,2.0,0,34.51,0,15.16,140400.0,0.4392929585627355,high,youth,senior,2.0
5010868,M,Y,N,1,305000.0,Working,Secondary / secondary special,Married,House / apartment,-7657,-103,1,1,1,0,,3.0,0,20.96,0,0.28,101666.66666666667,0.0133587786259542,high,youth,entry,2.0
5010869,F,N,Y,0,280700.0,Working,Lower secondary,Married,House / apartment,-20282,-6754,1,0,0,0,Drivers,2.0,0,55.53,0,18.49,140350.0,0.33297316765712226,high,senior,senior,2.0
5010870,M,Y,Y,0,351600.0,Working,Secondary / secondary special,Married,Municipal apartment,-11612,-2326,1,0,0,0,,2.0,0,31.79,0,6.37,175800.0,0.2003774771940862,high,youth,mid,3.0
5010871,M,N,N,2,223200.0,Commercial associate,Secondary / secondary special,Widow,House / apartment,-14561,-1914,1,1,0,0,Medicine staff,3.0,0,39.87,0,5.24,74400.0,0.13142713819914725,medium,adult,mid,1.0
5010872,M,Y,N,1,270000.0,Pensioner,Secondary / secondary special,Civil marriage,House / apartment,-12503,365243,1,1,0,1,,3.0,1,34.23,1,0.0,90000.0,0.0,high,youth,entry,2.0
5010873,M,Y,Y,1,200100.0,Working,Secondary / secondary special,Married,House / apartment,-10951,-4352,1,1,0,0,Laborers,3.0,0,29.98,0,11.92,66700.0,0.3975983989326217,medium,youth,senior,3.0
5010874,F,Y,Y,0,182300.0,Working,Higher education,Married,House / apartment,-8531,-3,1,0,1,0,Core staff,2.0,0,23.36,0,0.01,91150.0,0.00042808219178082195,medium,youth,entry,3.0
5010875,F,N,Y,0,476700.0,Working,Secondary / secondary special,Married,House / apartment,-13476,-5929,1,0,0,0,Private service staff,2.0,0,36.9,0,16.23,238350.0,0.4398373983739838,high,adult,senior,2.0
5010876,M,N,Y,0,87900.0,Commercial associate,Secondary / secondary special,Married,House / apartment,-8798,-1193,1,0,0,0,,2.0,0,24.09,0,3.27,43950.0,0.13574097135740973,low,youth,mid,1.0
5010877,F,Y,N,0,378500.0,Commercial associate,Higher education,Married,House / apartment,-17173,-8601,1,0,0,0,Secretaries,2.0,0,47.02,0,23.55,189250.0,0.5008507018290089,high,adult,senior,2.0
5010878,F,N,Y,0,179000.0,Working,Secondary / secondary special,Separated,House / apartment,-7663,-934,1,1,1,0,,1.0,0,20.98,0,2.56,179000.0,0.12202097235462345,medium,youth,entry,2.0
5010879,F,Y,N,0,167800.0,Commercial associate,Secondary / secondary special,Separated,House / apartment,-24472,-12081,1,1,0,0,Core staff,1.0,0,67.0,0,33.08,167800.0,0.4937313432835821,medium,senior,senior,2.0
5010880,M,N,Y,0,278200.0,Working,Secondary / secondary special,Single / not married,House / apartment,-24955,-2537,1,1,1,0,Laborers,1.0,0,68.32,0,6.95,278200.0,0.10172716627634662,high,senior,mid,2.0
5010881,F,N,Y,0,115900.0,Commercial associate,Higher education,Married,House / apartment,-12869,-1971,1,0,0,0,Laborers,2.0,0,35.23,0,5.4,57950.0,0.15327845586148173,medium,adult,mid,1.0
5010882,F,N,Y,1,162300.0,Working,Secondary / secondary special,Married,House / apartment,-12057,-3635,1,0,0,0,,3.0,0,33.01,0,9.95,54100.0,0.30142381096637383,medium,youth,mid,2.0
5010883,F,N,N,2,159700.0,Working,Higher education,Married,House / apartment,-9212,-217,1,1,1,0,Sales staff,4.0,0,25.22,0,0.59,39925.0,0.023394131641554322,medium,youth,entry,1.0
5010884,M,Y,Y,0,218500.0,Working,Higher education,Married,House / apartment,-23831,-10651,1,0,1,0,Managers,2.0,0,65.25,0,29.16,109250.0,0.44689655172413795,medium,senior,senior,3.0
5010885,M,N,Y,0,163300.0,Pensioner,Secondary / secondary special,Married,House / apartment,-18023,365243,1,0,1,0,,2.0,0,49.34,1,0.0,81650.0,0.0,medium,adult,entry,2.0
5010886,F,N,Y,0,543600.0,Commercial associate,Secondary / secondary special,Single / not married,With parents,-18447,-6358,1,0,0,0,,1.0,0,50.51,0,17.41,543600.0,0.34468422094634726,high,adult,senior,2.0
5010887,F,N,Y,2,599600.0,State servant,Higher education,Single / not married,House / apartment,-23666,-6347,1,0,1,0,,3.0,0,64.79,0,17.38,199866.66666666666,0.26825127334465193,high,senior,senior,2.0
5010888,F,N,Y,0,88800.0,Working,Secondary / secondary special,Single / not married,House / apartment,-23938,365243,1,1,0,0,,1.0,1,65.54,1,0.0,88800.0,0.0,low,senior,entry,1.0
5010889,F,Y,Y,1,320500.0,Working,Lower secondary,Married,With parents,-22433,-2081,1,0,0,1,High skill tech staff,3.0,0,61.42,0,5.7,106833.33333333333,0.0928036470205145,high,senior,mid,3.0
5010890,M,N,Y,1,375000.0,Working,Secondary / secondary special,Single / not married,House / apartment,-21430,-13082,1,0,0,1,Managers,2.0,0,58.67,0,35.82,187500.0,0.6105334924152037,high,senior,senior,2.0
5010891,F,N,Y,0,320300.0,Commercial associate,Secondary / secondary special,Married,House / apartment,-23326,-3018,1,1,0,0,Laborers,2.0,0,63.86,0,8.26,160150.0,0.12934544315690574,high,senior,mid,2.0
5010892,F,Y,Y,0,175700.0,Pensioner,Secondary / secondary special,Married,House / apartment,-23302,365243,1,1,0,0,,2.0,0,63.8,1,0.0,87850.0,0.0,medium,senior,entry,3.0
5010893,F,Y,Y,2,216100.0,Pensioner,Secondary / secondary special,Married,House / apartment,-14037,365243,1,0,0,0,,4.0,0,38.43,1,0.0,54025.0,0.0,medium,adult,entry,3.0
5010894,F,Y,Y,0,167900.0,Commercial associate,Secondary / secondary special,Married,House / apartment,-25082,-4740,1,1,1,0,Core staff,2.0,0,68.67,0,12.98,83950.0,0.1890199504878404,medium,senior,senior,3.0
5010895,F,N,Y,0,197900.0,Commercial associate,Higher education,Married,House / apartment,-20256,-7134,1,1,0,0,Laborers,2.0,0,55.46,0,19.53,98950.0,0.35214569058781103,medium,senior,senior,2.0
5010896,M,N,Y,2,133300.0,State servant,Secondary / secondary special,Married,House / apartment,-14066,-3796,1,1,0,0,,4.0,0,38.51,0,10.39,33325.0,0.26980005193456247,medium,adult,senior,1.0
5010897,F,Y,N,0,230500.0,Working,Higher education,Widow,Rented apartment,-15378,-5371,1,0,1,1,,1.0,0,42.1,0,14.7,230500.0,0.3491686460807601,medium,adult,senior,2.0
5010898,M,Y,Y,1,115200.0,Pensioner,Secondary / secondary special,Married,House / apartment,-19854,365243,1,0,0,0,,3.0,0,54.36,1,0.0,38400.0,0.0,medium,adult,entry,2.0
5010899,F,N,Y,2,220900.0,Pensioner,Secondary / secondary special,Separated,Municipal apartment,-13900,365243,1,0,0,0,,3.0,0,38.06,1,0.0,73633.33333333333,0.0,medium,adult,entry,2.0
5010900,F,N,Y,1,130800.0,Working,Higher education,Married,House / apartment,-22400,-7047,1,0,0,0,Laborers,3.0,0,61.33,0,19.29,43600.0,0.3145279634762759,medium,senior,senior,1.0
5010901,F,Y,N,0,270700.0,Commercial associate,Incomplete higher,Married,House / apartment,-10009,-1680,1,1,0,0,Drivers,2.0,0,27.4,0,4.6,135350.0,0.1678832116788321,high,youth,mid,2.0
5010902,F,Y,N,0,173800.0,Working,Higher education,Married,House / apartment,-23880,-9112,1,0,0,0,Laborers,2.0,0,65.38,0,24.95,86900.0,0.3816151728357296,medium,senior,senior,2.0
5010903,F,N,Y,0,282300.0,Working,Higher education,Married,House / apartment,-12806,-3212,1,1,0,0,,2.0,0,35.06,0,8.79,141150.0,0.2507130633200228,high,adult,mid,2.0
5010904,F,Y,Y,1,419300.0,Commercial associate,Secondary / secondary special,Married,House / apartment,-10094,-3407,1,0,0,0,Sales staff,3.0,0,27.64,0,9.33,139766.66666666666,0.33755426917510856,high,youth,mid,3.0
5010905,F,Y,Y,1,540500.0,Working,Higher education,Married,Office apartment,-22975,-7925,1,0,1,0,Cooking staff,3.0,0,62.9,0,21.7,180166.66666666666,0.3449920508744038,high,senior,senior,3.0
5010906,M,N,N,0,69000.0,Working,Secondary / secondary special,Single / not married,House / apartment,-11678,-298,1,0,1,0,,1.0,0,31.97,0,0.82,69000.0,0.025649045980606817,low,youth,entry,0.0
5010907,F,N,N,0,160900.0,Pensioner,Secondary / secondary special,Married,House / apartment,-22708,365243,1,0,0,0,,2.0,1,62.17,1,0.0,80450.0,0.0,medium,senior,entry,1.0
5010908,F,Y,Y,0,209800.0,Working,Secondary / secondary special,Married,House / apartment,-12716,-6050,1,0,1,1,Drivers,2.0,0,34.81,0,16.56,104900.0,0.4757253662740591,medium,youth,senior,3.0
5010909,M,Y,N,1,307300.0,Working,Higher education,Married,House / apartment,-24360,-4518,1,1,0,0,Core staff,3.0,0,66.69,0,12.37,102433.33333333333,0.1854850802219223,high,senior,senior,2.0
5010910,F,Y,N,1,107000.0,Commercial associate,Secondary / secondary special,Single / not married,Municipal apartment,-11306,-236,1,0,0,0,Managers,2.0,0,30.95,0,0.65,53500.0,0.0210016155088853,medium,youth,entry,1.0
5010911,F,Y,Y,2,149400.0,Working,Secondary / secondary special,Married,House / apartment,-8577,-199,1,0,1,0,,4.0,0,23.48,0,0.54,37350.0,0.022998296422487224,medium,youth,entry,2.0
5010912,M,N,Y,1,260600.0,Working,Secondary / secondary special,Married,House / apartment,-24408,-1011,1,1,0,0,Laborers,3.0,0,66.83,0,2.77,86866.66666666667,0.0414484512943289,high,senior,entry,2.0
5010913,F,N,Y,1,254700.0,Working,Secondary / secondary special,Married,House / apartment,-10330,365243,1,1,0,0,,3.0,1,28.28,1,0.0,84900.0,0.0,high,youth,entry,2.0
5010914,M,N,Y,1,294900.0,Working,Higher education,Married,Municipal apartment,-24547,-16940,1,0,0,0,Medicine staff,3.0,0,67.21,0,46.38,98300.0,0.6900758815652434,high,senior,senior,2.0
5010915,M,N,N,0,304800.0,Working,Secondary / secondary special,Separated,House / apartment,-22353,-4401,1,0,1,0,Laborers,1.0,0,61.2,0,12.05,304800.0,0.1968954248366013,high,senior,senior,1.0
5010916,M,N,Y,0,289200.0,Pensioner,Secondary / secondary special,Married,House / apartment,-8801,365243,1,0,0,0,,2.0,0,24.1,1,0.0,144600.0,0.0,high,youth,entry,2.0
5010917,F,Y,N,2,269000.0,Working,Secondary / secondary special,Single / not married,House / apartment,-15434,-4781,1,0,0,0,Sales staff,3.0,0,42.26,0,13.09,89666.66666666667,0.3097491717936583,high,adult,senior,2.0
5010918,F,N,N,0,251000.0,Working,Secondary / secondary special,Married,Municipal apartment,-8645,-806,1,0,1,1,,2.0,0,23.67,0,2.21,125500.0,0.09336713138994507,high,youth,entry,1.0
5010919,M,N,Y,0,340400.0,State servant,Secondary / secondary special,Married,House / apartment,-13328,365243,1,0,0,0,,2.0,0,36.49,1,0.0,170200.0,0.0,high,adult,entry,2.0
5010920,F,N,Y,0,79700.0,Pensioner,Secondary / secondary special,Widow,House / apartment,-13724,365243,1,0,0,0,,1.0,0,37.57,1,0.0,79700.0,0.0,low,adult,entry,1.0
5010921,F,Y,N,0,528400.0,Working,Secondary / secondary special,Married,House / apartment,-18256,365243,1,0,0,0,,2.0,0,49.98,1,0.0,264200.0,0.0,high,adult,entry,2.0
5010922,M,N,N,0,81100.0,Working,Secondary / secondary special,Civil marriage,House / apartment,-25127,-13954,1,0,0,0,Core staff,2.0,0,68.79,0,38.2,40550.0,0.5553132722779474,low,senior,senior,0.0
5010923,F,N,N,0,142300.0,Commercial associate,Higher education,Married,House / apartment,-10405,-3492,1,0,0,0,Core staff,2.0,0,28.49,0,9.56,71150.0,0.33555633555633557,medium,youth,mid,0.0
5010924,F,N,Y,0,218000.0,Commercial associate,Incomplete higher,Married,House / apartment,-13316,-4978,1,1,0,0,Sales staff,2.0,0,36.46,0,13.63,109000.0,0.37383433900164564,medium,adult,senior,2.0
5010925,F,Y,Y,0,341700.0,Pensioner,Secondary / secondary special,Single / not married,House / apartment,-18027,365243,1,1,0,0,,1.0,0,49.36,1,0.0,341700.0,0.0,high,adult,entry,3.0
5010926,F,N,Y,0,54600.0,Working,Secondary / secondary special,Separated,House / apartment,-10436,-3229,1,1,0,0,Drivers,1.0,0,28.57,0,8.84,54600.0,0.30941547077353865,low,youth,mid,1.0
5010927,F,N,N,1,240700.0,Working,Higher education,Civil marriage,House / apartment,-20284,-8582,1,0,0,1,Laborers,3.0,0,55.53,0,23.5,80233.33333333333,0.42319466954799206,medium,senior,senior,1.0
5010928,F,N,Y,0,362800.0,Working,Secondary / secondary special,Married,Municipal apartment,-14677,-4841,1,0,0,0,Laborers,2.0,1,40.18,0,13.25,181400.0,0.32976605276256843,high,adult,senior,2.0
5010929,F,N,N,0,401400.0,Commercial associate,Secondary / secondary special,Married,House / apartment,-24647,-12347,1,0,1,0,Cleaning staff,2.0,0,67.48,0,33.8,200700.0,0.5008891523414344,high,senior,senior,1.0
5010930,F,Y,Y,0,172300.0,Commercial associate,Secondary / secondary special,Married,House / apartment,-18808,-2397,1,0,1,0,Laborers,2.0,0,51.49,0,6.56,86150.0,0.12740337929695086,medium,adult,mid,3.0
5010931,M,Y,N,0,210000.0,Working,Higher education,Married,House / apartment,-13936,-3107,1,0,0,0,Medicine staff,2.0,0,38.15,0,8.51,105000.0,0.22306684141546526,medium,adult,mid,2.0
5010932,F,Y,Y,0,179400.0,Working,Secondary / secondary special,Married,House / apartment,-20444,-9244,1,0,0,0,,2.0,0,55.97,0,25.31,89700.0,0.4522065392174379,medium,senior,senior,3.0
5010933,F,N,Y,1,200600.0,State servant,Secondary / secondary special,Married,House / apartment,-22623,-10472,1,0,0,1,Laborers,3.0,0,61.94,0,28.67,66866.66666666667,0.4628672909267033,medium,senior,senior,2.0
5010934,M,Y,Y,1,145700.0,Working,Secondary / secondary special,Single / not married,House / apartment,-21924,-3566,1,1,1,0,Medicine staff,2.0,0,60.02,0,9.76,72850.0,0.1626124625124958,medium,senior,mid,2.0
5010935,M,N,Y,0,156500.0,Working,Secondary / secondary special,Single / not married,House / apartment,-12104,-163,1,0,0,0,Managers,1.0,0,33.14,0,0.45,156500.0,0.013578756789378395,medium,youth,entry,2.0
5010936,F,N,Y,0,303400.0,Pensioner,Secondary / secondary special,Civil marriage,House / apartment,-14920,365243,1,0,1,0,,2.0,0,40.85,1,0.0,151700.0,0.0,high,adult,entry,2.0
5010937,F,Y,Y,0,260700.0,Working,Secondary / secondary special,Separated,House / apartment,-15563,-8861,1,1,0,0,Drivers,1.0,0,42.61,0,24.26,260700.0,0.5693499178596574,high,adult,senior,3.0
5010938,F,N,Y,3,312200.0,Working,Higher education,Married,House / apartment,-14398,-7274,1,0,0,0,Drivers,5.0,0,39.42,0,19.92,62440.0,0.5053272450532724,high,adult,senior,2.0
5010939,F,N,Y,2,271700.0,Working,Secondary / secondary special,Civil marriage,House / apartment,-12982,-1441,1,0,1,0,Accountants,4.0,0,35.54,0,3.95,67925.0,0.11114237478897018,high,adult,mid,2.0
5010940,M,N,N,0,347200.0,Commercial associate,Secondary / secondary special,Married,House / apartment,-21052,365243,1,1,0,0,,2.0,0,57.64,1,0.0,173600.0,0.0,high,senior,entry,1.0
5010941,F,N,Y,0,378700.0,Working,Secondary / secondary special,Separated,Rented apartment,-7528,-664,1,0,0,0,Low-skill Laborers,1.0,0,20.61,0,1.82,378700.0,0.08830664725861233,high,youth,entry,2.0
5010942,M,N,Y,1,102200.0,Pensioner,Secondary / secondary special,Married,House / apartment,-12666,365243,1,1,0,0,,3.0,0,34.68,1,0.0,34066.666666666664,0.0,medium,youth,entry,1.0
5010943,F,Y,N,1,159300.0,Working,Higher education,Married,House / apartment,-9891,-1104,1,0,0,0,Laborers,3.0,0,27.08,0,3.02,53100.0,0.11152141802067947,medium,youth,mid,2.0
5010944,F,N,Y,0,217500.0,Commercial associate,Secondary / secondary special,Single / not married,House / apartment,-9657,-485,1,0,0,0,Accountants,1.0,0,26.44,0,1.33,217500.0,0.05030257186081694,medium,youth,entry,2.0
5010945,F,Y,N,2,241400.0,Working,Secondary / secondary special,Separated,House / apartment,-12363,-980,1,0,1,0,,3.0,0,33.85,0,2.68,80466.66666666667,0.0791728212703102,medium,youth,entry,2.0
5010946,F,N,Y,0,174600.0,Working,Secondary / secondary special,Civil marriage,House / apartment,-21224,-7310,1,0,0,0,Security staff,2.0,0,58.11,0,20.01,87300.0,0.3443469282395457,medium,senior,senior,2.0
5010947,M,Y,Y,0,385200.0,Commercial associate,Secondary / secondary special,Single / not married,House / apartment,-25009,-5308,1,0,0,0,,1.0,0,68.47,0,14.53,385200.0,0.21220972688768802,high,senior,senior,3.0
5010948,F,N,Y,1,657000.0,Working,Higher education,Married,House / apartment,-16703,-7426,1,1,1,1,Laborers,3.0,0,45.73,0,20.33,219000.0,0.4445659304614039,high,adult,senior,2.0
5010949,F,N,Y,0,267900.0,Commercial associate,Secondary / secondary special,Single / not married,House / apartment,-13495,-4221,1,0,0,0,Managers,1.0,0,36.95,0,11.56,267900.0,0.31285520974289577,high,adult,senior,2.0
5010950,F,N,Y,1,254600.0,Working,Secondary / secondary special,Single / not married,House / apartment,-22448,-13286,1,0,0,0,Laborers,2.0,0,61.46,0,36.38,127300.0,0.5919297103807355,high,senior,senior,2.0
5010951,F,Y,Y,0,373300.0,Working,Secondary / secondary special,Single / not married,House / apartment,-8530,-1281,1,1,0,0,Sales staff,1.0,0,23.35,0,3.51,373300.0,0.15032119914346892,high,youth,mid,3.0
5010952,F,N,Y,0,96000.0,Working,Higher education,Married,House / apartment,-9006,-686,1,0,0,0,Core staff,2.0,1,24.66,0,1.88,48000.0,0.07623682076236821,low,youth,entry,1.0
5010953,F,N,Y,0,247600.0,Commercial associate,Secondary / secondary special,Married,House / apartment,-13612,-2007,1,0,1,0,Laborers,2.0,0,37.27,0,5.49,123800.0,0.1473034612288704,medium,adult,mid,2.0
5010954,M,N,Y,0,398300.0,Working,Secondary / secondary special,Married,House / apartment,-15494,-7168,1,0,0,0,,2.0,0,42.42,0,19.62,199150.0,0.4625176803394625,high,adult,senior,2.0
5010955,M,Y,Y,0,177000.0,Pensioner,Secondary / secondary special,Married,House / apartment,-21876,365243,1,0,0,1,,2.0,0,59.89,1,0.0,88500.0,0.0,medium,senior,entry,3.0
5010956,F,N,Y,4,132200.0,Working,Higher education,Widow,House / apartment,-24203,-12742,1,0,1,0,Laborers,5.0,0,66.26,0,34.89,26440.0,0.5265620283730758,medium,senior,senior,1.0
5010957,F,N,Y,0,222500.0,Working,Secondary / secondary special,Married,House / apartment,-17007,-9996,1,0,0,0,Sales staff,2.0,0,46.56,0,27.37,111250.0,0.5878436426116839,medium,adult,senior,2.0
5010958,M,Y,Y,1,236800.0,Working,Secondary / secondary special,Married,House / apartment,-16357,-4681,1,0,0,1,,3.0,0,44.78,0,12.82,78933.33333333333,0.286288521661456,medium,adult,senior,3.0
5010959,M,N,Y,0,155000.0,Working,Secondary / secondary special,Widow,House / apartment,-11195,-853,1,0,0,0,Laborers,1.0,0,30.65,0,2.34,155000.0,0.0763458401305057,medium,youth,entry,2.0
5010960,M,N,Y,1,696300.0,Working,Secondary / secondary special,Married,With parents,-15545,-7020,1,0,1,0,Sales staff,3.0,0,42.56,0,19.22,232100.0,0.4515977443609022,high,adult,senior,2.0
5010961,M,N,Y,0,192200.0,Pensioner,Secondary / secondary special,Married,House / apartment,-24173,365243,1,0,0,0,,2.0,0,66.18,1,0.0,96100.0,0.0,medium,senior,entry,2.0
5010962,F,Y,Y,0,137100.0,Working,Secondary / secondary special,Married,House / apartment,-14480,-575,1,0,0,0,Core staff,2.0,0,39.64,0,1.57,68550.0,0.03960645812310797,medium,adult,entry,2.0
5010963,F,N,Y,0,233000.0,Working,Secondary / secondary special,Married,House / apartment,-11153,-1943,1,0,1,0,Core staff,2.0,0,30.54,0,5.32,116500.0,0.1741977734119188,medium,youth,mid,2.0
5010964,F,N,Y,0,384400.0,State servant,Secondary / secondary special,Married,Office apartment,-13465,-930,1,0,0,1,,2.0,0,36.87,0,2.55,192200.0,0.0691619202603743,high,adult,entry,2.0
5010965,F,N,Y,0,246300.0,Working,Secondary / secondary special,Civil marriage,With parents,-16703,-8926,1,0,0,0,Core staff,2.0,0,45.73,0,24.44,123150.0,0.5344412858080035,medium,adult,senior,2.0
5010966,F,N,Y,0,311200.0,Working,Secondary / secondary special,Married,House / apartment,-18237,-10418,1,1,0,0,,2.0,0,49.93,0,28.52,155600.0,0.571199679551372,high,adult,senior,2.0
5010967,F,N,Y,2,157900.0,Working,Secondary / secondary special,Married,House / apartment,-15202,-3980,1,1,0,0,,4.0,0,41.62,0,10.9,39475.0,0.2618933205189813,medium,adult,senior,2.0
5010968,F,N,Y,1,513700.0,Working,Higher education,Married,House / apartment,-21158,-14246,1,1,0,0,Medicine staff,3.0,0,57.93,0,39.0,171233.33333333334,0.6732263076126359,high,senior,senior,2.0
5010969,F,Y,Y,2,323300.0,Working,Secondary / secondary special,Married,House / apartment,-17979,-760,1,0,0,0,,4.0,0,49.22,0,2.08,80825.0,0.042259244209670865,high,adult,entry,3.0
5010970,F,N,N,0,412200.0,Working,Secondary / secondary special,Married,House / apartment,-19450,-6294,1,1,0,0,Sales staff,2.0,0,53.25,0,17.23,206100.0,0.3235680751173709,high,adult,senior,1.0
5010971,M,N,N,2,293000.0,Working,Higher education,Married,House / apartment,-23064,-2319,1,1,0,0,,4.0,0,63.15,0,6.35,73250.0,0.10055423594615993,high,senior,mid,1.0
5010972,F,Y,Y,1,368800.0,Commercial associate,Secondary / secondary special,Civil marriage,House / apartment,-23115,-12195,1,0,0,0,Laborers,3.0,0,63.29,0,33.39,122933.33333333333,0.5275714962869332,high,senior,senior,3.0
5010973,M,Y,Y,0,157800.0,Pensioner,Secondary / secondary special,Married,House / apartment,-11022,365243,1,0,0,0,,2.0,0,30.18,1,0.0,78900.0,0.0,medium,youth,entry,3.0
5010974,F,N,Y,0,190900.0,Commercial associate,Secondary / secondary special,Married,House / apartment,-18689,-11765,1,0,0,1,Laborers,2.0,0,51.17,0,32.21,95450.0,0.6294703928082861,medium,adult,senior,2.0
5010975,M,N,N,0,478600.0,Working,Secondary / secondary special,Married,House / apartment,-20393,-9505,1,0,0,0,Laborers,2.0,0,55.83,0,26.02,239300.0,0.4660576750850797,high,senior,senior,1.0
5010976,M,Y,Y,0,532500.0,Working,Secondary / secondary special,Married,House / apartment,-9969,-1872,1,0,1,0,Drivers,2.0,0,27.29,0,5.13,266250.0,0.18798094540124588,high,youth,mid,3.0
5010977,F,N,N,0,137600.0,Commercial associate,Secondary / secondary special,Married,House / apartment,-22696,-2586,1,0,1,1,Sales staff,2.0,0,62.14,0,7.08,68800.0,0.11393627293208883,medium,senior,mid,0.0
5010978,M,Y,Y,0,276600.0,Working,Secondary / secondary special,Married,House / apartment,-10601,-2334,1,0,1,0,,2.0,0,29.02,0,6.39,138300.0,0.22019297036526533,high,youth,mid,3.0
5010979,F,N,Y,1,196800.0,Working,Higher education,Separated,House / apartment,-21902,-1873,1,0,0,0,,2.0,0,59.96,0,5.13,98400.0,0.08555703802535022,medium,senior,mid,2.0
5010980,M,N,Y,0,172300.0,Working,Secondary / secondary special,Married,With parents,-10254,-2528,1,1,0,0,High skill tech staff,2.0,0,28.07,0,6.92,86150.0,0.24652654079087993,medium,youth,mid,2.0
5010981,F,N,Y,0,281500.0,Working,Secondary / secondary special,Married,House / apartment,-20852,-13018,1,0,0,0,Laborers,2.0,0,57.09,0,35.64,140750.0,0.6242774566473989,high,senior,senior,2.0
5010982,F,Y,Y,1,431900.0,Commercial associate,Lower secondary,Single / not married,House / apartment,-10011,-83,1,0,0,0,Managers,2.0,0,27.41,0,0.23,215950.0,0.008391098139365196,high,youth,entry,3.0
5010983,F,N,Y,1,306000.0,Working,Secondary / secondary special,Married,House / apartment,-14223,-4249,1,0,0,0,,3.0,0,38.94,0,11.63,102000.0,0.2986646122239343,high,adult,senior,2.0
5010984,M,Y,Y,2,208100.0,State servant,Higher education,Married,House / apartment,-9926,-564,1,0,0,0,Accountants,4.0,0,27.18,0,1.54,52025.0,0.05665930831493746,medium,youth,entry,3.0
5010985,M,N,N,0,315800.0,Commercial associate,Secondary / secondary special,Married,House / apartment,-12249,-1070,1,0,0,0,,2.0,0,33.54,0,2.93,157900.0,0.08735837805605248,high,youth,entry,1.0
5010986,M,N,Y,0,203900.0,Working,Secondary / secondary special,Separated,House / apartment,-25285,-17859,1,0,0,0,Core staff,1.0,0,69.23,0,48.9,203900.0,0.7063411815686841,medium,senior,senior,2.0
5010987,M,N,Y,0,300000.0,Working,Higher education,Separated,House / apartment,-9271,-1342,1,0,0,0,,1.0,0,25.38,0,3.67,300000.0,0.14460204885736802,high,youth,mid,2.0
5010988,F,Y,Y,0,490800.0,Commercial associate,Secondary / secondary special,Married,House / apartment,-14728,-4243,1,1,0,0,Accountants,2.0,0,40.32,0,11.62,245400.0,0.2881944444444444,high,adult,senior,3.0
5010989,F,N,N,0,86400.0,Commercial associate,Secondary / secondary special,Married,House / apartment,-19667,-10769,1,0,0,0,Sales staff,2.0,0,53.85,0,29.48,43200.0,0.5474466109563603,low,adult,senior,0.0
5010990,F,N,N,0,363700.0,Working,Secondary / secondary special,Married,House / apartment,-9033,-1943,1,0,0,0,Laborers,2.0,0,24.73,0,5.32,181850.0,0.21512333198544278,high,youth,mid,1.0
5010991,F,Y,Y,3,113100.0,Working,Secondary / secondary special,Married,Municipal apartment,-9296,-39,1,0,0,0,,5.0,1,25.45,0,0.11,22620.0,0.004322200392927309,medium,youth,entry,2.0
5010992,F,N,Y,0,451200.0,Working,Secondary / secondary special,Married,House / apartment,-9921,-876,1,0,0,1,Medicine staff,2.0,0,27.16,0,2.4,225600.0,0.08836524300441825,high,youth,entry,2.0
5010993,F,N,Y,0,177500.0,Working,Secondary / secondary special,Married,House / apartment,-19084,-6703,1,0,0,0,Laborers,2.0,0,52.25,0,18.35,88750.0,0.35119617224880384,medium,adult,senior,2.0
5010994,M,N,Y,0,132800.0,State servant,Secondary / secondary special,Civil marriage,House / apartment,-23912,-13399,1,0,0,0,Waiters/barmen staff,2.0,0,65.47,0,36.68,66400.0,0.5602566060791202,medium,senior,senior,1.0
5010995,F,N,Y,1,345600.0,Working,Secondary / secondary special,Married,House / apartment,-22390,-11138,1,0,0,0,Core staff,3.0,0,61.3,0,30.49,115200.0,0.4973898858075041,high,senior,senior,2.0
5010996,F,N,N,0,292900.0,Working,Secondary / secondary special,Married,House / apartment,-25258,-9629,1,0,0,0,Medicine staff,2.0,0,69.15,0,26.36,146450.0,0.38120028922631954,high,senior,senior,1.0
5010997,F,Y,Y,0,148100.0,Working,Secondary / secondary special,Civil marriage,House / apartment,-17863,-10054,1,0,1,0,,2.0,0,48.91,0,27.53,74050.0,0.5628705786137804,medium,adult,senior,2.0
5010998,M,N,Y,0,130500.0,Pensioner,Secondary / secondary special,Single / not married,House / apartment,-24864,365243,1,0,0,0,,1.0,1,68.07,1,0.0,130500.0,0.0,medium,senior,entry,1.0
5010999,F,N,Y,0,222300.0,Commercial associate,Secondary / secondary special,Married,House / apartment,-12874,-5069,1,1,1,0,,2.0,0,35.25,0,13.88,111150.0,0.39375886524822695,medium,adult,senior,2.0
5011000,F,Y,N,0,133700.0,Pensioner,Secondary / secondary special,Separated,House / apartment,-15003,365243,1,1,0,0,,1.0,0,41.08,1,0.0,133700.0,0.0,medium,adult,entry,1.0
5011001,F,N,Y,0,143600.0,Pensioner,Higher education,Married,House / apartment,-14538,365243,1,1,1,0,,2.0,0,39.8,1,0.0,71800.0,0.0,medium,adult,entry,1.0
5011002,F,N,Y,0,258700.0,Pensioner,Secondary / secondary special,Married,House / apartment,-8170,365243,1,1,1,0,,2.0,0,22.37,1,0.0,129350.0,0.0,high,youth,entry,2.0
5011003,F,N,Y,1,150600.0,Commercial associate,Secondary / secondary special,Married,House / apartment,-22457,-9820,1,0,1,0,Laborers,3.0,0,61.48,0,26.89,50200.0,0.43737800910865327,medium,senior,senior,2.0
5011004,F,Y,Y,0,302200.0,Working,Higher education,Married,House / apartment,-7756,-794,1,0,0,0,Managers,2.0,0,21.23,0,2.17,151100.0,0.10221384832783796,high,youth,entry,3.0
5011005,M,Y,N,1,514300.0,Working,Secondary / secondary special,Married,House / apartment,-20634,-1228,1,0,0,0,High skill tech staff,3.0,0,56.49,0,3.36,171433.33333333334,0.05947955390334572,high,senior,mid,2.0
5011006,F,N,Y,0,226700.0,Commercial associate,Secondary / secondary special,Married,House / apartment,-14739,-4681,1,0,0,0,,2.0,0,40.35,0,12.82,113350.0,0.3177199504337051,medium,adult,senior,2.0
5011007,M,Y,N,0,260500.0,Working,Secondary / secondary special,Married,House / apartment,-7419,-352,1,0,0,0,Managers,2.0,0,20.31,0,0.96,130250.0,0.047267355982274745,high,youth,entry,2.0
5011008,F,N,Y,0,669700.0,Commercial associate,Secondary / secondary special,Married,House / apartment,-12600,-5275,1,0,1,0,Laborers,2.0,0,34.5,0,14.44,334850.0,0.41855072463768117,high,youth,senior,2.0
5011009,F,Y,Y,0,134800.0,Working,Secondary / secondary special,Married,House / apartment,-13626,-4072,1,0,1,0,Laborers,2.0,0,37.31,0,11.15,67400.0,0.29884749396944515,medium,adult,senior,2.0
5011010,M,Y,N,0,442900.0,Commercial associate,Lower secondary,Married,House / apartment,-24923,-14662,1,1,1,0,Laborers,2.0,1,68.24,0,40.14,221450.0,0.5882180539273154,high,senior,senior,2.0
5011011,F,N,Y,0,417000.0,Working,Secondary / secondary special,Married,House / apartment,-19378,-10147,1,0,0,0,Laborers,2.0,0,53.05,0,27.78,208500.0,0.5236569274269558,high,adult,senior,2.0
5011012,M,Y,Y,1,374200.0,Working,Secondary / secondary special,Married,House / apartment,-17232,-8900,1,0,0,1,Laborers,3.0,0,47.18,0,24.37,124733.33333333333,0.516532428995337,high,adult,senior,3.0
5011013,F,N,Y,1,465700.0,Commercial associate,Higher education,Married,House / apartment,-9625,-346,1,0,0,0,,3.0,0,26.35,0,0.95,155233.33333333334,0.03605313092979127,high,youth,entry,2.0
5011014,F,N,Y,1,280900.0,Working,Secondary / secondary special,Widow,House / apartment,-14448,-1429,1,1,0,0,Accountants,2.0,0,39.56,0,3.91,140450.0,0.09883720930232558,high,adult,mid,2.0
5011015,F,Y,Y,0,182400.0,Commercial associate,Secondary / secondary special,Single / not married,Office apartment,-7958,-810,1,1,0,1,Medicine staff,1.0,0,21.79,0,2.22,182400.0,0.10188159706287289,medium,youth,entry,3.0
5011016,M,Y,N,0,422000.0,Commercial associate,Secondary / secondary special,Married,House / apartment,-21215,-12677,1,0,0,0,,2.0,0,58.08,0,34.71,211000.0,0.5976239669421488,high,senior,senior,2.0
5011017,F,N,N,0,430100.0,State servant,Secondary / secondary special,Married,House / apartment,-10278,-3691,1,0,1,1,Laborers,2.0,0,28.14,0,10.11,215050.0,0.359275053304904,high,youth,senior,1.0
5011018,F,Y,Y,0,424300.0,Pensioner,Higher education,Married,House / apartment,-18161,365243,1,0,1,0,,2.0,0,49.72,1,0.0,212150.0,0.0,high,adult,entry,3.0
5011019,M,N,Y,0,249600.0,Working,Secondary / secondary special,Married,House / apartment,-20078,-6960,1,0,0,0,Laborers,2.0,1,54.97,0,19.06,124800.0,0.3467345824995452,medium,adult,senior,2.0
5011020,F,N,Y,0,170600.0,Commercial associate,Higher education,Married,Municipal apartment,-13998,-4301,1,0,0,0,Medicine staff,2.0,0,38.32,0,11.78,85300.0,0.30741127348643005,medium,adult,senior,2.0
5011021,M,N,Y,1,268600.0,Working,Secondary / secondary special,Married,Rented apartment,-18858,-9205,1,1,0,0,Core staff,3.0,0,51.63,0,25.2,89533.33333333333,0.4880883207437536,high,adult,senior,2.0
5011022,F,N,Y,0,391000.0,Working,Higher education,Married,With parents,-21262,-6501,1,0,0,0,Medicine staff,2.0,0,58.21,0,17.8,195500.0,0.30578938326747984,high,senior,senior,2.0
5011023,M,N,Y,0,407400.0,Commercial associate,Secondary / secondary special,Married,House / apartment,-10668,-401,1,0,0,0,Cooking staff,2.0,0,29.21,0,1.1,203700.0,0.03765833618623759,high,youth,entry,2.0
5011024,F,N,Y,0,196900.0,Commercial associate,Higher education,Married,House / apartment,-18278,-4464,1,1,0,0,Managers,2.0,0,50.04,0,12.22,98450.0,0.24420463629096725,medium,adult,senior,2.0
5011025,F,Y,Y,0,285800.0,Working,Secondary / secondary special,Married,House / apartment,-20708,-4116,1,0,0,0,Sales staff,2.0,0,56.7,0,11.27,142900.0,0.1987654320987654,high,senior,senior,3.0
5011026,M,Y,Y,2,126900.0,Working,Higher education,Separated,House / apartment,-13826,-6541,1,0,1,0,Sales staff,3.0,0,37.85,0,17.91,42300.0,0.47318361955085864,medium,adult,senior,2.0
5011027,M,Y,Y,0,399500.0,Pensioner,Secondary / secondary special,Married,House / apartment,-10272,365243,1,0,0,0,,2.0,0,28.12,1,0.0,199750.0,0.0,high,youth,entry,3.0
5011028,M,N,N,2,165000.0,Working,Secondary / secondary special,Married,House / apartment,-12530,-2382,1,0,1,0,Security staff,4.0,0,34.31,0,6.52,41250.0,0.19003206062372482,medium,youth,mid,1.0
5011029,F,N,Y,0,361500.0,Pensioner,Secondary / secondary special,Married,House / apartment,-24345,365243,1,0,0,0,,2.0,0,66.65,1,0.0,180750.0,0.0,high,senior,entry,2.0
5011030,M,N,Y,0,137400.0,Commercial associate,Secondary / secondary special,Married,House / apartment,-13833,-2242,1,1,0,1,Core staff,2.0,0,37.87,0,6.14,68700.0,0.1621336149986797,medium,adult,mid,1.0
5011031,F,Y,Y,1,408900.0,Working,Secondary / secondary special,Married,House / apartment,-9272,-1523,1,0,1,0,,3.0,0,25.39,0,4.17,136300.0,0.16423788893265065,high,youth,mid,3.0
5011032,M,N,Y,0,286800.0,Working,Secondary / secondary special,Married,Municipal apartment,-8816,-1700,1,0,0,0,Laborers,2.0,0,24.14,0,4.65,143400.0,0.19262634631317316,high,youth,mid,2.0
5011033,M,N,Y,0,165200.0,Working,Secondary / secondary special,Married,House / apartment,-10601,-2791,1,0,0,0,High skill tech staff,2.0,0,29.02,0,7.64,82600.0,0.26326671261199175,medium,youth,mid,2.0
5011034,F,Y,Y,0,344900.0,Pensioner,Higher education,Single / not married,House / apartment,-9634,365243,1,0,0,0,,1.0,0,26.38,1,0.0,344900.0,0.0,high,youth,entry,3.0
5011035,M,N,N,0,181700.0,Pensioner,Secondary / secondary special,Married,House / apartment,-16346,365243,1,0,1,0,,2.0,0,44.75,1,0.0,90850.0,0.0,medium,adult,entry,1.0
5011036,F,Y,Y,1,355100.0,Commercial associate,Secondary / secondary special,Married,House / apartment,-13652,-2035,1,0,1,0,Sales staff,3.0,0,37.38,0,5.57,118366.66666666667,0.14901016586409846,high,adult,mid,3.0
5011037,F,N,Y,1,212900.0,Working,Secondary / secondary special,Separated,House / apartment,-22671,-6885,1,0,0,0,Managers,2.0,0,62.07,0,18.85,106450.0,0.3036893829547285,medium,senior,senior,2.0
5011038,F,Y,Y,1,103300.0,Commercial associate,Secondary / secondary special,Married,House / apartment,-23396,-15898,1,0,1,0,Drivers,3.0,0,64.05,0,43.53,34433.333333333336,0.6796252927400469,medium,senior,senior,2.0
5011039,F,N,N,0,149400.0,Working,Higher education,Married,House / apartment,-15948,365243,1,0,1,0,,2.0,0,43.66,1,0.0,74700.0,0.0,medium,adult,entry,0.0
5011040,F,N,N,0,196900.0,Commercial associate,Secondary / secondary special,Married,House / apartment,-23532,-13143,1,1,0,0,Sales staff,2.0,0,64.43,0,35.98,98450.0,0.5584355114077292,medium,senior,senior,1.0
5011041,M,N,N,0,483900.0,Working,Secondary / secondary special,Married,House / apartment,-15532,-3292,1,1,0,0,,2.0,0,42.52,0,9.01,241950.0,0.21190028222013169,high,adult,mid,1.0
5011042,M,N,Y,1,383100.0,Pensioner,Secondary / secondary special,Married,House / apartment,-19029,365243,1,0,1,0,,3.0,1,52.1,1,0.0,127700.0,0.0,high,adult,entry,2.0
5011043,M,N,N,2,549800.0,Commercial associate,Secondary / secondary special,Married,House / apartment,-10273,-21,1,0,0,1,,4.0,0,28.13,0,0.06,137450.0,0.002132954141485958,high,youth,entry,1.0
5011044,F,N,Y,0,558100.0,Working,Secondary / secondary special,Married,House / apartment,-8265,-998,1,0,0,0,Sales staff,2.0,0,22.63,0,2.73,279050.0,0.12063632346442775,high,youth,entry,2.0
5011045,M,N,Y,0,186900.0,Pensioner,Secondary / secondary special,Married,House / apartment,-10229,365243,1,0,0,1,,2.0,0,28.01,1,0.0,93450.0,0.0,medium,youth,entry,2.0
5011046,F,Y,N,0,222200.0,Working,Secondary / secondary special,Married,House / apartment,-11904,-1123,1,0,0,0,,2.0,0,32.59,0,3.07,111100.0,0.09420067505369743,medium,youth,mid,2.0
5011047,F,N,N,0,198800.0,Working,Secondary / secondary special,Single / not married,House / apartment,-21020,-10373,1,0,1,0,Laborers,1.0,0,57.55,0,28.4,198800.0,0.4934839270199826,medium,senior,senior,1.0
5011048,F,Y,Y,0,174500.0,Working,Secondary / secondary special,Single / not married,House / apartment,-10474,-1538,1,0,0,0,,1.0,0,28.68,0,4.21,174500.0,0.14679218967921898,medium,youth,mid,3.0
5011049,F,Y,Y,0,97200.0,Commercial associate,Secondary / secondary special,Married,With parents,-9691,-2192,1,0,0,0,Secretaries,2.0,0,26.53,0,6.0,48600.0,0.22615906520919712,low,youth,mid,2.0
5011050,M,N,Y,0,242300.0,Pensioner,Secondary / secondary special,Widow,House / apartment,-24245,365243,1,0,0,0,,1.0,1,66.38,1,0.0,242300.0,0.0,medium,senior,entry,2.0
5011051,F,N,Y,1,128400.0,Pensioner,Higher education,Married,House / apartment,-19884,365243,1,0,0,0,,3.0,0,54.44,1,0.0,42800.0,0.0,medium,adult,entry,1.0
5011052,F,Y,Y,1,240000.0,Commercial associate,Incomplete higher,Single / not married,House / apartment,-15949,-3800,1,0,0,0,,2.0,1,43.67,0,10.4,120000.0,0.2381497595603389,medium,adult,senior,3.0
5011053,M,N,N,2,703200.0,Working,Higher education,Married,House / apartment,-9039,-1446,1,0,0,1,Core staff,4.0,0,24.75,0,3.96,175800.0,0.16,high,youth,mid,1.0
5011054,M,N,Y,0,189200.0,Working,Higher education,Civil marriage,House / apartment,-22861,-3537,1,0,0,0,,2.0,0,62.59,0,9.68,94600.0,0.1546572934973638,medium,senior,mid,2.0
5011055,F,N,N,0,269100.0,Working,Secondary / secondary special,Separated,House / apartment,-9282,-2261,1,0,0,0,,1.0,0,25.41,0,6.19,269100.0,0.24360487996851635,high,youth,mid,1.0
5011056,F,Y,N,0,384200.0,Pensioner,Secondary / secondary special,Married,House / apartment,-18464,365243,1,0,0,0,,2.0,0,50.55,1,0.0,192100.0,0.0,high,adult,entry,2.0
5011057,F,N,Y,0,280900.0,State servant,Secondary / secondary special,Married,With parents,-19498,-10142,1,0,1,0,,2.0,0,53.38,0,27.77,140450.0,0.5202322967403522,high,adult,senior,2.0
5011058,F,Y,N,0,282600.0,Working,Secondary / secondary special,Single / not married,House / apartment,-14613,-4195,1,0,0,0,Managers,1.0,0,40.01,0,11.49,282600.0,0.28717820544863787,high,adult,senior,2.0
5011059,F,N,Y,1,203700.0,Pensioner,Higher education,Married,House / apartment,-23946,365243,1,0,0,0,,3.0,0,65.56,1,0.0,67900.0,0.0,medium,senior,entry,2.0
5011060,F,Y,Y,0,217400.0,Commercial associate,Secondary / secondary special,Married,House / apartment,-8231,-568,1,0,1,0,,2.0,0,22.54,0,1.56,108700.0,0.0692102928127773,medium,youth,entry,3.0
5011061,F,Y,Y,2,151100.0,Working,Secondary / secondary special,Married,House / apartment,-22246,-4454,1,0,0,0,,4.0,0,60.91,0,12.19,37775.0,0.20013134132326382,medium,senior,senior,3.0
5011062,M,N,Y,1,372700.0,Commercial associate,Secondary / secondary special,Married,House / apartment,-17419,-7052,1,0,0,0,Drivers,3.0,0,47.69,0,19.31,124233.33333333333,0.4049066890333403,high,adult,senior,2.0
5011063,F,N,N,1,102200.0,Pensioner,Secondary / secondary special,Married,House / apartment,-18467,365243,1,0,0,0,,3.0,1,50.56,1,0.0,34066.666666666664,0.0,medium,adult,entry,0.0
5011064,F,Y,N,1,396700.0,Working,Secondary / secondary special,Married,House / apartment,-25327,-12968,1,0,0,0,,3.0,0,69.34,0,35.5,132233.33333333334,0.511970002884338,high,senior,senior,2.0
5011065,F,Y,Y,0,121000.0,Pensioner,Secondary / secondary special,Married,House / apartment,-17946,365243,1,0,0,0,,2.0,0,49.13,1,0.0,60500.0,0.0,medium,adult,entry,2.0
5011066,F,N,N,1,395100.0,Working,Incomplete higher,Separated,House / apartment,-21861,-3084,1,0,0,1,Core staff,2.0,0,59.85,0,8.44,197550.0,0.1410192147034252,high,senior,mid,1.0
5011067,F,Y,Y,0,204500.0,Working,Secondary / secondary special,Married,House / apartment,-10109,-1283,1,0,1,0,,2.0,0,27.68,0,3.51,102250.0,0.1268063583815029,medium,youth,mid,3.0
5011068,F,N,N,1,131900.0,Working,Secondary / secondary special,Married,House / apartment,-22085,-3104,1,0,1,0,Sales staff,3.0,1,60.47,0,8.5,43966.666666666664,0.14056556970398545,medium,senior,mid,0.0
5011069,F,Y,Y,0,326200.0,Pensioner,Secondary / secondary special,Married,House / apartment,-21204,365243,1,0,0,0,,2.0,0,58.05,1,0.0,163100.0,0.0,high,senior,entry,3.0
5011070,F,Y,Y,0,388400.0,Working,Secondary / secondary special,Civil marriage,House / apartment,-24985,-3829,1,0,0,1,Core staff,2.0,0,68.41,0,10.48,194200.0,0.15319397748867125,high,senior,senior,3.0
5011071,F,Y,Y,0,196100.0,Pensioner,Secondary / secondary special,Married,House / apartment,-24393,365243,1,0,0,0,,2.0,0,66.78,1,0.0,98050.0,0.0,medium,senior,entry,3.0
5011072,M,N,Y,0,350000.0,Commercial associate,Secondary / secondary special,Single / not married,House / apartment,-11213,-1793,1,0,0,0,Managers,1.0,0,30.7,0,4.91,350000.0,0.15993485342019545,high,youth,mid,2.0
5011073,F,Y,Y,0,77900.0,Working,Secondary / secondary special,Married,House / apartment,-15796,-1628,1,1,0,0,Cooking staff,2.0,1,43.25,0,4.46,38950.0,0.103121387283237,low,adult,mid,2.0
5011074,M,Y,N,0,126100.0,Pensioner,Secondary / secondary special,Married,House / apartment,-23951,365243,1,1,0,0,,2.0,0,65.57,1,0.0,63050.0,0.0,medium,senior,entry,1.0
5011075,F,N,Y,1,465900.0,Working,Secondary / secondary special,Married,House / apartment,-19007,-393,1,0,1,0,Laborers,3.0,0,52.04,0,1.08,155300.0,0.0207532667179093,high,adult,entry,2.0
5011076,F,N,N,0,218300.0,Pensioner,Secondary / secondary special,Married,House / apartment,-15773,365243,1,0,1,0,,2.0,0,43.18,1,0.0,109150.0,0.0,medium,adult,entry,1.0
5011077,F,Y,N,0,96200.0,Working,Higher education,Single / not married,House / apartment,-9294,-767,1,0,0,0,Laborers,1.0,1,25.45,0,2.1,96200.0,0.0825147347740668,low,youth,entry,1.0
5011078,F,N,Y,0,172100.0,Commercial associate,Secondary / secondary special,Married,House / apartment,-13729,-7025,1,0,0,0,Core staff,2.0,0,37.59,0,19.23,86050.0,0.5115722266560255,medium,adult,senior,2.0
5011079,F,N,Y,0,153900.0,Commercial associate,Secondary / secondary special,Married,House / apartment,-19454,-5904,1,0,0,0,,2.0,0,53.26,0,16.16,76950.0,0.3034171986481412,medium,adult,senior,2.0
5011080,F,Y,N,0,224700.0,Pensioner,Higher education,Single / not married,House / apartment,-21493,365243,1,1,0,1,,1.0,0,58.84,1,0.0,224700.0,0.0,medium,senior,entry,2.0
5011081,F,Y,Y,1,202800.0,Working,Secondary / secondary special,Married,House / apartment,-15471,-272,1,0,0,0,Managers,3.0,0,42.36,0,0.74,67600.0,0.017469310670443813,medium,adult,entry,3.0
5011082,F,N,Y,0,267000.0,Commercial associate,Secondary / secondary special,Married,House / apartment,-8325,-650,1,0,0,0,Sales staff,2.0,0,22.79,0,1.78,133500.0,0.07810443176831944,high,youth,entry,2.0
5011083,M,N,Y,0,235800.0,Working,Secondary / secondary special,Separated,Rented apartment,-18868,-11211,1,0,0,0,Laborers,1.0,0,51.66,0,30.69,235800.0,0.5940766550522649,medium,adult,senior,2.0
5011084,M,N,Y,0,481800.0,Working,Higher education,Married,House / apartment,-24135,-3889,1,0,0,0,Core staff,2.0,0,66.08,0,10.65,240900.0,0.1611682808716707,high,senior,senior,2.0
5011085,F,Y,N,0,301900.0,Working,Higher education,Civil marriage,House / apartment,-16371,-9456,1,0,0,0,Laborers,2.0,0,44.82,0,25.89,150950.0,0.5776439089692101,high,adult,senior,2.0
5011086,F,Y,Y,0,306900.0,Working,Secondary / secondary special,Single / not married,House / apartment,-24260,-17355,1,0,0,0,,1.0,0,66.42,0,47.52,306900.0,0.7154471544715447,high,senior,senior,3.0
5011087,M,N,Y,1,437200.0,Pensioner,Secondary / secondary special,Married,House / apartment,-13772,365243,1,0,0,0,,3.0,0,37.71,1,0.0,145733.33333333334,0.0,high,adult,entry,2.0
5011088,M,Y,Y,0,201000.0,Commercial associate,Secondary / secondary special,Married,Office apartment,-23492,-4525,1,0,1,0,,2.0,0,64.32,0,12.39,100500.0,0.1926305970149254,medium,senior,senior,3.0
5011089,M,N,N,0,129900.0,Working,Higher education,Married,House / apartment,-21666,-752,1,0,0,0,Drivers,2.0,0,59.32,0,2.06,64950.0,0.034726904922454484,medium,senior,entry,0.0
5011090,F,N,N,0,446400.0,Pensioner,Secondary / secondary special,Married,House / apartment,-24869,365243,1,0,0,0,,2.0,0,68.09,1,0.0,223200.0,0.0,high,senior,entry,1.0
5011091,M,Y,Y,0,261300.0,Working,Higher education,Single / not married,House / apartment,-21751,-5423,1,0,0,0,Core staff,1.0,0,59.55,0,14.85,261300.0,0.24937027707808565,high,senior,senior,3.0
5011092,F,N,Y,1,261700.0,Commercial associate,Secondary / secondary special,Married,House / apartment,-13176,-3122,1,0,1,0,Drivers,3.0,1,36.07,0,8.55,87233.33333333333,0.23703909065705575,high,adult,mid,2.0
5011093,M,N,Y,0,177900.0,Pensioner,Secondary / secondary special,Married,House / apartment,-23752,365243,1,0,0,0,,2.0,1,65.03,1,0.0,88950.0,0.0,medium,senior,entry,2.0
5011094,F,N,Y,0,179300.0,Pensioner,Secondary / secondary special,Married,House / apartment,-19536,365243,1,0,0,0,,2.0,0,53.49,1,0.0,89650.0,0.0,medium,adult,entry,2.0
5011095,M,Y,Y,1,372800.0,Working,Secondary / secondary special,Married,House / apartment,-10265,-2422,1,0,0,0,Drivers,3.0,0,28.1,0,6.63,124266.66666666667,0.2359430604982206,high,youth,mid,3.0
5011096,M,Y,N,0,399400.0,Commercial associate,Secondary / secondary special,Married,House / apartment,-8144,-1532,1,0,1,0,Core staff,2.0,0,22.3,0,4.19,199700.0,0.18789237668161435,high,youth,mid,2.0
5011097,F,N,Y,1,361300.0,Working,Secondary / secondary special,Single / not married,House / apartment,-13986,-5098,1,0,1,0,,2.0,0,38.29,0,13.96,180650.0,0.3645860537999478,high,adult,senior,2.0
5011098,M,Y,Y,0,362900.0,Pensioner,Secondary / secondary special,Single / not married,House / apartment,-21675,365243,1,1,0,0,,1.0,0,59.34,1,0.0,362900.0,0.0,high,senior,entry,3.0
5011099,M,N,N,0,324500.0,Commercial associate,Secondary / secondary special,Civil marriage,House / apartment,-18595,-1416,1,0,0,0,,2.0,0,50.91,0,3.88,162250.0,0.07621292476920055,high,adult,mid,1.0
5011100,M,Y,Y,1,260700.0,Pensioner,Higher education,Married,House / apartment,-16932,365243,1,0,1,0,,3.0,0,46.36,1,0.0,86900.0,0.0,high,adult,entry,3.0
5011101,M,N,Y,1,223600.0,Working,Secondary / secondary special,Married,House / apartment,-7373,-381,1,0,0,0,Managers,3.0,0,20.19,0,1.04,74533.33333333333,0.05151064883605745,medium,youth,entry,2.0
5011102,M,Y,Y,0,447100.0,Commercial associate,Secondary / secondary special,Married,House / apartment,-15258,-5646,1,0,1,0,Laborers,2.0,0,41.77,0,15.46,223550.0,0.3701220971989466,high,adult,senior,3.0
5011103,M,N,Y,1,202500.0,Commercial associate,Secondary / secondary special,Widow,House / apartment,-10185,-1381,1,0,1,0,Laborers,2.0,0,27.89,0,3.78,101250.0,0.13553244890641805,medium,youth,mid,2.0
5011104,F,Y,N,0,293700.0,Commercial associate,Secondary / secondary special,Married,House / apartment,-15607,-8019,1,0,0,0,Medicine staff,2.0,0,42.73,0,21.95,146850.0,0.5136906154926282,high,adult,senior,2.0
5011105,F,N,Y,0,163300.0,Commercial associate,Secondary / secondary special,Separated,Office apartment,-25417,-9002,1,0,1,0,Laborers,1.0,0,69.59,0,24.65,163300.0,0.35421755999425203,medium,senior,senior,2.0
5011106,F,Y,Y,0,175600.0,Pensioner,Secondary / secondary special,Single / not married,House / apartment,-23368,365243,1,0,1,0,,1.0,0,63.98,1,0.0,175600.0,0.0,medium,senior,entry,3.0
5011107,M,N,Y,0,216900.0,Pensioner,Secondary / secondary special,Single / not married,House / apartment,-12978,365243,1,0,0,0,,1.0,1,35.53,1,0.0,216900.0,0.0,medium,adult,entry,2.0
5011108,F,Y,N,1,163300.0,Working,Secondary / secondary special,Married,House / apartment,-18144,-6366,1,1,0,0,Core staff,3.0,0,49.68,0,17.43,54433.333333333336,0.3508454106280193,medium,adult,senior,2.0
5011109,F,N,Y,0,363800.0,Pensioner,Secondary / secondary special,Married,House / apartment,-16475,365243,1,0,0,0,,2.0,0,45.11,1,0.0,181900.0,0.0,high,adult,entry,2.0
5011110,M,N,Y,0,124400.0,Working,Secondary / secondary special,Married,House / apartment,-9680,-2906,1,0,0,0,Laborers,2.0,0,26.5,0,7.96,62200.0,0.300377358490566,medium,youth,mid,1.0
5011111,F,Y,N,1,256600.0,Commercial associate,Higher education,Married,House / apartment,-25381,-2053,1,0,0,0,Sales staff,3.0,0,69.49,0,5.62,85533.33333333333,0.08087494603540078,high,senior,mid,2.0
5011112,M,N,Y,0,260900.0,Pensioner,Secondary / secondary special,Separated,House / apartment,-15070,365243,1,0,0,0,,1.0,1,41.26,1,0.0,260900.0,0.0,high,adult,entry,2.0
5011113,M,Y,N,0,98700.0,Working,Secondary / secondary special,Single / not married,House / apartment,-16540,-8149,1,0,0,0,Security staff,1.0,1,45.28,0,22.31,98700.0,0.49271201413427557,low,adult,senior,1.0
5011114,F,N,Y,0,195800.0,Pensioner,Higher education,Single / not married,House / apartment,-19132,365243,1,0,0,0,,1.0,0,52.38,1,0.0,195800.0,0.0,medium,adult,entry,2.0
5011115,F,N,Y,0,277400.0,Pensioner,Higher education,Married,House / apartment,-10803,365243,1,0,1,0,,2.0,0,29.58,1,0.0,138700.0,0.0,high,youth,entry,2.0
5011116,F,Y,Y,1,302500.0,Working,Secondary / secondary special,Married,House / apartment,-11363,-2625,1,0,0,0,Laborers,3.0,0,31.11,0,7.19,100833.33333333333,0.23111539697846353,high,youth,mid,3.0
5011117,F,Y,Y,0,220400.0,Working,Secondary / secondary special,Married,House / apartment,-10822,-3598,1,1,0,0,Laborers,2.0,0,29.63,0,9.85,110200.0,0.33243334458319274,medium,youth,mid,3.0
5011118,F,Y,Y,0,342500.0,Working,Secondary / secondary special,Married,House / apartment,-14326,-3304,1,0,1,0,Managers,2.0,0,39.22,0,9.05,171250.0,0.2307496175420704,high,adult,mid,3.0
5011119,M,N,Y,1,231100.0,State servant,Secondary / secondary special,Civil marriage,House / apartment,-10952,-2264,1,0,0,0,Managers,3.0,1,29.98,0,6.2,77033.33333333333,0.2068045363575717,medium,youth,mid,2.0
5011120,M,Y,Y,0,245800.0,Working,Secondary / secondary special,Single / not married,House / apartment,-24223,-16954,1,0,1,0,Drivers,1.0,0,66.32,0,46.42,245800.0,0.6999396863691195,medium,senior,senior,3.0
5011121,F,N,Y,0,276900.0,Commercial associate,Higher education,Married,House / apartment,-20350,-4103,1,0,0,0,,2.0,0,55.72,0,11.23,138450.0,0.20154343144292894,high,senior,senior,2.0
5011122,F,N,Y,1,388100.0,Working,Secondary / secondary special,Married,House / apartment,-23702,365243,1,0,1,0,,3.0,0,64.89,1,0.0,129366.66666666667,0.0,high,senior,entry,2.0
5011123,F,N,N,0,174100.0,Working,Secondary / secondary special,Single / not married,House / apartment,-22800,-10744,1,0,1,0,Managers,1.0,0,62.42,0,29.42,174100.0,0.4713232938160846,medium,senior,senior,1.0
5011124,F,Y,Y,0,191400.0,Pensioner,Higher education,Married,House / apartment,-20146,365243,1,1,1,0,,2.0,0,55.16,1,0.0,95700.0,0.0,medium,senior,entry,3.0
5011125,F,N,N,0,174700.0,Working,Secondary / secondary special,Married,House / apartment,-11738,-347,1,0,0,0,,2.0,0,32.14,0,0.95,87350.0,0.02955818294959552,medium,youth,entry,1.0
5011126,F,N,Y,0,206800.0,State servant,Secondary / secondary special,Married,House / apartment,-18542,-2074,1,1,0,0,,2.0,0,50.77,0,5.68,103400.0,0.11187709277132163,medium,adult,mid,2.0
5011127,M,N,Y,0,498100.0,Working,Higher education,Married,Rented apartment,-10707,-2801,1,0,0,0,Low-skill Laborers,2.0,0,29.31,0,7.67,249050.0,0.26168543159331287,high,youth,mid,2.0
5011128,F,Y,Y,0,325100.0,Working,Higher education,Single / not married,Co-op apartment,-9724,-411,1,0,1,0,Drivers,1.0,0,26.62,0,1.13,325100.0,0.04244928625093914,high,youth,entry,3.0
5011129,F,Y,N,1,138700.0,Working,Secondary / secondary special,Married,House / apartment,-18857,-10543,1,1,0,0,,3.0,0,51.63,0,28.87,46233.333333333336,0.5591710245981019,medium,adult,senior,1.0
5011130,F,Y,N,0,180800.0,State servant,Secondary / secondary special,Single / not married,House / apartment,-18712,-5107,1,0,0,0,,1.0,0,51.23,0,13.98,180800.0,0.2728869802849893,medium,adult,senior,2.0
5011131,M,N,Y,0,294200.0,Working,Secondary / secondary special,Married,House / apartment,-10165,-818,1,0,0,0,Laborers,2.0,0,27.83,0,2.24,147100.0,0.08048868127919513,high,youth,entry,2.0
5011132,F,Y,N,1,155200.0,Commercial associate,Secondary / secondary special,Separated,House / apartment,-13741,-2617,1,1,0,0,Laborers,2.0,0,37.62,0,7.16,77600.0,0.1903242955874535,medium,adult,mid,2.0
5011133,M,N,Y,0,169900.0,Working,Secondary / secondary special,Widow,Office apartment,-8515,-1837,1,0,1,0,Core staff,1.0,1,23.31,0,5.03,169900.0,0.2157872157872158,medium,youth,mid,2.0
5011134,M,Y,Y,1,478300.0,Working,Secondary / secondary special,Married,House / apartment,-20376,-6258,1,0,0,0,,3.0,0,55.79,0,17.13,159433.33333333334,0.30704427316723426,high,senior,senior,3.0
5011135,M,N,N,0,179700.0,Commercial associate,Higher education,Married,House / apartment,-25339,-3575,1,0,0,0,Core staff,2.0,0,69.37,0,9.79,89850.0,0.14112728845322184,medium,senior,mid,1.0
5011136,F,N,N,0,393500.0,Commercial associate,Higher education,Married,Municipal apartment,-20818,-1601,1,0,0,0,,2.0,0,57.0,0,4.38,196750.0,0.07684210526315789,high,senior,mid,1.0
5011137,F,N,N,2,457300.0,Working,Higher education,Married,House / apartment,-22721,-1693,1,0,0,0,Managers,4.0,0,62.21,0,4.64,114325.0,0.07458607940845523,high,senior,mid,1.0
5011138,M,Y,Y,0,169200.0,Working,Secondary / secondary special,Married,House / apartment,-16004,-5914,1,1,0,0,,2.0,0,43.82,0,16.19,84600.0,0.36946599726152446,medium,adult,senior,3.0
5011139,F,Y,Y,3,156400.0,Pensioner,Secondary / secondary special,Married,House / apartment,-9051,365243,1,0,0,0,,5.0,0,24.78,1,0.0,31280.0,0.0,medium,youth,entry,3.0
5011140,F,Y,Y,0,212600.0,Working,Higher education,Single / not married,House / apartment,-20575,-13897,1,0,1,0,Core staff,1.0,0,56.33,0,38.05,212600.0,0.675483756435292,medium,senior,senior,3.0
5011141,F,Y,Y,0,141700.0,Working,Higher education,Married,House / apartment,-11990,-790,1,0,0,0,,2.0,0,32.83,0,2.16,70850.0,0.06579348157173318,medium,youth,entry,2.0
5011142,M,N,N,0,259400.0,Working,Higher education,Married,Municipal apartment,-14396,-1032,1,1,0,0,Sales staff,2.0,0,39.41,0,2.83,129700.0,0.07180918548591729,high,adult,entry,1.0
5011143,F,N,Y,0,220300.0,Working,Incomplete higher,Married,With parents,-20145,-7705,1,1,0,0,High skill tech staff,2.0,0,55.15,0,21.1,110150.0,0.38259292837715325,medium,senior,senior,2.0
5011144,F,N,Y,1,292400.0,Working,Higher education,Separated,House / apartment,-23829,-11807,1,0,0,0,Core staff,2.0,0,65.24,0,32.33,146200.0,0.49555487431023915,high,senior,senior,2.0
5011145,M,Y,Y,0,490900.0,Working,Secondary / secondary special,Married,House / apartment,-16185,-4883,1,0,0,0,,2.0,0,44.31,0,13.37,245450.0,0.30173775671406,high,adult,senior,3.0
5011146,M,N,Y,1,367400.0,Commercial associate,Secondary / secondary special,Married,House / apartment,-24866,-17148,1,1,0,0,Drivers,3.0,0,68.08,0,46.95,122466.66666666667,0.6896298472385429,high,senior,senior,2.0
5011147,F,N,Y,0,311800.0,Working,Secondary / secondary special,Separated,House / apartment,-16800,-4697,1,1,0,0,Managers,1.0,0,46.0,0,12.86,311800.0,0.27956521739130435,high,adult,senior,2.0
5011148,F,N,Y,0,91300.0,Commercial associate,Secondary / secondary special,Married,House / apartment,-9542,-276,1,0,0,0,Private service staff,2.0,1,26.12,0,0.76,45650.0,0.02909647779479326,low,youth,entry,1.0
5011149,F,Y,N,0,304700.0,State servant,Secondary / secondary special,Married,House / apartment,-16773,-1727,1,0,0,0,Laborers,2.0,0,45.92,0,4.73,152350.0,0.10300522648083624,high,adult,mid,2.0
5011150,F,N,Y,0,577700.0,State servant,Higher education,Married,Municipal apartment,-23022,-10482,1,0,0,0,Sales staff,2.0,0,63.03,0,28.7,288850.0,0.45533872759003646,high,senior,senior,2.0
5011151,F,N,N,0,54200.0,Pensioner,Secondary / secondary special,Married,Municipal apartment,-17131,365243,1,0,0,0,,2.0,0,46.9,1,0.0,27100.0,0.0,low,adult,entry,0.0
5011152,F,N,Y,0,344600.0,Working,Higher education,Married,House / apartment,-20961,-1199,1,1,0,0,Security staff,2.0,0,57.39,0,3.28,172300.0,0.057152814079107855,high,senior,mid,2.0
5011153,M,N,Y,0,225400.0,Working,Secondary / secondary special,Civil marriage,House / apartment,-17312,365243,1,0,0,0,,2.0,0,47.4,1,0.0,112700.0,0.0,medium,adult,entry,2.0
5011154,F,Y,Y,1,159600.0,Pensioner,Secondary / secondary special,Married,House / apartment,-17277,365243,1,0,1,0,,3.0,0,47.3,1,0.0,53200.0,0.0,medium,adult,entry,3.0
5011155,F,Y,N,1,364400.0,Working,Higher education,Married,House / apartment,-12505,-2695,1,0,0,0,Managers,3.0,0,34.24,0,7.38,121466.66666666667,0.21553738317757007,high,youth,mid,2.0
5011156,F,N,Y,0,574000.0,Working,Secondary / secondary special,Married,House / apartment,-10981,-4327,1,1,0,0,Laborers,2.0,0,30.06,0,11.85,287000.0,0.39421157684630737,high,youth,senior,2.0
5011157,F,N,Y,0,359700.0,Commercial associate,Secondary / secondary special,Married,House / apartment,-12399,-3369,1,0,0,0,Drivers,2.0,0,33.95,0,9.22,179850.0,0.27157584683357877,high,youth,mid,2.0
5011158,F,Y,Y,0,202800.0,Working,Secondary / secondary special,Married,House / apartment,-15356,-1361,1,0,0,0,,2.0,0,42.04,0,3.73,101400.0,0.08872502378686965,medium,adult,mid,3.0
5011159,M,N,Y,0,152300.0,Pensioner,Higher education,Separated,House / apartment,-22090,365243,1,0,0,0,,1.0,1,60.48,1,0.0,152300.0,0.0,medium,senior,entry,2.0
5011160,F,N,N,0,262400.0,Pensioner,Higher education,Separated,House / apartment,-22444,365243,1,1,0,0,,1.0,0,61.45,1,0.0,262400.0,0.0,high,senior,entry,1.0
5011161,M,N,N,0,377800.0,Commercial associate,Higher education,Married,Office apartment,-10289,-3701,1,0,1,1,Core staff,2.0,0,28.17,0,10.13,188900.0,0.35960241391551295,high,youth,senior,1.0
5011162,F,Y,Y,1,201200.0,Pensioner,Higher education,Married,House / apartment,-17402,365243,1,0,1,0,,3.0,0,47.64,1,0.0,67066.66666666667,0.0,medium,adult,entry,3.0
5011163,M,N,Y,0,211100.0,Working,Higher education,Married,House / apartment,-14903,-5566,1,1,1,0,,2.0,0,40.8,0,15.24,105550.0,0.3735294117647059,medium,adult,senior,2.0
5011164,M,N,N,0,1001000.0,Commercial associate,Secondary / secondary special,Separated,House / apartment,-17732,-7428,1,0,0,0,Waiters/barmen staff,1.0,0,48.55,0,20.34,1001000.0,0.4189495365602472,high,adult,senior,1.0
5011165,F,N,Y,0,418700.0,Working,Secondary / secondary special,Married,House / apartment,-19132,-6790,1,0,1,0,,2.0,0,52.38,0,18.59,209350.0,0.35490645284459715,high,adult,senior,2.0
5011166,M,N,Y,2,433900.0,Commercial associate,Secondary / secondary special,Married,House / apartment,-12411,-2608,1,0,1,0,,4.0,0,33.98,0,7.14,108475.0,0.21012360211889347,high,youth,mid,2.0
5011167,F,N,Y,0,117600.0,Working,Secondary / secondary special,Single / not married,House / apartment,-24093,-5048,1,0,1,0,,1.0,0,65.96,0,13.82,117600.0,0.2095209217707702,medium,senior,senior,1.0
5011168,F,N,Y,1,171400.0,Commercial associate,Higher education,Married,House / apartment,-24389,-7298,1,1,0,0,Managers,3.0,0,66.77,0,19.98,57133.333333333336,0.2992361839149319,medium,senior,senior,2.0
5011169,M,Y,Y,2,253400.0,State servant,Secondary / secondary special,Married,House / apartment,-9229,-414,1,0,0,0,,4.0,0,25.27,0,1.13,63350.0,0.0447170557973882,high,youth,entry,3.0
5011170,M,N,N,1,148000.0,Working,Secondary / secondary special,Married,House / apartment,-20144,-10332,1,1,0,0,Security staff,3.0,0,55.15,0,28.29,49333.333333333336,0.5129646418857661,medium,senior,senior,0.0
5011171,F,N,Y,3,543400.0,Working,Secondary / secondary special,Married,House / apartment,-7912,-746,1,0,0,0,Laborers,5.0,0,21.66,0,2.04,108680.0,0.09418282548476455,high,youth,entry,2.0
5011172,M,Y,Y,0,494200.0,Working,Secondary / secondary special,Single / not married,House / apartment,-8155,-615,1,0,0,0,Laborers,1.0,0,22.33,0,1.68,494200.0,0.07523510971786834,high,youth,entry,3.0
5011173,F,N,N,0,187000.0,Working,Secondary / secondary special,Married,House / apartment,-24797,-1562,1,1,1,0,,2.0,0,67.89,0,4.28,93500.0,0.06304315804978643,medium,senior,mid,1.0
5011174,F,N,Y,0,595700.0,Working,Secondary / secondary special,Married,House / apartment,-19995,-9488,1,1,1,0,,2.0,0,54.74,0,25.98,297850.0,0.47460723419802703,high,adult,senior,2.0
5011175,F,N,Y,0,243600.0,Pensioner,Higher education,Married,House / apartment,-13232,365243,1,0,1,0,,2.0,1,36.23,1,0.0,121800.0,0.0,medium,adult,entry,2.0
5011176,F,Y,Y,0,891100.0,Working,Secondary / secondary special,Single / not married,House / apartment,-19539,-3676,1,0,1,0,Laborers,1.0,0,53.49,0,10.06,891100.0,0.1880725369227893,high,adult,senior,3.0
5011177,F,N,Y,0,262400.0,Working,Incomplete higher,Civil marriage,Rented apartment,-22752,-2580,1,0,0,0,Laborers,2.0,0,62.29,0,7.06,131200.0,0.11334082517257986,high,senior,mid,2.0
5011178,F,Y,N,0,325600.0,Commercial associate,Secondary / secondary special,Married,House / apartment,-23210,-7101,1,0,0,0,,2.0,0,63.55,0,19.44,162800.0,0.3059008654602675,high,senior,senior,2.0
5011179,M,Y,N,1,491600.0,Working,Secondary / secondary special,Married,House / apartment,-7680,-763,1,1,0,0,Laborers,3.0,0,21.03,0,2.09,163866.66666666666,0.0993818354731336,high,youth,entry,2.0
5011180,M,N,Y,0,462400.0,Working,Secondary / secondary special,Married,House / apartment,-22248,-1152,1,0,0,0,Laborers,2.0,0,60.91,0,3.15,231200.0,0.0517156460351338,high,senior,mid,2.0
5011181,F,N,N,0,315200.0,Commercial associate,Secondary / secondary special,Married,House / apartment,-22887,-10729,1,0,1,1,,2.0,0,62.66,0,29.37,157600.0,0.4687200766038941,high,senior,senior,1.0
5011182,F,N,Y,2,227500.0,Pensioner,Secondary / secondary special,Married,House / apartment,-18182,365243,1,0,1,0,,4.0,1,49.78,1,0.0,56875.0,0.0,medium,adult,entry,2.0
5011183,F,Y,N,0,315700.0,Working,Secondary / secondary special,Married,House / apartment,-16069,-1471,1,0,0,0,Low-skill Laborers,2.0,0,43.99,0,4.03,157850.0,0.09161172993862242,high,adult,mid,2.0
5011184,F,N,Y,1,162300.0,Working,Secondary / secondary special,Widow,House / apartment,-9332,-2641,1,0,1,0,High skill tech staff,2.0,0,25.55,0,7.23,81150.0,0.28297455968688845,medium,youth,mid,2.0
5011185,F,Y,Y,1,263400.0,Working,Higher education,Married,House / apartment,-11681,-4011,1,0,0,1,Accountants,3.0,0,31.98,0,10.98,87800.0,0.3433395872420263,high,youth,senior,3.0
5011186,F,N,Y,0,140200.0,Working,Secondary / secondary special,Married,House / apartment,-16262,-2138,1,0,0,0,,2.0,0,44.52,0,5.85,70100.0,0.13140161725067384,medium,adult,mid,1.0
5011187,F,N,Y,0,100200.0,Working,Secondary / secondary special,Civil marriage,House / apartment,-23104,-3792,1,1,1,0,Sales staff,2.0,1,63.26,0,10.38,50100.0,0.16408472968700602,medium,senior,senior,1.0
5011188,M,N,Y,0,250400.0,Commercial associate,Secondary / secondary special,Married,House / apartment,-21972,-777,1,0,0,0,Laborers,2.0,0,60.16,0,2.13,125200.0,0.03540558510638298,high,senior,entry,2.0
5011189,F,Y,Y,1,458900.0,Pensioner,Secondary / secondary special,Married,House / apartment,-16362,365243,1,0,0,0,,3.0,0,44.8,1,0.0,152966.66666666666,0.0,high,adult,entry,3.0
5011190,F,Y,N,0,387800.0,Working,Secondary / secondary special,Married,House / apartment,-21653,-8493,1,1,0,0,Managers,2.0,0,59.28,0,23.25,193900.0,0.3922064777327935,high,senior,senior,2.0
5011191,F,N,Y,0,234300.0,Commercial associate,Higher education,Married,House / apartment,-21289,-13131,1,0,0,0,Core staff,2.0,0,58.29,0,35.95,117150.0,0.6167438668725339,medium,senior,senior,2.0
5011192,F,Y,N,1,584800.0,Working,Secondary / secondary special,Separated,House / apartment,-17879,-6888,1,1,0,0,,2.0,0,48.95,0,18.86,292400.0,0.38529111338100097,high,adult,senior,2.0
5011193,F,N,Y,0,183700.0,Working,Academic degree,Married,House / apartment,-11329,-630,1,0,0,0,Core staff,2.0,0,31.02,0,1.72,91850.0,0.05544809800128949,medium,youth,entry,2.0
5011194,F,N,Y,1,93600.0,Commercial associate,Secondary / secondary special,Married,House / apartment,-13660,-3894,1,0,1,0,Laborers,3.0,1,37.4,0,10.66,31200.0,0.28502673796791445,low,adult,senior,1.0
5011195,M,Y,N,1,82000.0,Pensioner,Secondary / secondary special,Separated,House / apartment,-10301,365243,1,0,1,0,,2.0,0,28.2,1,0.0,41000.0,0.0,low,youth,entry,1.0
5011196,F,N,Y,1,135200.0,Working,Higher education,Married,Office apartment,-7436,-59,1,1,0,0,,3.0,0,20.36,0,0.16,45066.666666666664,0.007858546168958744,medium,youth,entry,1.0
5011197,M,N,N,1,367200.0,Working,Secondary / secondary special,Married,With parents,-8776,-880,1,0,0,0,Managers,3.0,0,24.03,0,2.41,122400.0,0.10029130253849355,high,youth,entry,1.0
5011198,F,Y,N,0,177700.0,Commercial associate,Higher education,Married,House / apartment,-21178,-12803,1,0,0,0,,2.0,0,57.98,0,35.05,88850.0,0.6045187995860641,medium,senior,senior,2.0
5011199,M,Y,Y,3,307400.0,Working,Secondary / secondary special,Widow,House / apartment,-7917,-691,1,1,1,0,,4.0,0,21.68,0,1.89,76850.0,0.08717712177121771,high,youth,entry,3.0
5011200,M,Y,Y,0,556000.0,Working,Secondary / secondary special,Married,Municipal apartment,-14607,-6820,1,1,0,0,Private service staff,2.0,0,39.99,0,18.67,278000.0,0.4668667166791698,high,adult,senior,3.0
5011201,M,N,Y,0,140800.0,Working,Secondary / secondary special,Married,With parents,-25308,-16797,1,1,1,1,Drivers,2.0,0,69.29,0,45.99,70400.0,0.6637321402799826,medium,senior,senior,1.0
5011202,F,N,Y,0,310100.0,Commercial associate,Higher education,Married,House / apartment,-21828,-14345,1,0,0,0,Laborers,2.0,0,59.76,0,39.27,155050.0,0.657128514056225,high,senior,senior,2.0
5011203,F,Y,Y,3,319600.0,Working,Secondary / secondary special,Widow,House / apartment,-21013,365243,1,0,0,0,,4.0,0,57.53,1,0.0,79900.0,0.0,high,senior,entry,3.0
5011204,M,Y,N,1,158800.0,State servant,Secondary / secondary special,Single / not married,House / apartment,-12322,-483,1,0,1,0,Managers,2.0,0,33.74,0,1.32,79400.0,0.03912270302311796,medium,youth,entry,2.0
5011205,M,N,Y,1,480500.0,Working,Lower secondary,Married,House / apartment,-19025,-5278,1,0,0,0,Laborers,3.0,0,52.09,0,14.45,160166.66666666666,0.2774044922249952,high,adult,senior,2.0
5011206,F,N,Y,0,211400.0,Working,Secondary / secondary special,Single / not married,House / apartment,-16413,-1644,1,0,1,0,Laborers,1.0,0,44.94,0,4.5,211400.0,0.10013351134846463,medium,adult,mid,2.0
5011207,M,N,Y,1,201500.0,Commercial associate,Secondary / secondary special,Civil marriage,House / apartment,-18698,-7443,1,0,0,0,High skill tech staff,3.0,0,51.19,0,20.38,67166.66666666667,0.39812463371752294,medium,adult,senior,2.0
5011208,F,Y,N,1,701700.0,Working,Lower secondary,Single / not married,Co-op apartment,-15264,-5164,1,0,0,0,Drivers,2.0,0,41.79,0,14.14,350850.0,0.33835845896147404,high,adult,senior,2.0
5011209,F,Y,Y,0,317100.0,Working,Secondary / secondary special,Married,House / apartment,-17002,-6267,1,1,0,0,,2.0,0,46.55,0,17.16,158550.0,0.36863587540279275,high,adult,senior,3.0
5011210,F,N,Y,0,387700.0,Working,Secondary / secondary special,Married,Municipal apartment,-25356,-4982,1,0,1,0,Core staff,2.0,0,69.42,0,13.64,193850.0,0.1964851627772976,high,senior,senior,2.0
5011211,M,N,Y,0,480700.0,Working,Higher education,Married,House / apartment,-13319,-4863,1,0,1,0,Laborers,2.0,0,36.47,0,13.31,240350.0,0.3649574993145051,high,adult,senior,2.0
5011212,F,Y,N,0,176400.0,Pensioner,Secondary / secondary special,Single / not married,House / apartment,-11258,365243,1,0,0,0,,1.0,0,30.82,1,0.0,176400.0,0.0,medium,youth,entry,2.0
5011213,F,N,N,0,456100.0,Working,Secondary / secondary special,Married,House / apartment,-15496,-4476,1,0,1,0,Managers,2.0,0,42.43,0,12.25,228050.0,0.2887108178175819,high,adult,senior,1.0
5011214,F,N,Y,0,190000.0,Pensioner,Secondary / secondary special,Married,House / apartment,-16880,365243,1,0,0,0,,2.0,0,46.21,1,0.0,95000.0,0.0,medium,adult,entry,2.0
5011215,M,N,N,0,185900.0,Pensioner,Secondary / secondary special,Married,House / apartment,-8869,365243,1,0,1,0,,2.0,0,24.28,1,0.0,92950.0,0.0,medium,youth,entry,1.0
5011216,F,Y,Y,0,213100.0,Working,Secondary / secondary special,Civil marriage,House / apartment,-22024,-7075,1,1,0,0,,2.0,0,60.3,0,19.37,106550.0,0.3212271973466004,medium,senior,senior,3.0
5011217,M,N,N,0,178900.0,Working,Secondary / secondary special,Married,Rented apartment,-15013,-4003,1,1,0,0,Sales staff,2.0,0,41.1,0,10.96,89450.0,0.26666666666666666,medium,adult,senior,1.0
5011218,F,N,Y,0,368300.0,Working,Secondary / secondary special,Married,House / apartment,-14851,-3907,1,0,0,0,,2.0,0,40.66,0,10.7,184150.0,0.2631578947368421,high,adult,senior,2.0
5011219,F,N,Y,2,279000.0,Working,Secondary / secondary special,Civil marriage,House / apartment,-19337,-2368,1,0,1,0,,4.0,0,52.94,0,6.48,69750.0,0.12240272006044581,high,adult,mid,2.0
5011220,F,Y,Y,0,191000.0,Commercial associate,Secondary / secondary special,Single / not married,House / apartment,-21426,-1721,1,0,0,0,Laborers,1.0,0,58.66,0,4.71,191000.0,0.08029321513808388,medium,senior,mid,3.0
5011221,M,Y,Y,0,342100.0,Working,Secondary / secondary special,Separated,House / apartment,-25311,-18652,1,0,0,0,Sales staff,1.0,0,69.3,0,51.07,342100.0,0.736940836940837,high,senior,senior,3.0
5011222,M,Y,N,0,212800.0,Pensioner,Secondary / secondary special,Married,House / apartment,-10474,365243,1,0,0,0,,2.0,0,28.68,1,0.0,106400.0,0.0,medium,youth,entry,2.0
5011223,F,N,Y,0,207200.0,Working,Secondary / secondary special,Married,House / apartment,-13616,-4125,1,1,0,0,,2.0,0,37.28,0,11.29,103600.0,0.30284334763948495,medium,adult,senior,2.0
5011224,M,Y,N,2,250100.0,Working,Secondary / secondary special,Single / not married,House / apartment,-10378,-1994,1,1,0,0,,3.0,0,28.41,0,5.46,83366.66666666667,0.1921858500527983,high,youth,mid,2.0
5011225,M,N,Y,0,307800.0,Working,Secondary / secondary special,Married,House / apartment,-23392,-7105,1,0,0,1,Core staff,2.0,0,64.04,0,19.45,153900.0,0.30371642723297937,high,senior,senior,2.0
5011226,F,Y,Y,0,296700.0,Working,Secondary / secondary special,Married,House / apartment,-17322,-9377,1,0,1,0,,2.0,0,47.43,0,25.67,148350.0,0.5412186379928315,high,adult,senior,3.0
5011227,F,N,Y,2,203600.0,Pensioner,Secondary / secondary special,Married,House / apartment,-22873,365243,1,0,0,1,,4.0,0,62.62,1,0.0,50900.0,0.0,medium,senior,entry,2.0
5011228,M,N,Y,0,372900.0,Commercial associate,Secondary / secondary special,Single / not married,House / apartment,-25298,-4905,1,0,1,0,,1.0,0,69.26,0,13.43,372900.0,0.1939070170372509,high,senior,senior,2.0
5011229,F,Y,N,0,218400.0,Working,Secondary / secondary special,Married,House / apartment,-17353,-6426,1,1,0,0,Laborers,2.0,0,47.51,0,17.59,109200.0,0.3702378446642812,medium,adult,senior,2.0
5011230,M,Y,Y,0,176000.0,Pensioner,Secondary / secondary special,Married,House / apartment,-9463,365243,1,0,0,0,,2.0,1,25.91,1,0.0,88000.0,0.0,medium,youth,entry,3.0
5011231,F,Y,Y,0,117200.0,Pensioner,Secondary / secondary special,Married,House / apartment,-13903,365243,1,0,0,0,,2.0,0,38.06,1,0.0,58600.0,0.0,medium,adult,entry,2.0
5011232,M,N,Y,3,399100.0,Commercial associate,Incomplete higher,Married,House / apartment,-7966,-1243,1,1,0,0,High skill tech staff,5.0,0,21.81,0,3.4,79820.0,0.15589179275561668,high,youth,mid,2.0
5011233,F,N,Y,0,245600.0,Pensioner,Secondary / secondary special,Separated,Municipal apartment,-22815,365243,1,0,0,0,,1.0,0,62.46,1,0.0,245600.0,0.0,medium,senior,entry,2.0
5011234,F,Y,N,2,271300.0,Commercial associate,Secondary / secondary special,Married,House / apartment,-7632,-718,1,0,0,0,Laborers,4.0,0,20.9,0,1.97,67825.0,0.09425837320574164,high,youth,entry,2.0
5011235,F,N,Y,4,411800.0,Working,Higher education,Married,House / apartment,-18120,-3323,1,0,0,0,Core staff,6.0,0,49.61,0,9.1,68633.33333333333,0.183430759927434,high,adult,mid,2.0
5011236,F,Y,N,0,192300.0,Working,Secondary / secondary special,Married,House / apartment,-9243,-1811,1,0,0,0,Drivers,2.0,0,25.31,0,4.96,96150.0,0.19596997234294747,medium,youth,mid,2.0
5011237,M,Y,Y,0,122800.0,Working,Higher education,Married,House / apartment,-7443,-277,1,0,0,0,,2.0,0,20.38,0,0.76,61400.0,0.03729146221786065,medium,youth,entry,2.0
5011238,F,Y,Y,0,252800.0,Commercial associate,Incomplete higher,Separated,House / apartment,-11983,-4282,1,0,0,0,Sales staff,1.0,0,32.81,0,11.72,252800.0,0.3572081682413898,high,youth,senior,3.0
5011239,F,N,N,0,284800.0,Pensioner,Secondary / secondary special,Widow,House / apartment,-17383,365243,1,1,1,1,,1.0,0,47.59,1,0.0,284800.0,0.0,high,adult,entry,1.0
5011240,F,Y,Y,0,214100.0,Commercial associate,Higher education,Married,House / apartment,-8676,-1332,1,0,0,0,Laborers,2.0,0,23.75,0,3.65,107050.0,0.15368421052631578,medium,youth,mid,3.0
5011241,M,Y,Y,0,510100.0,Pensioner,Secondary / secondary special,Married,House / apartment,-18534,365243,1,0,1,0,,2.0,0,50.74,1,0.0,255050.0,0.0,high,adult,entry,3.0
5011242,F,Y,Y,0,70400.0,Working,Secondary / secondary special,Married,House / apartment,-19577,-3431,1,0,0,0,,2.0,0,53.6,0,9.39,35200.0,0.1751865671641791,low,adult,mid,2.0
5011243,M,Y,Y,2,427400.0,Commercial associate,Secondary / secondary special,Married,Municipal apartment,-25014,-11156,1,1,0,0,Laborers,4.0,0,68.48,0,30.54,106850.0,0.4459696261682243,high,senior,senior,3.0
5011244,F,N,N,0,362600.0,Commercial associate,Secondary / secondary special,Married,House / apartment,-23733,-16304,1,1,0,0,Laborers,2.0,0,64.98,0,44.64,181300.0,0.6869806094182825,high,senior,senior,1.0
5011245,F,Y,Y,0,306800.0,Commercial associate,Secondary / secondary special,Married,House / apartment,-17656,-8804,1,1,1,0,Laborers,2.0,0,48.34,0,24.1,153400.0,0.4985519238725693,high,adult,senior,3.0
5011246,F,Y,N,1,46100.0,Commercial associate,Secondary / secondary special,Single / not married,House / apartment,-21794,-14199,1,0,0,0,Security staff,2.0,0,59.67,0,38.87,23050.0,0.6514161220043573,low,senior,senior,1.0
5011247,F,N,Y,0,463900.0,Working,Higher education,Single / not married,House / apartment,-13946,-4026,1,0,0,0,,1.0,0,38.18,0,11.02,463900.0,0.2886327920377161,high,adult,senior,2.0
5011248,F,Y,Y,0,146100.0,Working,Secondary / secondary special,Married,House / apartment,-18002,-2256,1,0,0,0,Drivers,2.0,0,49.29,0,6.18,73050.0,0.12538040170419962,medium,adult,mid,2.0
5011249,M,N,Y,0,189400.0,State servant,Secondary / secondary special,Single / not married,House / apartment,-14671,-3827,1,1,1,0,Laborers,1.0,0,40.17,0,10.48,189400.0,0.26089121234752305,medium,adult,senior,2.0
5011250,M,N,Y,0,224200.0,Working,Secondary / secondary special,Civil marriage,House / apartment,-13460,-3213,1,0,0,0,,2.0,0,36.85,0,8.8,112100.0,0.23880597014925375,medium,adult,mid,2.0
5011251,M,Y,N,0,299300.0,Working,Secondary / secondary special,Married,House / apartment,-20594,-12954,1,0,0,0,,2.0,0,56.38,0,35.47,149650.0,0.6291238027669386,high,senior,senior,2.0
5011252,M,N,Y,0,336100.0,Working,Secondary / secondary special,Separated,House / apartment,-12723,-309,1,0,0,1,Laborers,1.0,0,34.83,0,0.85,336100.0,0.02440424921045076,high,youth,entry,2.0
5011253,M,Y,Y,0,381500.0,Working,Higher education,Single / not married,House / apartment,-14255,-294,1,0,0,0,Core staff,1.0,1,39.03,0,0.8,381500.0,0.020497053548552396,high,adult,entry,3.0
5011254,M,N,N,3,367100.0,Pensioner,Secondary / secondary special,Married,House / apartment,-14010,365243,1,0,0,0,,5.0,0,38.36,1,0.0,73420.0,0.0,high,adult,entry,1.0
5011255,F,N,N,0,277000.0,Commercial associate,Secondary / secondary special,Separated,House / apartment,-23201,-5634,1,0,1,0,High skill tech staff,1.0,0,63.52,0,15.43,277000.0,0.24291561712846346,high,senior,senior,1.0
5011256,F,Y,Y,0,300600.0,Pensioner,Secondary / secondary special,Married,House / apartment,-10417,365243,1,0,0,0,,2.0,0,28.52,1,0.0,150300.0,0.0,high,youth,entry,3.0
5011257,M,N,N,0,141500.0,Working,Secondary / secondary special,Married,House / apartment,-14272,-1881,1,0,0,0,Laborers,2.0,0,39.07,0,5.15,70750.0,0.1318146915792168,medium,adult,mid,0.0
5011258,F,N,Y,0,167700.0,Commercial associate,Secondary / secondary special,Married,House / apartment,-23520,-6674,1,0,0,1,Managers,2.0,0,64.39,0,18.27,83850.0,0.28373971113526947,medium,senior,senior,2.0
5011259,M,N,Y,0,382000.0,Pensioner,Secondary / secondary special,Civil marriage,House / apartment,-7584,365243,1,0,0,1,,2.0,1,20.76,1,0.0,191000.0,0.0,high,youth,entry,2.0
5011260,F,N,Y,2,371000.0,State servant,Secondary / secondary special,Married,House / apartment,-24615,-16109,1,0,0,0,Managers,4.0,0,67.39,0,44.1,92750.0,0.6543997625760499,high,senior,senior,2.0
5011261,F,N,Y,0,350600.0,State servant,Secondary / secondary special,Married,House / apartment,-23721,-10367,1,0,0,0,Drivers,2.0,1,64.94,0,28.38,175300.0,0.4370187865722205,high,senior,senior,2.0
5011262,F,Y,Y,0,188800.0,Commercial associate,Higher education,Married,House / apartment,-14936,-5701,1,0,0,0,,2.0,0,40.89,0,15.61,94400.0,0.3817559305453656,medium,adult,senior,3.0
5011263,F,Y,Y,0,384900.0,Working,Higher education,Married,House / apartment,-19231,-6631,1,1,0,0,,2.0,0,52.65,0,18.15,192450.0,0.3447293447293447,high,adult,senior,3.0
5011264,F,N,Y,0,136600.0,Working,Secondary / secondary special,Married,House / apartment,-25404,-9251,1,0,1,0,,2.0,0,69.55,0,25.33,68300.0,0.3641984184040259,medium,senior,senior,1.0
5011265,F,Y,N,0,418400.0,Pensioner,Higher education,Married,House / apartment,-17440,365243,1,1,1,0,,2.0,0,47.75,1,0.0,209200.0,0.0,high,adult,entry,2.0
5011266,F,N,N,0,214300.0,Pensioner,Higher education,Married,House / apartment,-9075,365243,1,0,0,0,,2.0,0,24.85,1,0.0,107150.0,0.0,medium,youth,entry,1.0
5011267,F,Y,N,0,566700.0,Commercial associate,Secondary / secondary special,Civil marriage,Office apartment,-22895,-800,1,0,0,1,Cooking staff,2.0,0,62.68,0,2.19,283350.0,0.03493937460114869,high,senior,entry,2.0
5011268,F,Y,Y,0,114100.0,Working,Secondary / secondary special,Married,House / apartment,-9755,-1263,1,0,0,1,Cooking staff,2.0,0,26.71,0,3.46,57050.0,0.12953949831523773,medium,youth,mid,2.0
5011269,M,Y,Y,0,589600.0,Commercial associate,Secondary / secondary special,Civil marriage,House / apartment,-12003,-1036,1,1,0,0,Sales staff,2.0,0,32.86,0,2.84,294800.0,0.08642726719415703,high,youth,entry,3.0
5011270,F,N,Y,0,203800.0,Working,Secondary / secondary special,Married,Municipal apartment,-23258,-11644,1,0,1,0,,2.0,0,63.68,0,31.88,101900.0,0.5006281407035176,medium,senior,senior,2.0
5011271,M,N,Y,0,201900.0,Working,Secondary / secondary special,Married,House / apartment,-11981,-2947,1,0,0,0,Core staff,2.0,0,32.8,0,8.07,100950.0,0.24603658536585368,medium,youth,mid,2.0
5011272,F,N,Y,3,269100.0,Working,Secondary / secondary special,Single / not married,House / apartment,-20912,-10782,1,1,1,0,Drivers,4.0,0,57.25,0,29.52,67275.0,0.5156331877729258,high,senior,senior,2.0
5011273,F,Y,Y,0,172300.0,Pensioner,Secondary / secondary special,Married,House / apartment,-15481,365243,1,0,0,0,,2.0,0,42.38,1,0.0,86150.0,0.0,medium,adult,entry,3.0
5011274,M,N,N,1,235500.0,Working,Secondary / secondary special,Single / not married,House / apartment,-21180,-12776,1,1,1,0,,2.0,0,57.99,0,34.98,117750.0,0.603207449560269,medium,senior,senior,1.0
5011275,F,Y,Y,0,168800.0,Commercial associate,Secondary / secondary special,Married,House / apartment,-11548,-698,1,0,0,0,,2.0,0,31.62,0,1.91,84400.0,0.06040480708412397,medium,youth,entry,3.0
5011276,F,N,Y,0,171900.0,Working,Secondary / secondary special,Married,House / apartment,-14967,-374,1,0,0,0,Laborers,2.0,0,40.98,0,1.02,85950.0,0.024890190336749635,medium,adult,entry,2.0
5011277,F,N,Y,0,311400.0,Commercial associate,Secondary / secondary special,Married,Office apartment,-13115,-2694,1,1,0,0,Core staff,2.0,0,35.91,0,7.38,155700.0,0.2055137844611529,high,adult,mid,2.0
5011278,F,Y,Y,0,155500.0,Commercial associate,Secondary / secondary special,Married,House / apartment,-11853,-952,1,0,0,0,Laborers,2.0,0,32.45,0,2.61,77750.0,0.08043143297380584,medium,youth,entry,3.0
5011279,F,N,Y,0,166300.0,Pensioner,Secondary / secondary special,Married,House / apartment,-13047,365243,1,0,1,0,,2.0,1,35.72,1,0.0,83150.0,0.0,medium,adult,entry,2.0
5011280,M,N,Y,0,122900.0,Working,Higher education,Married,House / apartment,-13204,-1275,1,0,1,0,Security staff,2.0,0,36.15,0,3.49,61450.0,0.09654218533886584,medium,adult,mid,1.0
5011281,F,Y,Y,1,189800.0,Working,Secondary / secondary special,Married,House / apartment,-24753,-9625,1,0,1,0,Cooking staff,3.0,0,67.77,0,26.35,63266.666666666664,0.38881510993064783,medium,senior,senior,3.0
5011282,M,N,Y,0,470400.0,Pensioner,Secondary / secondary special,Married,House / apartment,-17043,365243,1,0,0,0,,2.0,1,46.66,1,0.0,235200.0,0.0,high,adult,entry,2.0
5011283,F,N,Y,0,159900.0,Working,Secondary / secondary special,Married,House / apartment,-15743,-5928,1,0,1,0,Core staff,2.0,0,43.1,0,16.23,79950.0,0.3765661252900232,medium,adult,senior,2.0
5011284,M,Y,N,0,169300.0,Working,Secondary / secondary special,Married,House / apartment,-16497,-8942,1,0,1,0,Sales staff,2.0,0,45.17,0,24.48,84650.0,0.5419526234226256,medium,adult,senior,2.0
5011285,F,Y,N,1,269000.0,Working,Secondary / secondary special,Married,House / apartment,-25497,-9656,1,0,0,0,,3.0,0,69.81,0,26.44,89666.66666666667,0.37874230053001,high,senior,senior,2.0
5011286,F,N,Y,1,202800.0,Commercial associate,Secondary / secondary special,Married,House / apartment,-19241,-11282,1,0,0,0,Laborers,3.0,0,52.68,0,30.89,67600.0,0.5863705391040243,medium,adult,senior,2.0
5011287,M,N,Y,0,743800.0,Working,Secondary / secondary special,Civil marriage,House / apartment,-20152,-5283,1,0,0,0,,2.0,0,55.17,0,14.46,371900.0,0.26209896682979883,high,senior,senior,2.0
5011288,F,N,N,1,225100.0,Working,Secondary / secondary special,Married,With parents,-13033,-242,1,0,0,0,Core staff,3.0,0,35.68,0,0.66,75033.33333333333,0.018497757847533634,medium,adult,entry,1.0
5011289,F,N,Y,0,288700.0,Pensioner,Secondary / secondary special,Married,House / apartment,-15916,365243,1,0,1,1,,2.0,0,43.58,1,0.0,144350.0,0.0,high,adult,entry,2.0
5011290,F,N,Y,0,391300.0,Working,Secondary / secondary special,Married,House / apartment,-10666,-1650,1,1,0,0,Medicine staff,2.0,0,29.2,0,4.52,195650.0,0.1547945205479452,high,youth,mid,2.0
5011291,F,N,Y,0,387600.0,Working,Higher education,Married,House / apartment,-19818,-8097,1,0,0,0,,2.0,0,54.26,0,22.17,193800.0,0.4085882786583119,high,adult,senior,2.0
5011292,F,N,Y,1,274300.0,Working,Secondary / secondary special,Married,Municipal apartment,-13596,-3282,1,1,0,0,Core staff,3.0,0,37.22,0,8.99,91433.33333333333,0.2415368081676518,high,adult,mid,2.0
5011293,F,N,N,2,225200.0,Commercial associate,Secondary / secondary special,Married,House / apartment,-20971,-4407,1,0,0,0,Sales staff,4.0,0,57.42,0,12.07,56300.0,0.21020550330895157,medium,senior,senior,1.0
5011294,M,Y,N,2,671600.0,Working,Secondary / secondary special,Married,House / apartment,-11198,-514,1,0,0,0,Core staff,4.0,0,30.66,0,1.41,167900.0,0.04598825831702544,high,youth,entry,2.0
5011295,M,Y,Y,0,232300.0,Pensioner,Higher education,Married,House / apartment,-14674,365243,1,0,0,0,,2.0,0,40.18,1,0.0,116150.0,0.0,medium,adult,entry,3.0
5011296,F,Y,Y,2,195800.0,Commercial associate,Secondary / secondary special,Married,House / apartment,-15910,-9244,1,0,0,0,Laborers,4.0,0,43.56,0,25.31,48950.0,0.5810376492194673,medium,adult,senior,3.0
5011297,F,N,Y,0,176800.0,Working,Secondary / secondary special,Married,House / apartment,-10346,-2667,1,0,0,0,Laborers,2.0,0,28.33,0,7.3,88400.0,0.2576773738086834,medium,youth,mid,2.0
5011298,F,N,Y,0,103000.0,Pensioner,Secondary / secondary special,Married,House / apartment,-8576,365243,1,0,0,0,,2.0,0,23.48,1,0.0,51500.0,0.0,medium,youth,entry,1.0
5011299,F,Y,N,0,368200.0,Working,Secondary / secondary special,Married,House / apartment,-13095,-1569,1,0,1,0,Core staff,2.0,0,35.85,0,4.3,184100.0,0.1199442119944212,high,adult,mid,2.0
5011300,F,Y,Y,0,75500.0,Working,Secondary / secondary special,Married,Rented apartment,-17256,-6740,1,0,1,0,Drivers,2.0,0,47.24,0,18.45,37750.0,0.3905588484335309,low,adult,senior,2.0
5011301,F,N,Y,0,243400.0,Commercial associate,Incomplete higher,Married,House / apartment,-19225,-604,1,0,0,0,Managers,2.0,0,52.64,0,1.65,121700.0,0.03134498480243161,medium,adult,entry,2.0
5011302,F,Y,N,0,220400.0,Commercial associate,Secondary / secondary special,Married,House / apartment,-15072,-7313,1,0,1,0,Managers,2.0,0,41.26,0,20.02,110200.0,0.4852157052835676,medium,adult,senior,2.0
5011303,F,N,N,2,748200.0,Working,Incomplete higher,Married,House / apartment,-16441,-6344,1,0,0,0,,4.0,0,45.01,0,17.37,187050.0,0.38591424127971563,high,adult,senior,1.0
5011304,F,N,N,0,97700.0,Working,Secondary / secondary special,Married,House / apartment,-17225,-9402,1,0,0,0,Sales staff,2.0,0,47.16,0,25.74,48850.0,0.5458015267175572,low,adult,senior,0.0
5011305,F,N,Y,0,155600.0,Working,Higher education,Civil marriage,House / apartment,-16654,-4985,1,0,1,0,Medicine staff,2.0,1,45.6,0,13.65,77800.0,0.2993421052631579,medium,adult,senior,2.0
5011306,F,Y,Y,2,228100.0,Working,Secondary / secondary special,Married,House / apartment,-8955,-21,1,0,0,0,IT staff,4.0,0,24.52,0,0.06,57025.0,0.0024469820554649264,medium,youth,entry,3.0
5011307,F,Y,Y,0,221200.0,Commercial associate,Secondary / secondary special,Married,Office apartment,-14701,-6430,1,1,1,0,Managers,2.0,0,40.25,0,17.6,110600.0,0.43726708074534165,medium,adult,senior,3.0
5011308,M,N,Y,0,185500.0,Commercial associate,Secondary / secondary special,Married,House / apartment,-11037,-1594,1,0,0,0,,2.0,0,30.22,0,4.36,92750.0,0.1442753143613501,medium,youth,mid,2.0
5011309,M,N,N,0,234400.0,Working,Secondary / secondary special,Married,House / apartment,-17052,-2219,1,0,0,0,Laborers,2.0,0,46.69,0,6.08,117200.0,0.13022060398372243,medium,adult,mid,1.0
5011310,F,N,Y,0,130100.0,Working,Secondary / secondary special,Married,House / apartment,-21149,-10874,1,1,0,1,Laborers,2.0,0,57.9,0,29.77,65050.0,0.5141623488773748,medium,senior,senior,1.0
5011311,F,Y,N,0,291900.0,Working,Secondary / secondary special,Married,House / apartment,-17888,-4614,1,0,0,0,Sales staff,2.0,0,48.97,0,12.63,145950.0,0.25791300796405964,high,adult,senior,2.0
5011312,F,N,Y,0,76500.0,Working,Secondary / secondary special,Married,House / apartment,-11356,-909,1,0,0,0,Managers,2.0,0,31.09,0,2.49,38250.0,0.08009006111289804,low,youth,entry,1.0
5011313,F,N,N,1,241000.0,Working,Secondary / secondary special,Married,House / apartment,-11099,-3703,1,0,0,1,Laborers,3.0,0,30.39,0,10.14,80333.33333333333,0.3336623889437315,medium,youth,senior,1.0
5011314,M,N,Y,0,180800.0,Working,Secondary / secondary special,Married,House / apartment,-7981,-537,1,0,0,0,,2.0,0,21.85,0,1.47,90400.0,0.06727688787185354,medium,youth,entry,2.0
5011315,F,N,N,0,405800.0,Working,Higher education,Married,House / apartment,-15092,-2946,1,0,0,0,Laborers,2.0,0,41.32,0,8.07,202900.0,0.19530493707647628,high,adult,mid,1.0
5011316,F,Y,Y,0,587200.0,Commercial associate,Secondary / secondary special,Separated,House / apartment,-15210,-111,1,0,1,0,Core staff,1.0,0,41.64,0,0.3,587200.0,0.007204610951008645,high,adult,entry,3.0
5011317,F,Y,Y,0,206900.0,Pensioner,Secondary / secondary special,Civil marriage,House / apartment,-11623,365243,1,1,0,0,,2.0,0,31.82,1,0.0,103450.0,0.0,medium,youth,entry,3.0
5011318,F,N,N,0,489300.0,Working,Secondary / secondary special,Widow,House / apartment,-21262,-4416,1,0,0,0,,1.0,1,58.21,0,12.09,489300.0,0.20769627211819275,high,senior,senior,1.0
5011319,F,N,Y,2,208400.0,State servant,Higher education,Married,House / apartment,-14363,-3539,1,0,0,0,Private service staff,4.0,0,39.32,0,9.69,52100.0,0.24643947100712105,medium,adult,mid,2.0
5011320,M,Y,Y,1,150600.0,Pensioner,Secondary / secondary special,Civil marriage,House / apartment,-19530,365243,1,0,0,0,,3.0,0,53.47,1,0.0,50200.0,0.0,medium,adult,entry,3.0
5011321,F,Y,N,0,584400.0,State servant,Secondary / secondary special,Single / not married,House / apartment,-18994,-10256,1,1,1,0,Core staff,1.0,0,52.0,0,28.08,584400.0,0.5399999999999999,high,adult,senior,2.0
5011322,F,N,Y,2,316700.0,Pensioner,Secondary / secondary special,Separated,House / apartment,-18349,365243,1,1,0,0,,3.0,0,50.24,1,0.0,105566.66666666667,0.0,high,adult,entry,2.0
5011323,F,Y,Y,0,244700.0,Commercial associate,Secondary / secondary special,Married,House / apartment,-23889,-11087,1,0,0,0,Laborers,2.0,0,65.4,0,30.35,122350.0,0.46406727828746175,medium,senior,senior,3.0
5011324,F,Y,Y,0,344200.0,Commercial associate,Secondary / secondary special,Single / not married,Office apartment,-7595,-486,1,0,0,0,Core staff,1.0,0,20.79,0,1.33,344200.0,0.06397306397306397,high,youth,entry,3.0
5011325,M,N,N,0,280000.0,Working,Secondary / secondary special,Married,House / apartment,-8548,-602,1,0,0,0,,2.0,0,23.4,0,1.65,140000.0,0.07051282051282051,high,youth,entry,1.0
5011326,M,N,Y,0,235800.0,Commercial associate,Secondary / secondary special,Married,House / apartment,-20493,-7629,1,1,1,0,,2.0,0,56.11,0,20.89,117900.0,0.3723044020673677,medium,senior,senior,2.0
5011327,F,N,Y,1,125800.0,Commercial associate,Secondary / secondary special,Married,House / apartment,-13761,-6710,1,0,0,0,Core staff,3.0,0,37.68,0,18.37,41933.333333333336,0.48752653927813167,medium,adult,senior,1.0
5011328,F,Y,Y,0,213200.0,Working,Higher education,Separated,House / apartment,-25321,-8313,1,0,0,0,,1.0,0,69.33,0,22.76,213200.0,0.3282850137025819,medium,senior,senior,3.0
5011329,M,N,Y,0,333400.0,Commercial associate,Secondary / secondary special,Married,House / apartment,-11257,-2950,1,0,0,0,Laborers,2.0,0,30.82,0,8.08,166700.0,0.26216742375081115,high,youth,mid,2.0
5011330,M,N,Y,1,229600.0,Working,Secondary / secondary special,Married,House / apartment,-10655,365243,1,1,0,0,,3.0,1,29.17,1,0.0,76533.33333333333,0.0,medium,youth,entry,2.0
5011331,F,N,Y,2,383300.0,Working,Secondary / secondary special,Separated,House / apartment,-18047,-832,1,0,1,0,,3.0,0,49.41,0,2.28,127766.66666666667,0.0461445051608986,high,adult,entry,2.0
5011332,M,N,Y,1,295800.0,Working,Secondary / secondary special,Married,House / apartment,-12408,-2368,1,0,1,0,,3.0,0,33.97,0,6.48,98600.0,0.19075654989696794,high,youth,mid,2.0
5011333,F,Y,Y,0,157400.0,Commercial associate,Secondary / secondary special,Civil marriage,House / apartment,-13523,-962,1,0,1,0,Accountants,2.0,0,37.02,0,2.63,78700.0,0.071042679632631,medium,adult,entry,3.0
5011334,F,Y,Y,0,126200.0,Pensioner,Secondary / secondary special,Single / not married,House / apartment,-24125,365243,1,0,0,0,,1.0,0,66.05,1,0.0,126200.0,0.0,medium,senior,entry,2.0
5011335,F,Y,Y,0,225700.0,Pensioner,Secondary / secondary special,Married,House / apartment,-7784,365243,1,1,0,0,,2.0,0,21.31,1,0.0,112850.0,0.0,medium,youth,entry,3.0
5011336,M,Y,Y,0,187800.0,Pensioner,Secondary / secondary special,Married,House / apartment,-17007,365243,1,1,0,0,,2.0,0,46.56,1,0.0,93900.0,0.0,medium,adult,entry,3.0
5011337,M,N,Y,2,288800.0,Working,Secondary / secondary special,Married,Municipal apartment,-13421,-1694,1,0,0,0,Sales staff,4.0,0,36.74,0,4.64,72200.0,0.12629286880783885,high,adult,mid,2.0
5011338,F,N,Y,2,170500.0,Pensioner,Secondary / secondary special,Widow,House / apartment,-13624,365243,1,0,1,0,,3.0,1,37.3,1,0.0,56833.333333333336,0.0,medium,adult,entry,2.0
5011339,F,N,Y,1,179500.0,Working,Secondary / secondary special,Civil marriage,Municipal apartment,-11831,-1330,1,0,0,1,Laborers,3.0,0,32.39,0,3.64,59833.333333333336,0.11238036430997221,medium,youth,mid,2.0
5011340,F,N,Y,0,413300.0,Pensioner,Secondary / secondary special,Married,House / apartment,-9768,365243,1,0,0,0,,2.0,1,26.74,1,0.0,206650.0,0.0,high,youth,entry,2.0
5011341,M,Y,N,1,262900.0,Working,Higher education,Married,House / apartment,-7935,-442,1,0,0,0,Drivers,3.0,0,21.72,0,1.21,87633.33333333333,0.05570902394106814,high,youth,entry,2.0
5011342,F,N,Y,2,171800.0,Working,Secondary / secondary special,Married,House / apartment,-25343,-10944,1,1,1,0,,4.0,0,69.39,0,29.96,42950.0,0.4317625018014123,medium,senior,senior,2.0
5011343,F,Y,Y,0,246300.0,Commercial associate,Secondary / secondary special,Single / not married,House / apartment,-19365,-5576,1,0,1,0,,1.0,0,53.02,0,15.27,246300.0,0.2880045265937382,medium,adult,senior,3.0
5011344,F,Y,Y,0,486500.0,Commercial associate,Higher education,Married,House / apartment,-21499,-10353,1,0,0,0,Drivers,2.0,0,58.86,0,28.34,243250.0,0.4814814814814815,high,senior,senior,3.0
5011345,F,Y,Y,1,282800.0,Working,Higher education,Married,Co-op apartment,-8492,-1186,1,0,0,0,,3.0,0,23.25,0,3.25,94266.66666666667,0.13978494623655913,high,youth,mid,3.0
5011346,F,N,N,0,328400.0,Commercial associate,Secondary / secondary special,Single / not married,With parents,-7576,-500,1,0,1,1,Managers,1.0,0,20.74,0,1.37,328400.0,0.0660559305689489,high,youth,entry,1.0
5011347,F,N,Y,3,167600.0,Commercial associate,Secondary / secondary special,Married,House / apartment,-18268,-9064,1,0,0,0,Drivers,5.0,0,50.02,0,24.82,33520.0,0.49620151939224305,medium,adult,senior,2.0
5011348,M,Y,Y,0,407900.0,Working,Higher education,Married,House / apartment,-20524,-7201,1,0,0,0,Cooking staff,2.0,0,56.19,0,19.72,203950.0,0.35095212671293824,high,senior,senior,3.0
5011349,F,Y,Y,1,778000.0,Commercial associate,Higher education,Single / not married,House / apartment,-14516,-7789,1,0,0,0,Security staff,2.0,0,39.74,0,21.33,389000.0,0.5367388022143935,high,adult,senior,3.0
5011350,M,N,Y,1,164300.0,Working,Secondary / secondary special,Married,House / apartment,-14386,-2474,1,0,1,0,Drivers,3.0,0,39.39,0,6.77,54766.666666666664,0.17187103325717185,medium,adult,mid,2.0
5011351,F,Y,Y,0,135200.0,Commercial associate,Secondary / secondary special,Married,House / apartment,-14327,-6761,1,1,0,0,Sales staff,2.0,0,39.23,0,18.51,67600.0,0.4718327810349223,medium,adult,senior,2.0
5011352,F,N,Y,1,266500.0,Working,Secondary / secondary special,Married,House / apartment,-10095,-1085,1,1,0,0,Cooking staff,3.0,0,27.64,0,2.97,88833.33333333333,0.10745296671490594,high,youth,entry,2.0
5011353,M,N,N,0,378200.0,Commercial associate,Secondary / secondary special,Married,House / apartment,-21073,-4847,1,0,1,0,,2.0,0,57.69,0,13.27,189100.0,0.23002253423470273,high,senior,senior,1.0
5011354,M,N,Y,0,233200.0,Working,Higher education,Married,House / apartment,-11235,-4566,1,0,0,1,,2.0,0,30.76,0,12.5,116600.0,0.406371911573472,medium,youth,senior,2.0
5011355,M,N,Y,0,144200.0,Working,Higher education,Civil marriage,House / apartment,-13230,-5074,1,0,0,0,Sales staff,2.0,0,36.22,0,13.89,72100.0,0.383489784649365,medium,adult,senior,1.0
5011356,F,N,Y,0,231200.0,Working,Higher education,Married,House / apartment,-19564,-9814,1,0,0,0,,2.0,0,53.56,0,26.87,115600.0,0.501680358476475,medium,adult,senior,2.0
5011357,F,N,Y,1,329200.0,Commercial associate,Secondary / secondary special,Married,House / apartment,-7307,-367,1,0,1,0,Core staff,3.0,0,20.01,0,1.0,109733.33333333333,0.04997501249375312,high,youth,entry,2.0
5011358,M,N,Y,2,199200.0,State servant,Secondary / secondary special,Married,House / apartment,-21299,-11733,1,1,0,0,,4.0,0,58.31,0,32.12,49800.0,0.5508489109929685,medium,senior,senior,2.0
5011359,F,N,Y,0,330700.0,Pensioner,Secondary / secondary special,Married,House / apartment,-23725,365243,1,0,0,1,,2.0,0,64.96,1,0.0,165350.0,0.0,high,senior,entry,2.0
5011360,F,Y,Y,0,437100.0,Commercial associate,Higher education,Married,House / apartment,-8248,-1193,1,1,0,0,,2.0,0,22.58,0,3.27,218550.0,0.14481842338352527,high,youth,mid,3.0
5011361,M,N,Y,0,275300.0,Working,Secondary / secondary special,Married,House / apartment,-18110,-1096,1,0,0,0,Core staff,2.0,0,49.58,0,3.0,137650.0,0.060508269463493344,high,adult,entry,2.0
5011362,M,N,N,0,240700.0,Working,Higher education,Single / not married,House / apartment,-14764,-1297,1,1,0,0,,1.0,0,40.42,0,3.55,240700.0,0.08782780801583374,medium,adult,mid,1.0
5011363,F,N,Y,2,369600.0,Working,Secondary / secondary special,Married,House / apartment,-8738,-189,1,1,0,0,Sales staff,4.0,0,23.92,0,0.52,92400.0,0.021739130434782608,high,youth,entry,2.0
5011364,F,N,N,0,159100.0,Working,Secondary / secondary special,Married,House / apartment,-19764,-13136,1,0,0,0,Medicine staff,2.0,0,54.11,0,35.96,79550.0,0.6645721678063204,medium,adult,senior,1.0
5011365,F,N,Y,0,151500.0,Pensioner,Higher education,Single / not married,House / apartment,-18487,365243,1,0,1,0,,1.0,0,50.61,1,0.0,151500.0,0.0,medium,adult,entry,2.0
5011366,M,Y,Y,0,213700.0,Working,Secondary / secondary special,Married,House / apartment,-19042,-5960,1,0,0,0,,2.0,1,52.13,0,16.32,106850.0,0.3130634951083829,medium,adult,senior,3.0
5011367,M,N,N,0,190900.0,Working,Secondary / secondary special,Married,House / apartment,-22161,-1844,1,1,0,0,Core staff,2.0,0,60.67,0,5.05,95450.0,0.08323718477006757,medium,senior,mid,1.0
5011368,F,N,Y,1,163400.0,Working,Higher education,Married,House / apartment,-12545,-951,1,0,0,0,Core staff,3.0,0,34.35,0,2.6,54466.666666666664,0.07569141193595343,medium,youth,entry,2.0
5011369,M,N,N,0,609700.0,Working,Secondary / secondary special,Married,House / apartment,-19670,-12582,1,0,0,0,Sales staff,2.0,0,53.85,0,34.45,304850.0,0.6397400185701022,high,adult,senior,1.0
5011370,M,N,N,0,723200.0,Working,Higher education,Married,House / apartment,-20880,-12579,1,1,1,0,Laborers,2.0,0,57.17,0,34.44,361600.0,0.6024138534196256,high,senior,senior,1.0
5011371,M,Y,Y,1,204600.0,Commercial associate,Secondary / secondary special,Married,House / apartment,-10388,-589,1,0,0,0,Medicine staff,3.0,0,28.44,0,1.61,68200.0,0.05661040787623066,medium,youth,entry,3.0
5011372,F,N,Y,1,255600.0,Working,Higher education,Married,House / apartment,-24783,-13254,1,0,0,0,,3.0,0,67.85,0,36.29,85200.0,0.5348563006632278,high,senior,senior,2.0
5011373,F,Y,Y,1,222200.0,Commercial associate,Secondary / secondary special,Married,House / apartment,-13514,-1522,1,0,0,0,High skill tech staff,3.0,0,37.0,0,4.17,74066.66666666667,0.1127027027027027,medium,adult,mid,3.0
5011374,F,Y,N,2,424700.0,Commercial associate,Secondary / secondary special,Married,House / apartment,-20339,-4060,1,1,0,0,Medicine staff,4.0,0,55.69,0,11.12,106175.0,0.1996767821871072,high,senior,senior,2.0
5011375,F,N,N,3,469000.0,Pensioner,Secondary / secondary special,Married,Municipal apartment,-21075,365243,1,1,0,0,,5.0,0,57.7,1,0.0,93800.0,0.0,high,senior,entry,1.0
5011376,M,Y,Y,0,100400.0,Commercial associate,Secondary / secondary special,Married,House / apartment,-16510,-6482,1,0,0,0,Managers,2.0,0,45.2,0,17.75,50200.0,0.39269911504424776,medium,adult,senior,2.0
5011377,F,N,Y,0,309700.0,Pensioner,Secondary / secondary special,Single / not married,House / apartment,-9656,365243,1,0,1,0,,1.0,0,26.44,1,0.0,309700.0,0.0,high,youth,entry,2.0
5011378,M,Y,Y,0,127000.0,Working,Higher education,Married,House / apartment,-12339,-2680,1,0,0,0,,2.0,1,33.78,0,7.34,63500.0,0.21728833629366487,medium,youth,mid,2.0
5011379,F,Y,Y,1,588100.0,Working,Higher education,Married,House / apartment,-11583,-653,1,0,1,1,Accountants,3.0,0,31.71,0,1.79,196033.33333333334,0.05644906969410281,high,youth,entry,3.0
5011380,F,N,Y,0,304200.0,State servant,Incomplete higher,Married,House / apartment,-16777,-9869,1,0,0,0,Managers,2.0,0,45.93,0,27.02,152100.0,0.5882865229697366,high,adult,senior,2.0
5011381,F,N,Y,0,161700.0,Working,Secondary / secondary special,Married,House / apartment,-12076,-3725,1,0,0,0,Low-skill Laborers,2.0,0,33.06,0,10.2,80850.0,0.30852994555353896,medium,youth,senior,2.0
5011382,F,N,Y,0,216400.0,Working,Secondary / secondary special,Separated,House / apartment,-17290,-150,1,0,1,0,,1.0,0,47.34,0,0.41,216400.0,0.008660752006759611,medium,adult,entry,2.0
5011383,F,N,Y,1,211300.0,Working,Secondary / secondary special,Civil marriage,House / apartment,-12568,365243,1,0,1,0,,3.0,1,34.41,1,0.0,70433.33333333333,0.0,medium,youth,entry,2.0
5011384,M,N,N,0,317400.0,Commercial associate,Incomplete higher,Married,House / apartment,-7323,-371,1,0,0,0,High skill tech staff,2.0,0,20.05,0,1.02,158700.0,0.05087281795511222,high,youth,entry,1.0
5011385,F,Y,N,0,411000.0,Working,Secondary / secondary special,Married,House / apartment,-13939,-837,1,0,0,0,Laborers,2.0,0,38.16,0,2.29,205500.0,0.060010482180293506,high,adult,entry,2.0
5011386,F,Y,N,0,137500.0,Commercial associate,Secondary / secondary special,Widow,House / apartment,-18388,-9785,1,0,1,0,Cooking staff,1.0,0,50.34,0,26.79,137500.0,0.5321811680572109,medium,adult,senior,1.0
5011387,F,Y,N,1,612200.0,Commercial associate,Secondary / secondary special,Single / not married,House / apartment,-21435,-14749,1,0,1,0,Sales staff,2.0,0,58.69,0,40.38,306100.0,0.6880218095075823,high,senior,senior,2.0
5011388,F,N,Y,0,544900.0,Working,Secondary / secondary special,Married,House / apartment,-7823,-808,1,0,1,0,Core staff,2.0,0,21.42,0,2.21,272450.0,0.10317460317460317,high,youth,entry,2.0
5011389,F,N,Y,0,157600.0,Working,Higher education,Married,House / apartment,-12022,-4754,1,0,0,0,Managers,2.0,0,32.91,0,13.02,78800.0,0.39562443026435734,medium,youth,senior,2.0
5011390,M,N,Y,0,253200.0,Working,Secondary / secondary special,Married,House / apartment,-25302,-3620,1,0,0,0,,2.0,0,69.27,0,9.91,126600.0,0.14306337519849863,high,senior,mid,2.0
5011391,F,N,N,0,574300.0,Working,Higher education,Single / not married,House / apartment,-12086,-3675,1,0,0,0,,1.0,0,33.09,0,10.06,574300.0,0.304019341190692,high,youth,senior,1.0
5011392,M,N,N,0,452200.0,Working,Secondary / secondary special,Single / not married,House / apartment,-21499,-8939,1,0,0,1,,1.0,0,58.86,0,24.47,452200.0,0.4157322460074753,high,senior,senior,1.0
5011393,F,Y,N,0,206300.0,Working,Higher education,Married,House / apartment,-16607,-3923,1,0,0,0,Core staff,2.0,0,45.47,0,10.74,103150.0,0.23619969210468442,medium,adult,senior,2.0
5011394,F,Y,N,0,366800.0,Commercial associate,Secondary / secondary special,Married,House / apartment,-9536,-2558,1,0,0,0,,2.0,0,26.11,0,7.0,183400.0,0.2680965147453083,high,youth,mid,2.0
5011395,F,N,Y,1,1092600.0,Commercial associate,Secondary / secondary special,Separated,House / apartment,-19055,-5361,1,0,0,0,Accountants,2.0,0,52.17,0,14.68,546300.0,0.28138777074947285,high,adult,senior,2.0
5011396,F,N,Y,0,257300.0,Working,Secondary / secondary special,Civil marriage,House / apartment,-24953,-876,1,0,1,1,,2.0,0,68.32,0,2.4,128650.0,0.035128805620608904,high,senior,entry,2.0
5011397,F,N,Y,0,177900.0,Commercial associate,Secondary / secondary special,Married,House / apartment,-23501,-1645,1,0,0,0,Sales staff,2.0,0,64.34,0,4.5,88950.0,0.06994093876282251,medium,senior,mid,2.0
5011398,M,Y,Y,1,266100.0,Commercial associate,Secondary / secondary special,Married,House / apartment,-19911,-7653,1,0,0,0,Managers,3.0,0,54.51,0,20.95,88700.0,0.38433314988075584,high,adult,senior,3.0
5011399,F,N,Y,1,276200.0,Working,Secondary / secondary special,Married,House / apartment,-16658,-3739,1,0,0,0,Laborers,3.0,0,45.61,0,10.24,92066.66666666667,0.2245121683841263,high,adult,senior,2.0
5011400,M,Y,Y,0,187800.0,Working,Secondary / secondary special,Married,With parents,-13137,-2118,1,0,0,0,Core staff,2.0,0,35.97,0,5.8,93900.0,0.16124548234639977,medium,adult,mid,3.0
5011401,F,Y,Y,0,304500.0,Pensioner,Secondary / secondary special,Married,House / apartment,-13824,365243,1,0,0,0,,2.0,0,37.85,1,0.0,152250.0,0.0,high,adult,entry,3.0
5011402,M,N,Y,1,130400.0,Commercial associate,Secondary / secondary special,Married,Municipal apartment,-13628,-3429,1,0,0,0,,3.0,0,37.31,0,9.39,43466.666666666664,0.2516751541141785,medium,adult,mid,1.0
5011403,M,Y,Y,1,175000.0,Commercial associate,Secondary / secondary special,Separated,House / apartment,-24145,-11056,1,1,1,0,Drivers,2.0,0,66.11,0,30.27,87500.0,0.45787324156708514,medium,senior,senior,3.0
5011404,F,N,Y,0,356700.0,Working,Higher education,Civil marriage,House / apartment,-11164,-1632,1,0,0,0,,2.0,0,30.57,0,4.47,178350.0,0.14622178606476938,high,youth,mid,2.0
5011405,M,Y,Y,0,101500.0,Commercial associate,Incomplete higher,Married,House / apartment,-14209,-4812,1,0,0,0,Private service staff,2.0,0,38.9,0,13.17,50750.0,0.338560411311054,medium,adult,senior,2.0
5011406,F,N,Y,0,383500.0,Commercial associate,Secondary / secondary special,Civil marriage,House / apartment,-15194,-7956,1,0,1,0,,2.0,0,41.6,0,21.78,191750.0,0.5235576923076923,high,adult,senior,2.0
5011407,M,N,Y,0,89300.0,Working,Secondary / secondary special,Married,With parents,-14773,365243,1,1,0,1,,2.0,1,40.45,1,0.0,44650.0,0.0,low,adult,entry,1.0
5011408,M,Y,N,0,102700.0,Pensioner,Secondary / secondary special,Married,House / apartment,-7382,365243,1,0,0,0,,2.0,0,20.21,1,0.0,51350.0,0.0,medium,youth,entry,1.0
5011409,F,N,Y,0,190200.0,Working,Secondary / secondary special,Civil marriage,House / apartment,-12254,-5108,1,0,0,0,Managers,2.0,0,33.55,0,13.98,95100.0,0.41669150521609544,medium,youth,senior,2.0
5011410,M,Y,Y,0,281800.0,Working,Higher education,Married,With parents,-16410,-9422,1,0,0,0,Waiters/barmen staff,2.0,0,44.93,0,25.8,140900.0,0.5742265746717116,high,adult,senior,3.0
5011411,M,N,N,0,473600.0,Working,Secondary / secondary special,Civil marriage,Office apartment,-21194,-6092,1,0,0,0,Laborers,2.0,0,58.03,0,16.68,236800.0,0.28743753231087366,high,senior,senior,1.0
5011412,F,Y,N,0,251300.0,Commercial associate,Secondary / secondary special,Married,House / apartment,-17705,-1590,1,1,1,0,Drivers,2.0,0,48.47,0,4.35,125650.0,0.08974623478440272,high,adult,mid,2.0
5011413,M,Y,N,0,215800.0,Commercial associate,Secondary / secondary special,Married,House / apartment,-14334,-114,1,0,0,0,Laborers,2.0,0,39.24,0,0.31,107900.0,0.007900101936799185,medium,adult,entry,2.0
5011414,F,Y,Y,0,326200.0,Commercial associate,Higher education,Married,House / apartment,-19452,-10910,1,0,0,0,Laborers,2.0,0,53.26,0,29.87,163100.0,0.5608336462636125,high,adult,senior,3.0
5011415,M,Y,Y,0,157900.0,Pensioner,Secondary / secondary special,Married,House / apartment,-19466,365243,1,0,0,0,,2.0,0,53.3,1,0.0,78950.0,0.0,medium,adult,entry,3.0
5011416,M,N,Y,1,261800.0,Working,Higher education,Married,Rented apartment,-11833,-498,1,1,0,0,,3.0,0,32.4,0,1.36,87266.66666666667,0.041975308641975316,high,youth,entry,2.0
5011417,F,Y,Y,0,134000.0,Commercial associate,Higher education,Separated,House / apartment,-9200,-339,1,0,0,0,,1.0,0,25.19,0,0.93,134000.0,0.03691941246526399,medium,youth,entry,2.0
5011418,M,Y,N,1,254400.0,Commercial associate,Secondary / secondary special,Married,House / apartment,-21973,-12460,1,0,0,0,Cleaning staff,3.0,1,60.16,0,34.11,84800.0,0.5669880319148937,high,senior,senior,2.0
5011419,M,N,Y,0,228800.0,State servant,Secondary / secondary special,Married,House / apartment,-16980,-8756,1,0,0,0,Core staff,2.0,0,46.49,0,23.97,114400.0,0.5155947515594751,medium,adult,senior,2.0
5011420,F,Y,Y,0,163300.0,Working,Secondary / secondary special,Married,House / apartment,-10529,-1313,1,0,0,0,Laborers,2.0,0,28.83,0,3.59,81650.0,0.12452306625043358,medium,youth,mid,3.0
5011421,M,N,Y,0,265100.0,State servant,Secondary / secondary special,Civil marriage,House / apartment,-12091,-3431,1,0,0,0,Managers,2.0,0,33.1,0,9.39,132550.0,0.2836858006042296,high,youth,mid,2.0
5011422,F,N,Y,2,264300.0,Working,Secondary / secondary special,Married,House / apartment,-21302,-7423,1,1,0,0,,4.0,0,58.32,0,20.32,66075.0,0.3484224965706447,high,senior,senior,2.0
5011423,M,N,Y,0,439400.0,Pensioner,Secondary / secondary special,Married,House / apartment,-19235,365243,1,0,0,0,,2.0,0,52.66,1,0.0,219700.0,0.0,high,adult,entry,2.0
5011424,F,N,N,0,109400.0,Commercial associate,Secondary / secondary special,Single / not married,House / apartment,-24566,-5485,1,0,1,0,Sales staff,1.0,0,67.26,0,15.02,109400.0,0.22331251858459705,medium,senior,senior,0.0
5011425,F,N,N,0,235000.0,Pensioner,Secondary / secondary special,Separated,House / apartment,-15796,365243,1,0,0,1,,1.0,0,43.25,1,0.0,235000.0,0.0,medium,adult,entry,1.0
5011426,F,Y,N,2,166900.0,Working,Higher education,Single / not married,House / apartment,-8258,-410,1,1,1,0,Security staff,3.0,0,22.61,0,1.12,55633.333333333336,0.04953560371517028,medium,youth,entry,2.0
5011427,F,N,Y,3,377100.0,Working,Higher education,Married,House / apartment,-20096,-794,1,1,1,0,,5.0,0,55.02,0,2.17,75420.0,0.039440203562340966,high,senior,entry,2.0
5011428,F,N,Y,0,355900.0,Working,Secondary / secondary special,Married,House / apartment,-11960,-1456,1,1,0,0,Laborers,2.0,0,32.74,0,3.99,177950.0,0.12186927306047649,high,youth,mid,2.0
5011429,F,N,Y,0,314700.0,Commercial associate,Secondary / secondary special,Single / not married,House / apartment,-13219,-1224,1,0,0,0,,1.0,0,36.19,0,3.35,314700.0,0.09256700746062449,high,adult,mid,2.0
5011430,M,N,Y,0,171700.0,Commercial associate,Secondary / secondary special,Separated,House / apartment,-10896,-2195,1,0,0,1,,1.0,0,29.83,0,6.01,171700.0,0.20147502514247403,medium,youth,mid,2.0
5011431,F,N,N,0,380100.0,Pensioner,Higher education,Widow,House / apartment,-12947,365243,1,0,0,0,,1.0,0,35.45,1,0.0,380100.0,0.0,high,adult,entry,1.0
5011432,F,N,Y,0,113600.0,Working,Higher education,Married,House / apartment,-22453,-9673,1,0,0,0,,2.0,0,61.47,0,26.48,56800.0,0.43077924190662115,medium,senior,senior,1.0
5011433,F,N,N,1,102500.0,Working,Secondary / secondary special,Civil marriage,House / apartment,-17837,-7074,1,0,0,0,,3.0,0,48.84,0,19.37,34166.666666666664,0.3966011466011466,medium,adult,senior,0.0
5011434,F,N,Y,1,129000.0,Working,Secondary / secondary special,Married,House / apartment,-9298,-1039,1,0,0,0,,3.0,0,25.46,0,2.84,43000.0,0.11154752553024351,medium,youth,entry,1.0
5011435,F,N,Y,0,240100.0,Working,Secondary / secondary special,Married,House / apartment,-18018,-5437,1,0,0,0,Core staff,2.0,0,49.33,0,14.89,120050.0,0.3018447192377864,medium,adult,senior,2.0
5011436,M,Y,Y,0,342200.0,Pensioner,Secondary / secondary special,Married,House / apartment,-18875,365243,1,0,0,0,,2.0,0,51.68,1,0.0,171100.0,0.0,high,adult,entry,3.0
5011437,M,N,Y,0,55100.0,Pensioner,Secondary / secondary special,Widow,House / apartment,-23464,365243,1,0,0,0,,1.0,1,64.24,1,0.0,55100.0,0.0,low,senior,entry,1.0
5011438,F,N,N,0,473000.0,State servant,Secondary / secondary special,Married,House / apartment,-23004,-11033,1,1,1,0,Sales staff,2.0,0,62.98,0,30.21,236500.0,0.4796760876468721,high,senior,senior,1.0
5011439,F,Y,Y,0,260700.0,Working,Higher education,Married,House / apartment,-8453,-1708,1,0,0,0,Core staff,2.0,0,23.14,0,4.68,130350.0,0.20224719101123595,high,youth,mid,3.0
5011440,F,Y,N,0,111500.0,Working,Secondary / secondary special,Separated,House / apartment,-23133,-10452,1,0,1,0,,1.0,0,63.33,0,28.62,111500.0,0.4519185220274752,medium,senior,senior,1.0
5011441,F,N,N,0,256800.0,Working,Higher education,Married,House / apartment,-8234,-1304,1,1,0,0,Managers,2.0,0,22.54,0,3.57,128400.0,0.15838509316770186,high,youth,mid,1.0
5011442,F,Y,Y,0,421600.0,Commercial associate,Secondary / secondary special,Married,House / apartment,-10120,-3047,1,0,0,0,,2.0,0,27.71,0,8.34,210800.0,0.30097437748105377,high,youth,mid,3.0
5011443,F,Y,N,1,329500.0,State servant,Secondary / secondary special,Single / not married,House / apartment,-9342,-1222,1,0,0,0,,2.0,0,25.58,0,3.35,164750.0,0.13096168881939016,high,youth,mid,2.0
5011444,M,N,Y,0,422900.0,Working,Secondary / secondary special,Single / not married,House / apartment,-10623,-110,1,0,0,0,,1.0,0,29.08,0,0.3,422900.0,0.01031636863823934,high,youth,entry,2.0
5011445,M,Y,Y,0,123300.0,Working,Higher education,Married,House / apartment,-21975,-5282,1,0,0,0,Drivers,2.0,0,60.16,0,14.46,61650.0,0.24035904255319152,medium,senior,senior,2.0
5011446,F,N,N,0,198500.0,Commercial associate,Higher education,Separated,With parents,-19835,-167,1,0,0,0,Medicine staff,1.0,0,54.31,0,0.46,198500.0,0.00846989504695268,medium,adult,entry,1.0
5011447,F,Y,N,0,153800.0,Commercial associate,Higher education,Married,House / apartment,-19851,-4598,1,1,0,0,Core staff,2.0,0,54.35,0,12.59,76900.0,0.23164673413063477,medium,adult,senior,2.0
5011448,M,Y,Y,2,576200.0,Working,Higher education,Separated,House / apartment,-24145,-17225,1,0,1,0,,3.0,0,66.11,0,47.16,192066.66666666666,0.7133565270004537,high,senior,senior,3.0
5011449,F,N,Y,1,336100.0,Pensioner,Secondary / secondary special,Single / not married,House / apartment,-14461,365243,1,0,0,0,,2.0,0,39.59,1,0.0,168050.0,0.0,high,adult,entry,2.0
5011450,F,N,Y,0,1013600.0,Working,Higher education,Married,House / apartment,-7365,-276,1,0,0,0,,2.0,0,20.16,0,0.76,506800.0,0.037698412698412696,high,youth,entry,2.0
5011451,F,Y,Y,1,193200.0,Pensioner,Higher education,Single / not married,House / apartment,-18989,365243,1,0,0,0,,2.0,1,51.99,1,0.0,96600.0,0.0,medium,adult,entry,3.0
5011452,F,Y,Y,0,169900.0,Working,Secondary / secondary special,Married,House / apartment,-23158,-10978,1,0,0,0,HR staff,2.0,0,63.4,0,30.06,84950.0,0.4741324921135647,medium,senior,senior,3.0
5011453,F,N,N,3,227300.0,Working,Secondary / secondary special,Married,House / apartment,-25134,-15973,1,0,0,0,Sales staff,5.0,0,68.81,0,43.73,45460.0,0.6355180933003923,medium,senior,senior,1.0
5011454,M,Y,Y,0,486300.0,Working,Higher education,Separated,House / apartment,-13951,-3869,1,0,1,0,,1.0,0,38.2,0,10.59,486300.0,0.27722513089005235,high,adult,senior,3.0
5011455,F,Y,Y,0,203300.0,Working,Higher education,Married,House / apartment,-22320,-9912,1,0,0,0,,2.0,0,61.11,0,27.14,101650.0,0.44411716576665033,medium,senior,senior,3.0
5011456,F,Y,Y,0,259800.0,Working,Secondary / secondary special,Married,House / apartment,-22814,-12500,1,1,0,0,Sales staff,2.0,0,62.46,0,34.22,129900.0,0.5478706372078129,high,senior,senior,3.0
5011457,M,N,Y,1,256200.0,Commercial associate,Higher education,Married,House / apartment,-9943,-567,1,0,0,0,,3.0,0,27.22,0,1.55,85400.0,0.056943423952975754,high,youth,entry,2.0
5011458,F,N,Y,0,249000.0,Working,Higher education,Married,House / apartment,-18838,-5846,1,0,0,0,Sales staff,2.0,0,51.58,0,16.01,124500.0,0.31039162466072123,medium,adult,senior,2.0
5011459,F,N,Y,1,176200.0,Commercial associate,Secondary / secondary special,Civil marriage,House / apartment,-10467,-1773,1,0,0,0,High skill tech staff,3.0,0,28.66,0,4.85,58733.333333333336,0.16922540125610605,medium,youth,mid,2.0
5011460,F,N,N,0,227900.0,Working,Higher education,Separated,House / apartment,-15462,-5253,1,1,1,0,,1.0,0,42.33,0,14.38,227900.0,0.33971178832978977,medium,adult,senior,1.0
5011461,F,N,Y,2,223100.0,Working,Secondary / secondary special,Married,House / apartment,-23363,-10691,1,0,0,0,Sales staff,4.0,1,63.96,0,29.27,55775.0,0.45762976860537835,medium,senior,senior,2.0
5011462,M,N,Y,0,243200.0,State servant,Secondary / secondary special,Married,House / apartment,-21723,-11478,1,0,0,0,Core staff,2.0,0,59.47,0,31.43,121600.0,0.5285017655960988,medium,senior,senior,2.0
5011463,F,N,N,2,391300.0,Pensioner,Secondary / secondary special,Married,House / apartment,-17721,365243,1,0,0,0,,4.0,0,48.52,1,0.0,97825.0,0.0,high,adult,entry,1.0
5011464,F,Y,Y,0,588800.0,Working,Higher education,Married,House / apartment,-22074,-8967,1,0,0,0,Drivers,2.0,0,60.44,0,24.55,294400.0,0.40618795499669097,high,senior,senior,3.0
5011465,F,N,Y,0,160400.0,Working,Secondary / secondary special,Married,House / apartment,-10096,-51,1,0,1,0,Private service staff,2.0,0,27.64,0,0.14,80200.0,0.005065123010130246,medium,youth,entry,2.0
5011466,M,N,Y,2,200700.0,Commercial associate,Higher education,Married,House / apartment,-10865,-342,1,0,1,0,Core staff,4.0,0,29.75,0,0.94,50175.0,0.03159663865546218,medium,youth,entry,2.0
5011467,F,N,Y,3,161600.0,Working,Secondary / secondary special,Married,House / apartment,-11119,365243,1,0,1,0,,5.0,1,30.44,1,0.0,32320.0,0.0,medium,youth,entry,2.0
5011468,F,Y,Y,0,268100.0,Commercial associate,Higher education,Married,House / apartment,-21477,-14248,1,0,0,0,Medicine staff,2.0,0,58.8,0,39.01,134050.0,0.6634353741496598,high,senior,senior,3.0
5011469,M,Y,Y,0,186500.0,Commercial associate,Higher education,Separated,House / apartment,-23576,365243,1,0,0,0,,1.0,0,64.55,1,0.0,186500.0,0.0,medium,senior,entry,3.0
5011470,M,N,N,0,275200.0,Working,Higher education,Single / not married,House / apartment,-17584,-9475,1,0,0,0,Managers,1.0,0,48.14,0,25.94,275200.0,0.5388450353136685,high,adult,senior,1.0
5011471,F,N,N,0,423900.0,Working,Higher education,Single / not married,House / apartment,-24800,-7376,1,0,0,0,,1.0,0,67.9,0,20.19,423900.0,0.29734904270986745,high,senior,senior,1.0
5011472,F,N,Y,0,69000.0,Commercial associate,Higher education,Married,House / apartment,-20601,-8046,1,1,0,0,Drivers,2.0,0,56.4,0,22.03,34500.0,0.39060283687943265,low,senior,senior,1.0
5011473,M,Y,Y,0,312200.0,Working,Secondary / secondary special,Civil marriage,With parents,-17599,-7201,1,0,0,0,Drivers,2.0,0,48.18,0,19.72,156100.0,0.4092984640929846,high,adult,senior,3.0
5011474,F,N,Y,0,194000.0,Working,Secondary / secondary special,Separated,House / apartment,-18474,-5809,1,0,0,0,Laborers,1.0,0,50.58,0,15.9,194000.0,0.31435349940688023,medium,adult,senior,2.0
5011475,F,N,Y,1,307300.0,Commercial associate,Secondary / secondary special,Separated,Office apartment,-22820,-8276,1,0,0,0,Cleaning staff,2.0,0,62.48,0,22.66,153650.0,0.3626760563380282,high,senior,senior,2.0
5011476,F,N,Y,1,155900.0,Commercial associate,Higher education,Married,House / apartment,-8952,-908,1,0,0,0,Managers,3.0,0,24.51,0,2.49,51966.666666666664,0.10159118727050184,medium,youth,entry,2.0
5011477,M,N,Y,0,444000.0,Working,Secondary / secondary special,Married,Rented apartment,-10373,-1108,1,0,0,0,Laborers,2.0,0,28.4,0,3.03,222000.0,0.10669014084507042,high,youth,mid,2.0
5011478,F,N,Y,0,385400.0,Pensioner,Secondary / secondary special,Married,House / apartment,-12168,365243,1,0,1,0,,2.0,0,33.31,1,0.0,192700.0,0.0,high,youth,entry,2.0
5011479,M,N,N,0,324400.0,Commercial associate,Higher education,Married,House / apartment,-23646,-13161,1,0,1,0,,2.0,0,64.74,0,36.03,162200.0,0.5565338276181651,high,senior,senior,1.0
5011480,F,N,Y,0,363000.0,Working,Secondary / secondary special,Widow,House / apartment,-24562,-14641,1,0,0,0,Managers,1.0,0,67.25,0,40.08,363000.0,0.5959851301115241,high,senior,senior,2.0
5011481,M,N,N,0,168200.0,Working,Higher education,Married,Office apartment,-13810,-1545,1,0,0,0,,2.0,0,37.81,0,4.23,84100.0,0.11187516530018514,medium,adult,mid,1.0
5011482,M,Y,N,0,179100.0,Commercial associate,Secondary / secondary special,Married,House / apartment,-24177,-12691,1,0,0,0,Drivers,2.0,0,66.19,0,34.75,89550.0,0.52500377700559,medium,senior,senior,2.0
5011483,F,Y,Y,0,355600.0,Working,Secondary / secondary special,Married,House / apartment,-17292,-9164,1,1,1,1,Laborers,2.0,0,47.34,0,25.09,177800.0,0.5299957752429235,high,adult,senior,3.0
5011484,M,N,N,0,166300.0,Working,Secondary / secondary special,Married,House / apartment,-15948,-5901,1,0,0,0,High skill tech staff,2.0,0,43.66,0,16.16,83150.0,0.37013284470911595,medium,adult,senior,1.0
5011485,F,N,N,1,503000.0,Commercial associate,Secondary / secondary special,Separated,House / apartment,-22513,-1948,1,0,0,0,Managers,2.0,0,61.64,0,5.33,251500.0,0.08646982478909798,high,senior,mid,1.0
5011486,M,N,Y,1,207700.0,Commercial associate,Secondary / secondary special,Married,House / apartment,-17278,-914,1,0,0,0,Sales staff,3.0,0,47.3,0,2.5,69233.33333333333,0.052854122621564484,medium,adult,entry,2.0
5011487,F,N,Y,0,313800.0,Commercial associate,Secondary / secondary special,Married,House / apartment,-15605,-1920,1,0,0,0,Laborers,2.0,0,42.72,0,5.26,156900.0,0.12312734082397003,high,adult,mid,2.0
5011488,M,Y,Y,0,697400.0,Commercial associate,Secondary / secondary special,Married,House / apartment,-7597,-862,1,1,1,0,Sales staff,2.0,0,20.8,0,2.36,348700.0,0.11346153846153845,high,youth,entry,3.0
5011489,M,N,N,2,171500.0,Working,Secondary / secondary special,Married,House / apartment,-7541,-742,1,0,1,0,,4.0,0,20.65,0,2.03,42875.0,0.0983050847457627,medium,youth,entry,1.0
5011490,M,N,Y,0,252700.0,Working,Secondary / secondary special,Single / not married,House / apartment,-18766,-2312,1,0,0,0,Low-skill Laborers,1.0,0,51.38,0,6.33,252700.0,0.12319968859478396,high,adult,mid,2.0
5011491,F,Y,Y,1,413600.0,Commercial associate,Secondary / secondary special,Single / not married,House / apartment,-8646,-20,1,0,1,0,,2.0,0,23.67,0,0.05,206800.0,0.0021123785382340513,high,youth,entry,3.0
5011492,F,Y,Y,1,392800.0,Pensioner,Secondary / secondary special,Married,House / apartment,-20763,365243,1,1,0,0,,3.0,0,56.85,1,0.0,130933.33333333333,0.0,high,senior,entry,3.0
5011493,F,N,Y,1,207200.0,Commercial associate,Higher education,Separated,House / apartment,-18671,-2607,1,0,0,0,Managers,2.0,0,51.12,0,7.14,103600.0,0.1396713615023474,medium,adult,mid,2.0
5011494,F,Y,Y,0,188500.0,Working,Higher education,Married,House / apartment,-15664,-3303,1,1,0,0,,2.0,0,42.89,0,9.04,94250.0,0.21077174166472368,medium,adult,mid,3.0
5011495,F,N,N,0,217300.0,State servant,Secondary / secondary special,Single / not married,House / apartment,-20268,-6415,1,0,0,0,Core staff,1.0,0,55.49,0,17.56,217300.0,0.31645341502973506,medium,senior,senior,1.0
5011496,M,Y,Y,2,503500.0,Working,Incomplete higher,Separated,House / apartment,-25441,-11790,1,0,0,0,Accountants,3.0,0,69.65,0,32.28,167833.33333333334,0.4634601579325197,high,senior,senior,3.0
5011497,F,N,N,0,212300.0,Working,Higher education,Married,Municipal apartment,-11804,-1557,1,0,0,0,Laborers,2.0,0,32.32,0,4.26,106150.0,0.1318069306930693,medium,youth,mid,1.0
5011498,F,N,N,0,253900.0,Working,Secondary / secondary special,Married,House / apartment,-17478,-4049,1,1,1,0,Laborers,2.0,0,47.85,0,11.09,126950.0,0.23176593521421107,high,adult,senior,1.0
5011499,F,N,Y,0,197200.0,Working,Secondary / secondary special,Married,House / apartment,-22698,-13238,1,0,0,0,Managers,2.0,0,62.14,0,36.24,98600.0,0.583199227550692,medium,senior,senior,2.0
5011500,F,N,Y,0,347400.0,Commercial associate,Secondary / secondary special,Single / not married,House / apartment,-7613,-2,1,0,0,0,Sales staff,1.0,0,20.84,0,0.01,347400.0,0.00047984644913627643,high,youth,entry,2.0
5011501,M,N,N,1,263900.0,Working,Higher education,Widow,House / apartment,-11022,-1374,1,0,0,1,Sales staff,2.0,0,30.18,0,3.76,131950.0,0.12458581842279655,high,youth,mid,1.0
5011502,F,Y,N,0,147800.0,Working,Secondary / secondary special,Married,House / apartment,-16819,-7793,1,0,0,0,Accountants,2.0,0,46.05,0,21.34,73900.0,0.46340933767643866,medium,adult,senior,1.0
5011503,F,Y,Y,1,150400.0,Working,Higher education,Married,House / apartment,-17390,-1702,1,0,0,0,,3.0,0,47.61,0,4.66,50133.333333333336,0.09787859693341736,medium,adult,mid,3.0
5011504,F,N,Y,1,89900.0,Commercial associate,Secondary / secondary special,Married,House / apartment,-8882,-1869,1,0,0,0,Core staff,3.0,1,24.32,0,5.12,29966.666666666668,0.21052631578947367,low,youth,mid,1.0
5011505,F,N,Y,0,161100.0,Pensioner,Lower secondary,Single / not married,House / apartment,-14746,365243,1,0,1,0,,1.0,1,40.37,1,0.0,161100.0,0.0,medium,adult,entry,2.0
5011506,M,N,N,0,363100.0,Pensioner,Higher education,Married,House / apartment,-16798,365243,1,0,0,0,,2.0,0,45.99,1,0.0,181550.0,0.0,high,adult,entry,1.0
5011507,M,Y,N,1,473200.0,Working,Higher education,Civil marriage,House / apartment,-15030,-980,1,0,0,1,Core staff,3.0,0,41.15,0,2.68,157733.33333333334,0.06512758201701094,high,adult,entry,2.0
5011508,F,Y,Y,0,343900.0,Commercial associate,Secondary / secondary special,Civil marriage,House / apartment,-20100,-4508,1,0,0,0,High skill tech staff,2.0,0,55.03,0,12.34,171950.0,0.22424132291477375,high,senior,senior,3.0
5011509,F,Y,N,2,322200.0,Working,Secondary / secondary special,Married,House / apartment,-21392,-11040,1,0,0,0,Managers,4.0,1,58.57,0,30.23,80550.0,0.516134539866826,high,senior,senior,2.0
5011510,M,N,Y,1,229200.0,Working,Higher education,Married,House / apartment,-15711,-8016,1,1,0,0,Managers,3.0,0,43.01,0,21.95,76400.0,0.5103464310625436,medium,adult,senior,2.0
5011511,M,N,N,0,359700.0,Pensioner,Higher education,Married,House / apartment,-15079,365243,1,0,0,0,,2.0,0,41.28,1,0.0,179850.0,0.0,high,adult,entry,1.0
5011512,M,N,Y,1,281700.0,Working,Secondary / secondary special,Married,House / apartment,-20187,-5359,1,0,1,1,Accountants,3.0,0,55.27,0,14.67,93900.0,0.2654242808033291,high,senior,senior,2.0
5011513,M,N,Y,0,601800.0,Working,Higher education,Married,House / apartment,-17446,-3209,1,1,0,0,,2.0,0,47.76,0,8.79,300900.0,0.18404522613065324,high,adult,mid,2.0
5011514,F,Y,Y,0,232400.0,Working,Secondary / secondary special,Married,House / apartment,-23201,-16031,1,0,0,0,,2.0,0,63.52,0,43.89,116200.0,0.690963476070529,medium,senior,senior,3.0
5011515,F,Y,Y,1,477800.0,Working,Secondary / secondary special,Married,House / apartment,-16092,-70,1,0,0,1,Accountants,3.0,0,44.06,0,0.19,159266.66666666666,0.0043123014071720376,high,adult,entry,3.0
5011516,M,Y,Y,1,378000.0,Working,Secondary / secondary special,Married,House / apartment,-17794,-1790,1,0,0,0,Laborers,3.0,0,48.72,0,4.9,126000.0,0.10057471264367818,high,adult,mid,3.0
5011517,F,N,Y,0,352600.0,Working,Higher education,Civil marriage,House / apartment,-9657,-172,1,0,1,0,Drivers,2.0,0,26.44,0,0.47,176300.0,0.017776096822995458,high,youth,entry,2.0
5011518,M,Y,Y,0,89300.0,Working,Secondary / secondary special,Single / not married,House / apartment,-22572,-10927,1,1,0,0,Laborers,1.0,1,61.8,0,29.92,89300.0,0.48414239482200655,low,senior,senior,2.0
5011519,M,N,Y,0,388500.0,State servant,Higher education,Widow,House / apartment,-15017,-2933,1,0,1,0,,1.0,0,41.11,0,8.03,388500.0,0.19532960350279735,high,adult,mid,2.0
5011520,F,Y,Y,0,229100.0,Commercial associate,Secondary / secondary special,Married,With parents,-20437,-579,1,1,0,0,Accountants,2.0,0,55.95,0,1.59,114550.0,0.028418230563002682,medium,senior,entry,3.0
5011521,F,N,N,0,195500.0,Pensioner,Higher education,Married,House / apartment,-15148,365243,1,0,1,0,,2.0,0,41.47,1,0.0,97750.0,0.0,medium,adult,entry,1.0
5011522,F,N,N,0,116300.0,Pensioner,Higher education,Married,House / apartment,-7323,365243,1,1,0,1,,2.0,0,20.05,1,0.0,58150.0,0.0,medium,youth,entry,0.0
5011523,M,N,Y,0,243500.0,Commercial associate,Secondary / secondary special,Married,House / apartment,-14617,-4439,1,1,1,0,Core staff,2.0,0,40.02,0,12.15,121750.0,0.3035982008995502,medium,adult,senior,2.0
5011524,F,N,Y,2,248300.0,Working,Secondary / secondary special,Married,House / apartment,-9999,-301,1,0,0,0,,4.0,0,27.38,0,0.82,62075.0,0.029948867786705625,medium,youth,entry,2.0
5011525,F,N,Y,0,127300.0,Working,Secondary / secondary special,Married,House / apartment,-14585,-7773,1,0,0,0,,2.0,0,39.93,0,21.28,63650.0,0.5329326321061859,medium,adult,senior,1.0
5011526,F,Y,N,0,116900.0,Commercial associate,Higher education,Married,House / apartment,-13174,-1304,1,0,0,0,Sales staff,2.0,0,36.07,0,3.57,58450.0,0.09897421680066537,medium,adult,mid,1.0
5011527,F,N,N,1,311400.0,Working,Secondary / secondary special,Married,House / apartment,-11004,-4199,1,0,0,0,Sales staff,3.0,0,30.13,0,11.5,103800.0,0.3816793893129771,high,youth,senior,1.0
5011528,F,N,Y,1,377500.0,Working,Secondary / secondary special,Married,House / apartment,-9565,-1319,1,0,0,0,,3.0,0,26.19,0,3.61,125833.33333333333,0.13783886979763268,high,youth,mid,2.0
5011529,M,Y,N,2,268500.0,Working,Secondary / secondary special,Married,House / apartment,-20610,-6878,1,0,0,0,Sales staff,4.0,0,56.43,0,18.83,67125.0,0.3336877547403863,high,senior,senior,2.0
5011530,M,Y,N,0,434000.0,Commercial associate,Secondary / secondary special,Married,House / apartment,-21091,-9702,1,1,0,0,Cleaning staff,2.0,0,57.74,0,26.56,217000.0,0.459993072393488,high,senior,senior,2.0
5011531,M,N,N,0,233800.0,State servant,Secondary / secondary special,Civil marriage,House / apartment,-12145,-3354,1,0,0,0,High skill tech staff,2.0,0,33.25,0,9.18,116900.0,0.2760902255639098,medium,youth,mid,1.0
5011532,M,N,Y,0,237600.0,Working,Higher education,Married,House / apartment,-16348,-2458,1,0,0,0,,2.0,0,44.76,0,6.73,118800.0,0.15035746201966044,medium,adult,mid,2.0
5011533,F,N,Y,0,154300.0,Commercial associate,Secondary / secondary special,Married,House / apartment,-15780,-8886,1,0,0,0,Managers,2.0,0,43.2,0,24.33,77150.0,0.5631944444444443,medium,adult,senior,2.0
5011534,F,N,Y,0,111900.0,Pensioner,Secondary / secondary special,Married,House / apartment,-13793,365243,1,1,0,0,,2.0,0,37.76,1,0.0,55950.0,0.0,medium,adult,entry,1.0
5011535,F,Y,Y,0,617100.0,Working,Higher education,Married,House / apartment,-12375,-504,1,0,1,0,,2.0,0,33.88,0,1.38,308550.0,0.04073199527744982,high,youth,entry,3.0
5011536,M,Y,Y,0,429800.0,Working,Secondary / secondary special,Civil marriage,House / apartment,-10702,-2868,1,1,1,0,Drivers,2.0,0,29.3,0,7.85,214900.0,0.26791808873720135,high,youth,mid,3.0
5011537,F,N,Y,0,121700.0,Working,Secondary / secondary special,Married,House / apartment,-23246,-12110,1,0,0,0,,2.0,0,63.64,0,33.16,60850.0,0.5210559396605907,medium,senior,senior,1.0
5011538,F,Y,Y,0,263900.0,Pensioner,Higher education,Single / not married,Municipal apartment,-22523,365243,1,0,0,0,,1.0,0,61.66,1,0.0,263900.0,0.0,high,senior,entry,3.0
5011539,F,N,Y,0,232200.0,Working,Secondary / secondary special,Married,Office apartment,-14924,-2858,1,1,0,0,,2.0,0,40.86,0,7.82,116100.0,0.19138521781693588,medium,adult,mid,2.0
5011540,F,N,Y,0,212900.0,Working,Secondary / secondary special,Married,House / apartment,-20476,-1308,1,1,0,0,,2.0,0,56.06,0,3.58,106450.0,0.06386014983945772,medium,senior,mid,2.0
5011541,F,Y,Y,0,199000.0,Working,Secondary / secondary special,Separated,House / apartment,-16406,-7653,1,0,0,0,Drivers,1.0,0,44.92,0,20.95,199000.0,0.4663846838824577,medium,adult,senior,3.0
5011542,F,N,N,0,295400.0,Pensioner,Secondary / secondary special,Civil marriage,House / apartment,-8864,365243,1,1,1,0,,2.0,0,24.27,1,0.0,147700.0,0.0,high,youth,entry,1.0
5011543,M,Y,N,0,367500.0,State servant,Secondary / secondary special,Married,House / apartment,-22324,-12931,1,1,1,0,Core staff,2.0,0,61.12,0,35.4,183750.0,0.5791884816753927,high,senior,senior,2.0
5011544,F,N,Y,0,298500.0,Working,Incomplete higher,Civil marriage,Municipal apartment,-11309,-2615,1,0,0,0,,2.0,0,30.96,0,7.16,149250.0,0.23126614987080102,high,youth,mid,2.0
5011545,M,Y,Y,0,229900.0,State servant,Secondary / secondary special,Married,House / apartment,-20213,-1777,1,1,1,0,,2.0,0,55.34,0,4.87,114950.0,0.08800144560896277,medium,senior,mid,3.0
5011546,M,N,Y,0,225700.0,Working,Higher education,Married,House / apartment,-16937,-1600,1,1,1,0,Drivers,2.0,1,46.37,0,4.38,112850.0,0.0944576234634462,medium,adult,mid,2.0
5011547,M,Y,Y,1,390000.0,Working,Secondary / secondary special,Married,With parents,-19916,-3087,1,0,0,0,Sales staff,3.0,0,54.53,0,8.45,130000.0,0.1549605721621126,high,adult,mid,3.0
5011548,F,N,N,0,307800.0,State servant,Higher education,Separated,House / apartment,-15910,-5899,1,0,0,0,,1.0,0,43.56,0,16.15,307800.0,0.37075298438934795,high,adult,senior,1.0
5011549,F,N,Y,0,253200.0,Working,Higher education,Married,House / apartment,-20136,-12757,1,1,0,0,Drivers,2.0,0,55.13,0,34.93,126600.0,0.6335933248684926,high,senior,senior,2.0
5011550,F,Y,Y,3,239800.0,Working,Higher education,Single / not married,House / apartment,-7904,-362,1,0,0,0,Laborers,4.0,0,21.64,0,0.99,59950.0,0.04574861367837338,medium,youth,entry,3.0
5011551,M,N,N,0,290100.0,Working,Secondary / secondary special,Married,Rented apartment,-8051,-1129,1,1,0,0,Laborers,2.0,0,22.04,0,3.09,145050.0,0.14019963702359348,high,youth,mid,1.0
5011552,F,Y,Y,0,193200.0,Pensioner,Secondary / secondary special,Married,House / apartment,-23674,365243,1,0,0,0,,2.0,0,64.82,1,0.0,96600.0,0.0,medium,senior,entry,3.0
5011553,F,N,Y,0,368100.0,Pensioner,Secondary / secondary special,Civil marriage,With parents,-20996,365243,1,0,1,0,,2.0,0,57.48,1,0.0,184050.0,0.0,high,senior,entry,2.0
5011554,F,Y,Y,1,142600.0,Pensioner,Higher education,Married,Municipal apartment,-22435,365243,1,0,1,0,,3.0,0,61.42,1,0.0,47533.333333333336,0.0,medium,senior,entry,2.0
5011555,F,N,Y,0,198700.0,Commercial associate,Higher education,Married,House / apartment,-15643,-1327,1,0,1,0,Sales staff,2.0,0,42.83,0,3.63,99350.0,0.08475367732897501,medium,adult,mid,2.0
5011556,M,Y,Y,0,331400.0,Pensioner,Secondary / secondary special,Married,House / apartment,-15699,365243,1,0,1,0,,2.0,1,42.98,1,0.0,165700.0,0.0,high,adult,entry,3.0
5011557,M,N,Y,0,138600.0,Working,Higher education,Single / not married,House / apartment,-17057,-3782,1,0,0,0,Sales staff,1.0,0,46.7,0,10.35,138600.0,0.221627408993576,medium,adult,senior,1.0
5011558,F,Y,Y,0,111200.0,Commercial associate,Higher education,Married,House / apartment,-11755,-3477,1,0,0,0,Laborers,2.0,0,32.18,0,9.52,55600.0,0.2958359229334991,medium,youth,mid,2.0
5011559,M,N,N,0,252000.0,Commercial associate,Secondary / secondary special,Married,House / apartment,-20701,-10366,1,1,0,0,Core staff,2.0,0,56.68,0,28.38,126000.0,0.5007057163020465,high,senior,senior,1.0
5011560,F,Y,Y,1,104500.0,Working,Secondary / secondary special,Married,With parents,-22453,-11374,1,0,0,0,Laborers,3.0,0,61.47,0,31.14,34833.333333333336,0.506588579795022,medium,senior,senior,2.0
5011561,F,N,N,0,127500.0,Working,Higher education,Separated,House / apartment,-23873,-886,1,0,0,0,Core staff,1.0,0,65.36,0,2.43,127500.0,0.03717870257037944,medium,senior,entry,0.0
5011562,F,N,Y,0,356400.0,Working,Secondary / secondary special,Married,House / apartment,-16747,-3219,1,1,0,0,Laborers,2.0,0,45.85,0,8.81,178200.0,0.19214830970556163,high,adult,mid,2.0
5011563,M,Y,Y,0,220400.0,Commercial associate,Higher education,Single / not married,House / apartment,-14876,-4783,1,0,0,1,Laborers,1.0,0,40.73,0,13.1,220400.0,0.321630247974466,medium,adult,senior,3.0
5011564,M,N,Y,0,464300.0,Working,Higher education,Single / not married,House / apartment,-22480,-13472,1,0,1,0,Laborers,1.0,0,61.55,0,36.88,464300.0,0.599187652315191,high,senior,senior,2.0
5011565,M,Y,Y,1,133700.0,Working,Secondary / secondary special,Married,House / apartment,-21051,-3160,1,0,1,1,Core staff,3.0,0,57.63,0,8.65,44566.666666666664,0.15009543640465037,medium,senior,mid,2.0
5011566,F,Y,Y,0,232900.0,Working,Secondary / secondary special,Married,House / apartment,-23144,365243,1,1,0,0,,2.0,0,63.36,1,0.0,116450.0,0.0,medium,senior,entry,3.0
5011567,F,N,Y,0,298100.0,Working,Secondary / secondary special,Married,House / apartment,-19280,-389,1,0,0,0,,2.0,0,52.79,0,1.07,149050.0,0.020268990339079373,high,adult,entry,2.0
5011568,M,N,N,0,136000.0,Commercial associate,Higher education,Married,House / apartment,-23437,-10707,1,0,0,0,,2.0,0,64.17,0,29.31,68000.0,0.45675549322113135,medium,senior,senior,0.0
5011569,F,N,Y,0,408900.0,Working,Secondary / secondary special,Married,House / apartment,-8931,-193,1,0,0,0,Managers,2.0,0,24.45,0,0.53,204450.0,0.021676891615541923,high,youth,entry,2.0
5011570,F,Y,Y,0,315200.0,Working,Secondary / secondary special,Single / not married,House / apartment,-19715,-13100,1,0,1,0,Laborers,1.0,0,53.98,0,35.87,315200.0,0.6645053723601334,high,adult,senior,3.0
5011571,M,Y,N,1,109200.0,Commercial associate,Higher education,Married,House / apartment,-8927,-255,1,0,0,0,Core staff,3.0,0,24.44,0,0.7,36400.0,0.02864157119476268,medium,youth,entry,1.0
5011572,F,Y,Y,0,239600.0,Pensioner,Secondary / secondary special,Married,House / apartment,-20982,365243,1,0,0,0,,2.0,0,57.45,1,0.0,119800.0,0.0,medium,senior,entry,3.0
5011573,F,N,Y,1,296100.0,Working,Secondary / secondary special,Married,With parents,-18782,-6582,1,1,0,0,Core staff,3.0,0,51.42,0,18.02,98700.0,0.3504472967716841,high,adult,senior,2.0
5011574,M,N,N,1,181800.0,Working,Secondary / secondary special,Married,House / apartment,-7597,-589,1,1,0,0,Core staff,3.0,0,20.8,0,1.61,60600.0,0.07740384615384616,medium,youth,entry,1.0
5011575,M,N,Y,1,116500.0,State servant,Secondary / secondary special,Married,House / apartment,-18249,-11353,1,1,1,0,Laborers,3.0,0,49.96,0,31.08,38833.333333333336,0.6220976781425139,medium,adult,senior,1.0
5011576,F,Y,Y,0,280600.0,Working,Secondary / secondary special,Single / not married,House / apartment,-9976,-887,1,0,0,0,Managers,1.0,0,27.31,0,2.43,280600.0,0.08897839619187112,high,youth,entry,3.0
5011577,F,Y,Y,0,737500.0,State servant,Secondary / secondary special,Married,Office apartment,-9906,-1317,1,0,1,0,,2.0,0,27.12,0,3.61,368750.0,0.13311209439528024,high,youth,mid,3.0
5011578,F,Y,Y,2,201200.0,Working,Incomplete higher,Married,Municipal apartment,-10053,-1234,1,0,0,0,High skill tech staff,4.0,0,27.52,0,3.38,50300.0,0.12281976744186046,medium,youth,mid,3.0
5011579,F,Y,Y,1,535000.0,Working,Secondary / secondary special,Single / not married,House / apartment,-16141,-2054,1,0,0,0,Laborers,2.0,0,44.19,0,5.62,267500.0,0.12717809459153656,high,adult,mid,3.0
5011580,M,Y,Y,1,167600.0,Working,Secondary / secondary special,Married,House / apartment,-9415,-2696,1,0,0,0,Laborers,3.0,0,25.78,0,7.38,55866.666666666664,0.2862684251357641,medium,youth,mid,3.0
5011581,M,N,N,0,271900.0,Working,Secondary / secondary special,Single / not married,House / apartment,-9600,-909,1,1,1,0,Laborers,1.0,0,26.28,0,2.49,271900.0,0.0947488584474886,high,youth,entry,1.0
5011582,F,N,N,0,359100.0,Pensioner,Secondary / secondary special,Married,House / apartment,-11983,365243,1,0,0,0,,2.0,0,32.81,1,0.0,179550.0,0.0,high,youth,entry,1.0
5011583,M,N,Y,1,243100.0,State servant,Secondary / secondary special,Single / not married,House / apartment,-7321,365243,1,1,1,0,,2.0,0,20.04,1,0.0,121550.0,0.0,medium,youth,entry,2.0
5011584,M,N,Y,0,210400.0,State servant,Secondary / secondary special,Married,House / apartment,-12342,-4598,1,0,0,0,Laborers,2.0,0,33.79,0,12.59,105200.0,0.37259544243859133,medium,youth,senior,2.0
5011585,F,Y,N,0,351000.0,Pensioner,Higher education,Married,House / apartment,-18599,365243,1,0,0,0,,2.0,0,50.92,1,0.0,175500.0,0.0,high,adult,entry,2.0
5011586,F,N,Y,0,628600.0,Pensioner,Secondary / secondary special,Married,House / apartment,-18291,365243,1,0,0,1,,2.0,0,50.08,1,0.0,314300.0,0.0,high,adult,entry,2.0
5011587,F,Y,Y,0,283700.0,Commercial associate,Secondary / secondary special,Married,House / apartment,-25011,-8094,1,0,0,0,Laborers,2.0,0,68.48,0,22.16,141850.0,0.3235981308411215,high,senior,senior,3.0
5011588,F,N,Y,0,188600.0,Pensioner,Secondary / secondary special,Single / not married,House / apartment,-9490,365243,1,0,1,0,,1.0,0,25.98,1,0.0,188600.0,0.0,medium,youth,entry,2.0
5011589,M,N,N,0,222000.0,Working,Secondary / secondary special,Married,House / apartment,-23112,-5414,1,0,0,0,Laborers,2.0,0,63.28,0,14.82,111000.0,0.23419721871049304,medium,senior,senior,1.0
5011590,F,Y,Y,0,860500.0,Working,Secondary / secondary special,Married,With parents,-14449,-3373,1,0,0,0,,2.0,0,39.56,0,9.23,430250.0,0.2333164812942366,high,adult,mid,3.0
5011591,M,N,N,0,261200.0,Commercial associate,Secondary / secondary special,Married,House / apartment,-14373,-6158,1,0,0,0,Managers,2.0,0,39.35,0,16.86,130600.0,0.42846251588310036,high,adult,senior,1.0
5011592,F,Y,Y,0,181400.0,Pensioner,Secondary / secondary special,Married,Rented apartment,-13675,365243,1,0,0,0,,2.0,0,37.44,1,0.0,90700.0,0.0,medium,adult,entry,3.0
5011593,F,N,Y,0,137700.0,Commercial associate,Secondary / secondary special,Married,House / apartment,-9583,-563,1,0,0,0,Managers,2.0,0,26.24,0,1.54,68850.0,0.058689024390243906,medium,youth,entry,1.0
5011594,F,N,Y,1,98000.0,Pensioner,Secondary / secondary special,Married,House / apartment,-16044,365243,1,0,0,0,,3.0,0,43.93,1,0.0,32666.666666666668,0.0,low,adult,entry,1.0
5011595,F,Y,Y,0,292800.0,Working,Secondary / secondary special,Married,House / apartment,-21684,-12826,1,0,1,0,Laborers,2.0,0,59.37,0,35.12,146400.0,0.5915445511200943,high,senior,senior,3.0
5011596,F,N,N,0,338700.0,Commercial associate,Secondary / secondary special,Married,House / apartment,-23293,-11063,1,0,1,0,Laborers,2.0,0,63.77,0,30.29,169350.0,0.4749882389838482,high,senior,senior,1.0
5011597,M,N,N,1,200200.0,State servant,Secondary / secondary special,Separated,House / apartment,-24889,-1091,1,0,0,0,Core staff,2.0,0,68.14,0,2.99,100100.0,0.04388024655121808,medium,senior,entry,1.0
5011598,F,N,Y,2,242300.0,Working,Higher education,Married,House / apartment,-21646,-6055,1,0,0,0,Accountants,4.0,0,59.26,0,16.58,60575.0,0.2797840026999662,medium,senior,senior,2.0
5011599,F,Y,N,0,136000.0,Pensioner,Higher education,Married,House / apartment,-18684,365243,1,0,0,0,,2.0,0,51.15,1,0.0,68000.0,0.0,medium,adult,entry,1.0
5011600,M,N,N,0,260900.0,Working,Incomplete higher,Married,House / apartment,-16391,-8792,1,0,0,0,Accountants,2.0,0,44.88,0,24.07,130450.0,0.5363190730837789,high,adult,senior,1.0
5011601,F,Y,Y,0,310600.0,Commercial associate,Secondary / secondary special,Civil marriage,House / apartment,-23283,-10479,1,0,0,0,Medicine staff,2.0,0,63.75,0,28.69,155300.0,0.45003921568627453,high,senior,senior,3.0
5011602,F,Y,Y,0,186800.0,Pensioner,Secondary / secondary special,Married,House / apartment,-20810,365243,1,1,0,0,,2.0,0,56.97,1,0.0,93400.0,0.0,medium,senior,entry,3.0
5011603,M,Y,Y,1,568500.0,Working,Secondary / secondary special,Married,House / apartment,-10250,-1954,1,0,1,0,Sales staff,3.0,0,28.06,0,5.35,189500.0,0.19066286528866713,high,youth,mid,3.0
5011604,F,Y,Y,2,160600.0,Working,Higher education,Married,House / apartment,-19770,-10333,1,0,1,0,Sales staff,4.0,0,54.13,0,28.29,40150.0,0.5226307038610751,medium,adult,senior,3.0
5011605,F,Y,Y,2,281300.0,Working,Secondary / secondary special,Married,House / apartment,-15177,-729,1,1,0,0,Laborers,4.0,0,41.55,0,2.0,70325.0,0.048134777376654635,high,adult,entry,3.0
5011606,F,N,Y,0,373100.0,Working,Secondary / secondary special,Married,House / apartment,-18186,-7462,1,0,0,0,Medicine staff,2.0,0,49.79,0,20.43,186550.0,0.410323358104037,high,adult,senior,2.0
5011607,F,Y,Y,0,234900.0,Working,Secondary / secondary special,Single / not married,Municipal apartment,-23711,-12967,1,0,0,0,Core staff,1.0,0,64.92,0,35.5,234900.0,0.5468268638324091,medium,senior,senior,3.0
5011608,F,Y,N,2,222200.0,Working,Secondary / secondary special,Married,House / apartment,-19223,-5956,1,0,0,0,,4.0,1,52.63,0,16.31,55550.0,0.30989929697890933,medium,adult,senior,2.0
5011609,F,Y,N,0,119500.0,Pensioner,Secondary / secondary special,Married,House / apartment,-24448,365243,1,1,0,0,,2.0,0,66.93,1,0.0,59750.0,0.0,medium,senior,entry,1.0
5011610,F,N,Y,0,481200.0,Working,Secondary / secondary special,Civil marriage,House / apartment,-23127,-12045,1,0,0,0,Medicine staff,2.0,0,63.32,0,32.98,240600.0,0.5208464939987365,high,senior,senior,2.0
5011611,M,N,Y,1,224300.0,Working,Secondary / secondary special,Married,House / apartment,-9659,-1356,1,0,1,0,Core staff,3.0,1,26.44,0,3.71,74766.66666666667,0.14031770045385777,medium,youth,mid,2.0
5011612,F,Y,Y,0,319400.0,State servant,Higher education,Married,House / apartment,-7518,-691,1,0,0,0,Sales staff,2.0,0,20.58,0,1.89,159700.0,0.09183673469387756,high,youth,entry,3.0
5011613,F,Y,Y,0,341700.0,Pensioner,Higher education,Married,House / apartment,-14325,365243,1,1,0,0,,2.0,0,39.22,1,0.0,170850.0,0.0,high,adult,entry,3.0
5011614,M,Y,Y,1,178300.0,Commercial associate,Secondary / secondary special,Widow,House / apartment,-23108,-1437,1,0,1,0,Laborers,2.0,0,63.27,0,3.93,89150.0,0.06211474632527264,medium,senior,mid,3.0
5011615,F,Y,Y,0,221200.0,Commercial associate,Secondary / secondary special,Married,House / apartment,-11508,-1654,1,0,0,0,,2.0,0,31.51,0,4.53,110600.0,0.1437638844811171,medium,youth,mid,3.0
5011616,F,Y,Y,0,475800.0,Working,Secondary / secondary special,Married,House / apartment,-19932,-7590,1,0,1,0,,2.0,0,54.57,0,20.78,237900.0,0.3807953087777167,high,adult,senior,3.0
5011617,M,N,Y,0,139600.0,Working,Secondary / secondary special,Married,House / apartment,-15998,-4994,1,0,0,0,Cleaning staff,2.0,0,43.8,0,13.67,69800.0,0.3121004566210046,medium,adult,senior,1.0
5011618,F,Y,Y,0,707500.0,Working,Secondary / secondary special,Married,House / apartment,-20930,-11146,1,0,0,0,Drivers,2.0,0,57.3,0,30.52,353750.0,0.5326352530541012,high,senior,senior,3.0
5011619,F,N,Y,0,168200.0,Pensioner,Secondary / secondary special,Married,House / apartment,-10318,365243,1,0,1,1,,2.0,0,28.25,1,0.0,84100.0,0.0,medium,youth,entry,2.0
5011620,F,Y,N,0,135400.0,Working,Higher education,Civil marriage,House / apartment,-11671,-2452,1,0,0,0,Core staff,2.0,0,31.95,0,6.71,67700.0,0.21001564945226917,medium,youth,mid,1.0
5011621,M,N,N,0,260800.0,Commercial associate,Secondary / secondary special,Married,House / apartment,-11734,-3450,1,1,1,0,Core staff,2.0,0,32.13,0,9.45,130400.0,0.2941176470588235,high,youth,mid,1.0
5011622,M,N,Y,1,736500.0,Working,Secondary / secondary special,Single / not married,House / apartment,-17321,-3782,1,0,0,0,,2.0,0,47.42,0,10.35,368250.0,0.2182623365668494,high,adult,senior,2.0
5011623,F,N,Y,0,93900.0,Working,Secondary / secondary special,Married,House / apartment,-12594,-1007,1,1,1,1,Cooking staff,2.0,1,34.48,0,2.76,46950.0,0.08004640371229699,low,youth,entry,1.0
5011624,F,Y,Y,1,227500.0,Commercial associate,Secondary / secondary special,Separated,House / apartment,-22129,-12228,1,1,0,0,Laborers,2.0,0,60.59,0,33.48,113750.0,0.5525664301039774,medium,senior,senior,3.0
5011625,M,Y,Y,0,309800.0,Pensioner,Higher education,Widow,House / apartment,-13638,365243,1,0,0,0,,1.0,0,37.34,1,0.0,309800.0,0.0,high,adult,entry,3.0
5011626,F,N,Y,0,248300.0,Working,Secondary / secondary special,Married,House / apartment,-19374,-1524,1,1,0,0,,2.0,0,53.04,0,4.17,124150.0,0.07861990950226244,medium,adult,mid,2.0
5011627,M,N,Y,0,295500.0,Working,Secondary / secondary special,Married,House / apartment,-24627,-17016,1,1,0,0,Core staff,2.0,0,67.43,0,46.59,147750.0,0.6909387512976419,high,senior,senior,2.0
5011628,M,N,N,0,170500.0,Working,Secondary / secondary special,Single / not married,With parents,-18389,-6821,1,1,1,0,,1.0,0,50.35,0,18.67,170500.0,0.37080436941410133,medium,adult,senior,1.0
5011629,F,N,Y,1,180900.0,Working,Secondary / secondary special,Married,House / apartment,-11727,-2549,1,0,0,0,Sales staff,3.0,0,32.11,0,6.98,60300.0,0.2173777639364684,medium,youth,mid,2.0
5011630,F,N,N,0,226700.0,Commercial associate,Secondary / secondary special,Married,House / apartment,-22471,-9590,1,1,0,0,IT staff,2.0,0,61.52,0,26.26,113350.0,0.426853055916775,medium,senior,senior,1.0
5011631,M,Y,Y,0,138800.0,Working,Secondary / secondary special,Widow,House / apartment,-7534,-552,1,0,0,0,Core staff,1.0,0,20.63,0,1.51,138800.0,0.07319437712069801,medium,youth,entry,2.0
5011632,F,N,Y,0,238700.0,Working,Secondary / secondary special,Married,House / apartment,-11990,-2922,1,0,0,0,Managers,2.0,0,32.83,0,8.0,119350.0,0.24367956137678953,medium,youth,mid,2.0
5011633,M,Y,Y,0,201000.0,Pensioner,Secondary / secondary special,Married,House / apartment,-14382,365243,1,0,1,0,,2.0,0,39.38,1,0.0,100500.0,0.0,medium,adult,entry,3.0
5011634,F,Y,Y,0,193000.0,Commercial associate,Higher education,Civil marriage,House / apartment,-10884,-3724,1,1,0,0,Core staff,2.0,0,29.8,0,10.2,96500.0,0.3422818791946308,medium,youth,senior,3.0
5011635,F,N,Y,0,286600.0,Working,Secondary / secondary special,Married,House / apartment,-18336,-4870,1,0,0,0,Core staff,2.0,0,50.2,0,13.33,143300.0,0.26553784860557766,high,adult,senior,2.0
5011636,M,Y,Y,0,98200.0,Working,Secondary / secondary special,Married,House / apartment,-17495,-4236,1,0,0,0,High skill tech staff,2.0,0,47.9,0,11.6,49100.0,0.24217118997912318,low,adult,senior,2.0
5011637,M,N,Y,0,217700.0,Working,Higher education,Married,House / apartment,-14729,-4627,1,0,0,1,,2.0,0,40.33,0,12.67,108850.0,0.31415819489213986,medium,adult,senior,2.0
5011638,F,Y,Y,0,777700.0,Working,Secondary / secondary special,Married,House / apartment,-12681,-2766,1,0,0,0,Laborers,2.0,0,34.72,0,7.57,388850.0,0.2180299539170507,high,youth,mid,3.0
5011639,F,N,Y,0,141800.0,Commercial associate,Lower secondary,Separated,House / apartment,-15229,-7900,1,0,1,0,Laborers,1.0,0,41.69,0,21.63,141800.0,0.5188294555049172,medium,adult,senior,1.0
5011640,F,N,N,0,464300.0,Commercial associate,Secondary / secondary special,Separated,House / apartment,-12623,-2759,1,0,0,0,,1.0,0,34.56,0,7.55,464300.0,0.21846064814814814,high,youth,mid,1.0
5011641,M,N,Y,0,250900.0,Working,Secondary / secondary special,Married,House / apartment,-11346,-2333,1,0,0,0,Laborers,2.0,0,31.06,0,6.39,125450.0,0.20573084352865423,high,youth,mid,2.0
5011642,F,Y,Y,1,180600.0,Commercial associate,Secondary / secondary special,Civil marriage,House / apartment,-13720,-3707,1,0,1,0,,3.0,0,37.56,0,10.15,60200.0,0.270234291799787,medium,adult,senior,3.0
5011643,F,N,Y,1,126100.0,Working,Higher education,Married,House / apartment,-18305,-7788,1,0,1,0,Sales staff,3.0,0,50.12,0,21.32,42033.333333333336,0.42537909018355946,medium,adult,senior,1.0
5011644,F,N,N,1,261800.0,Working,Secondary / secondary special,Married,House / apartment,-19146,-8746,1,0,1,0,Core staff,3.0,0,52.42,0,23.95,87266.66666666667,0.4568866844715757,high,adult,senior,1.0
5011645,F,N,Y,0,504900.0,Pensioner,Secondary / secondary special,Married,With parents,-12735,365243,1,1,1,0,,2.0,0,34.87,1,0.0,252450.0,0.0,high,youth,entry,2.0
5011646,F,Y,Y,2,201000.0,Working,Secondary / secondary special,Married,House / apartment,-24607,-13677,1,0,0,0,Sales staff,4.0,0,67.37,0,37.45,50250.0,0.555885408935728,medium,senior,senior,3.0
5011647,F,N,Y,0,234400.0,Working,Higher education,Married,House / apartment,-12089,-1331,1,0,0,0,,2.0,0,33.1,0,3.64,117200.0,0.10996978851963746,medium,youth,mid,2.0
5011648,F,N,Y,3,404600.0,Pensioner,Secondary / secondary special,Married,House / apartment,-20310,365243,1,0,0,0,,5.0,0,55.61,1,0.0,80920.0,0.0,high,senior,entry,2.0
5011649,F,N,Y,0,289500.0,Working,Higher education,Married,House / apartment,-8793,-822,1,0,0,0,Sales staff,2.0,0,24.07,0,2.25,144750.0,0.09347735770668883,high,youth,entry,2.0
5011650,F,N,N,0,111200.0,Working,Secondary / secondary special,Married,House / apartment,-19447,-6664,1,0,0,0,Security staff,2.0,0,53.24,0,18.25,55600.0,0.34278737791134484,medium,adult,senior,0.0
5011651,M,N,N,0,256500.0,Commercial associate,Secondary / secondary special,Widow,House / apartment,-15705,365243,1,0,1,0,,1.0,0,43.0,1,0.0,256500.0,0.0,high,adult,entry,1.0
5011652,F,Y,Y,0,520000.0,Commercial associate,Secondary / secondary special,Widow,House / apartment,-17698,-5712,1,0,0,0,,1.0,0,48.45,0,15.64,520000.0,0.32280701754385965,high,adult,senior,3.0
5011653,F,Y,Y,1,239700.0,Pensioner,Secondary / secondary special,Civil marriage,House / apartment,-10667,365243,1,0,0,0,,3.0,0,29.2,1,0.0,79900.0,0.0,medium,youth,entry,3.0
5011654,F,Y,Y,1,62000.0,Working,Higher education,Married,House / apartment,-15223,-177,1,1,0,0,Drivers,3.0,1,41.68,0,0.48,20666.666666666668,0.011516314779270634,low,adult,entry,2.0
5011655,M,N,Y,3,296400.0,Working,Secondary / secondary special,Married,House / apartment,-21299,-2379,1,0,0,0,Sales staff,5.0,0,58.31,0,6.51,59280.0,0.11164465786314524,high,senior,mid,2.0
5011656,M,N,N,0,221100.0,Working,Higher education,Married,House / apartment,-21314,-11343,1,1,0,0,,2.0,0,58.35,0,31.06,110550.0,0.5323050556983718,medium,senior,senior,1.0
5011657,F,Y,Y,0,97800.0,Commercial associate,Secondary / secondary special,Married,House / apartment,-11643,-3537,1,0,1,1,Cooking staff,2.0,0,31.88,0,9.68,48900.0,0.30363864491844417,low,youth,mid,2.0
5011658,M,N,Y,0,105400.0,Working,Secondary / secondary special,Married,House / apartment,-13744,-4457,1,0,1,0,,2.0,0,37.63,0,12.2,52700.0,0.3242094073877225,medium,adult,senior,1.0
5011659,F,N,Y,4,397500.0,Commercial associate,Higher education,Married,House / apartment,-7375,-163,1,0,0,0,,6.0,0,20.19,0,0.45,66250.0,0.022288261515601784,high,youth,entry,2.0
5011660,M,N,N,0,169300.0,Working,Secondary / secondary special,Married,House / apartment,-8948,-867,1,1,0,0,Sales staff,2.0,0,24.5,0,2.37,84650.0,0.09673469387755103,medium,youth,entry,1.0
5011661,M,Y,Y,1,155100.0,Working,Secondary / secondary special,Single / not married,Rented apartment,-9619,-2089,1,0,0,0,,2.0,1,26.34,0,5.72,77550.0,0.21716021260440393,medium,youth,mid,3.0
5011662,M,Y,Y,0,239800.0,Working,Secondary / secondary special,Single / not married,Rented apartment,-12668,-3839,1,0,0,0,Sales staff,1.0,0,34.68,0,10.51,239800.0,0.3030565167243368,medium,youth,senior,3.0
5011663,M,Y,Y,0,176900.0,State servant,Secondary / secondary special,Married,House / apartment,-21167,-11632,1,0,1,1,Laborers,2.0,0,57.95,0,31.85,88450.0,0.5496117342536669,medium,senior,senior,3.0
5011664,F,Y,Y,2,256700.0,Pensioner,Higher education,Married,House / apartment,-16623,365243,1,0,1,0,,4.0,0,45.51,1,0.0,64175.0,0.0,high,adult,entry,3.0
5011665,M,Y,N,0,220600.0,State servant,Higher education,Married,House / apartment,-21780,-12362,1,0,0,1,Laborers,2.0,0,59.63,0,33.85,110300.0,0.5676672815696797,medium,senior,senior,2.0
5011666,F,Y,Y,0,134000.0,Working,Higher education,Married,House / apartment,-21091,-2236,1,0,1,0,,2.0,1,57.74,0,6.12,67000.0,0.10599237963283685,medium,senior,mid,2.0
5011667,F,N,Y,0,189100.0,Working,Higher education,Married,House / apartment,-18028,-11265,1,1,1,0,,2.0,0,49.36,0,30.84,94550.0,0.6247974068071313,medium,adult,senior,2.0
5011668,F,Y,Y,1,304600.0,Working,Secondary / secondary special,Single / not married,House / apartment,-16434,-1718,1,0,0,0,Laborers,2.0,0,44.99,0,4.7,152300.0,0.10446765947988441,high,adult,mid,3.0
5011669,F,N,N,0,249300.0,Commercial associate,Secondary / secondary special,Married,House / apartment,-24313,-6600,1,0,1,0,Sales staff,2.0,0,66.57,0,18.07,124650.0,0.27144359321015477,medium,senior,senior,1.0
5011670,F,Y,Y,0,234300.0,Working,Higher education,Married,House / apartment,-17701,-1206,1,0,0,0,High skill tech staff,2.0,0,48.46,0,3.3,117150.0,0.0680973999174577,medium,adult,mid,3.0
5011671,F,Y,Y,0,643200.0,Working,Secondary / secondary special,Married,House / apartment,-16123,-7513,1,0,1,0,Laborers,2.0,0,44.14,0,20.57,321600.0,0.4660172179429089,high,adult,senior,3.0
5011672,M,Y,Y,0,351900.0,Working,Secondary / secondary special,Married,House / apartment,-23177,-1122,1,1,1,0,,2.0,0,63.46,0,3.07,175950.0,0.04837693034982666,high,senior,mid,3.0
5011673,F,Y,Y,0,373900.0,Working,Higher education,Married,House / apartment,-8610,-646,1,1,0,1,Accountants,2.0,0,23.57,0,1.77,186950.0,0.07509546033092915,high,youth,entry,3.0
5011674,F,N,N,0,224700.0,Working,Secondary / secondary special,Married,House / apartment,-19286,-1618,1,0,1,0,,2.0,1,52.8,0,4.43,112350.0,0.08390151515151516,medium,adult,mid,1.0
5011675,F,Y,N,2,272500.0,Working,Secondary / secondary special,Married,House / apartment,-9369,-2742,1,0,0,0,,4.0,0,25.65,0,7.51,68125.0,0.29278752436647176,high,youth,mid,2.0
5011676,F,N,Y,2,196800.0,Working,Higher education,Single / not married,House / apartment,-22277,-1425,1,0,1,0,Laborers,3.0,0,60.99,0,3.9,65600.0,0.06394490900147565,medium,senior,mid,2.0
5011677,F,N,Y,0,360100.0,Working,Secondary / secondary special,Married,Municipal apartment,-21781,-9650,1,0,0,0,Laborers,2.0,0,59.63,0,26.42,180050.0,0.443065571021298,high,senior,senior,2.0
5011678,F,N,N,1,231000.0,Commercial associate,Higher education,Married,House / apartment,-16502,-2599,1,0,0,0,Laborers,3.0,1,45.18,0,7.12,77000.0,0.1575918548030102,medium,adult,mid,1.0
5011679,F,N,Y,0,272800.0,Commercial associate,Secondary / secondary special,Married,With parents,-19377,-10286,1,0,0,0,Managers,2.0,0,53.05,0,28.16,136400.0,0.5308199811498586,high,adult,senior,2.0
5011680,F,N,Y,0,264500.0,Working,Secondary / secondary special,Married,House / apartment,-21415,-8071,1,1,0,0,Sales staff,2.0,0,58.63,0,22.1,132250.0,0.376940133037694,high,senior,senior,2.0
5011681,M,Y,Y,0,241900.0,Pensioner,Secondary / secondary special,Married,With parents,-16131,365243,1,0,0,0,,2.0,0,44.16,1,0.0,120950.0,0.0,medium,adult,entry,3.0
5011682,F,N,Y,0,1060800.0,Working,Higher education,Married,House / apartment,-23850,-11820,1,1,0,0,,2.0,0,65.3,0,32.36,530400.0,0.49555895865237365,high,senior,senior,2.0
5011683,M,Y,Y,0,174900.0,Working,Secondary / secondary special,Single / not married,House / apartment,-15286,-1486,1,0,0,0,,1.0,0,41.85,0,4.07,174900.0,0.0972520908004779,medium,adult,mid,3.0
5011684,M,Y,N,0,174100.0,Commercial associate,Secondary / secondary special,Married,House / apartment,-23596,-5816,1,0,0,0,Sales staff,2.0,0,64.6,0,15.92,87050.0,0.24643962848297216,medium,senior,senior,2.0
5011685,F,N,N,1,345400.0,State servant,Secondary / secondary special,Married,House / apartment,-17947,-884,1,0,1,0,,3.0,0,49.14,0,2.42,115133.33333333333,0.04924704924704924,high,adult,entry,1.0
5011686,M,N,Y,0,181300.0,Commercial associate,Secondary / secondary special,Married,House / apartment,-15089,-795,1,0,0,0,,2.0,0,41.31,0,2.18,90650.0,0.05277172597434036,medium,adult,entry,2.0
5011687,M,N,Y,0,211000.0,Working,Secondary / secondary special,Single / not married,House / apartment,-7380,-500,1,0,0,0,,1.0,0,20.21,0,1.37,211000.0,0.0677882236516576,medium,youth,entry,2.0
5011688,M,Y,Y,0,141800.0,Working,Secondary / secondary special,Married,With parents,-12703,-1505,1,0,0,0,,2.0,1,34.78,0,4.12,70900.0,0.11845888441633122,medium,youth,mid,2.0
5011689,F,N,Y,0,312200.0,Working,Secondary / secondary special,Married,House / apartment,-23155,-15991,1,0,0,0,Managers,2.0,0,63.39,0,43.78,156100.0,0.6906452121785771,high,senior,senior,2.0
5011690,F,Y,Y,0,314100.0,Working,Secondary / secondary special,Married,House / apartment,-15134,-825,1,0,1,0,Sales staff,2.0,0,41.43,0,2.26,157050.0,0.05454984310885831,high,adult,entry,3.0
5011691,F,Y,Y,0,208500.0,Working,Secondary / secondary special,Married,House / apartment,-15002,-3085,1,1,0,0,Laborers,2.0,0,41.07,0,8.45,104250.0,0.2057462868273679,medium,adult,mid,3.0
5011692,F,Y,N,1,349000.0,Working,Secondary / secondary special,Married,House / apartment,-16243,-9606,1,0,0,0,Managers,3.0,0,44.47,0,26.3,116333.33333333333,0.5914099392849113,high,adult,senior,2.0
5011693,F,N,N,1,96400.0,Working,Secondary / secondary special,Married,House / apartment,-12534,-2893,1,1,0,0,,3.0,1,34.32,0,7.92,32133.333333333332,0.23076923076923075,low,youth,mid,0.0
5011694,M,Y,Y,0,171400.0,Commercial associate,Secondary / secondary special,Married,House / apartment,-16282,-1860,1,0,0,0,,2.0,0,44.58,0,5.09,85700.0,0.11417676087931808,medium,adult,mid,3.0
5011695,F,N,Y,0,224200.0,Commercial associate,Secondary / secondary special,Single / not married,House / apartment,-14167,-3699,1,0,0,0,Laborers,1.0,0,38.79,0,10.13,224200.0,0.26114978087135865,medium,adult,senior,2.0
5011696,F,N,Y,2,135900.0,Working,Lower secondary,Married,Rented apartment,-23914,-429,1,1,0,0,Sales staff,4.0,1,65.47,0,1.17,33975.0,0.017870780510157322,medium,senior,entry,1.0
5011697,F,N,N,0,101800.0,Pensioner,Secondary / secondary special,Married,House / apartment,-17604,365243,1,1,0,0,,2.0,0,48.2,1,0.0,50900.0,0.0,medium,adult,entry,0.0
5011698,M,N,Y,0,209300.0,Commercial associate,Secondary / secondary special,Married,House / apartment,-22539,-8665,1,1,0,1,Managers,2.0,0,61.71,0,23.72,104650.0,0.38437854480635225,medium,senior,senior,2.0
5011699,F,N,Y,0,345400.0,Working,Secondary / secondary special,Married,House / apartment,-19849,365243,1,1,1,0,,2.0,0,54.34,1,0.0,172700.0,0.0,high,adult,entry,2.0
5011700,F,N,Y,0,463500.0,Working,Higher education,Married,House / apartment,-11188,-329,1,0,1,0,Laborers,2.0,0,30.63,0,0.9,231750.0,0.029382957884427033,high,youth,entry,2.0
5011701,M,N,N,1,185700.0,Commercial associate,Higher education,Single / not married,House / apartment,-23151,-11628,1,0,0,0,Sales staff,2.0,0,63.38,0,31.84,92850.0,0.5023666771852319,medium,senior,senior,1.0
5011702,F,Y,N,0,352200.0,Working,Secondary / secondary special,Married,House / apartment,-8899,-795,1,0,0,0,Managers,2.0,0,24.36,0,2.18,176100.0,0.08949096880131363,high,youth,entry,2.0
5011703,M,N,Y,0,335600.0,Pensioner,Higher education,Single / not married,House / apartment,-15498,365243,1,1,0,0,,1.0,0,42.43,1,0.0,335600.0,0.0,high,adult,entry,2.0
5011704,M,N,N,0,449000.0,Working,Secondary / secondary special,Married,House / apartment,-11673,-468,1,1,0,1,Sales staff,2.0,0,31.96,0,1.28,224500.0,0.04005006257822278,high,youth,entry,1.0
5011705,F,Y,Y,0,204900.0,Working,Secondary / secondary special,Single / not married,House / apartment,-17122,-8547,1,1,1,0,,1.0,0,46.88,0,23.4,204900.0,0.4991467576791808,medium,adult,senior,3.0
5011706,M,Y,Y,2,99300.0,State servant,Secondary / secondary special,Married,With parents,-12785,-6061,1,0,1,0,Core staff,4.0,1,35.0,0,16.59,24825.0,0.474,low,youth,senior,2.0
5011707,F,N,N,0,252900.0,State servant,Secondary / secondary special,Married,House / apartment,-20506,-11188,1,0,0,0,Core staff,2.0,0,56.14,0,30.63,126450.0,0.5456002850017813,high,senior,senior,1.0
5011708,F,Y,N,0,147100.0,Working,Secondary / secondary special,Married,House / apartment,-24415,-16126,1,1,0,0,Laborers,2.0,0,66.84,0,44.15,73550.0,0.6605326152004787,medium,senior,senior,1.0
5011709,M,N,Y,2,170000.0,Commercial associate,Secondary / secondary special,Married,House / apartment,-20255,-10778,1,0,0,0,Managers,4.0,1,55.46,0,29.51,42500.0,0.5320952037504508,medium,senior,senior,2.0
5011710,F,Y,Y,0,210000.0,Working,Secondary / secondary special,Married,House / apartment,-13794,-1308,1,0,0,0,Accountants,2.0,0,37.77,0,3.58,105000.0,0.09478422028064601,medium,adult,mid,3.0
5011711,M,N,N,0,206100.0,Commercial associate,Higher education,Married,House / apartment,-18264,-10472,1,1,0,0,High skill tech staff,2.0,0,50.0,0,28.67,103050.0,0.5734,medium,adult,senior,1.0
5011712,M,Y,N,0,262000.0,Pensioner,Secondary / secondary special,Widow,House / apartment,-23532,365243,1,0,1,0,,1.0,0,64.43,1,0.0,262000.0,0.0,high,senior,entry,2.0
5011713,M,N,N,0,347000.0,Working,Secondary / secondary special,Civil marriage,House / apartment,-12236,-1773,1,0,1,0,Core staff,2.0,0,33.5,0,4.85,173500.0,0.14477611940298507,high,youth,mid,1.0
5011714,M,N,Y,0,203100.0,Working,Secondary / secondary special,Civil marriage,House / apartment,-9464,-547,1,1,0,0,,2.0,0,25.91,0,1.5,101550.0,0.057892705519104595,medium,youth,entry,2.0
5011715,M,N,N,0,297500.0,Working,Secondary / secondary special,Married,House / apartment,-9693,-334,1,1,0,0,,2.0,0,26.54,0,0.91,148750.0,0.03428786737000754,high,youth,entry,1.0
5011716,F,N,N,0,245900.0,Working,Secondary / secondary special,Single / not married,House / apartment,-16342,-5872,1,0,0,0,,1.0,0,44.74,0,16.08,245900.0,0.35940992400536426,medium,adult,senior,1.0
5011717,F,Y,Y,2,389700.0,Working,Secondary / secondary special,Married,House / apartment,-20676,-11814,1,0,1,1,Managers,4.0,0,56.61,0,32.34,97425.0,0.5712771595124537,high,senior,senior,3.0
5011718,M,Y,N,0,222200.0,Pensioner,Secondary / secondary special,Married,House / apartment,-19308,365243,1,1,0,0,,2.0,0,52.86,1,0.0,111100.0,0.0,medium,adult,entry,2.0
5011719,F,Y,Y,0,234700.0,Working,Secondary / secondary special,Married,House / apartment,-15594,-2744,1,1,0,0,Sales staff,2.0,0,42.69,0,7.51,117350.0,0.17591941906769737,medium,adult,mid,3.0
5011720,F,N,Y,0,202500.0,Working,Higher education,Married,House / apartment,-20624,-2431,1,0,0,0,,2.0,0,56.47,0,6.66,101250.0,0.11793872852842217,medium,senior,mid,2.0
5011721,F,Y,Y,1,225100.0,Pensioner,Secondary / secondary special,Married,House / apartment,-18883,365243,1,1,0,0,,3.0,1,51.7,1,0.0,75033.33333333333,0.0,medium,adult,entry,3.0
5011722,F,Y,Y,0,165000.0,Working,Secondary / secondary special,Married,House / apartment,-18778,-1344,1,0,0,0,,2.0,0,51.41,0,3.68,82500.0,0.0715814043960319,medium,adult,mid,3.0
5011723,M,N,Y,1,157000.0,Working,Secondary / secondary special,Married,Rented apartment,-11001,-749,1,0,0,0,Security staff,3.0,0,30.12,0,2.05,52333.333333333336,0.06806108897742363,medium,youth,entry,2.0
5011724,M,N,N,0,359800.0,Working,Incomplete higher,Single / not married,House / apartment,-13014,-4510,1,1,1,0,,1.0,0,35.63,0,12.35,359800.0,0.34661801852371593,high,adult,senior,1.0
5011725,F,N,Y,2,142000.0,Commercial associate,Secondary / secondary special,Separated,House / apartment,-13595,-611,1,0,0,0,Core staff,3.0,0,37.22,0,1.67,47333.333333333336,0.04486835034927458,medium,adult,entry,1.0
5011726,F,Y,Y,0,208100.0,Working,Secondary / secondary special,Married,House / apartment,-22065,-13644,1,0,0,0,,2.0,0,60.41,0,37.36,104050.0,0.6184406555206092,medium,senior,senior,3.0
5011727,M,Y,N,0,405600.0,Pensioner,Secondary / secondary special,Married,House / apartment,-21460,365243,1,0,1,0,,2.0,0,58.75,1,0.0,202800.0,0.0,high,senior,entry,2.0
5011728,F,N,Y,0,204700.0,Working,Secondary / secondary special,Single / not married,House / apartment,-11919,-5340,1,0,1,0,High skill tech staff,1.0,0,32.63,0,14.62,204700.0,0.4480539380937787,medium,youth,senior,2.0
5011729,F,Y,Y,1,369500.0,Commercial associate,Secondary / secondary special,Married,House / apartment,-8312,-368,1,1,0,0,Laborers,3.0,0,22.76,0,1.01,123166.66666666667,0.04437609841827768,high,youth,entry,3.0
5011730,F,N,Y,0,181700.0,Commercial associate,Secondary / secondary special,Separated,House / apartment,-21327,-127,1,0,0,0,Sales staff,1.0,0,58.39,0,0.35,181700.0,0.005994177085117314,medium,senior,entry,2.0
5011731,F,N,Y,0,144300.0,Commercial associate,Secondary / secondary special,Civil marriage,House / apartment,-14790,-2206,1,0,0,0,Managers,2.0,0,40.49,0,6.04,72150.0,0.1491726352185725,medium,adult,mid,1.0
5011732,F,N,Y,0,110000.0,Working,Secondary / secondary special,Married,House / apartment,-11319,-2959,1,0,1,0,Laborers,2.0,0,30.99,0,8.1,55000.0,0.26137463697967084,medium,youth,mid,1.0
5011733,F,Y,N,1,470600.0,Working,Secondary / secondary special,Married,House / apartment,-9442,-717,1,0,1,0,Sales staff,3.0,0,25.85,0,1.96,156866.66666666666,0.07582205029013539,high,youth,entry,2.0
5011734,F,N,Y,1,138300.0,Pensioner,Higher education,Widow,House / apartment,-7539,365243,1,0,0,0,,2.0,0,20.64,1,0.0,69150.0,0.0,medium,youth,entry,1.0
5011735,F,N,N,0,354700.0,Working,Secondary / secondary special,Separated,House / apartment,-15116,-1005,1,0,1,0,Laborers,1.0,0,41.39,0,2.75,354700.0,0.06644116936458082,high,adult,entry,1.0
5011736,M,N,Y,0,148100.0,Working,Higher education,Married,House / apartment,-13510,-6376,1,0,0,0,Laborers,2.0,0,36.99,0,17.46,74050.0,0.4720194647201946,medium,adult,senior,1.0
5011737,F,Y,Y,0,471700.0,Commercial associate,Secondary / secondary special,Married,House / apartment,-20024,-1570,1,1,0,0,,2.0,0,54.82,0,4.3,235850.0,0.0784385260853703,high,adult,mid,3.0
5011738,F,Y,Y,1,735900.0,Pensioner,Secondary / secondary special,Married,House / apartment,-25141,365243,1,0,0,0,,3.0,0,68.83,1,0.0,245300.0,0.0,high,senior,entry,3.0
5011739,M,Y,N,1,105100.0,Working,Secondary / secondary special,Married,House / apartment,-11081,-209,1,0,0,0,Managers,3.0,0,30.34,0,0.57,35033.333333333336,0.018787079762689517,medium,youth,entry,1.0
5011740,F,N,Y,0,141900.0,Commercial associate,Secondary / secondary special,Separated,House / apartment,-11743,-983,1,1,0,0,Laborers,1.0,0,32.15,0,2.69,141900.0,0.08367029548989113,medium,youth,entry,1.0
5011741,F,N,Y,0,359300.0,Commercial associate,Secondary / secondary special,Single / not married,House / apartment,-13465,-1712,1,0,0,0,Sales staff,1.0,0,36.87,0,4.69,359300.0,0.12720368863574724,high,adult,mid,2.0
5011742,F,Y,Y,2,315500.0,Working,Higher education,Married,House / apartment,-15814,-4816,1,0,0,0,Core staff,4.0,0,43.3,0,13.19,78875.0,0.30461893764434184,high,adult,senior,3.0
5011743,M,N,Y,1,360000.0,Commercial associate,Secondary / secondary special,Married,House / apartment,-20047,-12745,1,0,0,0,Laborers,3.0,0,54.89,0,34.89,120000.0,0.6356349061759884,high,adult,senior,2.0
5011744,M,Y,Y,0,183200.0,Pensioner,Higher education,Single / not married,Municipal apartment,-13734,365243,1,0,0,0,,1.0,0,37.6,1,0.0,183200.0,0.0,medium,adult,entry,3.0
5011745,F,N,Y,0,659500.0,State servant,Secondary / secondary special,Married,House / apartment,-9208,-935,1,0,1,0,Security staff,2.0,0,25.21,0,2.56,329750.0,0.10154700515668386,high,youth,entry,2.0
5011746,M,N,Y,0,259000.0,Working,Secondary / secondary special,Married,House / apartment,-20643,-8929,1,0,0,0,,2.0,0,56.52,0,24.45,129500.0,0.4325902335456475,high,senior,senior,2.0
5011747,F,Y,N,0,132900.0,Commercial associate,Higher education,Married,House / apartment,-21817,-11655,1,1,1,1,HR staff,2.0,0,59.73,0,31.91,66450.0,0.5342374016407165,medium,senior,senior,1.0
5011748,F,Y,Y,0,215100.0,Working,Secondary / secondary special,Married,House / apartment,-11828,-4693,1,0,0,0,Laborers,2.0,0,32.38,0,12.85,107550.0,0.39684990735021614,medium,youth,senior,3.0
5011749,M,Y,Y,0,133700.0,Working,Secondary / secondary special,Single / not married,House / apartment,-9803,-413,1,0,1,0,Laborers,1.0,0,26.84,0,1.13,133700.0,0.04210134128166915,medium,youth,entry,2.0
5011750,F,N,Y,0,540900.0,Commercial associate,Secondary / secondary special,Civil marriage,House / apartment,-16944,-3000,1,0,0,0,,2.0,0,46.39,0,8.21,270450.0,0.17697779693899549,high,adult,mid,2.0
5011751,F,N,Y,0,175500.0,Working,Secondary / secondary special,Married,House / apartment,-11109,-1362,1,0,0,0,Managers,2.0,0,30.41,0,3.73,87750.0,0.12265702071686944,medium,youth,mid,2.0
5011752,F,N,N,0,312300.0,Working,Higher education,Married,House / apartment,-14138,-5813,1,1,0,0,Laborers,2.0,0,38.71,0,15.92,156150.0,0.41126323947300436,high,adult,senior,1.0
5011753,F,Y,Y,0,192900.0,Working,Secondary / secondary special,Married,House / apartment,-21502,-3463,1,1,0,0,,2.0,0,58.87,0,9.48,96450.0,0.16103278410056057,medium,senior,mid,3.0
5011754,F,N,Y,1,179500.0,Working,Secondary / secondary special,Married,House / apartment,-11316,-2038,1,0,0,0,Managers,3.0,0,30.98,0,5.58,59833.333333333336,0.1801162040025823,medium,youth,mid,2.0
5011755,F,Y,N,0,93900.0,Working,Higher education,Single / not married,House / apartment,-22029,-1194,1,1,0,0,Core staff,1.0,0,60.31,0,3.27,93900.0,0.054219864035814955,low,senior,mid,1.0
5011756,F,N,Y,0,329200.0,Working,Higher education,Married,House / apartment,-19614,-12032,1,1,1,0,Drivers,2.0,0,53.7,0,32.94,164600.0,0.6134078212290502,high,adult,senior,2.0
5011757,F,Y,Y,0,467500.0,Commercial associate,Secondary / secondary special,Separated,House / apartment,-11318,-286,1,0,1,0,Drivers,1.0,0,30.99,0,0.78,467500.0,0.02516940948693127,high,youth,entry,3.0
5011758,F,N,Y,1,154400.0,Working,Secondary / secondary special,Married,House / apartment,-16918,-1152,1,0,0,0,Laborers,3.0,0,46.32,0,3.15,51466.666666666664,0.06800518134715025,medium,adult,mid,2.0
5011759,F,N,N,1,112700.0,Commercial associate,Secondary / secondary special,Married,House / apartment,-18519,-9697,1,1,1,1,Private service staff,3.0,0,50.7,0,26.55,37566.666666666664,0.5236686390532544,medium,adult,senior,0.0
5011760,F,N,N,0,364800.0,Pensioner,Secondary / secondary special,Married,House / apartment,-10963,365243,1,1,0,0,,2.0,0,30.02,1,0.0,182400.0,0.0,high,youth,entry,1.0
5011761,F,N,N,2,107200.0,Working,Secondary / secondary special,Married,House / apartment,-9952,-959,1,1,1,0,Managers,4.0,0,27.25,0,2.63,26800.0,0.09651376146788991,medium,youth,entry,0.0
5011762,M,Y,Y,0,449200.0,Working,Secondary / secondary special,Married,House / apartment,-17005,-9117,1,0,0,0,,2.0,0,46.56,0,24.96,224600.0,0.5360824742268041,high,adult,senior,3.0
5011763,F,Y,N,2,155300.0,Commercial associate,Secondary / secondary special,Married,House / apartment,-19976,-10431,1,0,0,0,Managers,4.0,0,54.69,0,28.56,38825.0,0.5222161272627537,medium,adult,senior,2.0
5011764,M,N,Y,0,140600.0,Commercial associate,Secondary / secondary special,Married,House / apartment,-15798,-6239,1,1,0,0,IT staff,2.0,0,43.25,0,17.08,70300.0,0.39491329479768783,medium,adult,senior,1.0
5011765,M,Y,Y,0,276400.0,Working,Secondary / secondary special,Widow,House / apartment,-8584,-53,1,0,0,1,Laborers,1.0,0,23.5,0,0.15,276400.0,0.006382978723404255,high,youth,entry,3.0
5011766,M,Y,N,0,145300.0,Commercial associate,Secondary / secondary special,Married,House / apartment,-24202,-13171,1,0,0,0,Core staff,2.0,0,66.26,0,36.06,72650.0,0.5442197404165409,medium,senior,senior,1.0
5011767,F,N,Y,0,171400.0,Working,Secondary / secondary special,Married,House / apartment,-19997,-1781,1,1,0,0,Sales staff,2.0,0,54.75,0,4.88,85700.0,0.0891324200913242,medium,adult,mid,2.0
5011768,F,N,Y,0,291400.0,Working,Secondary / secondary special,Married,House / apartment,-18650,-949,1,0,1,0,,2.0,0,51.06,0,2.6,145700.0,0.0509204857030944,high,adult,entry,2.0
5011769,F,Y,Y,1,72500.0,Commercial associate,Secondary / secondary special,Married,House / apartment,-19059,-10704,1,0,0,0,Laborers,3.0,0,52.18,0,29.31,24166.666666666668,0.5617094672288233,low,adult,senior,2.0
5011770,F,Y,Y,1,555000.0,Working,Secondary / secondary special,Married,House / apartment,-14585,-167,1,0,0,0,Core staff,3.0,0,39.93,0,0.46,185000.0,0.01152016028049086,high,adult,entry,3.0
5011771,F,Y,N,0,249500.0,Working,Secondary / secondary special,Married,Municipal apartment,-25283,-11681,1,0,0,0,Core staff,2.0,0,69.22,0,31.98,124750.0,0.46200520080901475,medium,senior,senior,2.0
5011772,F,N,Y,0,127900.0,Commercial associate,Secondary / secondary special,Married,House / apartment,-9728,-2645,1,1,0,0,Drivers,2.0,0,26.63,0,7.24,63950.0,0.27187382651145325,medium,youth,mid,1.0
5011773,F,N,Y,0,146800.0,Commercial associate,Secondary / secondary special,Married,House / apartment,-20804,-5947,1,1,0,0,,2.0,0,56.96,0,16.28,73400.0,0.28581460674157305,medium,senior,senior,1.0
5011774,F,N,Y,0,400800.0,Working,Higher education,Married,House / apartment,-14991,-6944,1,0,0,0,Drivers,2.0,0,41.04,0,19.01,200400.0,0.46320662768031196,high,adult,senior,2.0
5011775,M,N,N,0,329700.0,State servant,Higher education,Married,House / apartment,-23396,-12591,1,0,0,0,,2.0,0,64.05,0,34.47,164850.0,0.5381733021077283,high,senior,senior,1.0
5011776,F,Y,N,0,488400.0,Commercial associate,Secondary / secondary special,Civil marriage,House / apartment,-20404,-9134,1,0,0,0,Laborers,2.0,0,55.86,0,25.01,244200.0,0.4477264590046545,high,senior,senior,2.0
5011777,F,N,Y,1,173500.0,Working,Secondary / secondary special,Civil marriage,Municipal apartment,-17573,-2711,1,0,0,0,,3.0,0,48.11,0,7.42,57833.333333333336,0.15422988983579297,medium,adult,mid,2.0
5011778,F,N,N,0,283200.0,Working,Higher education,Single / not married,House / apartment,-24430,-10541,1,0,0,0,Sales staff,1.0,0,66.89,0,28.86,283200.0,0.4314546269995515,high,senior,senior,1.0
5011779,M,Y,N,0,302200.0,Commercial associate,Higher education,Married,House / apartment,-23968,-2339,1,1,0,0,,2.0,0,65.62,0,6.4,151100.0,0.0975312404754648,high,senior,mid,2.0
5011780,F,N,Y,0,345600.0,Pensioner,Incomplete higher,Widow,House / apartment,-8261,365243,1,1,0,0,,1.0,0,22.62,1,0.0,345600.0,0.0,high,youth,entry,2.0
5011781,M,N,Y,0,429000.0,Working,Secondary / secondary special,Separated,House / apartment,-10822,-158,1,1,1,0,,1.0,0,29.63,0,0.43,429000.0,0.01451231859601755,high,youth,entry,2.0
5011782,F,N,Y,0,170600.0,Commercial associate,Higher education,Single / not married,House / apartment,-19651,-4196,1,1,0,0,,1.0,0,53.8,0,11.49,170600.0,0.21356877323420076,medium,adult,senior,2.0
5011783,F,N,N,1,230600.0,Working,Secondary / secondary special,Married,House / apartment,-24140,-16956,1,0,0,0,,3.0,0,66.09,0,46.42,76866.66666666667,0.7023755484944773,medium,senior,senior,1.0
5011784,F,Y,Y,0,179900.0,Working,Secondary / secondary special,Married,House / apartment,-15164,-1451,1,0,0,0,,2.0,0,41.52,0,3.97,89950.0,0.09561657032755298,medium,adult,mid,3.0
5011785,M,Y,Y,0,237800.0,Working,Secondary / secondary special,Single / not married,House / apartment,-8005,-606,1,1,1,0,,1.0,1,21.92,0,1.66,237800.0,0.07572992700729926,medium,youth,entry,3.0
5011786,F,N,Y,1,346200.0,Commercial associate,Secondary / secondary special,Civil marriage,House / apartment,-19053,-12047,1,0,0,0,,3.0,0,52.16,0,32.98,115400.0,0.6322852760736196,high,adult,senior,2.0
5011787,F,Y,N,0,106800.0,Working,Secondary / secondary special,Married,House / apartment,-10860,-3486,1,0,0,0,Cleaning staff,2.0,0,29.73,0,9.54,53400.0,0.3208879919273461,medium,youth,mid,1.0
5011788,F,N,Y,1,425100.0,Working,Secondary / secondary special,Married,House / apartment,-17392,-7148,1,1,0,0,Laborers,3.0,0,47.62,0,19.57,141700.0,0.4109617807643847,high,adult,senior,2.0
5011789,F,N,N,0,138100.0,Working,Higher education,Married,House / apartment,-14330,-6999,1,0,0,0,,2.0,0,39.23,0,19.16,69050.0,0.48840173336732096,medium,adult,senior,0.0
5011790,M,N,N,0,209400.0,Pensioner,Secondary / secondary special,Married,House / apartment,-17496,365243,1,1,0,0,,2.0,1,47.9,1,0.0,104700.0,0.0,medium,adult,entry,1.0
5011791,F,N,Y,1,454700.0,Commercial associate,Higher education,Single / not married,House / apartment,-24334,-16017,1,0,0,0,,2.0,0,66.62,0,43.85,227350.0,0.6582107475232662,high,senior,senior,2.0
5011792,F,N,Y,1,287600.0,Working,Secondary / secondary special,Married,House / apartment,-16177,-2574,1,0,0,0,,3.0,0,44.29,0,7.05,95866.66666666667,0.15917814405057576,high,adult,mid,2.0
5011793,F,N,Y,0,289300.0,Pensioner,Secondary / secondary special,Married,House / apartment,-7936,365243,1,0,0,0,,2.0,0,21.73,1,0.0,144650.0,0.0,high,youth,entry,2.0
5011794,M,N,N,0,135300.0,Working,Secondary / secondary special,Single / not married,House / apartment,-17914,-3185,1,1,0,0,IT staff,1.0,1,49.05,0,8.72,135300.0,0.1777777777777778,medium,adult,mid,0.0
5011795,F,Y,Y,1,144800.0,Working,Secondary / secondary special,Married,House / apartment,-13254,-5453,1,1,0,0,Sales staff,3.0,0,36.29,0,14.93,48266.666666666664,0.41140810140534584,medium,adult,senior,2.0
5011796,F,Y,Y,0,390900.0,Working,Higher education,Married,House / apartment,-21516,-2736,1,0,0,0,Laborers,2.0,0,58.91,0,7.49,195450.0,0.12714309964352402,high,senior,mid,3.0
5011797,F,Y,Y,0,181800.0,Working,Secondary / secondary special,Single / not married,House / apartment,-15887,-4145,1,1,1,0,Managers,1.0,0,43.5,0,11.35,181800.0,0.26091954022988506,medium,adult,senior,3.0
5011798,M,Y,Y,1,190600.0,Working,Secondary / secondary special,Married,House / apartment,-20844,-13175,1,0,0,0,Sales staff,3.0,0,57.07,0,36.07,63533.333333333336,0.6320308393201332,medium,senior,senior,3.0
5011799,F,Y,N,0,395300.0,Commercial associate,Secondary / secondary special,Married,House / apartment,-23902,-767,1,0,0,0,Sales staff,2.0,0,65.44,0,2.1,197650.0,0.032090464547677264,high,senior,entry,2.0
5011800,M,Y,Y,1,144400.0,Commercial associate,Secondary / secondary special,Single / not married,House / apartment,-13921,-6706,1,0,0,0,Core staff,2.0,0,38.11,0,18.36,72200.0,0.481763316714773,medium,adult,senior,2.0
5011801,M,N,N,1,279300.0,Commercial associate,Secondary / secondary special,Single / not married,House / apartment,-25374,-10870,1,0,1,1,,2.0,0,69.47,0,29.76,139650.0,0.42838635382179363,high,senior,senior,1.0
5011802,M,N,Y,0,249400.0,Commercial associate,Secondary / secondary special,Civil marriage,House / apartment,-10041,-2553,1,0,1,0,,2.0,0,27.49,0,6.99,124700.0,0.2542742815569298,medium,youth,mid,2.0
5011803,F,Y,Y,1,243800.0,Commercial associate,Secondary / secondary special,Married,House / apartment,-19065,-7445,1,1,0,0,Managers,3.0,0,52.2,0,20.38,81266.66666666667,0.39042145593869726,medium,adult,senior,3.0
5011804,F,N,N,0,188400.0,Working,Secondary / secondary special,Married,House / apartment,-7940,365243,1,0,1,0,,2.0,0,21.74,1,0.0,94200.0,0.0,medium,youth,entry,1.0
5011805,F,N,Y,0,182700.0,Commercial associate,Secondary / secondary special,Civil marriage,House / apartment,-11196,-749,1,0,0,0,Sales staff,2.0,1,30.65,0,2.05,91350.0,0.06688417618270799,medium,youth,entry,2.0
5011806,M,Y,N,0,142400.0,Commercial associate,Secondary / secondary special,Married,House / apartment,-18879,-10587,1,0,1,0,Laborers,2.0,0,51.69,0,28.99,71200.0,0.5608434900367576,medium,adult,senior,1.0
5011807,F,N,Y,1,310800.0,State servant,Secondary / secondary special,Married,House / apartment,-8149,-1188,1,0,1,0,Managers,3.0,0,22.31,0,3.25,103600.0,0.14567458538771852,high,youth,mid,2.0
5011808,F,N,Y,1,174800.0,Working,Higher education,Married,Office apartment,-9164,-598,1,0,1,0,Laborers,3.0,1,25.09,0,1.64,58266.666666666664,0.06536468712634515,medium,youth,entry,2.0
5011809,F,Y,Y,0,396300.0,Working,Higher education,Married,House / apartment,-12620,-1873,1,0,0,0,Cleaning staff,2.0,0,34.55,0,5.13,198150.0,0.14848046309696095,high,youth,mid,3.0
5011810,F,N,N,0,218200.0,Commercial associate,Secondary / secondary special,Married,House / apartment,-17818,-2843,1,0,0,0,,2.0,0,48.78,0,7.78,109100.0,0.15949159491594916,medium,adult,mid,1.0
5011811,M,Y,N,2,143800.0,Commercial associate,Secondary / secondary special,Married,Co-op apartment,-7597,-814,1,1,0,0,Sales staff,4.0,1,20.8,0,2.23,35950.0,0.10721153846153846,medium,youth,entry,1.0
5011812,F,N,Y,0,216800.0,Working,Secondary / secondary special,Married,House / apartment,-16114,-4380,1,0,0,0,High skill tech staff,2.0,0,44.12,0,11.99,108400.0,0.2717588395285585,medium,adult,senior,2.0
5011813,M,Y,Y,0,198800.0,Commercial associate,Secondary / secondary special,Widow,House / apartment,-18733,-3409,1,1,0,0,,1.0,0,51.29,0,9.33,198800.0,0.181906804445311,medium,adult,mid,3.0
5011814,F,N,Y,0,404300.0,Working,Secondary / secondary special,Married,House / apartment,-14656,-7871,1,0,0,0,,2.0,0,40.13,0,21.55,202150.0,0.5370047346125093,high,adult,senior,2.0
5011815,M,N,Y,3,203000.0,State servant,Higher education,Married,House / apartment,-8540,-569,1,0,0,0,,5.0,0,23.38,0,1.56,40600.0,0.06672369546621044,medium,youth,entry,2.0
5011816,M,N,N,1,212600.0,Working,Higher education,Married,With parents,-18461,-11677,1,1,0,0,Private service staff,3.0,0,50.54,0,31.97,70866.66666666667,0.6325682627621686,medium,adult,senior,1.0
5011817,F,Y,Y,1,494500.0,Working,Secondary / secondary special,Married,House / apartment,-18369,-9581,1,0,0,0,,3.0,0,50.29,0,26.23,164833.33333333334,0.5215748657784848,high,adult,senior,3.0
5011818,F,N,N,0,314800.0,Working,Secondary / secondary special,Separated,House / apartment,-16547,-8582,1,1,0,0,Sales staff,1.0,0,45.3,0,23.5,314800.0,0.5187637969094923,high,adult,senior,1.0
5011819,M,N,Y,1,560600.0,Working,Secondary / secondary special,Single / not married,House / apartment,-19964,-3244,1,0,1,0,,2.0,0,54.66,0,8.88,280300.0,0.16245883644346873,high,adult,mid,2.0
5011820,F,N,N,0,458200.0,Working,Higher education,Civil marriage,House / apartment,-11100,-3809,1,0,0,0,,2.0,0,30.39,0,10.43,229100.0,0.34320500164527806,high,youth,senior,1.0
5011821,F,N,Y,1,156700.0,Commercial associate,Higher education,Civil marriage,House / apartment,-19697,-9369,1,0,1,1,Managers,3.0,0,53.93,0,25.65,52233.333333333336,0.47561653995920633,medium,adult,senior,2.0
5011822,M,N,Y,0,400500.0,Pensioner,Secondary / secondary special,Separated,House / apartment,-10254,365243,1,0,0,0,,1.0,0,28.07,1,0.0,400500.0,0.0,high,youth,entry,2.0
5011823,F,N,N,0,523400.0,Working,Secondary / secondary special,Married,House / apartment,-14477,-7409,1,0,0,0,,2.0,0,39.64,0,20.28,261700.0,0.5116044399596368,high,adult,senior,1.0
5011824,M,N,Y,0,525400.0,Commercial associate,Secondary / secondary special,Married,House / apartment,-8539,-436,1,1,0,0,Laborers,2.0,0,23.38,0,1.19,262700.0,0.05089820359281437,high,youth,entry,2.0
5011825,F,N,N,0,400100.0,Working,Secondary / secondary special,Married,House / apartment,-22264,-2397,1,0,0,0,Sales staff,2.0,0,60.96,0,6.56,200050.0,0.10761154855643044,high,senior,mid,1.0
5011826,F,N,N,1,396000.0,Working,Secondary / secondary special,Married,House / apartment,-17134,-4834,1,0,0,0,Laborers,3.0,0,46.91,0,13.23,132000.0,0.28202941803453424,high,adult,senior,1.0
5011827,M,N,Y,2,209800.0,Working,Secondary / secondary special,Married,House / apartment,-25039,-753,1,1,0,0,,4.0,1,68.55,0,2.06,52450.0,0.030051057622173596,medium,senior,entry,2.0
5011828,M,Y,Y,0,160600.0,Working,Secondary / secondary special,Married,House / apartment,-24514,-14491,1,0,1,0,,2.0,0,67.12,0,39.67,80300.0,0.591030989272944,medium,senior,senior,3.0
5011829,F,N,Y,1,204700.0,Commercial associate,Secondary / secondary special,Married,House / apartment,-25541,-6259,1,0,1,0,,3.0,0,69.93,0,17.14,68233.33333333333,0.2451022451022451,medium,senior,senior,2.0
5011830,F,N,Y,0,106200.0,Working,Secondary / secondary special,Married,House / apartment,-9154,-473,1,1,0,0,Laborers,2.0,0,25.06,0,1.3,53100.0,0.05187549880287311,medium,youth,entry,1.0
5011831,F,Y,Y,1,477800.0,Pensioner,Secondary / secondary special,Married,House / apartment,-18383,365243,1,1,0,0,,3.0,0,50.33,1,0.0,159266.66666666666,0.0,high,adult,entry,3.0
5011832,F,N,Y,1,211900.0,Commercial associate,Secondary / secondary special,Married,House / apartment,-14748,-7820,1,1,0,0,High skill tech staff,3.0,0,40.38,0,21.41,70633.33333333333,0.5302129767211491,medium,adult,senior,2.0
5011833,F,N,Y,1,465600.0,Commercial associate,Secondary / secondary special,Single / not married,House / apartment,-17033,-8178,1,0,0,0,Drivers,2.0,0,46.63,0,22.39,232800.0,0.4801629852026592,high,adult,senior,2.0
5011834,M,Y,Y,0,131900.0,State servant,Higher education,Married,House / apartment,-12944,-17,1,0,0,0,Laborers,2.0,0,35.44,0,0.05,65950.0,0.0014108352144469529,medium,adult,entry,2.0
5011835,F,N,Y,0,419500.0,State servant,Secondary / secondary special,Widow,House / apartment,-8183,-660,1,0,0,0,,1.0,0,22.4,0,1.81,419500.0,0.08080357142857143,high,youth,entry,2.0
5011836,F,Y,Y,1,190600.0,Commercial associate,Secondary / secondary special,Civil marriage,House / apartment,-20230,-10225,1,1,0,0,,3.0,0,55.39,0,27.99,63533.333333333336,0.5053258710958657,medium,senior,senior,3.0
5011837,M,Y,Y,0,128400.0,Working,Secondary / secondary special,Married,House / apartment,-24943,-8042,1,1,0,0,Core staff,2.0,0,68.29,0,22.02,64200.0,0.3224483819007175,medium,senior,senior,2.0
5011838,M,N,Y,1,550700.0,Working,Secondary / secondary special,Married,House / apartment,-17028,-4185,1,0,0,0,Sales staff,3.0,0,46.62,0,11.46,183566.66666666666,0.24581724581724584,high,adult,senior,2.0
5011839,M,Y,Y,2,424700.0,Commercial associate,Secondary / secondary special,Married,House / apartment,-13324,-4305,1,0,1,0,,4.0,0,36.48,0,11.79,106175.0,0.32319078947368424,high,adult,senior,3.0
5011840,F,Y,Y,0,271400.0,Commercial associate,Secondary / secondary special,Single / not married,House / apartment,-24440,-2819,1,0,1,1,Sales staff,1.0,0,66.91,0,7.72,271400.0,0.1153788671349574,high,senior,mid,3.0
5011841,F,N,Y,1,248300.0,State servant,Higher education,Married,House / apartment,-13965,-5053,1,0,0,1,Laborers,3.0,0,38.23,0,13.83,82766.66666666667,0.36175778184671725,medium,adult,senior,2.0
5011842,M,Y,Y,1,304100.0,Working,Secondary / secondary special,Married,House / apartment,-24007,-17412,1,0,0,0,,3.0,0,65.73,0,47.67,101366.66666666667,0.7252396166134185,high,senior,senior,3.0
5011843,F,N,N,0,269100.0,Working,Higher education,Married,House / apartment,-22932,-1166,1,0,0,0,,2.0,0,62.78,0,3.19,134550.0,0.050812360624402676,high,senior,mid,1.0
5011844,M,N,Y,0,164300.0,Working,Secondary / secondary special,Married,House / apartment,-16961,-9044,1,0,1,0,Drivers,2.0,0,46.44,0,24.76,82150.0,0.533161068044789,medium,adult,senior,2.0
5011845,F,Y,Y,1,198700.0,Pensioner,Secondary / secondary special,Separated,House / apartment,-19666,365243,1,1,1,0,,2.0,1,53.84,1,0.0,99350.0,0.0,medium,adult,entry,3.0
5011846,M,Y,N,0,650700.0,Working,Secondary / secondary special,Married,House / apartment,-20095,-326,1,0,0,0,Core staff,2.0,0,55.02,0,0.89,325350.0,0.016175936023264267,high,senior,entry,2.0
5011847,F,N,N,0,928700.0,Working,Higher education,Married,House / apartment,-19013,-4030,1,0,0,0,Drivers,2.0,0,52.05,0,11.03,464350.0,0.21191162343900097,high,adult,senior,1.0
5011848,F,N,Y,1,533300.0,Working,Incomplete higher,Married,Municipal apartment,-10241,-9,1,0,1,1,High skill tech staff,3.0,0,28.04,0,0.02,177766.66666666666,0.0007132667617689016,high,youth,entry,2.0
5011849,F,Y,Y,0,310100.0,Working,Higher education,Single / not married,House / apartment,-19957,-11440,1,0,0,0,,1.0,0,54.64,0,31.32,310100.0,0.5732064421669106,high,adult,senior,3.0
5011850,F,N,Y,1,206200.0,Working,Secondary / secondary special,Single / not married,House / apartment,-7364,-65,1,0,1,0,,2.0,0,20.16,0,0.18,103100.0,0.008928571428571428,medium,youth,entry,2.0
5011851,M,Y,Y,0,163800.0,Working,Secondary / secondary special,Married,With parents,-20272,-13066,1,0,0,0,,2.0,0,55.5,0,35.77,81900.0,0.6445045045045046,medium,senior,senior,3.0
5011852,F,N,N,0,169300.0,Working,Secondary / secondary special,Married,House / apartment,-17438,-344,1,1,0,0,Private service staff,2.0,0,47.74,0,0.94,84650.0,0.019689987431922913,medium,adult,entry,1.0
5011853,M,Y,Y,2,185100.0,Working,Secondary / secondary special,Married,House / apartment,-12049,-3531,1,0,0,0,,4.0,0,32.99,0,9.67,46275.0,0.29311912700818427,medium,youth,mid,3.0
5011854,M,Y,N,0,715700.0,State servant,Secondary / secondary special,Married,House / apartment,-21984,-14861,1,1,0,0,Managers,2.0,0,60.19,0,40.69,357850.0,0.6760259179265659,high,senior,senior,2.0
5011855,F,Y,Y,1,602400.0,State servant,Secondary / secondary special,Separated,House / apartment,-14706,-3232,1,0,0,0,,2.0,0,40.26,0,8.85,301200.0,0.21982116244411326,high,adult,mid,3.0
5011856,M,N,N,1,354500.0,Commercial associate,Secondary / secondary special,Married,House / apartment,-16177,-1389,1,1,1,0,Sales staff,3.0,0,44.29,0,3.8,118166.66666666667,0.08579814856626777,high,adult,mid,1.0
5011857,M,N,Y,1,151000.0,Working,Secondary / secondary special,Married,House / apartment,-7810,-550,1,0,0,0,Laborers,3.0,0,21.38,0,1.51,50333.333333333336,0.0706267539756782,medium,youth,entry,2.0
5011858,F,N,Y,0,381500.0,Working,Secondary / secondary special,Married,House / apartment,-14634,-7382,1,0,0,0,,2.0,0,40.07,0,20.21,190750.0,0.5043673571250312,high,adult,senior,2.0
5011859,F,Y,Y,0,216700.0,State servant,Higher education,Married,House / apartment,-10361,365243,1,0,0,0,,2.0,0,28.37,1,0.0,108350.0,0.0,medium,youth,entry,3.0
5011860,F,Y,Y,1,83200.0,Working,Secondary / secondary special,Married,House / apartment,-12348,-4455,1,1,1,0,Managers,3.0,0,33.81,0,12.2,27733.333333333332,0.36083998816918067,low,youth,senior,2.0
5011861,M,Y,Y,0,281800.0,Working,Secondary / secondary special,Married,Municipal apartment,-11910,-3434,1,0,0,0,Cleaning staff,2.0,0,32.61,0,9.4,140900.0,0.28825513646120826,high,youth,mid,3.0
5011862,M,N,N,0,160300.0,Working,Secondary / secondary special,Married,House / apartment,-8145,-1443,1,0,0,0,Medicine staff,2.0,0,22.3,0,3.95,80150.0,0.17713004484304934,medium,youth,mid,1.0
5011863,F,N,Y,0,163000.0,Working,Secondary / secondary special,Civil marriage,House / apartment,-15715,-6856,1,1,0,0,Laborers,2.0,0,43.03,0,18.77,81500.0,0.43620729723448753,medium,adult,senior,2.0
5011864,M,N,N,0,215400.0,Working,Secondary / secondary special,Married,Municipal apartment,-16849,-1319,1,0,0,0,High skill tech staff,2.0,0,46.13,0,3.61,107700.0,0.07825709950140905,medium,adult,mid,1.0
5011865,M,Y,Y,1,190300.0,Commercial associate,Higher education,Married,House / apartment,-17734,-8660,1,1,1,0,Sales staff,3.0,0,48.55,0,23.71,63433.333333333336,0.4883625128733265,medium,adult,senior,3.0
5011866,F,N,Y,1,240000.0,Commercial associate,Secondary / secondary special,Married,House / apartment,-15746,-3425,1,0,0,0,Core staff,3.0,0,43.11,0,9.38,80000.0,0.21758292739503599,medium,adult,mid,2.0
5011867,F,Y,N,4,234300.0,Commercial associate,Secondary / secondary special,Married,House / apartment,-23185,-732,1,1,1,0,Sales staff,6.0,1,63.48,0,2.0,39050.0,0.031505986137366104,medium,senior,entry,2.0
5011868,F,N,Y,0,95600.0,Working,Secondary / secondary special,Married,House / apartment,-7993,-1073,1,0,1,0,Laborers,2.0,0,21.88,0,2.94,47800.0,0.1343692870201097,low,youth,entry,1.0
5011869,M,Y,Y,1,522100.0,Pensioner,Secondary / secondary special,Married,House / apartment,-18515,365243,1,1,0,1,,3.0,0,50.69,1,0.0,174033.33333333334,0.0,high,adult,entry,3.0
5011870,M,N,Y,0,149300.0,Working,Secondary / secondary special,Married,House / apartment,-23123,-3347,1,0,1,0,Accountants,2.0,0,63.31,0,9.16,74650.0,0.14468488390459644,medium,senior,mid,1.0
5011871,F,Y,Y,0,151600.0,Working,Secondary / secondary special,Married,Rented apartment,-8054,-1188,1,1,1,0,Drivers,2.0,1,22.05,0,3.25,75800.0,0.1473922902494331,medium,youth,mid,3.0
5011872,M,N,N,0,207100.0,Commercial associate,Secondary / secondary special,Married,House / apartment,-16369,-1406,1,0,1,0,Laborers,2.0,0,44.82,0,3.85,103550.0,0.0858991521642124,medium,adult,mid,1.0
5011873,F,N,Y,2,231300.0,Pensioner,Higher education,Married,House / apartment,-18062,365243,1,0,0,0,,4.0,1,49.45,1,0.0,57825.0,0.0,medium,adult,entry,2.0
5011874,F,N,Y,1,506300.0,Working,Secondary / secondary special,Civil marriage,House / apartment,-10791,-2702,1,0,1,1,Drivers,3.0,0,29.54,0,7.4,168766.66666666666,0.25050778605280977,high,youth,mid,2.0
5011875,F,N,N,2,279300.0,Commercial associate,Secondary / secondary special,Married,House / apartment,-11916,-4562,1,0,0,0,Core staff,4.0,0,32.62,0,12.49,69825.0,0.38289393010423056,high,youth,senior,1.0
5011876,M,N,Y,1,324100.0,Commercial associate,Secondary / secondary special,Married,House / apartment,-21652,-13094,1,0,1,0,Core staff,3.0,0,59.28,0,35.85,108033.33333333333,0.604757085020243,high,senior,senior,2.0
5011877,M,N,Y,1,280100.0,Pensioner,Secondary / secondary special,Married,House / apartment,-17667,365243,1,0,0,0,,3.0,0,48.37,1,0.0,93366.66666666667,0.0,high,adult,entry,2.0
5011878,F,N,N,0,274100.0,Working,Secondary / secondary special,Married,House / apartment,-13072,-2900,1,0,0,0,,2.0,0,35.79,0,7.94,137050.0,0.22184967868119587,high,adult,mid,1.0
5011879,F,Y,Y,1,285000.0,Working,Higher education,Single / not married,House / apartment,-21271,-13914,1,0,0,0,,2.0,0,58.24,0,38.09,142500.0,0.6540178571428572,high,senior,senior,3.0
5011880,F,N,N,0,92900.0,Working,Higher education,Married,House / apartment,-20942,-8486,1,0,0,0,,2.0,0,57.34,0,23.23,46450.0,0.4051273107778165,low,senior,senior,0.0
5011881,M,N,Y,0,215500.0,Working,Secondary / secondary special,Married,House / apartment,-13613,-5878,1,1,1,0,,2.0,0,37.27,0,16.09,107750.0,0.4317145156962704,medium,adult,senior,2.0
5011882,M,Y,N,0,436500.0,Working,Secondary / secondary special,Married,House / apartment,-16229,-4529,1,1,1,0,,2.0,0,44.43,0,12.4,218250.0,0.2790907044789557,high,adult,senior,2.0
5011883,F,N,N,0,1752600.0,State servant,Higher education,Married,House / apartment,-19441,-12403,1,0,0,0,,2.0,0,53.23,0,33.96,876300.0,0.637986098065001,high,adult,senior,1.0
5011884,F,Y,Y,0,133700.0,Working,Higher education,Married,House / apartment,-13574,-3183,1,0,0,0,Accountants,2.0,0,37.16,0,8.71,66850.0,0.23439181916038757,medium,adult,mid,2.0
5011885,F,Y,Y,0,301600.0,State servant,Secondary / secondary special,Married,House / apartment,-18792,-10154,1,0,0,0,Sales staff,2.0,0,51.45,0,27.8,150800.0,0.5403304178814383,high,adult,senior,3.0
5011886,M,Y,Y,0,183500.0,Working,Secondary / secondary special,Married,House / apartment,-11890,-3063,1,1,0,0,Core staff,2.0,0,32.55,0,8.39,91750.0,0.25775729646697393,medium,youth,mid,3.0
5011887,F,Y,N,2,679600.0,State servant,Higher education,Married,House / apartment,-12638,-3854,1,0,0,0,,4.0,0,34.6,0,10.55,169900.0,0.30491329479768786,high,youth,senior,2.0
5011888,F,N,Y,1,124100.0,Commercial associate,Secondary / secondary special,Widow,House / apartment,-12979,-1201,1,1,1,0,Laborers,2.0,1,35.53,0,3.29,62050.0,0.09259780467210807,medium,adult,mid,1.0
5011889,F,N,Y,0,333700.0,Working,Secondary / secondary special,Married,House / apartment,-24400,-8002,1,0,1,1,Sales staff,2.0,0,66.8,0,21.91,166850.0,0.32799401197604794,high,senior,senior,2.0
5011890,F,N,Y,0,120800.0,Commercial associate,Secondary / secondary special,Married,House / apartment,-22530,-11669,1,0,0,0,Low-skill Laborers,2.0,0,61.68,0,31.95,60400.0,0.5179961089494163,medium,senior,senior,1.0
5011891,M,N,N,0,208200.0,Working,Higher education,Married,House / apartment,-17626,-2686,1,1,0,0,Drivers,2.0,0,48.26,0,7.35,104100.0,0.15230004144218814,medium,adult,mid,1.0
5011892,F,Y,Y,0,240000.0,Working,Secondary / secondary special,Single / not married,House / apartment,-17603,-5292,1,0,0,0,Laborers,1.0,0,48.19,0,14.49,240000.0,0.3006847893753891,medium,adult,senior,3.0
5011893,M,N,Y,0,416800.0,Working,Secondary / secondary special,Married,House / apartment,-8330,-1139,1,0,0,0,Laborers,2.0,0,22.81,0,3.12,208400.0,0.13678211310828586,high,youth,mid,2.0
5011894,F,N,Y,2,142500.0,Working,Secondary / secondary special,Single / not married,House / apartment,-19167,-7720,1,0,1,0,,3.0,0,52.48,0,21.14,47500.0,0.4028201219512195,medium,adult,senior,1.0
5011895,F,N,Y,0,340200.0,Commercial associate,Higher education,Married,House / apartment,-13297,-5837,1,0,0,0,Core staff,2.0,0,36.41,0,15.98,170100.0,0.43889041472123047,high,adult,senior,2.0
5011896,F,N,Y,0,246400.0,Pensioner,Secondary / secondary special,Married,House / apartment,-18487,365243,1,1,0,0,,2.0,0,50.61,1,0.0,123200.0,0.0,medium,adult,entry,2.0
5011897,F,N,Y,0,279800.0,Working,Higher education,Civil marriage,House / apartment,-22650,-9428,1,0,0,0,Managers,2.0,0,62.01,0,25.81,139900.0,0.4162231898080955,high,senior,senior,2.0
5011898,M,N,N,0,394200.0,Pensioner,Higher education,Civil marriage,House / apartment,-8136,365243,1,0,0,0,,2.0,0,22.28,1,0.0,197100.0,0.0,high,youth,entry,1.0
5011899,F,N,N,0,128600.0,State servant,Secondary / secondary special,Married,House / apartment,-18391,-3374,1,0,0,0,High skill tech staff,2.0,0,50.35,0,9.24,64300.0,0.18351539225422045,medium,adult,mid,0.0
5011900,F,Y,Y,0,366100.0,Working,Secondary / secondary special,Married,Municipal apartment,-17609,-5637,1,0,0,0,Private service staff,2.0,0,48.21,0,15.43,183050.0,0.3200580792366729,high,adult,senior,3.0
5011901,M,Y,Y,2,183700.0,Working,Secondary / secondary special,Married,House / apartment,-11081,-421,1,0,1,0,,4.0,0,30.34,0,1.15,45925.0,0.03790375741595253,medium,youth,entry,3.0
5011902,M,N,Y,0,422300.0,Working,Higher education,Married,House / apartment,-19110,-323,1,0,0,0,Cooking staff,2.0,0,52.32,0,0.88,211150.0,0.016819571865443424,high,adult,entry,2.0
5011903,F,N,Y,0,288600.0,Commercial associate,Secondary / secondary special,Separated,House / apartment,-17438,-9912,1,0,0,0,,1.0,0,47.74,0,27.14,288600.0,0.5684960201089233,high,adult,senior,2.0
5011904,M,N,Y,0,219900.0,Working,Secondary / secondary special,Married,House / apartment,-21318,-9097,1,0,1,0,Drivers,2.0,0,58.37,0,24.91,109950.0,0.426760322083262,medium,senior,senior,2.0
5011905,F,N,Y,0,181800.0,Working,Secondary / secondary special,Married,House / apartment,-9325,-1386,1,0,0,0,Laborers,2.0,0,25.53,0,3.79,90900.0,0.14845280062671368,medium,youth,mid,2.0
5011906,F,Y,Y,0,368500.0,Commercial associate,Secondary / secondary special,Married,House / apartment,-15406,-344,1,0,1,0,High skill tech staff,2.0,0,42.18,0,0.94,184250.0,0.022285443338074917,high,adult,entry,3.0
5011907,F,Y,N,0,458600.0,Commercial associate,Secondary / secondary special,Married,With parents,-25530,-5276,1,0,0,0,,2.0,0,69.9,0,14.44,229300.0,0.2065808297567954,high,senior,senior,2.0
5011908,M,N,N,0,187000.0,Working,Secondary / secondary special,Married,House / apartment,-19893,-5366,1,0,0,0,Core staff,2.0,0,54.46,0,14.69,93500.0,0.26973925817113475,medium,adult,senior,1.0
5011909,F,N,Y,0,138500.0,Pensioner,Secondary / secondary special,Married,House / apartment,-19802,365243,1,0,0,0,,2.0,0,54.21,1,0.0,69250.0,0.0,medium,adult,entry,1.0
5011910,F,Y,Y,0,345400.0,Commercial associate,Higher education,Married,House / apartment,-13110,-1387,1,1,1,0,Laborers,2.0,0,35.89,0,3.8,172700.0,0.1058790749512399,high,adult,mid,3.0
5011911,M,N,N,0,118300.0,Working,Secondary / secondary special,Civil marriage,House / apartment,-9020,-2396,1,0,0,0,,2.0,1,24.7,0,6.56,59150.0,0.26558704453441295,medium,youth,mid,0.0
5011912,F,N,N,0,127100.0,Commercial associate,Secondary / secondary special,Married,House / apartment,-24645,-11481,1,0,1,0,Core staff,2.0,0,67.47,0,31.43,63550.0,0.46583666814880687,medium,senior,senior,0.0
5011913,F,N,Y,0,143500.0,Working,Higher education,Married,House / apartment,-9231,-1699,1,0,0,0,High skill tech staff,2.0,0,25.27,0,4.65,71750.0,0.18401266323704,medium,youth,mid,1.0
5011914,F,N,Y,0,198300.0,Working,Secondary / secondary special,Married,House / apartment,-25434,-13339,1,0,0,0,Sales staff,2.0,0,69.63,0,36.52,99150.0,0.5244865718799369,medium,senior,senior,2.0
5011915,M,Y,Y,0,125200.0,Working,Secondary / secondary special,Married,House / apartment,-9602,365243,1,0,0,0,,2.0,1,26.29,1,0.0,62600.0,0.0,medium,youth,entry,2.0
5011916,F,N,Y,0,92600.0,Working,Higher education,Married,House / apartment,-10426,-1844,1,0,0,0,High skill tech staff,2.0,1,28.54,0,5.05,46300.0,0.1769446391030133,low,youth,mid,1.0
5011917,M,N,Y,0,138400.0,Working,Higher education,Widow,With parents,-12937,-2615,1,0,1,0,Sales staff,1.0,0,35.42,0,7.16,138400.0,0.20214568040654995,medium,adult,mid,1.0
5011918,M,N,Y,0,336600.0,Working,Secondary / secondary special,Single / not married,House / apartment,-16662,-8086,1,0,1,1,Managers,1.0,0,45.62,0,22.14,336600.0,0.4853134590092065,high,adult,senior,2.0
5011919,F,Y,Y,0,129300.0,Commercial associate,Higher education,Single / not married,House / apartment,-21740,-11875,1,1,0,0,Managers,1.0,1,59.52,0,32.51,129300.0,0.5462029569892473,medium,senior,senior,2.0
5011920,F,N,Y,0,205900.0,Commercial associate,Secondary / secondary special,Married,House / apartment,-25038,-16064,1,0,0,0,Core staff,2.0,0,68.55,0,43.98,102950.0,0.6415754923413567,medium,senior,senior,2.0
5011921,M,Y,Y,2,646200.0,Working,Secondary / secondary special,Single / not married,House / apartment,-13858,-2589,1,0,1,0,Accountants,3.0,0,37.94,0,7.09,215400.0,0.18687401159725883,high,adult,mid,3.0
5011922,M,Y,N,1,238200.0,Working,Higher education,Married,House / apartment,-7678,-821,1,0,1,0,,3.0,0,21.02,0,2.25,79400.0,0.10704091341579448,medium,youth,entry,2.0
5011923,M,N,Y,1,289700.0,Pensioner,Secondary / secondary special,Married,House / apartment,-18567,365243,1,0,0,0,,3.0,0,50.83,1,0.0,96566.66666666667,0.0,high,adult,entry,2.0
5011924,M,Y,Y,1,152100.0,Working,Secondary / secondary special,Married,House / apartment,-20286,-3925,1,0,0,0,Laborers,3.0,0,55.54,0,10.75,50700.0,0.1935541951746489,medium,senior,senior,3.0
5011925,M,N,Y,2,720100.0,Working,Secondary / secondary special,Married,House / apartment,-14563,-614,1,0,1,0,Sales staff,4.0,0,39.87,0,1.68,180025.0,0.04213694507148232,high,adult,entry,2.0
5011926,M,Y,Y,1,186200.0,Working,Secondary / secondary special,Married,House / apartment,-10656,-3075,1,0,0,0,,3.0,0,29.17,0,8.42,62066.666666666664,0.28865272540281106,medium,youth,mid,3.0
5011927,F,N,Y,0,217800.0,Pensioner,Secondary / secondary special,Married,With parents,-12894,365243,1,1,0,0,,2.0,1,35.3,1,0.0,108900.0,0.0,medium,adult,entry,2.0
5011928,F,Y,Y,0,471700.0,Pensioner,Secondary / secondary special,Married,House / apartment,-19282,365243,1,0,0,0,,2.0,1,52.79,1,0.0,235850.0,0.0,high,adult,entry,3.0
5011929,F,Y,Y,0,222900.0,Commercial associate,Secondary / secondary special,Married,House / apartment,-16330,-7110,1,0,0,0,Laborers,2.0,0,44.71,0,19.47,111450.0,0.43547304853500335,medium,adult,senior,3.0
5011930,F,Y,Y,0,250000.0,Working,Secondary / secondary special,Married,House / apartment,-20882,-1417,1,1,0,0,,2.0,0,57.17,0,3.88,125000.0,0.06786776281266398,medium,senior,mid,3.0
5011931,M,N,Y,3,212100.0,Commercial associate,Secondary / secondary special,Separated,House / apartment,-11289,-585,1,0,0,0,,4.0,0,30.91,0,1.6,53025.0,0.051763183435781304,medium,youth,entry,2.0
5011932,F,N,N,0,212800.0,Working,Secondary / secondary special,Single / not married,House / apartment,-22682,-813,1,0,0,0,Managers,1.0,0,62.1,0,2.23,212800.0,0.0359098228663446,medium,senior,entry,1.0
5011933,F,Y,Y,1,293800.0,Working,Secondary / secondary special,Married,House / apartment,-10152,-1801,1,0,1,0,Managers,3.0,0,27.79,0,4.93,97933.33333333333,0.1774019431450162,high,youth,mid,3.0
5011934,F,N,Y,0,321900.0,Commercial associate,Higher education,Married,House / apartment,-13330,-937,1,0,0,0,Sales staff,2.0,0,36.5,0,2.57,160950.0,0.07041095890410959,high,adult,entry,2.0
5011935,F,N,Y,0,177000.0,Commercial associate,Secondary / secondary special,Married,House / apartment,-18102,-5887,1,0,0,0,,2.0,0,49.56,0,16.12,88500.0,0.3252623083131558,medium,adult,senior,2.0
5011936,F,N,Y,0,166400.0,Working,Secondary / secondary special,Married,House / apartment,-20762,-9131,1,0,0,0,,2.0,0,56.84,0,25.0,83200.0,0.43983110485573534,medium,senior,senior,2.0
5011937,F,Y,Y,0,180000.0,Working,Secondary / secondary special,Widow,House / apartment,-12166,-2462,1,0,0,0,Laborers,1.0,0,33.31,0,6.74,180000.0,0.20234163914740316,medium,youth,mid,3.0
5011938,M,N,Y,0,121200.0,Pensioner,Secondary / secondary special,Married,House / apartment,-24620,365243,1,0,0,0,,2.0,0,67.41,1,0.0,60600.0,0.0,medium,senior,entry,1.0
5011939,F,Y,N,1,110200.0,Pensioner,Secondary / secondary special,Civil marriage,House / apartment,-20200,365243,1,1,1,1,,3.0,0,55.3,1,0.0,36733.333333333336,0.0,medium,senior,entry,1.0
5011940,F,Y,N,1,283200.0,Commercial associate,Secondary / secondary special,Single / not married,Office apartment,-11280,-4310,1,1,0,0,Sales staff,2.0,0,30.88,0,11.8,141600.0,0.38212435233160624,high,youth,senior,2.0
5011941,F,N,Y,1,390300.0,Working,Secondary / secondary special,Married,House / apartment,-20559,-13960,1,0,0,0,,3.0,0,56.29,0,38.22,130100.0,0.6789838337182448,high,senior,senior,2.0
5011942,F,N,N,0,377400.0,Pensioner,Secondary / secondary special,Separated,House / apartment,-20022,365243,1,0,0,0,,1.0,0,54.82,1,0.0,377400.0,0.0,high,adult,entry,1.0
5011943,M,Y,Y,1,74200.0,Commercial associate,Secondary / secondary special,Married,House / apartment,-21051,-9957,1,0,0,0,Laborers,3.0,0,57.63,0,27.26,24733.333333333332,0.47301752559430854,low,senior,senior,2.0
5011944,F,Y,N,0,216000.0,Commercial associate,Secondary / secondary special,Married,House / apartment,-24031,365243,1,1,1,0,,2.0,0,65.79,1,0.0,108000.0,0.0,medium,senior,entry,2.0
5011945,F,N,Y,0,140700.0,Working,Secondary / secondary special,Civil marriage,House / apartment,-20303,-6898,1,0,0,0,Sales staff,2.0,0,55.59,0,18.89,70350.0,0.33980931822270194,medium,senior,senior,1.0
5011946,F,N,Y,1,262300.0,Working,Incomplete higher,Married,House / apartment,-13732,-1073,1,0,0,0,Laborers,3.0,0,37.6,0,2.94,87433.33333333333,0.07819148936170213,high,adult,entry,2.0
5011947,F,Y,Y,0,198100.0,Working,Incomplete higher,Married,With parents,-21742,-1137,1,0,0,0,Laborers,2.0,0,59.53,0,3.11,99050.0,0.052242566773055596,medium,senior,mid,3.0
5011948,M,N,Y,0,328200.0,Working,Secondary / secondary special,Married,House / apartment,-20013,-1125,1,0,0,0,,2.0,0,54.79,0,3.08,164100.0,0.05621463770761088,high,adult,mid,2.0
5011949,F,Y,N,0,241800.0,Working,Higher education,Single / not married,House / apartment,-17792,-7529,1,1,1,0,Drivers,1.0,0,48.71,0,20.61,241800.0,0.4231164032026278,medium,adult,senior,2.0
5011950,F,Y,N,1,94600.0,Working,Secondary / secondary special,Married,House / apartment,-13767,-2733,1,0,0,0,Laborers,3.0,0,37.69,0,7.48,31533.333333333332,0.19846113027328205,low,adult,mid,1.0
5011951,F,N,Y,0,150500.0,Working,Secondary / secondary special,Separated,House / apartment,-24126,-10313,1,0,0,0,,1.0,0,66.05,0,28.24,150500.0,0.427554882664648,medium,senior,senior,2.0
5011952,F,Y,N,0,244800.0,Pensioner,Secondary / secondary special,Married,Co-op apartment,-16669,365243,1,0,1,0,,2.0,0,45.64,1,0.0,122400.0,0.0,medium,adult,entry,2.0
5011953,F,Y,N,0,255400.0,Working,Secondary / secondary special,Married,House / apartment,-18776,-6680,1,0,0,0,,2.0,0,51.41,0,18.29,127700.0,0.3557673604357129,high,adult,senior,2.0
5011954,F,N,Y,1,120900.0,Working,Secondary / secondary special,Married,With parents,-14891,-349,1,0,0,0,,3.0,0,40.77,0,0.96,40300.0,0.023546725533480497,medium,adult,entry,1.0
5011955,M,N,Y,1,113200.0,Commercial associate,Secondary / secondary special,Married,Municipal apartment,-21565,-1438,1,0,1,0,,3.0,0,59.04,0,3.94,37733.333333333336,0.06673441734417344,medium,senior,mid,1.0
5011956,F,Y,Y,0,251100.0,Working,Higher education,Married,Municipal apartment,-13533,-4114,1,0,0,0,Managers,2.0,0,37.05,0,11.26,125550.0,0.3039136302294197,high,adult,senior,3.0
5011957,F,N,Y,0,121000.0,Working,Higher education,Civil marriage,House / apartment,-22109,-11070,1,1,0,0,Drivers,2.0,0,60.53,0,30.31,60500.0,0.5007434330084255,medium,senior,senior,1.0
5011958,F,N,Y,0,106000.0,Working,Higher education,Married,House / apartment,-9276,-1757,1,0,0,0,,2.0,0,25.4,0,4.81,53000.0,0.1893700787401575,medium,youth,mid,1.0
5011959,F,Y,Y,0,195400.0,Pensioner,Higher education,Single / not married,House / apartment,-20252,365243,1,0,0,0,,1.0,0,55.45,1,0.0,195400.0,0.0,medium,senior,entry,3.0
5011960,F,N,Y,1,191200.0,State servant,Higher education,Married,House / apartment,-16014,-94,1,0,0,0,Laborers,3.0,0,43.84,0,0.26,63733.333333333336,0.005930656934306569,medium,adult,entry,2.0
5011961,M,Y,Y,0,157400.0,Commercial associate,Secondary / secondary special,Married,House / apartment,-20066,-9655,1,0,0,0,Security staff,2.0,0,54.94,0,26.43,78700.0,0.48107025846377865,medium,adult,senior,3.0
5011962,F,N,N,0,171700.0,Pensioner,Secondary / secondary special,Married,House / apartment,-17010,365243,1,1,0,0,,2.0,0,46.57,1,0.0,85850.0,0.0,medium,adult,entry,1.0
5011963,M,N,Y,1,245800.0,Working,Secondary / secondary special,Married,House / apartment,-9758,-824,1,0,1,0,Sales staff,3.0,0,26.72,0,2.26,81933.33333333333,0.0845808383233533,medium,youth,entry,2.0
5011964,F,N,Y,0,170300.0,Pensioner,Secondary / secondary special,Married,House / apartment,-16016,365243,1,0,0,0,,2.0,0,43.85,1,0.0,85150.0,0.0,medium,adult,entry,2.0
5011965,M,Y,Y,1,252900.0,State servant,Secondary / secondary special,Married,House / apartment,-24920,-16065,1,0,0,0,HR staff,3.0,0,68.23,0,43.98,84300.0,0.6445844936245053,high,senior,senior,3.0
5011966,M,N,Y,1,201800.0,Commercial associate,Higher education,Single / not married,House / apartment,-21090,-14358,1,1,0,0,Medicine staff,2.0,0,57.74,0,39.31,100900.0,0.6808105299618982,medium,senior,senior,2.0
5011967,F,N,Y,1,265500.0,Commercial associate,Incomplete higher,Married,House / apartment,-12787,-3051,1,0,0,0,Laborers,3.0,0,35.01,0,8.35,88500.0,0.23850328477577834,high,adult,mid,2.0
5011968,M,Y,Y,0,378700.0,Working,Secondary / secondary special,Married,House / apartment,-24547,-8305,1,0,0,1,Laborers,2.0,1,67.21,0,22.74,189350.0,0.33834250855527453,high,senior,senior,3.0
5011969,F,Y,Y,0,371400.0,Working,Secondary / secondary special,Civil marriage,House / apartment,-21531,-1187,1,0,0,0,Laborers,2.0,0,58.95,0,3.25,185700.0,0.0551314673452078,high,senior,mid,3.0
5011970,F,Y,Y,3,464900.0,Pensioner,Higher education,Separated,House / apartment,-13961,365243,1,0,0,0,,4.0,0,38.22,1,0.0,116225.0,0.0,high,adult,entry,3.0
5011971,M,N,Y,0,371200.0,Commercial associate,Secondary / secondary special,Separated,House / apartment,-18328,-1855,1,0,0,0,Laborers,1.0,0,50.18,0,5.08,371200.0,0.10123555201275408,high,adult,mid,2.0
5011972,F,N,Y,0,275100.0,Commercial associate,Secondary / secondary special,Single / not married,House / apartment,-15097,-2714,1,0,0,0,,1.0,0,41.33,0,7.43,275100.0,0.17977256230341157,high,adult,mid,2.0
5011973,F,Y,Y,0,196600.0,Commercial associate,Higher education,Married,House / apartment,-9071,-1273,1,0,0,0,Sales staff,2.0,0,24.84,0,3.49,98300.0,0.14049919484702095,medium,youth,mid,3.0
5011974,F,N,Y,0,201100.0,Pensioner,Higher education,Separated,House / apartment,-22025,365243,1,0,0,0,,1.0,0,60.3,1,0.0,201100.0,0.0,medium,senior,entry,2.0
5011975,M,N,Y,2,157400.0,Commercial associate,Secondary / secondary special,Single / not married,Municipal apartment,-10795,-3108,1,0,1,0,Drivers,3.0,1,29.56,0,8.51,52466.666666666664,0.2878890392422192,medium,youth,mid,2.0
5011976,M,N,Y,0,244700.0,Working,Higher education,Separated,House / apartment,-15670,-4384,1,0,0,0,Core staff,1.0,0,42.9,0,12.0,244700.0,0.27972027972027974,medium,adult,senior,2.0
5011977,M,Y,N,0,346000.0,Working,Secondary / secondary special,Married,House / apartment,-20137,-9278,1,0,0,0,Sales staff,2.0,0,55.13,0,25.4,173000.0,0.4607291855614003,high,senior,senior,2.0
5011978,M,N,Y,1,169800.0,State servant,Secondary / secondary special,Separated,House / apartment,-24330,365243,1,0,1,1,,2.0,0,66.61,1,0.0,84900.0,0.0,medium,senior,entry,2.0
5011979,M,Y,N,2,239600.0,Commercial associate,Secondary / secondary special,Married,House / apartment,-8451,-761,1,0,0,0,Sales staff,4.0,0,23.14,0,2.08,59900.0,0.0898876404494382,medium,youth,entry,2.0
5011980,F,Y,N,0,174000.0,State servant,Secondary / secondary special,Married,House / apartment,-14486,-2344,1,0,0,0,Laborers,2.0,0,39.66,0,6.42,87000.0,0.16187594553706505,medium,adult,mid,2.0
5011981,F,N,Y,0,271100.0,Pensioner,Secondary / secondary special,Married,House / apartment,-18530,365243,1,0,0,0,,2.0,0,50.73,1,0.0,135550.0,0.0,high,adult,entry,2.0
5011982,F,Y,Y,0,185500.0,Commercial associate,Higher education,Civil marriage,House / apartment,-21537,-6006,1,1,0,0,Core staff,2.0,0,58.97,0,16.44,92750.0,0.2787858232999831,medium,senior,senior,3.0
5011983,F,Y,Y,0,168700.0,Working,Secondary / secondary special,Married,House / apartment,-24124,-16849,1,0,0,0,Sales staff,2.0,0,66.05,0,46.13,84350.0,0.6984102952308857,medium,senior,senior,3.0
5011984,M,Y,Y,1,173800.0,Working,Secondary / secondary special,Widow,House / apartment,-7314,-476,1,1,1,0,Laborers,2.0,0,20.02,0,1.3,86900.0,0.06493506493506494,medium,youth,entry,3.0
5011985,M,Y,Y,0,314000.0,Commercial associate,Secondary / secondary special,Married,House / apartment,-18770,-9162,1,1,0,0,Accountants,2.0,0,51.39,0,25.08,157000.0,0.48803269118505543,high,adult,senior,3.0
5011986,M,Y,Y,0,232600.0,Working,Secondary / secondary special,Married,House / apartment,-7432,-518,1,1,0,1,Sales staff,2.0,0,20.35,0,1.42,116300.0,0.06977886977886977,medium,youth,entry,3.0
5011987,M,N,Y,0,197100.0,Pensioner,Higher education,Married,House / apartment,-21682,365243,1,0,0,0,,2.0,1,59.36,1,0.0,98550.0,0.0,medium,senior,entry,2.0
5011988,F,Y,Y,0,278200.0,Pensioner,Secondary / secondary special,Married,House / apartment,-10038,365243,1,0,0,0,,2.0,0,27.48,1,0.0,139100.0,0.0,high,youth,entry,3.0
5011989,F,Y,N,0,198400.0,Working,Secondary / secondary special,Married,House / apartment,-23643,-11730,1,0,0,0,Laborers,2.0,1,64.73,0,32.11,99200.0,0.49606055924609915,medium,senior,senior,2.0
5011990,F,Y,Y,0,428800.0,Commercial associate,Secondary / secondary special,Married,House / apartment,-10138,-2962,1,1,0,0,,2.0,0,27.76,0,8.11,214400.0,0.29214697406340057,high,youth,mid,3.0
5011991,F,N,N,1,150000.0,Working,Higher education,Married,House / apartment,-21264,-858,1,0,0,0,,3.0,0,58.22,0,2.35,50000.0,0.040364136035726556,medium,senior,entry,0.0
5011992,F,N,N,0,222300.0,Working,Secondary / secondary special,Married,House / apartment,-12588,-5278,1,0,1,1,Laborers,2.0,0,34.46,0,14.45,111150.0,0.41932675565873473,medium,youth,senior,1.0
5011993,F,Y,N,2,120900.0,Working,Secondary / secondary special,Married,House / apartment,-17482,-8446,1,0,0,0,,4.0,0,47.86,0,23.12,30225.0,0.48307563727538655,medium,adult,senior,1.0
5011994,M,N,N,0,205300.0,Pensioner,Incomplete higher,Civil marriage,House / apartment,-18417,365243,1,1,0,0,,2.0,1,50.42,1,0.0,102650.0,0.0,medium,adult,entry,1.0
5011995,F,Y,Y,0,105400.0,Working,Secondary / secondary special,Married,House / apartment,-11081,-1789,1,0,0,1,Drivers,2.0,0,30.34,0,4.9,52700.0,0.16150296638101516,medium,youth,mid,2.0
5011996,F,Y,Y,0,354600.0,Working,Secondary / secondary special,Married,House / apartment,-12760,-1786,1,0,1,0,Sales staff,2.0,0,34.93,0,4.89,177300.0,0.13999427426281133,high,youth,mid,3.0
5011997,M,Y,Y,0,358200.0,Working,Incomplete higher,Married,House / apartment,-9268,-965,1,0,0,1,Sales staff,2.0,0,25.37,0,2.64,179100.0,0.1040599132834056,high,youth,entry,3.0
5011998,F,Y,Y,0,361300.0,Working,Secondary / secondary special,Civil marriage,House / apartment,-7402,-172,1,0,0,0,,2.0,0,20.27,0,0.47,180650.0,0.02318697582634435,high,youth,entry,3.0
5011999,F,Y,N,0,247700.0,Commercial associate,Higher education,Married,House / apartment,-11678,-3659,1,0,1,0,Sales staff,2.0,0,31.97,0,10.02,123850.0,0.3134188301532687,medium,youth,senior,2.0
5012000,F,N,N,1,157200.0,Working,Secondary / secondary special,Married,House / apartment,-16728,365243,1,1,1,0,,3.0,0,45.8,1,0.0,52400.0,0.0,medium,adult,entry,1.0
5012001,F,Y,Y,1,163600.0,Pensioner,Secondary / secondary special,Married,House / apartment,-20337,365243,1,1,0,1,,3.0,0,55.68,1,0.0,54533.333333333336,0.0,medium,senior,entry,3.0
5012002,M,N,Y,0,524700.0,Working,Secondary / secondary special,Widow,House / apartment,-21797,-6621,1,1,0,0,,1.0,0,59.68,0,18.13,524700.0,0.3037868632707775,high,senior,senior,2.0
5012003,F,Y,Y,0,500500.0,Commercial associate,Lower secondary,Married,House / apartment,-8579,-1924,1,0,1,0,Medicine staff,2.0,0,23.49,0,5.27,250250.0,0.22435078756917837,high,youth,mid,3.0
5012004,F,Y,Y,1,259600.0,Working,Incomplete higher,Married,House / apartment,-12280,-2469,1,0,0,0,Cooking staff,3.0,0,33.62,0,6.76,86533.33333333333,0.20107079119571683,high,youth,mid,3.0
5012005,F,N,Y,0,188600.0,State servant,Secondary / secondary special,Married,With parents,-21371,-5699,1,1,0,0,Managers,2.0,0,58.51,0,15.6,94300.0,0.2666210904118954,medium,senior,senior,2.0
5012006,M,N,Y,3,484000.0,Working,Secondary / secondary special,Widow,House / apartment,-16087,-9216,1,1,0,0,,4.0,0,44.04,0,25.23,121000.0,0.5728882833787466,high,adult,senior,2.0
5012007,F,Y,N,1,172500.0,Pensioner,Secondary / secondary special,Married,House / apartment,-10632,365243,1,1,0,0,,3.0,0,29.11,1,0.0,57500.0,0.0,medium,youth,entry,2.0
5012008,F,N,Y,0,273700.0,Pensioner,Secondary / secondary special,Married,House / apartment,-14468,365243,1,0,0,0,,2.0,0,39.61,1,0.0,136850.0,0.0,high,adult,entry,2.0
5012009,F,Y,N,0,480000.0,Commercial associate,Secondary / secondary special,Married,House / apartment,-12236,-3920,1,0,0,0,,2.0,0,33.5,0,10.73,240000.0,0.32029850746268657,high,youth,senior,2.0
5012010,F,Y,Y,0,160700.0,Pensioner,Higher education,Widow,House / apartment,-8230,365243,1,0,0,0,,1.0,1,22.53,1,0.0,160700.0,0.0,medium,youth,entry,3.0
5012011,F,Y,N,1,369600.0,Working,Higher education,Single / not married,House / apartment,-21251,-9153,1,0,0,0,,2.0,0,58.18,0,25.06,184800.0,0.4307322103815744,high,senior,senior,2.0
5012012,F,Y,Y,0,316700.0,Commercial associate,Higher education,Married,Rented apartment,-12632,-1200,1,0,0,1,Managers,2.0,0,34.58,0,3.29,158350.0,0.09514170040485831,high,youth,mid,3.0
5012013,F,Y,N,1,239400.0,Working,Secondary / secondary special,Married,House / apartment,-24565,-3808,1,0,0,0,Medicine staff,3.0,0,67.26,0,10.43,79800.0,0.1550698780850431,medium,senior,senior,2.0
5012014,M,Y,Y,0,148600.0,Pensioner,Higher education,Married,House / apartment,-23524,365243,1,0,1,0,,2.0,1,64.41,1,0.0,74300.0,0.0,medium,senior,entry,2.0
5012015,F,N,Y,0,169900.0,State servant,Higher education,Married,House / apartment,-20386,-12946,1,0,0,0,Managers,2.0,0,55.81,0,35.44,84950.0,0.6350116466583049,medium,senior,senior,2.0
5012016,M,Y,Y,0,282100.0,Pensioner,Secondary / secondary special,Married,House / apartment,-13270,365243,1,0,0,0,,2.0,0,36.33,1,0.0,141050.0,0.0,high,adult,entry,3.0
5012017,F,N,N,0,119800.0,Working,Secondary / secondary special,Civil marriage,House / apartment,-12417,-1884,1,1,0,0,,2.0,0,34.0,0,5.16,59900.0,0.15176470588235294,medium,youth,mid,0.0
5012018,M,Y,Y,0,260600.0,Working,Secondary / secondary special,Married,House / apartment,-15985,-3674,1,0,0,1,Managers,2.0,0,43.76,0,10.06,130300.0,0.22989031078610606,high,adult,senior,3.0
5012019,M,N,Y,0,320000.0,Working,Secondary / secondary special,Married,House / apartment,-13781,-2688,1,1,0,0,Laborers,2.0,0,37.73,0,7.36,160000.0,0.19507023588656244,high,adult,mid,2.0
5012020,M,N,Y,0,399500.0,Working,Higher education,Separated,House / apartment,-23762,-11386,1,1,0,0,Core staff,1.0,0,65.06,0,31.17,399500.0,0.47909621887488474,high,senior,senior,2.0
5012021,M,Y,Y,0,121300.0,Working,Secondary / secondary special,Married,House / apartment,-9560,-2083,1,1,1,0,Laborers,2.0,0,26.17,0,5.7,60650.0,0.21780664883454337,medium,youth,mid,2.0
5012022,F,Y,N,0,471500.0,Working,Higher education,Single / not married,Co-op apartment,-20536,-367,1,0,0,0,,1.0,0,56.22,0,1.0,471500.0,0.017787264318747775,high,senior,entry,2.0
5012023,F,N,Y,1,569900.0,State servant,Secondary / secondary special,Married,House / apartment,-18462,-7178,1,0,0,0,Laborers,3.0,0,50.55,0,19.65,189966.66666666666,0.3887240356083086,high,adult,senior,2.0
5012024,F,N,Y,0,299700.0,Commercial associate,Higher education,Separated,House / apartment,-22030,-5962,1,0,1,0,,1.0,0,60.31,0,16.32,299700.0,0.27060189023379205,high,senior,senior,2.0
5012025,M,Y,N,0,145300.0,Commercial associate,Higher education,Civil marriage,House / apartment,-17212,-5743,1,0,1,0,Laborers,2.0,0,47.12,0,15.72,72650.0,0.33361629881154503,medium,adult,senior,1.0
5012026,M,Y,N,1,207200.0,Working,Secondary / secondary special,Single / not married,House / apartment,-18802,-8795,1,0,1,0,Managers,2.0,0,51.48,0,24.08,103600.0,0.4677544677544678,medium,adult,senior,2.0
5012027,M,N,N,1,238400.0,Commercial associate,Higher education,Married,House / apartment,-24887,-14870,1,0,0,0,,3.0,0,68.14,0,40.71,79466.66666666667,0.5974464338127385,medium,senior,senior,1.0
5012028,M,Y,Y,0,279500.0,State servant,Secondary / secondary special,Married,House / apartment,-8984,-641,1,0,1,1,Laborers,2.0,0,24.6,0,1.75,139750.0,0.07113821138211382,high,youth,entry,3.0
5012029,F,N,Y,0,246800.0,Commercial associate,Secondary / secondary special,Separated,House / apartment,-9220,-1414,1,0,0,0,Laborers,1.0,0,25.24,0,3.87,246800.0,0.15332805071315375,medium,youth,mid,2.0
5012030,M,Y,Y,1,281000.0,Working,Secondary / secondary special,Married,Office apartment,-14493,-5342,1,0,0,0,,3.0,0,39.68,0,14.63,93666.66666666667,0.36869959677419356,high,adult,senior,3.0
5012031,F,Y,N,1,233300.0,Working,Secondary / secondary special,Single / not married,House / apartment,-15938,-4254,1,0,0,0,Laborers,2.0,0,43.64,0,11.65,116650.0,0.2669569202566453,medium,adult,senior,2.0
5012032,M,N,Y,1,278700.0,State servant,Higher education,Married,House / apartment,-10955,-2116,1,0,1,0,Laborers,3.0,0,29.99,0,5.79,92900.0,0.1930643547849283,high,youth,mid,2.0
5012033,M,N,Y,0,193900.0,Working,Secondary / secondary special,Married,House / apartment,-8815,-1972,1,1,0,0,Accountants,2.0,0,24.13,0,5.4,96950.0,0.22378781599668465,medium,youth,mid,2.0
5012034,F,Y,Y,0,206200.0,Commercial associate,Secondary / secondary special,Married,House / apartment,-7710,-683,1,0,0,0,Sales staff,2.0,0,21.11,0,1.87,103100.0,0.08858360966366652,medium,youth,entry,3.0
5012035,F,N,Y,0,183000.0,Working,Higher education,Married,House / apartment,-21268,-6103,1,0,0,0,Sales staff,2.0,0,58.23,0,16.71,91500.0,0.28696548171045855,medium,senior,senior,2.0
5012036,M,N,N,1,636700.0,Working,Secondary / secondary special,Widow,House / apartment,-16163,-1535,1,0,1,0,Sales staff,2.0,0,44.25,0,4.2,318350.0,0.09491525423728814,high,adult,mid,1.0
5012037,M,N,Y,0,507600.0,Pensioner,Secondary / secondary special,Civil marriage,House / apartment,-22708,365243,1,0,0,0,,2.0,0,62.17,1,0.0,253800.0,0.0,high,senior,entry,2.0
5012038,F,Y,Y,0,322300.0,Working,Secondary / secondary special,Married,House / apartment,-13895,-2789,1,0,0,0,Managers,2.0,0,38.04,0,7.64,161150.0,0.20084121976866456,high,adult,mid,3.0
5012039,M,N,N,1,473600.0,Working,Secondary / secondary special,Single / not married,House / apartment,-20152,-4072,1,0,0,0,Managers,2.0,0,55.17,0,11.15,236800.0,0.2021025919883995,high,senior,senior,1.0
5012040,M,N,Y,0,363900.0,Working,Secondary / secondary special,Married,House / apartment,-16227,-1016,1,1,1,0,Drivers,2.0,0,44.43,0,2.78,181950.0,0.06257033535899167,high,adult,entry,2.0
5012041,F,N,Y,0,267300.0,State servant,Secondary / secondary special,Single / not married,House / apartment,-18483,-9617,1,0,0,0,Drivers,1.0,0,50.6,0,26.33,267300.0,0.5203557312252964,high,adult,senior,2.0
5012042,F,N,N,0,115000.0,Working,Secondary / secondary special,Civil marriage,House / apartment,-14066,-5215,1,1,0,0,Medicine staff,2.0,1,38.51,0,14.28,57500.0,0.370812775902363,medium,adult,senior,0.0
5012043,F,Y,N,0,214100.0,Pensioner,Secondary / secondary special,Married,House / apartment,-8787,365243,1,1,0,0,,2.0,1,24.06,1,0.0,107050.0,0.0,medium,youth,entry,2.0
5012044,F,N,Y,0,206500.0,Working,Secondary / secondary special,Married,House / apartment,-24606,-10080,1,0,0,0,Laborers,2.0,0,67.37,0,27.6,103250.0,0.40967789817426153,medium,senior,senior,2.0
5012045,F,N,Y,0,138500.0,Pensioner,Secondary / secondary special,Married,House / apartment,-22574,365243,1,0,0,0,,2.0,1,61.8,1,0.0,69250.0,0.0,medium,senior,entry,1.0
5012046,F,Y,Y,0,116100.0,State servant,Secondary / secondary special,Widow,With parents,-13001,-1612,1,0,1,0,,1.0,0,35.59,0,4.41,116100.0,0.12391121101432986,medium,adult,mid,2.0
5012047,F,N,N,0,312300.0,Working,Higher education,Married,House / apartment,-24813,-17243,1,1,0,0,High skill tech staff,2.0,0,67.93,0,47.21,156150.0,0.6949801266009127,high,senior,senior,1.0
5012048,F,Y,N,0,287100.0,Working,Higher education,Civil marriage,House / apartment,-12793,-4512,1,0,0,0,,2.0,0,35.03,0,12.35,143550.0,0.35255495289751637,high,adult,senior,2.0
5012049,M,N,Y,0,136200.0,Working,Higher education,Civil marriage,House / apartment,-15395,-8815,1,0,1,0,,2.0,0,42.15,0,24.13,68100.0,0.5724792408066429,medium,adult,senior,1.0
5012050,F,Y,Y,0,168100.0,Commercial associate,Secondary / secondary special,Married,House / apartment,-21096,-9114,1,0,1,0,,2.0,0,57.76,0,24.95,84050.0,0.43195983379501385,medium,senior,senior,3.0
5012051,F,N,Y,0,436300.0,Working,Higher education,Civil marriage,House / apartment,-12948,-2311,1,0,1,0,,2.0,0,35.45,0,6.33,218150.0,0.1785613540197461,high,adult,mid,2.0
5012052,F,N,Y,0,157400.0,Working,Higher education,Married,Municipal apartment,-13231,-5683,1,0,0,0,Laborers,2.0,0,36.22,0,15.56,78700.0,0.42959690778575377,medium,adult,senior,2.0
5012053,F,N,Y,0,265900.0,Working,Secondary / secondary special,Married,House / apartment,-14794,-4400,1,0,0,0,Laborers,2.0,0,40.5,0,12.05,132950.0,0.2975308641975309,high,adult,senior,2.0
5012054,F,N,N,0,222000.0,Working,Secondary / secondary special,Single / not married,House / apartment,-15859,-7768,1,0,1,0,Laborers,1.0,0,43.42,0,21.27,222000.0,0.4898664210041455,medium,adult,senior,1.0
5012055,M,N,Y,0,314500.0,Working,Secondary / secondary special,Married,House / apartment,-9563,-425,1,0,1,1,,2.0,0,26.18,0,1.16,157250.0,0.04430863254392666,high,youth,entry,2.0
5012056,F,Y,Y,0,159100.0,Pensioner,Secondary / secondary special,Married,House / apartment,-7624,365243,1,0,0,0,,2.0,0,20.87,1,0.0,79550.0,0.0,medium,youth,entry,3.0
5012057,M,N,Y,0,255400.0,Pensioner,Secondary / secondary special,Married,House / apartment,-24091,365243,1,0,1,0,,2.0,0,65.96,1,0.0,127700.0,0.0,high,senior,entry,2.0
5012058,M,N,Y,1,265600.0,Working,Secondary / secondary special,Married,House / apartment,-13755,-902,1,0,0,0,Sales staff,3.0,0,37.66,0,2.47,88533.33333333333,0.06558682952734998,high,adult,entry,2.0
5012059,M,N,Y,0,273900.0,Commercial associate,Secondary / secondary special,Separated,House / apartment,-9162,-1063,1,1,1,0,Laborers,1.0,0,25.08,0,2.91,273900.0,0.1160287081339713,high,youth,entry,2.0
5012060,F,Y,Y,0,254000.0,Commercial associate,Higher education,Separated,House / apartment,-21169,-10786,1,0,1,0,High skill tech staff,1.0,0,57.96,0,29.53,254000.0,0.5094893029675639,high,senior,senior,3.0
5012061,M,N,Y,0,290000.0,Commercial associate,Secondary / secondary special,Married,House / apartment,-12694,-3604,1,0,0,0,,2.0,0,34.75,0,9.87,145000.0,0.2840287769784172,high,youth,mid,2.0
5012062,F,N,Y,1,730400.0,Working,Secondary / secondary special,Married,House / apartment,-10623,-2462,1,0,1,0,Core staff,3.0,0,29.08,0,6.74,243466.66666666666,0.2317744154057772,high,youth,mid,2.0
5012063,F,N,Y,0,878600.0,Working,Secondary / secondary special,Single / not married,House / apartment,-24885,-7950,1,1,0,0,Laborers,1.0,0,68.13,0,21.77,878600.0,0.31953618083076474,high,senior,senior,2.0
5012064,M,Y,N,0,177300.0,Commercial associate,Secondary / secondary special,Married,House / apartment,-24116,-3529,1,0,0,0,Accountants,2.0,0,66.03,0,9.66,88650.0,0.14629713766469787,medium,senior,mid,2.0
5012065,F,Y,Y,0,76600.0,Commercial associate,Secondary / secondary special,Married,House / apartment,-9236,-2269,1,0,0,0,,2.0,0,25.29,0,6.21,38300.0,0.24555160142348756,low,youth,mid,2.0
5012066,F,N,Y,0,328800.0,Working,Higher education,Single / not married,House / apartment,-23728,-16674,1,1,1,1,Managers,1.0,0,64.96,0,45.65,328800.0,0.7027401477832512,high,senior,senior,2.0
5012067,M,Y,N,2,268000.0,Working,Secondary / secondary special,Single / not married,House / apartment,-23574,-10289,1,1,0,0,Managers,3.0,0,64.54,0,28.17,89333.33333333333,0.4364735048032228,high,senior,senior,2.0
5012068,F,N,Y,0,415000.0,Working,Secondary / secondary special,Married,With parents,-18890,-5739,1,0,1,1,Cooking staff,2.0,0,51.72,0,15.71,207500.0,0.3037509667440062,high,adult,senior,2.0
5012069,M,Y,N,1,281500.0,Commercial associate,Secondary / secondary special,Civil marriage,House / apartment,-16979,-681,1,0,0,0,,3.0,0,46.49,0,1.86,93833.33333333333,0.0400086040008604,high,adult,entry,2.0
5012070,F,N,Y,0,251400.0,Working,Higher education,Married,House / apartment,-11276,-875,1,1,0,0,,2.0,0,30.87,0,2.4,125700.0,0.07774538386783285,high,youth,entry,2.0
5012071,F,Y,N,0,429300.0,Commercial associate,Higher education,Married,House / apartment,-9522,-2245,1,0,0,1,Managers,2.0,0,26.07,0,6.15,214650.0,0.23590333716915995,high,youth,mid,2.0
5012072,F,N,N,0,460400.0,Working,Secondary / secondary special,Married,House / apartment,-18379,-560,1,0,1,0,High skill tech staff,2.0,0,50.32,0,1.53,230200.0,0.030405405405405407,high,adult,entry,1.0
5012073,F,N,N,0,122000.0,Pensioner,Secondary / secondary special,Married,House / apartment,-22316,365243,1,1,0,0,,2.0,0,61.1,1,0.0,61000.0,0.0,medium,senior,entry,0.0
5012074,M,Y,Y,0,162300.0,Working,Secondary / secondary special,Married,House / apartment,-19881,-8264,1,0,1,0,Core staff,2.0,0,54.43,0,22.63,81150.0,0.4157633657909241,medium,adult,senior,3.0
5012075,M,Y,Y,0,231600.0,Commercial associate,Higher education,Civil marriage,House / apartment,-10607,-2652,1,0,1,0,Core staff,2.0,0,29.04,0,7.26,115800.0,0.25,medium,youth,mid,3.0
5012076,F,Y,Y,0,256400.0,Commercial associate,Secondary / secondary special,Separated,With parents,-12601,-4568,1,0,1,0,,1.0,0,34.5,0,12.51,256400.0,0.3626086956521739,high,youth,senior,3.0
5012077,F,N,Y,1,218000.0,Working,Secondary / secondary special,Married,House / apartment,-17284,-2809,1,1,0,0,Medicine staff,3.0,0,47.32,0,7.69,72666.66666666667,0.1625105663567202,medium,adult,mid,2.0
5012078,F,N,N,0,303300.0,Working,Secondary / secondary special,Separated,House / apartment,-18719,-11488,1,0,0,0,,1.0,0,51.25,0,31.45,303300.0,0.6136585365853658,high,adult,senior,1.0
5012079,F,N,Y,0,401700.0,Pensioner,Secondary / secondary special,Married,House / apartment,-8625,365243,1,1,1,0,,2.0,0,23.61,1,0.0,200850.0,0.0,high,youth,entry,2.0
5012080,F,N,Y,0,577700.0,Working,Secondary / secondary special,Married,House / apartment,-18519,-323,1,0,0,0,Laborers,2.0,0,50.7,0,0.88,288850.0,0.01735700197238659,high,adult,entry,2.0
5012081,F,N,Y,0,326100.0,Pensioner,Secondary / secondary special,Married,House / apartment,-20752,365243,1,0,1,0,,2.0,0,56.82,1,0.0,163050.0,0.0,high,senior,entry,2.0
5012082,M,Y,Y,0,159400.0,Pensioner,Secondary / secondary special,Married,Co-op apartment,-10617,365243,1,0,0,0,,2.0,1,29.07,1,0.0,79700.0,0.0,medium,youth,entry,3.0
5012083,F,Y,N,1,226800.0,Commercial associate,Secondary / secondary special,Married,House / apartment,-11802,-892,1,0,0,0,Sales staff,3.0,0,32.31,0,2.44,75600.0,0.07551841535128442,medium,youth,entry,2.0
5012084,F,Y,N,2,235100.0,Pensioner,Lower secondary,Separated,House / apartment,-12033,365243,1,0,1,0,,3.0,0,32.94,1,0.0,78366.66666666667,0.0,medium,youth,entry,2.0
5012085,M,N,Y,0,315800.0,Commercial associate,Higher education,Married,House / apartment,-24468,-14432,1,0,1,0,Laborers,2.0,0,66.99,0,39.51,157900.0,0.5897895208240036,high,senior,senior,2.0
5012086,F,N,Y,0,296400.0,Working,Secondary / secondary special,Married,House / apartment,-14738,-3297,1,0,0,0,,2.0,0,40.35,0,9.03,148200.0,0.22379182156133826,high,adult,mid,2.0
5012087,F,Y,Y,0,680600.0,State servant,Higher education,Single / not married,House / apartment,-16995,-3179,1,0,0,0,,1.0,0,46.53,0,8.7,680600.0,0.1869761444229529,high,adult,mid,3.0
5012088,F,N,Y,1,193800.0,Working,Secondary / secondary special,Married,House / apartment,-20533,-11516,1,0,1,0,Drivers,3.0,0,56.22,0,31.53,64600.0,0.5608324439701174,medium,senior,senior,2.0
5012089,M,N,N,0,295900.0,Working,Secondary / secondary special,Married,House / apartment,-14089,-2125,1,0,0,0,,2.0,0,38.57,0,5.82,147950.0,0.15089447757324345,high,adult,mid,1.0
5012090,F,N,N,0,792400.0,Working,Secondary / secondary special,Married,With parents,-9233,-97,1,0,0,0,Accountants,2.0,0,25.28,0,0.27,396200.0,0.010680379746835443,high,youth,entry,1.0
5012091,F,Y,Y,2,182200.0,Commercial associate,Secondary / secondary special,Married,Rented apartment,-19255,-6524,1,0,0,0,,4.0,0,52.72,0,17.86,45550.0,0.33877086494688924,medium,adult,senior,3.0
5012092,F,Y,Y,1,262500.0,Working,Incomplete higher,Single / not married,House / apartment,-19491,-1445,1,0,0,0,Core staff,2.0,0,53.36,0,3.96,131250.0,0.07421289355322339,high,adult,mid,3.0
5012093,M,N,Y,0,152200.0,Pensioner,Higher education,Married,House / apartment,-12063,365243,1,0,0,0,,2.0,0,33.03,1,0.0,76100.0,0.0,medium,youth,entry,2.0
5012094,M,N,Y,2,254400.0,Working,Secondary / secondary special,Married,House / apartment,-7948,-840,1,0,0,1,Sales staff,4.0,0,21.76,0,2.3,63600.0,0.10569852941176469,high,youth,entry,2.0
5012095,F,N,Y,0,165300.0,Pensioner,Higher education,Married,Office apartment,-19456,365243,1,0,1,0,,2.0,0,53.27,1,0.0,82650.0,0.0,medium,adult,entry,2.0
5012096,F,Y,Y,0,412000.0,Working,Higher education,Married,House / apartment,-20151,-217,1,0,1,1,Core staff,2.0,0,55.17,0,0.59,206000.0,0.0106942178720319,high,senior,entry,3.0
5012097,F,Y,Y,0,262800.0,Working,Secondary / secondary special,Married,House / apartment,-7781,-370,1,0,0,1,,2.0,0,21.3,0,1.01,131400.0,0.047417840375586856,high,youth,entry,3.0
5012098,F,N,Y,1,152900.0,Working,Higher education,Married,House / apartment,-19964,-12450,1,1,0,0,Private service staff,3.0,0,54.66,0,34.09,50966.666666666664,0.6236736187339921,medium,adult,senior,2.0
5012099,M,N,Y,0,371700.0,Working,Secondary / secondary special,Married,House / apartment,-24452,-17826,1,1,1,1,Sales staff,2.0,0,66.95,0,48.8,185850.0,0.7289021657953696,high,senior,senior,2.0
5012100,F,N,N,0,267100.0,Working,Higher education,Married,House / apartment,-10570,-353,1,0,0,0,,2.0,0,28.94,0,0.97,133550.0,0.033517622667588114,high,youth,entry,1.0
5012101,M,N,N,2,393100.0,State servant,Secondary / secondary special,Married,House / apartment,-16826,-7674,1,0,1,0,Managers,4.0,0,46.07,0,21.01,98275.0,0.45604514868678103,high,adult,senior,1.0
5012102,F,Y,Y,0,137500.0,Working,Secondary / secondary special,Separated,House / apartment,-20030,-3849,1,1,0,0,Medicine staff,1.0,0,54.84,0,10.54,137500.0,0.1921954777534646,medium,adult,senior,2.0
5012103,F,N,Y,1,293600.0,Commercial associate,Higher education,Separated,House / apartment,-11507,-4716,1,1,0,0,High skill tech staff,2.0,0,31.5,0,12.91,146800.0,0.40984126984126984,high,youth,senior,2.0
5012104,F,N,Y,0,359400.0,Working,Secondary / secondary special,Married,House / apartment,-21030,-9171,1,0,0,0,Laborers,2.0,0,57.58,0,25.11,179700.0,0.43608891976380687,high,senior,senior,2.0
5012105,F,Y,Y,0,197600.0,Working,Secondary / secondary special,Married,House / apartment,-23158,-13636,1,1,0,0,,2.0,1,63.4,0,37.33,98800.0,0.588801261829653,medium,senior,senior,3.0
5012106,F,N,Y,0,130100.0,Working,Secondary / secondary special,Married,House / apartment,-22181,-15503,1,0,0,0,Drivers,2.0,0,60.73,0,42.44,65050.0,0.6988308908282562,medium,senior,senior,1.0
5012107,M,Y,N,1,239100.0,Working,Higher education,Married,House / apartment,-12033,-3617,1,0,0,0,Laborers,3.0,0,32.94,0,9.9,79700.0,0.30054644808743175,medium,youth,mid,2.0
5012108,M,Y,Y,0,451100.0,Pensioner,Secondary / secondary special,Married,House / apartment,-21992,365243,1,0,0,0,,2.0,0,60.21,1,0.0,225550.0,0.0,high,senior,entry,3.0
5012109,F,Y,Y,0,428700.0,Commercial associate,Higher education,Married,House / apartment,-14854,-4951,1,0,1,0,Core staff,2.0,0,40.67,0,13.56,214350.0,0.3334152938283747,high,adult,senior,3.0
5012110,F,Y,Y,0,197100.0,Working,Higher education,Single / not married,House / apartment,-12171,-1710,1,0,0,1,,1.0,0,33.32,0,4.68,197100.0,0.1404561824729892,medium,youth,mid,3.0
5012111,M,Y,N,1,128500.0,Commercial associate,Secondary / secondary special,Married,House / apartment,-10373,-1243,1,0,0,0,,3.0,1,28.4,0,3.4,42833.333333333336,0.11971830985915494,medium,youth,mid,1.0
5012112,F,N,N,0,196800.0,Working,Secondary / secondary special,Separated,House / apartment,-23905,-13762,1,1,0,0,Laborers,1.0,0,65.45,0,37.68,196800.0,0.5757066462948816,medium,senior,senior,1.0
5012113,F,N,Y,0,193200.0,Commercial associate,Secondary / secondary special,Married,House / apartment,-15101,-102,1,1,0,1,Managers,2.0,0,41.34,0,0.28,96600.0,0.006773101112723754,medium,adult,entry,2.0
5012114,F,N,Y,0,305200.0,Pensioner,Secondary / secondary special,Married,House / apartment,-23115,365243,1,0,1,0,,2.0,0,63.29,1,0.0,152600.0,0.0,high,senior,entry,2.0
5012115,F,Y,Y,1,231600.0,Pensioner,Secondary / secondary special,Separated,House / apartment,-10219,365243,1,0,0,0,,2.0,1,27.98,1,0.0,115800.0,0.0,medium,youth,entry,3.0
5012116,F,Y,Y,0,167500.0,Working,Secondary / secondary special,Married,With parents,-21312,-8533,1,0,1,0,Sales staff,2.0,1,58.35,0,23.36,83750.0,0.4003427592116538,medium,senior,senior,3.0
5012117,M,N,Y,0,424000.0,Working,Secondary / secondary special,Separated,House / apartment,-9314,-2646,1,0,0,0,IT staff,1.0,0,25.5,0,7.24,424000.0,0.283921568627451,high,youth,mid,2.0
5012118,M,Y,Y,2,261900.0,Working,Secondary / secondary special,Married,House / apartment,-7626,-685,1,1,0,0,Core staff,4.0,1,20.88,0,1.88,65475.0,0.09003831417624521,high,youth,entry,3.0
5012119,F,Y,Y,1,303500.0,State servant,Higher education,Widow,House / apartment,-25477,-6371,1,0,1,0,Core staff,2.0,0,69.75,0,17.44,151750.0,0.25003584229390685,high,senior,senior,3.0
5012120,F,N,Y,0,103100.0,Pensioner,Secondary / secondary special,Widow,House / apartment,-8648,365243,1,0,1,0,,1.0,0,23.68,1,0.0,103100.0,0.0,medium,youth,entry,1.0
5012121,M,N,Y,4,72600.0,Working,Higher education,Married,Municipal apartment,-15734,-5278,1,1,0,0,Core staff,6.0,1,43.08,0,14.45,12100.0,0.33542246982358404,low,adult,senior,1.0
5012122,F,N,N,0,119000.0,Pensioner,Secondary / secondary special,Civil marriage,House / apartment,-23347,365243,1,0,0,0,,2.0,0,63.92,1,0.0,59500.0,0.0,medium,senior,entry,0.0
5012123,F,N,Y,0,192000.0,Pensioner,Secondary / secondary special,Married,House / apartment,-22269,365243,1,0,0,0,,2.0,0,60.97,1,0.0,96000.0,0.0,medium,senior,entry,2.0
5012124,F,Y,Y,0,325700.0,Working,Secondary / secondary special,Married,House / apartment,-15910,-1227,1,1,0,1,Cleaning staff,2.0,0,43.56,0,3.36,162850.0,0.0771349862258953,high,adult,mid,3.0
5012125,M,N,Y,0,75700.0,Pensioner,Secondary / secondary special,Married,House / apartment,-18461,365243,1,1,0,0,,2.0,1,50.54,1,0.0,37850.0,0.0,low,adult,entry,1.0
5012126,F,Y,Y,1,541400.0,Working,Higher education,Married,House / apartment,-18805,-7034,1,0,1,0,,3.0,0,51.49,0,19.26,180466.66666666666,0.3740532142163527,high,adult,senior,3.0
5012127,F,N,Y,0,265900.0,Working,Secondary / secondary special,Married,House / apartment,-9311,-2276,1,0,1,0,Sales staff,2.0,0,25.49,0,6.23,132950.0,0.24440957238132605,high,youth,mid,2.0
5012128,F,Y,Y,0,482000.0,Working,Secondary / secondary special,Married,House / apartment,-12508,365243,1,0,0,0,,2.0,0,34.25,1,0.0,241000.0,0.0,high,youth,entry,3.0
5012129,F,N,Y,0,156800.0,Working,Secondary / secondary special,Single / not married,House / apartment,-12802,-1126,1,0,0,0,Sales staff,1.0,0,35.05,0,3.08,156800.0,0.08787446504992869,medium,adult,mid,2.0
5012130,F,Y,Y,0,314100.0,Pensioner,Secondary / secondary special,Married,House / apartment,-14211,365243,1,0,0,0,,2.0,0,38.91,1,0.0,157050.0,0.0,high,adult,entry,3.0
5012131,F,N,Y,0,254800.0,Working,Secondary / secondary special,Widow,With parents,-12307,-5190,1,0,1,0,,1.0,0,33.69,0,14.21,254800.0,0.4217868803799347,high,youth,senior,2.0
5012132,M,N,Y,0,367400.0,Working,Secondary / secondary special,Married,House / apartment,-11898,365243,1,0,0,0,,2.0,0,32.57,1,0.0,183700.0,0.0,high,youth,entry,2.0
5012133,F,N,N,0,217200.0,Working,Secondary / secondary special,Married,House / apartment,-13784,-6379,1,0,1,0,Managers,2.0,0,37.74,0,17.46,108600.0,0.4626391096979332,medium,adult,senior,1.0
5012134,F,N,Y,1,309300.0,Commercial associate,Secondary / secondary special,Single / not married,With parents,-14231,-5032,1,0,0,0,Accountants,2.0,0,38.96,0,13.78,154650.0,0.3536960985626283,high,adult,senior,2.0
5012135,F,N,Y,0,423600.0,Commercial associate,Secondary / secondary special,Civil marriage,House / apartment,-16203,-3120,1,0,0,0,Core staff,2.0,0,44.36,0,8.54,211800.0,0.19251577998196573,high,adult,mid,2.0
5012136,M,N,Y,0,176300.0,Commercial associate,Higher education,Single / not married,House / apartment,-10474,-192,1,0,0,0,Drivers,1.0,0,28.68,0,0.53,176300.0,0.018479776847977684,medium,youth,entry,2.0
5012137,M,N,N,0,275600.0,Working,Secondary / secondary special,Married,House / apartment,-21702,-6896,1,0,0,0,Laborers,2.0,0,59.42,0,18.88,137800.0,0.31773813530797707,high,senior,senior,1.0
5012138,F,N,Y,0,95000.0,Commercial associate,Secondary / secondary special,Married,House / apartment,-23023,-1864,1,1,0,0,High skill tech staff,2.0,0,63.03,0,5.1,47500.0,0.08091385054735839,low,senior,mid,1.0
5012139,F,N,N,2,346900.0,Pensioner,Secondary / secondary special,Married,House / apartment,-11837,365243,1,0,0,1,,4.0,0,32.41,1,0.0,86725.0,0.0,high,youth,entry,1.0
5012140,F,N,N,1,648700.0,Working,Secondary / secondary special,Married,House / apartment,-9557,-607,1,0,1,0,Medicine staff,3.0,0,26.17,0,1.66,216233.33333333334,0.0634314100114635,high,youth,entry,1.0
5012141,F,N,Y,0,131000.0,Commercial associate,Secondary / secondary special,Married,House / apartment,-20496,-13455,1,0,1,0,,2.0,0,56.11,0,36.84,65500.0,0.6565674567813224,medium,senior,senior,1.0
5012142,F,N,Y,0,233200.0,Pensioner,Secondary / secondary special,Married,House / apartment,-24184,365243,1,0,0,0,,2.0,0,66.21,1,0.0,116600.0,0.0,medium,senior,entry,2.0
5012143,F,N,Y,0,379200.0,Commercial associate,Secondary / secondary special,Married,House / apartment,-7947,365243,1,0,0,0,,2.0,0,21.76,1,0.0,189600.0,0.0,high,youth,entry,2.0
5012144,F,N,N,0,248000.0,Commercial associate,Secondary / secondary special,Single / not married,Office apartment,-7569,-884,1,1,1,0,,1.0,0,20.72,0,2.42,248000.0,0.1167953667953668,medium,youth,entry,1.0
5012145,F,N,Y,0,265100.0,Commercial associate,Higher education,Single / not married,House / apartment,-10655,-3850,1,0,1,0,,1.0,0,29.17,0,10.54,265100.0,0.3613301336990058,high,youth,senior,2.0
5012146,F,Y,Y,1,200800.0,Working,Higher education,Married,House / apartment,-19811,-7130,1,1,0,1,Laborers,3.0,0,54.24,0,19.52,66933.33333333333,0.359882005899705,medium,adult,senior,3.0
5012147,M,N,Y,1,197100.0,Commercial associate,Secondary / secondary special,Married,Municipal apartment,-24924,-4476,1,0,0,0,Managers,3.0,0,68.24,0,12.25,65700.0,0.17951348182883942,medium,senior,senior,2.0
5012148,F,N,Y,0,233800.0,Pensioner,Secondary / secondary special,Married,House / apartment,-21009,365243,1,0,0,0,,2.0,0,57.52,1,0.0,116900.0,0.0,medium,senior,entry,2.0
5012149,F,N,Y,1,249300.0,Working,Secondary / secondary special,Married,Office apartment,-17770,-9068,1,0,0,0,Drivers,3.0,0,48.65,0,24.83,83100.0,0.5103802672147996,medium,adult,senior,2.0
5012150,M,N,Y,1,135200.0,Pensioner,Higher education,Single / not married,House / apartment,-20099,365243,1,1,1,0,,2.0,0,55.03,1,0.0,67600.0,0.0,medium,senior,entry,1.0
5012151,M,Y,Y,1,236200.0,Commercial associate,Incomplete higher,Single / not married,House / apartment,-11518,-3257,1,0,1,0,Laborers,2.0,0,31.53,0,8.92,118100.0,0.28290516967967017,medium,youth,mid,3.0
5012152,M,N,Y,2,534800.0,Working,Secondary / secondary special,Single / not married,House / apartment,-19880,-12524,1,0,1,0,Core staff,3.0,0,54.43,0,34.29,178266.66666666666,0.6299834650009186,high,adult,senior,2.0
5012153,M,N,Y,0,198000.0,Commercial associate,Secondary / secondary special,Married,With parents,-13175,-2313,1,1,0,0,,2.0,0,36.07,0,6.33,99000.0,0.1754920986969781,medium,adult,mid,2.0
5012154,M,N,N,0,131500.0,Working,Higher education,Separated,House / apartment,-11367,-296,1,0,0,1,,1.0,0,31.12,0,0.81,131500.0,0.02602827763496144,medium,youth,entry,0.0
5012155,F,Y,Y,1,226300.0,Pensioner,Higher education,Married,House / apartment,-11625,365243,1,0,0,0,,3.0,0,31.83,1,0.0,75433.33333333333,0.0,medium,youth,entry,3.0
5012156,F,N,N,1,170800.0,Working,Secondary / secondary special,Civil marriage,House / apartment,-19500,-1883,1,0,0,0,,3.0,0,53.39,0,5.16,56933.333333333336,0.09664731223075483,medium,adult,mid,1.0
5012157,F,N,Y,2,125000.0,Pensioner,Secondary / secondary special,Married,With parents,-21316,365243,1,1,0,0,,4.0,0,58.36,1,0.0,31250.0,0.0,medium,senior,entry,1.0
5012158,M,Y,Y,0,261700.0,Working,Secondary / secondary special,Married,House / apartment,-17930,-4061,1,0,0,0,Medicine staff,2.0,0,49.09,0,11.12,130850.0,0.22652271338358115,high,adult,senior,3.0
5012159,M,Y,N,0,171200.0,Commercial associate,Secondary / secondary special,Married,House / apartment,-8471,-341,1,0,0,0,Sales staff,2.0,0,23.19,0,0.93,85600.0,0.040103492884864166,medium,youth,entry,2.0
5012160,F,Y,Y,0,178600.0,State servant,Secondary / secondary special,Married,House / apartment,-7999,-1250,1,0,0,0,,2.0,0,21.9,0,3.42,89300.0,0.15616438356164383,medium,youth,mid,3.0
5012161,F,N,N,0,263600.0,Working,Secondary / secondary special,Married,House / apartment,-11271,-4037,1,0,0,0,Cooking staff,2.0,0,30.86,0,11.05,131800.0,0.35806869734283864,high,youth,senior,1.0
5012162,F,Y,N,0,113400.0,Commercial associate,Higher education,Separated,House / apartment,-12537,-5631,1,1,1,0,Core staff,1.0,0,34.32,0,15.42,113400.0,0.44930069930069927,medium,youth,senior,1.0
5012163,F,Y,Y,0,102200.0,Working,Higher education,Married,House / apartment,-14698,-7311,1,0,0,0,Core staff,2.0,0,40.24,0,20.02,51100.0,0.49751491053677926,medium,adult,senior,2.0
5012164,F,N,Y,0,341400.0,Pensioner,Higher education,Married,House / apartment,-8693,365243,1,0,1,0,,2.0,0,23.8,1,0.0,170700.0,0.0,high,youth,entry,2.0
5012165,M,Y,Y,0,93000.0,Commercial associate,Secondary / secondary special,Civil marriage,House / apartment,-20548,-2323,1,0,1,0,Laborers,2.0,1,56.26,0,6.36,46500.0,0.11304656949875579,low,senior,mid,2.0
5012166,F,Y,Y,0,149800.0,State servant,Secondary / secondary special,Married,House / apartment,-20299,-4488,1,0,0,0,,2.0,0,55.58,0,12.29,74900.0,0.22112270600935588,medium,senior,senior,2.0
5012167,M,N,Y,0,99300.0,Pensioner,Secondary / secondary special,Married,House / apartment,-13636,365243,1,0,1,0,,2.0,0,37.33,1,0.0,49650.0,0.0,low,adult,entry,1.0
5012168,F,N,Y,0,191500.0,Working,Secondary / secondary special,Widow,House / apartment,-17587,-866,1,0,0,0,Managers,1.0,0,48.15,0,2.37,191500.0,0.049221183800623056,medium,adult,entry,2.0
5012169,F,N,Y,0,302400.0,Working,Secondary / secondary special,Married,House / apartment,-9148,-2127,1,0,1,0,,2.0,0,25.05,0,5.82,151200.0,0.23233532934131737,high,youth,mid,2.0
5012170,M,N,Y,2,258200.0,Commercial associate,Secondary / secondary special,Married,House / apartment,-14888,-6369,1,0,1,0,Laborers,4.0,0,40.76,0,17.44,64550.0,0.4278704612365064,high,adult,senior,2.0
5012171,M,N,N,0,807300.0,Working,Secondary / secondary special,Single / not married,House / apartment,-22966,-6454,1,0,1,0,Managers,1.0,0,62.88,0,17.67,807300.0,0.2810114503816794,high,senior,senior,1.0
5012172,M,N,N,0,420400.0,Working,Secondary / secondary special,Married,House / apartment,-19370,-11049,1,0,0,0,,2.0,0,53.03,0,30.25,210200.0,0.5704318310390345,high,adult,senior,1.0
5012173,F,Y,Y,1,153300.0,Working,Secondary / secondary special,Single / not married,House / apartment,-9203,-856,1,0,1,0,Laborers,2.0,0,25.2,0,2.34,76650.0,0.09285714285714286,medium,youth,entry,3.0
5012174,M,Y,N,0,134200.0,Commercial associate,Secondary / secondary special,Married,House / apartment,-22784,-12194,1,1,1,0,,2.0,0,62.38,0,33.39,67100.0,0.5352677140109009,medium,senior,senior,1.0
5012175,F,N,Y,1,944900.0,Working,Secondary / secondary special,Married,House / apartment,-19736,365243,1,0,1,0,,3.0,0,54.03,1,0.0,314966.6666666667,0.0,high,adult,entry,2.0
5012176,M,Y,Y,0,415300.0,Pensioner,Higher education,Married,Rented apartment,-15579,365243,1,1,0,1,,2.0,0,42.65,1,0.0,207650.0,0.0,high,adult,entry,3.0
5012177,F,N,Y,2,327800.0,Pensioner,Secondary / secondary special,Widow,House / apartment,-19944,365243,1,1,0,0,,3.0,0,54.6,1,0.0,109266.66666666667,0.0,high,adult,entry,2.0
5012178,F,N,Y,0,253400.0,Pensioner,Secondary / secondary special,Civil marriage,House / apartment,-10461,365243,1,0,0,0,,2.0,0,28.64,1,0.0,126700.0,0.0,high,youth,entry,2.0
5012179,F,Y,Y,3,279900.0,Working,Secondary / secondary special,Married,House / apartment,-17358,-8995,1,0,0,0,,5.0,0,47.52,0,24.63,55980.0,0.5183080808080808,high,adult,senior,3.0
5012180,F,Y,N,1,116400.0,Working,Secondary / secondary special,Married,House / apartment,-18590,-6608,1,0,0,0,,3.0,0,50.9,0,18.09,38800.0,0.35540275049115916,medium,adult,senior,1.0
5012181,M,Y,N,0,264100.0,Commercial associate,Secondary / secondary special,Married,House / apartment,-24248,-6982,1,1,1,0,Core staff,2.0,0,66.39,0,19.12,132050.0,0.28799517999698754,high,senior,senior,2.0
5012182,M,N,Y,0,253000.0,State servant,Higher education,Married,House / apartment,-8527,-1214,1,1,0,0,Laborers,2.0,0,23.35,0,3.32,126500.0,0.14218415417558886,high,youth,mid,2.0
5012183,F,N,N,0,155300.0,Working,Secondary / secondary special,Civil marriage,House / apartment,-14149,-5986,1,1,0,0,Sales staff,2.0,0,38.74,0,16.39,77650.0,0.4230769230769231,medium,adult,senior,1.0
5012184,F,N,Y,0,186500.0,Working,Secondary / secondary special,Widow,House / apartment,-24414,-6088,1,1,0,1,,1.0,0,66.84,0,16.67,186500.0,0.24940155595451827,medium,senior,senior,2.0
5012185,F,Y,Y,0,520800.0,Working,Higher education,Single / not married,House / apartment,-11272,-4208,1,0,1,0,Laborers,1.0,0,30.86,0,11.52,520800.0,0.37329876863253403,high,youth,senior,3.0
5012186,M,N,N,2,229300.0,Commercial associate,Secondary / secondary special,Married,House / apartment,-22156,-9367,1,0,0,0,,4.0,0,60.66,0,25.65,57325.0,0.4228486646884273,medium,senior,senior,1.0
5012187,M,N,Y,0,687700.0,Commercial associate,Secondary / secondary special,Married,House / apartment,-7334,-108,1,1,0,0,Laborers,2.0,0,20.08,0,0.3,343850.0,0.014940239043824702,high,youth,entry,2.0
5012188,M,Y,Y,0,102200.0,Working,Secondary / secondary special,Married,House / apartment,-7778,-961,1,0,0,0,,2.0,0,21.3,0,2.63,51100.0,0.12347417840375587,medium,youth,entry,2.0
5012189,F,N,Y,1,188000.0,Working,Secondary / secondary special,Married,House / apartment,-13288,-4170,1,0,0,0,Laborers,3.0,0,36.38,0,11.42,62666.666666666664,0.31390874106652006,medium,adult,senior,2.0
5012190,M,N,Y,0,112600.0,Commercial associate,Secondary / secondary special,Married,House / apartment,-21340,-2343,1,0,0,0,,2.0,0,58.43,0,6.41,56300.0,0.10970391921957899,medium,senior,mid,1.0
5012191,F,Y,Y,0,133400.0,Working,Secondary / secondary special,Civil marriage,With parents,-9207,-499,1,0,0,0,Laborers,2.0,0,25.21,0,1.37,66700.0,0.054343514478381594,medium,youth,entry,2.0
5012192,M,N,Y,1,161400.0,Commercial associate,Secondary / secondary special,Married,House / apartment,-14297,-6751,1,0,0,0,Sales staff,3.0,0,39.14,0,18.48,53800.0,0.4721512519161983,medium,adult,senior,2.0
5012193,F,Y,Y,1,285800.0,Pensioner,Higher education,Married,House / apartment,-9706,365243,1,0,0,0,,3.0,0,26.57,1,0.0,95266.66666666667,0.0,high,youth,entry,3.0
5012194,M,N,Y,0,279000.0,Commercial associate,Secondary / secondary special,Married,House / apartment,-11388,-2843,1,0,0,0,,2.0,0,31.18,0,7.78,139500.0,0.24951892238614498,high,youth,mid,2.0
5012195,F,Y,Y,2,173800.0,Commercial associate,Secondary / secondary special,Widow,House / apartment,-16491,-8903,1,0,0,0,,3.0,0,45.15,0,24.38,57933.333333333336,0.5399778516057586,medium,adult,senior,3.0
5012196,F,N,Y,0,80100.0,Pensioner,Secondary / secondary special,Single / not married,House / apartment,-13133,365243,1,0,0,0,,1.0,0,35.96,1,0.0,80100.0,0.0,low,adult,entry,1.0
5012197,M,N,N,0,511100.0,Pensioner,Secondary / secondary special,Married,House / apartment,-11175,365243,1,1,0,0,,2.0,0,30.6,1,0.0,255550.0,0.0,high,youth,entry,1.0
5012198,F,N,Y,0,211600.0,Working,Secondary / secondary special,Civil marriage,House / apartment,-14491,-1819,1,1,0,0,Sales staff,2.0,0,39.67,0,4.98,105800.0,0.1255356692714898,medium,adult,mid,2.0
5012199,F,N,Y,0,139700.0,Working,Secondary / secondary special,Married,House / apartment,-20108,-10419,1,0,0,0,Core staff,2.0,1,55.05,0,28.53,69850.0,0.5182561307901907,medium,senior,senior,1.0
5012200,F,N,Y,0,280100.0,Pensioner,Higher education,Married,House / apartment,-9486,365243,1,0,0,0,,2.0,0,25.97,1,0.0,140050.0,0.0,high,youth,entry,2.0
5012201,F,N,Y,0,270400.0,Working,Secondary / secondary special,Married,House / apartment,-16064,-2596,1,0,0,0,Laborers,2.0,0,43.98,0,7.11,135200.0,0.16166439290586632,high,adult,mid,2.0
5012202,M,N,Y,1,207800.0,Pensioner,Secondary / secondary special,Married,House / apartment,-12322,365243,1,0,0,0,,3.0,0,33.74,1,0.0,69266.66666666667,0.0,medium,youth,entry,2.0
5012203,F,N,Y,0,263000.0,Working,Secondary / secondary special,Married,House / apartment,-14220,-3598,1,0,0,0,Sales staff,2.0,0,38.93,0,9.85,131500.0,0.25301823786283073,high,adult,mid,2.0
5012204,M,N,N,1,137000.0,Pensioner,Secondary / secondary special,Married,House / apartment,-22309,365243,1,0,0,0,,3.0,0,61.08,1,0.0,45666.666666666664,0.0,medium,senior,entry,0.0
5012205,M,N,Y,0,357000.0,Commercial associate,Higher education,Married,House / apartment,-24284,-8009,1,0,1,0,Laborers,2.0,0,66.49,0,21.93,178500.0,0.3298240336892766,high,senior,senior,2.0
5012206,F,N,Y,3,148300.0,Pensioner,Secondary / secondary special,Married,House / apartment,-11742,365243,1,0,0,0,,5.0,0,32.15,1,0.0,29660.0,0.0,medium,youth,entry,1.0
5012207,M,N,Y,0,180400.0,Working,Secondary / secondary special,Married,House / apartment,-18810,-6111,1,1,0,0,,2.0,0,51.5,0,16.73,90200.0,0.32485436893203884,medium,adult,senior,2.0
5012208,F,N,Y,0,337700.0,State servant,Higher education,Civil marriage,House / apartment,-19663,-12415,1,0,1,0,Sales staff,2.0,0,53.83,0,33.99,168850.0,0.6314322868289058,high,adult,senior,2.0
5012209,F,Y,Y,0,445700.0,Working,Higher education,Married,House / apartment,-22691,-7527,1,0,0,0,,2.0,0,62.12,0,20.61,222850.0,0.33177720540888606,high,senior,senior,3.0
5012210,F,Y,Y,1,539500.0,Working,Secondary / secondary special,Married,House / apartment,-23724,-3305,1,0,0,0,,3.0,0,64.95,0,9.05,179833.33333333334,0.13933795227097767,high,senior,mid,3.0
5012211,F,Y,N,1,413900.0,Working,Higher education,Married,House / apartment,-15852,-1037,1,0,0,0,Drivers,3.0,0,43.4,0,2.84,137966.66666666666,0.06543778801843318,high,adult,entry,2.0
5012212,M,N,Y,0,207600.0,State servant,Secondary / secondary special,Married,House / apartment,-25249,-39,1,0,1,0,Accountants,2.0,0,69.13,0,0.11,103800.0,0.0015912049761319254,medium,senior,entry,2.0
5012213,M,Y,N,0,113000.0,Working,Secondary / secondary special,Married,House / apartment,-25035,-13316,1,0,1,0,Laborers,2.0,0,68.54,0,36.46,56500.0,0.5319521447330026,medium,senior,senior,1.0
5012214,F,N,Y,0,492900.0,Commercial associate,Secondary / secondary special,Married,House / apartment,-16554,-4918,1,0,1,0,,2.0,0,45.32,0,13.46,246450.0,0.2969991173874669,high,adult,senior,2.0
5012215,M,N,Y,2,484500.0,Commercial associate,Secondary / secondary special,Married,House / apartment,-17204,-8531,1,0,0,0,Waiters/barmen staff,4.0,0,47.1,0,23.36,121125.0,0.49596602972399145,high,adult,senior,2.0
5012216,M,Y,Y,2,174500.0,Pensioner,Secondary / secondary special,Civil marriage,House / apartment,-19500,365243,1,0,1,0,,4.0,0,53.39,1,0.0,43625.0,0.0,medium,adult,entry,3.0
5012217,F,N,Y,3,387000.0,Commercial associate,Secondary / secondary special,Married,House / apartment,-14132,-6611,1,0,1,0,,5.0,0,38.69,0,18.1,77400.0,0.46782114241406053,high,adult,senior,2.0
5012218,F,Y,N,1,206800.0,Commercial associate,Secondary / secondary special,Civil marriage,House / apartment,-19396,-1336,1,0,1,0,,3.0,0,53.1,0,3.66,68933.33333333333,0.06892655367231638,medium,adult,mid,2.0
5012219,F,Y,Y,2,517200.0,Commercial associate,Secondary / secondary special,Single / not married,Municipal apartment,-16697,-1788,1,1,0,0,Laborers,3.0,0,45.71,0,4.9,172400.0,0.10719754977029097,high,adult,mid,3.0
5012220,M,N,Y,0,188700.0,Commercial associate,Secondary / secondary special,Married,House / apartment,-7952,-642,1,0,0,0,,2.0,0,21.77,0,1.76,94350.0,0.08084519981626091,medium,youth,entry,2.0
5012221,F,N,N,1,656600.0,Working,Higher education,Married,House / apartment,-22878,-10841,1,0,1,0,IT staff,3.0,0,62.64,0,29.68,218866.66666666666,0.4738186462324393,high,senior,senior,1.0
5012222,M,N,N,1,361700.0,Working,Secondary / secondary special,Married,House / apartment,-24480,-6311,1,1,0,0,Laborers,3.0,0,67.02,0,17.28,120566.66666666667,0.25783348254252464,high,senior,senior,1.0
5012223,M,Y,N,2,599700.0,Working,Secondary / secondary special,Married,House / apartment,-7784,-152,1,0,1,0,Core staff,4.0,0,21.31,0,0.42,149925.0,0.01970905678085406,high,youth,entry,2.0
5012224,F,N,N,0,193600.0,Working,Secondary / secondary special,Married,With parents,-21719,-11369,1,1,0,0,,2.0,0,59.46,0,31.13,96800.0,0.5235452404978136,medium,senior,senior,1.0
5012225,F,Y,Y,0,298900.0,Working,Secondary / secondary special,Married,House / apartment,-14351,-746,1,0,0,0,Accountants,2.0,0,39.29,0,2.04,149450.0,0.051921608551794354,high,adult,entry,3.0
5012226,F,Y,N,0,150400.0,Commercial associate,Secondary / secondary special,Married,House / apartment,-18000,-3364,1,0,1,1,,2.0,0,49.28,0,9.21,75200.0,0.1868912337662338,medium,adult,mid,2.0
5012227,M,Y,Y,0,372300.0,State servant,Lower secondary,Married,House / apartment,-16436,-953,1,0,0,1,Sales staff,2.0,0,45.0,0,2.61,186150.0,0.057999999999999996,high,adult,entry,3.0
5012228,F,Y,N,0,382700.0,Working,Secondary / secondary special,Married,House / apartment,-17373,-6386,1,0,1,0,Managers,2.0,0,47.56,0,17.48,191350.0,0.3675357443229605,high,adult,senior,2.0
5012229,F,Y,N,0,809300.0,Pensioner,Higher education,Married,House / apartment,-16348,365243,1,0,0,0,,2.0,0,44.76,1,0.0,404650.0,0.0,high,adult,entry,2.0
5012230,F,Y,Y,0,310700.0,Commercial associate,Secondary / secondary special,Married,House / apartment,-22890,-1462,1,0,0,0,Drivers,2.0,0,62.67,0,4.0,155350.0,0.06382639221318015,high,senior,mid,3.0
5012231,F,N,N,0,350600.0,Working,Higher education,Civil marriage,House / apartment,-19788,-13055,1,0,0,0,Laborers,2.0,0,54.18,0,35.74,175300.0,0.6596530084902178,high,adult,senior,1.0
5012232,F,Y,Y,0,192900.0,Commercial associate,Secondary / secondary special,Married,House / apartment,-14841,-6148,1,0,0,1,Managers,2.0,0,40.63,0,16.83,96450.0,0.41422594142259406,medium,adult,senior,3.0
5012233,F,Y,Y,0,320000.0,State servant,Higher education,Married,House / apartment,-19880,-4185,1,0,1,0,High skill tech staff,2.0,0,54.43,0,11.46,160000.0,0.21054565496968586,high,adult,senior,3.0
5012234,F,Y,Y,2,201900.0,Working,Secondary / secondary special,Married,House / apartment,-24929,-5068,1,0,0,1,Sales staff,4.0,0,68.25,0,13.88,50475.0,0.20336996336996338,medium,senior,senior,3.0
5012235,F,N,N,1,258700.0,Working,Secondary / secondary special,Married,Office apartment,-8772,-1847,1,0,0,0,Core staff,3.0,0,24.02,0,5.06,86233.33333333333,0.21065778517901748,high,youth,mid,1.0
5012236,F,Y,Y,0,266400.0,Working,Secondary / secondary special,Married,House / apartment,-14392,-3450,1,0,0,1,,2.0,0,39.4,0,9.45,133200.0,0.2398477157360406,high,adult,mid,3.0
5012237,F,N,Y,1,204700.0,Working,Secondary / secondary special,Married,House / apartment,-23202,-7071,1,1,0,0,Drivers,3.0,0,63.52,0,19.36,68233.33333333333,0.3047858942065491,medium,senior,senior,2.0
5012238,F,N,Y,1,251900.0,Commercial associate,Secondary / secondary special,Single / not married,House / apartment,-20802,-12281,1,0,1,0,Drivers,2.0,0,56.95,0,33.62,125950.0,0.5903424056189639,high,senior,senior,2.0
5012239,F,Y,N,0,202400.0,Pensioner,Secondary / secondary special,Married,House / apartment,-24379,365243,1,0,0,0,,2.0,0,66.75,1,0.0,101200.0,0.0,medium,senior,entry,2.0
5012240,M,N,Y,0,201900.0,Commercial associate,Higher education,Married,House / apartment,-8032,-478,1,0,0,0,Core staff,2.0,0,21.99,0,1.31,100950.0,0.05957253296953161,medium,youth,entry,2.0
5012241,F,Y,N,0,418200.0,Working,Secondary / secondary special,Married,House / apartment,-23061,-7033,1,0,1,0,Accountants,2.0,0,63.14,0,19.26,209100.0,0.30503642698764655,high,senior,senior,2.0
5012242,F,N,N,0,266500.0,Pensioner,Secondary / secondary special,Married,House / apartment,-21765,365243,1,0,0,0,,2.0,0,59.59,1,0.0,133250.0,0.0,high,senior,entry,1.0
5012243,F,N,Y,1,290400.0,Working,Secondary / secondary special,Married,House / apartment,-22190,-6595,1,0,0,0,Drivers,3.0,0,60.75,0,18.06,96800.0,0.2972839506172839,high,senior,senior,2.0
5012244,M,Y,Y,0,117800.0,Commercial associate,Secondary / secondary special,Married,Municipal apartment,-18213,-2198,1,0,0,0,Core staff,2.0,0,49.86,0,6.02,58900.0,0.12073806658644202,medium,adult,mid,2.0
5012245,F,Y,N,0,301700.0,Working,Secondary / secondary special,Married,House / apartment,-8253,-19,1,0,0,0,Managers,2.0,0,22.6,0,0.05,150850.0,0.0022123893805309734,high,youth,entry,2.0
5012246,M,N,N,2,318300.0,Pensioner,Secondary / secondary special,Married,House / apartment,-17151,365243,1,1,0,1,,4.0,0,46.96,1,0.0,79575.0,0.0,high,adult,entry,1.0
5012247,F,N,N,0,200000.0,Pensioner,Secondary / secondary special,Married,House / apartment,-14752,365243,1,0,1,0,,2.0,0,40.39,1,0.0,100000.0,0.0,medium,adult,entry,1.0
5012248,F,Y,Y,1,692400.0,Pensioner,Secondary / secondary special,Married,House / apartment,-16930,365243,1,0,0,0,,3.0,1,46.35,1,0.0,230800.0,0.0,high,adult,entry,3.0
5012249,F,N,N,0,77700.0,Working,Secondary / secondary special,Single / not married,House / apartment,-20825,-2443,1,0,1,0,,1.0,0,57.02,0,6.69,77700.0,0.11732725359522975,low,senior,mid,0.0
5012250,F,N,Y,0,361400.0,Commercial associate,Higher education,Civil marriage,House / apartment,-18189,-880,1,0,0,0,High skill tech staff,2.0,0,49.8,0,2.41,180700.0,0.04839357429718876,high,adult,entry,2.0
5012251,F,N,Y,0,348700.0,Commercial associate,Secondary / secondary special,Married,House / apartment,-12648,-3158,1,0,1,0,Sales staff,2.0,0,34.63,0,8.65,174350.0,0.2497834247762056,high,youth,mid,2.0
5012252,F,Y,N,0,320100.0,Commercial associate,Secondary / secondary special,Married,Rented apartment,-18254,-4053,1,0,1,0,Accountants,2.0,0,49.98,0,11.1,160050.0,0.22208883553421369,high,adult,senior,2.0
5012253,M,N,Y,0,266600.0,Working,Secondary / secondary special,Married,Municipal apartment,-8823,-815,1,0,0,0,Security staff,2.0,0,24.16,0,2.23,133300.0,0.09230132450331126,high,youth,entry,2.0
5012254,F,N,N,0,321500.0,Working,Secondary / secondary special,Widow,Municipal apartment,-7403,-282,1,0,0,0,,1.0,0,20.27,0,0.77,321500.0,0.03798717316230883,high,youth,entry,1.0
5012255,F,Y,Y,0,376800.0,Working,Secondary / secondary special,Married,House / apartment,-14638,-7410,1,0,0,0,Core staff,2.0,0,40.08,0,20.29,188400.0,0.5062375249500998,high,adult,senior,3.0
5012256,F,N,N,0,169800.0,Working,Lower secondary,Married,House / apartment,-21133,-14126,1,1,0,0,Laborers,2.0,0,57.86,0,38.67,84900.0,0.6683373660559973,medium,senior,senior,1.0
5012257,F,N,Y,0,283500.0,Pensioner,Incomplete higher,Married,Municipal apartment,-22328,365243,1,0,0,0,,2.0,0,61.13,1,0.0,141750.0,0.0,high,senior,entry,2.0
5012258,F,N,Y,1,222800.0,Pensioner,Secondary / secondary special,Married,House / apartment,-17346,365243,1,0,0,0,,3.0,1,47.49,1,0.0,74266.66666666667,0.0,medium,adult,entry,2.0
5012259,M,Y,N,0,141300.0,Working,Secondary / secondary special,Married,House / apartment,-23157,-11347,1,0,0,0,Laborers,2.0,0,63.4,0,31.07,70650.0,0.49006309148264987,medium,senior,senior,1.0
5012260,F,N,Y,0,349400.0,State servant,Higher education,Married,House / apartment,-9605,-681,1,0,0,0,Core staff,2.0,0,26.3,0,1.86,174700.0,0.07072243346007605,high,youth,entry,2.0
5012261,F,Y,Y,0,184100.0,Working,Secondary / secondary special,Married,House / apartment,-24912,-6366,1,1,0,1,,2.0,0,68.21,0,17.43,92050.0,0.25553437912329574,medium,senior,senior,3.0
5012262,F,N,N,0,115400.0,Working,Secondary / secondary special,Separated,House / apartment,-24139,-1828,1,1,0,0,Medicine staff,1.0,0,66.09,0,5.0,115400.0,0.07565441065214101,medium,senior,mid,0.0
5012263,F,Y,Y,0,186400.0,Working,Secondary / secondary special,Widow,House / apartment,-18249,-6177,1,0,0,0,,1.0,1,49.96,0,16.91,186400.0,0.33847077662129704,medium,adult,senior,3.0
5012264,M,N,N,0,163700.0,Pensioner,Secondary / secondary special,Single / not married,House / apartment,-8377,365243,1,0,0,0,,1.0,0,22.93,1,0.0,163700.0,0.0,medium,youth,entry,1.0
5012265,M,N,Y,1,408300.0,Commercial associate,Lower secondary,Married,House / apartment,-15600,-3100,1,0,0,1,Managers,3.0,0,42.71,0,8.49,136100.0,0.19878248653711075,high,adult,mid,2.0
5012266,F,Y,Y,0,263600.0,Working,Higher education,Civil marriage,House / apartment,-10579,-2983,1,1,0,0,Security staff,2.0,0,28.96,0,8.17,131800.0,0.28211325966850825,high,youth,mid,3.0
5012267,F,N,N,0,487300.0,Commercial associate,Secondary / secondary special,Civil marriage,House / apartment,-18782,-6179,1,0,1,0,Waiters/barmen staff,2.0,0,51.42,0,16.92,243650.0,0.32905484247374567,high,adult,senior,1.0
5012268,M,N,Y,0,174900.0,Working,Higher education,Separated,House / apartment,-10774,-3535,1,0,0,0,,1.0,0,29.5,0,9.68,174900.0,0.328135593220339,medium,youth,mid,2.0
5012269,F,Y,Y,1,378000.0,Working,Secondary / secondary special,Married,House / apartment,-16104,-9035,1,1,0,0,,3.0,0,44.09,0,24.74,126000.0,0.5611249716488999,high,adult,senior,3.0
5012270,F,N,Y,0,1009800.0,Working,Higher education,Married,House / apartment,-11060,-1133,1,0,1,1,Accountants,2.0,0,30.28,0,3.1,504900.0,0.1023778071334214,high,youth,mid,2.0
5012271,F,N,N,0,291700.0,Working,Secondary / secondary special,Married,House / apartment,-10626,-712,1,0,1,0,Laborers,2.0,0,29.09,0,1.95,145850.0,0.06703334479202475,high,youth,entry,1.0
5012272,F,Y,Y,0,375600.0,Pensioner,Secondary / secondary special,Separated,House / apartment,-11833,365243,1,0,0,0,,1.0,0,32.4,1,0.0,375600.0,0.0,high,youth,entry,3.0
5012273,M,Y,Y,0,345300.0,Commercial associate,Secondary / secondary special,Married,House / apartment,-7838,-489,1,1,0,0,Laborers,2.0,0,21.46,0,1.34,172650.0,0.06244175209692451,high,youth,entry,3.0
5012274,M,Y,Y,0,119900.0,Working,Secondary / secondary special,Married,House / apartment,-20383,-7873,1,0,1,0,Laborers,2.0,0,55.81,0,21.56,59950.0,0.38631069700770465,medium,senior,senior,2.0
5012275,F,Y,Y,1,327200.0,Working,Secondary / secondary special,Married,House / apartment,-12907,-4490,1,0,0,0,Medicine staff,3.0,0,35.34,0,12.29,109066.66666666667,0.34776457272212785,high,adult,senior,3.0
5012276,F,N,Y,0,284600.0,Working,Secondary / secondary special,Married,House / apartment,-20054,-13243,1,0,0,0,,2.0,0,54.9,0,36.26,142300.0,0.6604735883424407,high,adult,senior,2.0
5012277,F,Y,Y,0,214400.0,Working,Lower secondary,Separated,With parents,-19239,-6369,1,0,0,0,Laborers,1.0,0,52.67,0,17.44,214400.0,0.3311182836529334,medium,adult,senior,3.0
5012278,F,N,Y,2,156900.0,Working,Higher education,Married,House / apartment,-8512,-522,1,0,0,0,Laborers,4.0,0,23.3,0,1.43,39225.0,0.06137339055793991,medium,youth,entry,2.0
5012279,F,N,Y,0,345400.0,Working,Secondary / secondary special,Married,House / apartment,-13004,-854,1,1,0,1,,2.0,0,35.6,0,2.34,172700.0,0.06573033707865168,high,adult,entry,2.0
5012280,F,Y,Y,0,150100.0,Commercial associate,Higher education,Widow,With parents,-17657,-2996,1,1,0,1,Managers,1.0,0,48.34,0,8.2,150100.0,0.16963177492759618,medium,adult,mid,3.0
5012281,F,N,Y,0,709500.0,Working,Higher education,Married,House / apartment,-24077,-7870,1,0,0,0,Laborers,2.0,0,65.92,0,21.55,354750.0,0.3269114077669903,high,senior,senior,2.0
5012282,F,N,Y,0,258500.0,Working,Secondary / secondary special,Civil marriage,House / apartment,-14634,-7361,1,1,1,0,Laborers,2.0,0,40.07,0,20.15,129250.0,0.5028699775393062,high,adult,senior,2.0
5012283,F,N,N,0,132400.0,State servant,Secondary / secondary special,Married,House / apartment,-16524,-5631,1,0,0,0,Managers,2.0,0,45.24,0,15.42,66200.0,0.34084880636604775,medium,adult,senior,0.0
5012284,M,Y,Y,0,188800.0,Working,Higher education,Married,House / apartment,-21005,-4678,1,0,1,0,Sales staff,2.0,0,57.51,0,12.81,94400.0,0.22274387063119458,medium,senior,senior,3.0
5012285,F,Y,Y,3,212400.0,Working,Secondary / secondary special,Married,House / apartment,-21975,-5283,1,1,0,0,,5.0,0,60.16,0,14.46,42480.0,0.24035904255319152,medium,senior,senior,3.0
5012286,M,N,Y,1,815600.0,Working,Secondary / secondary special,Married,House / apartment,-24168,-2012,1,0,0,0,Laborers,3.0,1,66.17,0,5.51,271866.6666666667,0.08327036421338975,high,senior,mid,2.0
5012287,F,N,Y,1,156900.0,Working,Secondary / secondary special,Married,House / apartment,-16385,-7236,1,1,0,0,Laborers,3.0,0,44.86,0,19.81,52300.0,0.4415960766830138,medium,adult,senior,2.0
5012288,F,N,N,0,230400.0,Working,Secondary / secondary special,Separated,House / apartment,-10845,-761,1,0,0,0,Core staff,1.0,0,29.69,0,2.08,230400.0,0.07005725833614011,medium,youth,entry,1.0
5012289,F,N,N,0,186600.0,Working,Higher education,Married,House / apartment,-21265,-405,1,0,0,0,High skill tech staff,2.0,0,58.22,0,1.11,93300.0,0.019065613191343183,medium,senior,entry,1.0
5012290,F,Y,Y,0,313400.0,Pensioner,Secondary / secondary special,Married,House / apartment,-9598,365243,1,0,0,0,,2.0,0,26.28,1,0.0,156700.0,0.0,high,youth,entry,3.0
5012291,M,N,Y,0,188100.0,Pensioner,Higher education,Civil marriage,House / apartment,-14945,365243,1,0,0,0,,2.0,0,40.92,1,0.0,94050.0,0.0,medium,adult,entry,2.0
5012292,M,Y,Y,1,138100.0,Commercial associate,Higher education,Married,House / apartment,-18778,-4247,1,0,0,0,Laborers,3.0,0,51.41,0,11.63,46033.333333333336,0.22622057965376388,medium,adult,senior,2.0
5012293,F,Y,Y,0,221400.0,Working,Secondary / secondary special,Married,House / apartment,-19940,-13269,1,0,1,0,,2.0,0,54.59,0,36.33,110700.0,0.6655065030225316,medium,adult,senior,3.0
5012294,M,N,N,1,210200.0,Working,Higher education,Married,House / apartment,-20692,-7295,1,0,0,0,,3.0,0,56.65,0,19.97,70066.66666666667,0.3525154457193292,medium,senior,senior,1.0
5012295,F,Y,Y,0,181600.0,Working,Secondary / secondary special,Married,House / apartment,-10839,-78,1,0,0,0,Cleaning staff,2.0,0,29.68,0,0.21,90800.0,0.007075471698113208,medium,youth,entry,3.0
5012296,F,N,Y,0,186500.0,Working,Secondary / secondary special,Married,House / apartment,-25232,-12535,1,0,1,1,,2.0,0,69.08,0,34.32,93250.0,0.4968152866242038,medium,senior,senior,2.0
5012297,F,N,Y,0,441400.0,Working,Higher education,Separated,Office apartment,-10563,-3227,1,0,0,0,Core staff,1.0,0,28.92,0,8.84,441400.0,0.30567081604426,high,youth,mid,2.0
5012298,F,Y,N,0,208100.0,Working,Secondary / secondary special,Married,House / apartment,-9060,-968,1,1,1,0,Core staff,2.0,0,24.8,0,2.65,104050.0,0.10685483870967741,medium,youth,entry,2.0
5012299,M,N,Y,1,138500.0,Working,Higher education,Married,House / apartment,-19432,-12538,1,1,1,0,Laborers,3.0,0,53.2,0,34.33,46166.666666666664,0.6453007518796992,medium,adult,senior,1.0
5012300,F,N,N,3,193800.0,Working,Secondary / secondary special,Married,House / apartment,-23924,-14770,1,0,0,0,,5.0,0,65.5,0,40.44,38760.0,0.6174045801526717,medium,senior,senior,1.0
5012301,F,N,Y,0,250900.0,Working,Higher education,Married,House / apartment,-17521,-3471,1,0,1,0,Accountants,2.0,0,47.97,0,9.5,125450.0,0.19804044194288098,high,adult,mid,2.0
5012302,M,Y,Y,0,125200.0,Working,Secondary / secondary special,Single / not married,With parents,-18180,-3678,1,1,1,1,Managers,1.0,0,49.77,0,10.07,125200.0,0.2023307213180631,medium,adult,senior,2.0
5012303,F,Y,N,0,550400.0,Working,Secondary / secondary special,Married,House / apartment,-17139,-5404,1,1,0,0,Laborers,2.0,0,46.92,0,14.8,275200.0,0.3154305200341006,high,adult,senior,2.0
5012304,M,N,Y,0,376700.0,Working,Secondary / secondary special,Civil marriage,Rented apartment,-8086,-486,1,0,1,0,Core staff,2.0,0,22.14,0,1.33,188350.0,0.06007226738934056,high,youth,entry,2.0
5012305,F,Y,Y,0,499100.0,Working,Secondary / secondary special,Married,House / apartment,-19747,-1819,1,0,0,0,High skill tech staff,2.0,0,54.06,0,4.98,249550.0,0.0921198668146504,high,adult,mid,3.0
5012306,F,Y,Y,1,297000.0,Working,Secondary / secondary special,Married,House / apartment,-13847,-4654,1,1,1,0,Sales staff,3.0,0,37.91,0,12.74,99000.0,0.3360590873120549,high,adult,senior,3.0
5012307,M,N,Y,0,85700.0,Working,Secondary / secondary special,Civil marriage,Rented apartment,-24393,-6798,1,1,0,0,Accountants,2.0,1,66.78,0,18.61,42850.0,0.27867625037436355,low,senior,senior,1.0
5012308,F,Y,Y,0,526000.0,Working,Secondary / secondary special,Married,House / apartment,-10716,-517,1,0,0,0,Core staff,2.0,0,29.34,0,1.42,263000.0,0.04839809134287662,high,youth,entry,3.0
5012309,F,N,N,1,158500.0,Working,Secondary / secondary special,Married,House / apartment,-12822,-3374,1,0,0,1,Sales staff,3.0,0,35.1,0,9.24,52833.333333333336,0.26324786324786326,medium,adult,mid,1.0
5012310,F,Y,Y,0,165100.0,Commercial associate,Secondary / secondary special,Single / not married,House / apartment,-16525,-9064,1,0,0,0,Core staff,1.0,0,45.24,0,24.82,165100.0,0.5486295313881521,medium,adult,senior,3.0
5012311,F,N,N,0,264000.0,Working,Secondary / secondary special,Married,House / apartment,-16023,-8940,1,1,1,0,,2.0,0,43.87,0,24.48,132000.0,0.5580123090950536,high,adult,senior,1.0
5012312,F,N,Y,0,486300.0,Working,Higher education,Married,House / apartment,-14616,-2749,1,0,1,0,Core staff,2.0,0,40.02,0,7.53,243150.0,0.1881559220389805,high,adult,mid,2.0
5012313,M,Y,Y,0,413400.0,Working,Higher education,Married,Rented apartment,-13047,-5249,1,0,0,0,,2.0,0,35.72,0,14.37,206700.0,0.40229563269876817,high,adult,senior,3.0
5012314,M,Y,Y,0,384100.0,Working,Secondary / secondary special,Single / not married,House / apartment,-9993,-1730,1,0,1,0,,1.0,0,27.36,0,4.74,384100.0,0.17324561403508773,high,youth,mid,3.0
5012315,M,N,N,0,208900.0,Working,Secondary / secondary special,Married,House / apartment,-22297,365243,1,1,1,0,,2.0,1,61.05,1,0.0,104450.0,0.0,medium,senior,entry,1.0
5012316,F,N,N,2,207200.0,State servant,Secondary / secondary special,Separated,House / apartment,-15501,-1413,1,0,1,1,Laborers,3.0,1,42.44,0,3.87,69066.66666666667,0.0911875589066918,medium,adult,mid,1.0
5012317,F,N,N,2,290200.0,Pensioner,Secondary / secondary special,Married,Rented apartment,-17769,365243,1,0,0,1,,4.0,0,48.65,1,0.0,72550.0,0.0,high,adult,entry,1.0
5012318,F,Y,Y,1,228800.0,Working,Secondary / secondary special,Single / not married,House / apartment,-17286,-8313,1,0,0,0,Sales staff,2.0,0,47.33,0,22.76,114400.0,0.4808789351362773,medium,adult,senior,3.0
5012319,F,Y,Y,0,380800.0,Commercial associate,Secondary / secondary special,Married,House / apartment,-17815,-4017,1,1,0,0,Laborers,2.0,1,48.77,0,11.0,190400.0,0.22554849292597906,high,adult,senior,3.0
5012320,M,N,Y,1,369700.0,Working,Secondary / secondary special,Married,House / apartment,-20177,-5566,1,1,0,1,Drivers,3.0,0,55.24,0,15.24,123233.33333333333,0.27588703837798695,high,senior,senior,2.0
5012321,F,N,N,0,328100.0,Working,Secondary / secondary special,Married,House / apartment,-18799,-8432,1,1,1,0,Laborers,2.0,0,51.47,0,23.09,164050.0,0.4486108412667573,high,adult,senior,1.0
5012322,M,N,Y,0,69000.0,Commercial associate,Secondary / secondary special,Married,House / apartment,-12307,-1600,1,0,0,0,High skill tech staff,2.0,0,33.69,0,4.38,34500.0,0.13000890471950133,low,youth,mid,1.0
5012323,M,N,Y,0,260300.0,Working,Secondary / secondary special,Married,House / apartment,-17417,-2944,1,0,0,0,,2.0,0,47.69,0,8.06,130150.0,0.1690081778150556,high,adult,mid,2.0
5012324,M,N,Y,0,231200.0,Working,Higher education,Married,House / apartment,-11770,-648,1,0,0,0,Laborers,2.0,0,32.22,0,1.77,115600.0,0.05493482309124768,medium,youth,entry,2.0
5012325,F,N,Y,0,265500.0,Commercial associate,Higher education,Civil marriage,House / apartment,-18059,-5977,1,0,1,0,,2.0,0,49.44,0,16.36,132750.0,0.3309061488673139,high,adult,senior,2.0
5012326,M,Y,Y,0,167400.0,Commercial associate,Higher education,Married,House / apartment,-15193,-5602,1,0,0,0,Core staff,2.0,0,41.6,0,15.34,83700.0,0.36874999999999997,medium,adult,senior,3.0
5012327,M,N,N,2,125900.0,State servant,Secondary / secondary special,Widow,House / apartment,-8025,-267,1,0,0,1,Sales staff,3.0,0,21.97,0,0.73,41966.666666666664,0.03322712790168412,medium,youth,entry,0.0
5012328,M,N,Y,0,307700.0,Pensioner,Secondary / secondary special,Married,House / apartment,-20709,365243,1,0,0,0,,2.0,0,56.7,1,0.0,153850.0,0.0,high,senior,entry,2.0
5012329,M,Y,N,2,204300.0,Pensioner,Secondary / secondary special,Married,House / apartment,-12321,365243,1,0,0,0,,4.0,1,33.73,1,0.0,51075.0,0.0,medium,youth,entry,2.0
5012330,F,N,N,0,325400.0,Working,Secondary / secondary special,Civil marriage,House / apartment,-24110,-2240,1,0,0,0,,2.0,0,66.01,0,6.13,162700.0,0.09286471746705044,high,senior,mid,1.0
5012331,F,N,Y,0,174600.0,Working,Secondary / secondary special,Separated,House / apartment,-12429,-3071,1,0,1,1,Laborers,1.0,0,34.03,0,8.41,174600.0,0.24713488098736408,medium,youth,mid,2.0
5012332,F,N,Y,0,495500.0,Commercial associate,Higher education,Married,House / apartment,-25506,-1332,1,0,0,1,,2.0,0,69.83,0,3.65,247750.0,0.05226979808105399,high,senior,mid,2.0
5012333,F,N,Y,0,402700.0,Student,Incomplete higher,Single / not married,House / apartment,-15760,-2634,1,0,1,1,Sales staff,1.0,0,43.15,0,7.21,402700.0,0.1670915411355736,high,adult,mid,2.0
5012334,M,N,N,0,283200.0,Working,Higher education,Married,Municipal apartment,-7787,-777,1,0,0,1,,2.0,0,21.32,0,2.13,141600.0,0.099906191369606,high,youth,entry,1.0
5012335,F,Y,Y,0,219400.0,State servant,Higher education,Married,House / apartment,-8698,-410,1,0,0,0,Sales staff,2.0,0,23.81,0,1.12,109700.0,0.04703905921881563,medium,youth,entry,3.0
5012336,M,N,Y,0,373900.0,Working,Secondary / secondary special,Single / not married,House / apartment,-8804,-132,1,0,1,1,Drivers,1.0,0,24.1,0,0.36,373900.0,0.014937759336099584,high,youth,entry,2.0
5012337,M,N,Y,0,297100.0,Working,Higher education,Married,House / apartment,-8332,-1652,1,1,0,0,Accountants,2.0,0,22.81,0,4.52,148550.0,0.1981587023235423,high,youth,mid,2.0
5012338,M,N,Y,1,275100.0,Working,Higher education,Married,House / apartment,-12196,-1176,1,0,0,0,Waiters/barmen staff,3.0,0,33.39,0,3.22,91700.0,0.09643605870020965,high,youth,mid,2.0
5012339,M,Y,Y,0,411200.0,Working,Secondary / secondary special,Married,With parents,-13233,-665,1,1,0,0,,2.0,0,36.23,0,1.82,205600.0,0.0502346121998344,high,adult,entry,3.0
5012340,M,Y,Y,0,498200.0,Pensioner,Secondary / secondary special,Married,House / apartment,-9337,365243,1,1,1,0,,2.0,0,25.56,1,0.0,249100.0,0.0,high,youth,entry,3.0
5012341,F,N,N,1,130500.0,Working,Secondary / secondary special,Married,House / apartment,-15306,-643,1,0,0,0,Sales staff,3.0,0,41.91,0,1.76,43500.0,0.041994750656167985,medium,adult,entry,0.0
5012342,F,N,N,0,144400.0,Pensioner,Secondary / secondary special,Civil marriage,House / apartment,-13977,365243,1,0,1,0,,2.0,0,38.27,1,0.0,72200.0,0.0,medium,adult,entry,0.0
5012343,M,N,Y,1,165300.0,Commercial associate,Secondary / secondary special,Married,House / apartment,-18926,-3405,1,0,0,0,,3.0,0,51.82,0,9.32,55100.0,0.17985333847935162,medium,adult,mid,2.0
5012344,M,N,Y,1,115200.0,Working,Higher education,Single / not married,House / apartment,-10882,-58,1,1,0,1,Laborers,2.0,0,29.79,0,0.16,57600.0,0.005370929842228936,medium,youth,entry,1.0
5012345,F,N,N,2,236600.0,Pensioner,Secondary / secondary special,Single / not married,Municipal apartment,-23997,365243,1,0,1,0,,3.0,0,65.7,1,0.0,78866.66666666667,0.0,medium,senior,entry,1.0
5012346,M,N,Y,0,329600.0,Working,Secondary / secondary special,Married,House / apartment,-16728,-33,1,0,1,0,Laborers,2.0,0,45.8,0,0.09,164800.0,0.001965065502183406,high,adult,entry,2.0
5012347,M,N,N,0,241500.0,Pensioner,Secondary / secondary special,Single / not married,House / apartment,-18696,365243,1,0,1,0,,1.0,1,51.19,1,0.0,241500.0,0.0,medium,adult,entry,1.0
5012348,F,Y,Y,0,186900.0,Working,Secondary / secondary special,Married,House / apartment,-8027,-728,1,0,1,0,Drivers,2.0,0,21.98,0,1.99,93450.0,0.09053685168334849,medium,youth,entry,3.0
5012349,M,N,Y,0,428800.0,Working,Secondary / secondary special,Married,With parents,-17515,-3731,1,0,0,0,Core staff,2.0,0,47.95,0,10.21,214400.0,0.2129301355578728,high,adult,senior,2.0
5012350,M,N,Y,0,261900.0,Commercial associate,Secondary / secondary special,Married,Rented apartment,-14027,-3957,1,0,1,0,Sales staff,2.0,0,38.4,0,10.83,130950.0,0.28203125,high,adult,senior,2.0
5012351,F,Y,Y,0,289800.0,Pensioner,Secondary / secondary special,Separated,Rented apartment,-24183,365243,1,0,0,0,,1.0,0,66.21,1,0.0,289800.0,0.0,high,senior,entry,3.0
5012352,M,Y,N,1,434800.0,Commercial associate,Incomplete higher,Widow,House / apartment,-23479,-7998,1,0,0,0,Laborers,2.0,0,64.28,0,21.9,217400.0,0.3406969508400746,high,senior,senior,2.0
5012353,F,Y,Y,0,229500.0,Commercial associate,Secondary / secondary special,Married,House / apartment,-18950,-9425,1,0,0,0,Laborers,2.0,0,51.88,0,25.8,114750.0,0.4973014649190439,medium,adult,senior,3.0
5012354,F,N,Y,1,683900.0,Pensioner,Secondary / secondary special,Married,House / apartment,-21328,365243,1,0,1,0,,3.0,0,58.39,1,0.0,227966.66666666666,0.0,high,senior,entry,2.0
5012355,M,Y,Y,1,195200.0,Working,Higher education,Married,House / apartment,-19077,-10604,1,0,1,0,Laborers,3.0,0,52.23,0,29.03,65066.666666666664,0.5558108366838982,medium,adult,senior,3.0
5012356,F,N,N,0,662900.0,Pensioner,Lower secondary,Married,House / apartment,-7615,365243,1,0,0,0,,2.0,0,20.85,1,0.0,331450.0,0.0,high,youth,entry,1.0
5012357,F,N,Y,0,150000.0,Working,Secondary / secondary special,Single / not married,House / apartment,-20146,-13158,1,0,0,0,,1.0,0,55.16,0,36.02,150000.0,0.6530094271211023,medium,senior,senior,1.0
5012358,M,N,N,0,316200.0,Working,Higher education,Married,House / apartment,-10539,-3043,1,1,0,0,Sales staff,2.0,0,28.85,0,8.33,158100.0,0.28873483535528593,high,youth,mid,1.0
5012359,F,N,Y,3,177100.0,Working,Secondary / secondary special,Married,House / apartment,-19770,-5624,1,0,0,0,Sales staff,5.0,0,54.13,0,15.4,35420.0,0.2845002771106595,medium,adult,senior,2.0
5012360,M,Y,Y,0,427300.0,Working,Secondary / secondary special,Married,House / apartment,-7497,-134,1,0,0,0,Drivers,2.0,0,20.53,0,0.37,213650.0,0.01802240623477837,high,youth,entry,3.0
5012361,F,N,N,0,192200.0,Working,Secondary / secondary special,Married,House / apartment,-12983,-3799,1,0,0,0,,2.0,0,35.55,0,10.4,96100.0,0.2925457102672293,medium,adult,senior,1.0
5012362,M,N,Y,0,282300.0,Working,Secondary / secondary special,Single / not married,House / apartment,-16745,-8793,1,0,0,0,,1.0,0,45.85,0,24.07,282300.0,0.5249727371864776,high,adult,senior,2.0
5012363,F,N,Y,2,176300.0,Working,Secondary / secondary special,Married,House / apartment,-13390,-4476,1,0,1,1,Sales staff,4.0,0,36.66,0,12.25,44075.0,0.334151663938898,medium,adult,senior,2.0
5012364,M,Y,Y,1,390100.0,Commercial associate,Secondary / secondary special,Married,House / apartment,-19979,-9648,1,0,0,0,Laborers,3.0,0,54.7,0,26.41,130033.33333333333,0.4828153564899451,high,adult,senior,3.0
5012365,F,N,Y,0,175900.0,Commercial associate,Secondary / secondary special,Married,House / apartment,-16851,-715,1,0,1,0,Laborers,2.0,0,46.14,0,1.96,87950.0,0.04247941048981361,medium,adult,entry,2.0
5012366,M,N,Y,0,566500.0,Commercial associate,Secondary / secondary special,Married,House / apartment,-24831,-10312,1,0,0,1,Drivers,2.0,0,67.98,0,28.23,283250.0,0.4152691968225949,high,senior,senior,2.0
5012367,F,N,Y,0,148400.0,Working,Secondary / secondary special,Married,House / apartment,-13840,-849,1,0,0,0,,2.0,0,37.89,0,2.32,74200.0,0.061229875956716806,medium,adult,entry,1.0
5012368,F,N,Y,0,124600.0,Pensioner,Higher education,Separated,House / apartment,-20488,365243,1,0,0,0,,1.0,0,56.09,1,0.0,124600.0,0.0,medium,senior,entry,1.0
5012369,F,N,Y,1,392900.0,Working,Secondary / secondary special,Married,House / apartment,-22570,-2335,1,1,0,0,Core staff,3.0,0,61.79,0,6.39,130966.66666666667,0.10341479203754653,high,senior,mid,2.0
5012370,F,N,Y,1,181600.0,Commercial associate,Secondary / secondary special,Married,With parents,-11937,-2517,1,1,1,0,Managers,3.0,1,32.68,0,6.89,60533.333333333336,0.21083231334149327,medium,youth,mid,2.0
5012371,F,N,Y,1,243300.0,Working,Incomplete higher,Single / not married,House / apartment,-21077,-13895,1,0,0,0,,2.0,0,57.71,0,38.04,121650.0,0.6591578582568012,medium,senior,senior,2.0
5012372,F,N,N,0,207800.0,Working,Secondary / secondary special,Married,House / apartment,-14488,-4680,1,0,0,0,Cooking staff,2.0,0,39.67,0,12.81,103900.0,0.32291404083690445,medium,adult,senior,1.0
5012373,F,Y,N,0,126600.0,Working,Secondary / secondary special,Married,Municipal apartment,-9656,-469,1,0,0,0,High skill tech staff,2.0,0,26.44,0,1.28,63300.0,0.048411497730711045,medium,youth,entry,1.0
5012374,M,Y,Y,0,234900.0,Pensioner,Secondary / secondary special,Married,House / apartment,-7372,365243,1,0,0,0,,2.0,0,20.18,1,0.0,117450.0,0.0,medium,youth,entry,3.0
5012375,F,Y,Y,0,459500.0,Pensioner,Secondary / secondary special,Married,House / apartment,-20888,365243,1,0,0,0,,2.0,0,57.19,1,0.0,229750.0,0.0,high,senior,entry,3.0
5012376,F,Y,N,0,403100.0,Commercial associate,Secondary / secondary special,Married,With parents,-10706,-921,1,0,0,1,,2.0,0,29.31,0,2.52,201550.0,0.08597748208802457,high,youth,entry,2.0
5012377,F,Y,Y,1,274100.0,Working,Higher education,Married,House / apartment,-8240,-191,1,1,0,0,,3.0,0,22.56,0,0.52,91366.66666666667,0.023049645390070924,high,youth,entry,3.0
5012378,F,N,Y,0,425700.0,Working,Secondary / secondary special,Married,House / apartment,-16385,-7585,1,0,1,0,Laborers,2.0,0,44.86,0,20.77,212850.0,0.46299598751671867,high,adult,senior,2.0
5012379,F,Y,N,1,143700.0,Pensioner,Secondary / secondary special,Married,Municipal apartment,-13637,365243,1,0,0,1,,3.0,1,37.34,1,0.0,47900.0,0.0,medium,adult,entry,1.0
5012380,M,N,Y,0,207500.0,Working,Secondary / secondary special,Married,House / apartment,-19939,-4614,1,0,1,0,,2.0,0,54.59,0,12.63,103750.0,0.2313610551383037,medium,adult,senior,2.0
5012381,F,Y,Y,0,297600.0,State servant,Secondary / secondary special,Married,House / apartment,-9266,-2579,1,0,0,0,Laborers,2.0,0,25.37,0,7.06,148800.0,0.278281434765471,high,youth,mid,3.0
5012382,F,Y,N,0,228700.0,Working,Higher education,Married,House / apartment,-9728,-2545,1,0,0,0,,2.0,1,26.63,0,6.97,114350.0,0.26173488546751783,medium,youth,mid,2.0
5012383,F,Y,Y,0,215800.0,State servant,Higher education,Separated,House / apartment,-14685,-3442,1,0,0,0,,1.0,0,40.21,0,9.42,215800.0,0.23427008206913702,medium,adult,mid,3.0
5012384,F,Y,Y,0,133900.0,Pensioner,Secondary / secondary special,Separated,House / apartment,-16809,365243,1,0,1,0,,1.0,0,46.02,1,0.0,133900.0,0.0,medium,adult,entry,2.0
5012385,F,N,Y,1,86200.0,Commercial associate,Secondary / secondary special,Married,Office apartment,-22357,-1727,1,1,0,0,Managers,3.0,0,61.21,0,4.73,28733.333333333332,0.07727495507270055,low,senior,mid,1.0
5012386,F,N,Y,0,367500.0,Working,Higher education,Civil marriage,House / apartment,-18000,-3465,1,0,0,1,,2.0,0,49.28,0,9.49,183750.0,0.19257305194805194,high,adult,mid,2.0
5012387,F,Y,N,1,275700.0,Working,Secondary / secondary special,Married,House / apartment,-23789,-7266,1,0,0,0,Laborers,3.0,0,65.13,0,19.89,91900.0,0.30538922155688625,high,senior,senior,2.0
5012388,F,N,Y,1,383300.0,Pensioner,Incomplete higher,Single / not married,House / apartment,-11282,365243,1,0,0,0,,2.0,0,30.89,1,0.0,191650.0,0.0,high,youth,entry,2.0
5012389,M,N,Y,0,196200.0,Pensioner,Higher education,Married,House / apartment,-18193,365243,1,0,0,0,,2.0,0,49.81,1,0.0,98100.0,0.0,medium,adult,entry,2.0
5012390,F,N,N,1,170900.0,Working,Secondary / secondary special,Married,House / apartment,-19271,-11484,1,0,1,0,,3.0,0,52.76,0,31.44,56966.666666666664,0.5959059893858984,medium,adult,senior,1.0
5012391,F,N,Y,0,244900.0,Working,Secondary / secondary special,Civil marriage,House / apartment,-20560,-2024,1,1,0,0,,2.0,0,56.29,0,5.54,122450.0,0.09841890211405223,medium,senior,mid,2.0
5012392,M,N,Y,1,374200.0,Pensioner,Higher education,Civil marriage,House / apartment,-25360,365243,1,0,1,0,,3.0,0,69.43,1,0.0,124733.33333333333,0.0,high,senior,entry,2.0
5012393,M,N,Y,0,217500.0,Commercial associate,Secondary / secondary special,Married,House / apartment,-15852,-8187,1,0,0,1,,2.0,0,43.4,0,22.41,108750.0,0.5163594470046083,medium,adult,senior,2.0
5012394,F,N,Y,0,364500.0,Pensioner,Higher education,Civil marriage,House / apartment,-14050,365243,1,0,0,0,,2.0,0,38.47,1,0.0,182250.0,0.0,high,adult,entry,2.0
5012395,M,Y,Y,0,147600.0,Pensioner,Secondary / secondary special,Married,House / apartment,-22868,365243,1,0,0,0,,2.0,1,62.61,1,0.0,73800.0,0.0,medium,senior,entry,2.0
5012396,F,N,N,0,225200.0,Pensioner,Secondary / secondary special,Married,House / apartment,-10534,365243,1,0,1,0,,2.0,0,28.84,1,0.0,112600.0,0.0,medium,youth,entry,1.0
5012397,F,N,N,1,235700.0,Working,Secondary / secondary special,Married,House / apartment,-7981,-635,1,1,0,0,,3.0,0,21.85,0,1.74,78566.66666666667,0.07963386727688787,medium,youth,entry,1.0
5012398,F,N,Y,1,450700.0,Working,Secondary / secondary special,Married,House / apartment,-15406,-2091,1,0,0,1,Cleaning staff,3.0,0,42.18,0,5.72,150233.33333333334,0.13560929350403034,high,adult,mid,2.0
5012399,F,N,Y,2,270800.0,Working,Secondary / secondary special,Single / not married,House / apartment,-11820,-2975,1,1,0,1,Laborers,3.0,0,32.36,0,8.15,90266.66666666667,0.25185414091470953,high,youth,mid,2.0
5012400,M,N,Y,0,584500.0,State servant,Higher education,Widow,House / apartment,-14547,-2069,1,0,0,0,Drivers,1.0,0,39.83,0,5.66,584500.0,0.14210394175244792,high,adult,mid,2.0
5012401,F,Y,Y,0,124400.0,Working,Secondary / secondary special,Married,House / apartment,-25313,-8882,1,0,0,1,,2.0,0,69.3,0,24.32,62200.0,0.35093795093795094,medium,senior,senior,2.0
5012402,F,N,Y,0,260500.0,Working,Secondary / secondary special,Married,Municipal apartment,-13669,-5306,1,0,0,0,,2.0,0,37.42,0,14.53,130250.0,0.3882950293960449,high,adult,senior,2.0
5012403,F,N,N,0,267000.0,Working,Secondary / secondary special,Single / not married,House / apartment,-20234,-7001,1,0,0,0,Core staff,1.0,0,55.4,0,19.17,267000.0,0.346028880866426,high,senior,senior,1.0
5012404,M,N,Y,0,332900.0,Working,Secondary / secondary special,Married,House / apartment,-11878,-3885,1,0,0,1,Laborers,2.0,0,32.52,0,10.64,166450.0,0.32718327183271834,high,youth,senior,2.0
5012405,F,N,Y,0,162600.0,Pensioner,Higher education,Married,House / apartment,-12846,365243,1,0,0,0,,2.0,0,35.17,1,0.0,81300.0,0.0,medium,adult,entry,2.0
5012406,M,N,Y,0,566800.0,Commercial associate,Higher education,Married,House / apartment,-11746,-2174,1,0,0,0,Drivers,2.0,0,32.16,0,5.95,283400.0,0.18501243781094528,high,youth,mid,2.0
5012407,M,Y,Y,0,245700.0,Commercial associate,Secondary / secondary special,Married,House / apartment,-17754,-8967,1,0,1,0,Laborers,2.0,0,48.61,0,24.55,122850.0,0.5050401152026333,medium,adult,senior,3.0
5012408,M,N,Y,0,141800.0,Working,Secondary / secondary special,Civil marriage,House / apartment,-11434,-2294,1,0,0,0,Core staff,2.0,0,31.3,0,6.28,70900.0,0.20063897763578276,medium,youth,mid,1.0
5012409,M,N,Y,0,242200.0,Pensioner,Secondary / secondary special,Married,House / apartment,-20424,365243,1,0,0,0,,2.0,0,55.92,1,0.0,121100.0,0.0,medium,senior,entry,2.0
5012410,F,N,Y,1,208700.0,Working,Secondary / secondary special,Married,House / apartment,-19729,-5394,1,0,1,1,Core staff,3.0,1,54.02,0,14.77,69566.66666666667,0.2734172528693076,medium,adult,senior,2.0
5012411,M,Y,Y,0,981700.0,Commercial associate,Higher education,Single / not married,House / apartment,-14998,-270,1,1,0,0,,1.0,0,41.06,0,0.74,981700.0,0.01802240623477837,high,adult,entry,3.0
5012412,F,N,Y,2,412700.0,Working,Secondary / secondary special,Married,House / apartment,-7772,-905,1,0,1,0,Laborers,4.0,0,21.28,0,2.48,103175.0,0.11654135338345864,high,youth,entry,2.0
5012413,F,N,Y,0,250300.0,Working,Secondary / secondary special,Married,House / apartment,-7719,-782,1,0,0,0,Sales staff,2.0,0,21.13,0,2.14,125150.0,0.10127780407004261,high,youth,entry,2.0
5012414,F,N,Y,2,230800.0,Working,Secondary / secondary special,Married,House / apartment,-17035,-6927,1,1,0,0,Security staff,4.0,1,46.64,0,18.97,57700.0,0.40673241852487135,medium,adult,senior,2.0
5012415,M,N,N,0,392800.0,Commercial associate,Incomplete higher,Married,House / apartment,-22631,-8215,1,0,1,0,Laborers,2.0,0,61.96,0,22.49,196400.0,0.3629761136216914,high,senior,senior,1.0
5012416,F,N,Y,0,402300.0,Commercial associate,Academic degree,Single / not married,House / apartment,-18242,-6645,1,1,0,0,Laborers,1.0,0,49.94,0,18.19,402300.0,0.36423708450140174,high,adult,senior,2.0
5012417,F,Y,Y,0,56900.0,Working,Higher education,Married,House / apartment,-15261,-4425,1,0,1,0,Core staff,2.0,0,41.78,0,12.11,28450.0,0.28985160363810436,low,adult,senior,2.0
5012418,F,Y,Y,1,336700.0,Working,Higher education,Civil marriage,House / apartment,-23415,-4104,1,0,0,0,Sales staff,3.0,0,64.11,0,11.24,112233.33333333333,0.1753236624551552,high,senior,senior,3.0
5012419,M,N,N,0,247600.0,Pensioner,Higher education,Married,House / apartment,-10903,365243,1,0,0,0,,2.0,0,29.85,1,0.0,123800.0,0.0,medium,youth,entry,1.0
5012420,F,N,Y,0,126700.0,Working,Higher education,Married,House / apartment,-13869,-1770,1,1,1,0,Laborers,2.0,0,37.97,0,4.85,63350.0,0.12773242033184093,medium,adult,mid,1.0
5012421,F,Y,Y,2,379100.0,Working,Higher education,Married,House / apartment,-17629,-10543,1,0,0,0,,4.0,0,48.27,0,28.87,94775.0,0.5980940542780194,high,adult,senior,3.0
5012422,F,Y,Y,0,750500.0,Working,Higher education,Civil marriage,House / apartment,-12632,-4156,1,1,0,0,,2.0,0,34.58,0,11.38,375250.0,0.32909196067090807,high,youth,senior,3.0
5012423,M,Y,Y,0,322500.0,Pensioner,Secondary / secondary special,Married,Municipal apartment,-25526,365243,1,0,0,0,,2.0,0,69.89,1,0.0,161250.0,0.0,high,senior,entry,3.0
5012424,F,N,Y,0,423200.0,Working,Secondary / secondary special,Married,House / apartment,-15566,-7526,1,0,0,0,Accountants,2.0,0,42.62,0,20.61,211600.0,0.48357578601595497,high,adult,senior,2.0
5012425,M,Y,Y,0,601700.0,State servant,Secondary / secondary special,Married,House / apartment,-8250,-241,1,0,0,0,Low-skill Laborers,2.0,0,22.59,0,0.66,300850.0,0.029216467463479417,high,youth,entry,3.0
5012426,M,N,N,0,161200.0,Working,Secondary / secondary special,Married,House / apartment,-10521,-109,1,0,1,0,,2.0,0,28.8,0,0.3,80600.0,0.010416666666666666,medium,youth,entry,1.0
5012427,F,N,Y,0,96400.0,Working,Higher education,Married,House / apartment,-17029,-7321,1,0,1,0,Medicine staff,2.0,1,46.62,0,20.04,48200.0,0.42985842985842987,low,adult,senior,1.0
5012428,M,Y,Y,2,339000.0,Working,Higher education,Married,House / apartment,-17350,-8729,1,1,0,0,High skill tech staff,4.0,0,47.5,0,23.9,84750.0,0.503157894736842,high,adult,senior,3.0
5012429,M,N,Y,1,215700.0,Commercial associate,Secondary / secondary special,Civil marriage,House / apartment,-25278,-647,1,1,1,0,Low-skill Laborers,3.0,0,69.21,0,1.77,71900.0,0.025574338968357178,medium,senior,entry,2.0
5012430,M,Y,Y,0,122800.0,Working,Secondary / secondary special,Widow,House / apartment,-18262,-3273,1,0,1,0,Core staff,1.0,0,50.0,0,8.96,122800.0,0.17920000000000003,medium,adult,mid,2.0
5012431,F,N,Y,0,234800.0,Commercial associate,Incomplete higher,Married,House / apartment,-19479,-1387,1,0,0,0,,2.0,0,53.33,0,3.8,117400.0,0.0712544534033377,medium,adult,mid,2.0
5012432,F,Y,N,2,351200.0,Working,Secondary / secondary special,Married,House / apartment,-11208,-4632,1,0,0,0,,4.0,0,30.69,0,12.68,87800.0,0.4131638970348647,high,youth,senior,2.0
5012433,F,N,N,1,226600.0,Working,Secondary / secondary special,Married,House / apartment,-9257,-1523,1,1,0,0,Core staff,3.0,0,25.34,0,4.17,75533.33333333333,0.16456195737963694,medium,youth,mid,1.0
5012434,F,N,Y,2,164700.0,Pensioner,Higher education,Married,House / apartment,-18299,365243,1,0,0,0,,4.0,1,50.1,1,0.0,41175.0,0.0,medium,adult,entry,2.0
5012435,M,Y,Y,0,218300.0,Commercial associate,Secondary / secondary special,Married,House / apartment,-23100,-12721,1,0,1,0,Drivers,2.0,0,63.24,0,34.83,109150.0,0.5507590132827324,medium,senior,senior,3.0
5012436,F,Y,Y,1,241800.0,Working,Secondary / secondary special,Married,House / apartment,-18032,-9080,1,0,0,0,Cleaning staff,3.0,0,49.37,0,24.86,80600.0,0.5035446627506583,medium,adult,senior,3.0
5012437,F,N,Y,1,93000.0,Commercial associate,Secondary / secondary special,Single / not married,House / apartment,-15391,-3793,1,0,0,0,Managers,2.0,0,42.14,0,10.38,46500.0,0.2463217845277646,low,adult,senior,1.0
5012438,M,Y,Y,0,227300.0,Commercial associate,Secondary / secondary special,Married,Rented apartment,-17864,-8095,1,0,0,0,Laborers,2.0,0,48.91,0,22.16,113650.0,0.4530770803516664,medium,adult,senior,3.0
5012439,F,N,N,0,124700.0,Working,Secondary / secondary special,Married,House / apartment,-15866,-708,1,0,0,0,,2.0,0,43.44,0,1.94,62350.0,0.04465930018416207,medium,adult,entry,0.0
5012440,F,N,N,0,339400.0,Working,Secondary / secondary special,Separated,House / apartment,-9896,-2746,1,1,0,0,,1.0,0,27.09,0,7.52,339400.0,0.27759320782576596,high,youth,mid,1.0
5012441,M,N,Y,0,111900.0,Working,Secondary / secondary special,Widow,House / apartment,-20841,-9450,1,0,1,0,Managers,1.0,0,57.06,0,25.87,111900.0,0.4533824044865054,medium,senior,senior,1.0
5012442,M,N,Y,1,405100.0,Working,Secondary / secondary special,Married,House / apartment,-17040,-4987,1,0,0,0,Laborers,3.0,0,46.65,0,13.65,135033.33333333334,0.29260450160771706,high,adult,senior,2.0
5012443,M,N,Y,1,199000.0,Pensioner,Higher education,Married,Office apartment,-14598,365243,1,0,0,0,,3.0,0,39.97,1,0.0,66333.33333333333,0.0,medium,adult,entry,2.0
5012444,M,N,Y,1,186100.0,Working,Secondary / secondary special,Married,Rented apartment,-17525,-5272,1,0,1,0,,3.0,0,47.98,0,14.43,62033.333333333336,0.30075031263026264,medium,adult,senior,2.0
5012445,F,N,Y,1,282900.0,Working,Secondary / secondary special,Married,House / apartment,-11710,-4303,1,0,1,1,Laborers,3.0,0,32.06,0,11.78,94300.0,0.3674360573923892,high,youth,senior,2.0
5012446,F,Y,Y,0,158300.0,Working,Secondary / secondary special,Separated,With parents,-15121,-1928,1,0,0,0,Core staff,1.0,0,41.4,0,5.28,158300.0,0.127536231884058,medium,adult,mid,3.0
5012447,F,Y,Y,0,280600.0,State servant,Secondary / secondary special,Single / not married,House / apartment,-18672,-7721,1,1,0,0,Sales staff,1.0,0,51.12,0,21.14,280600.0,0.4135367762128326,high,adult,senior,3.0
5012448,F,N,Y,1,169300.0,Commercial associate,Secondary / secondary special,Single / not married,House / apartment,-11436,-543,1,0,0,0,Managers,2.0,0,31.31,0,1.49,84650.0,0.04758862983072501,medium,youth,entry,2.0
5012449,M,N,Y,0,184800.0,Working,Secondary / secondary special,Married,House / apartment,-20984,-4567,1,0,0,0,Cleaning staff,2.0,0,57.45,0,12.5,92400.0,0.2175805047867711,medium,senior,senior,2.0
5012450,F,N,N,0,299000.0,Working,Incomplete higher,Married,House / apartment,-16820,-5836,1,0,0,0,Core staff,2.0,0,46.05,0,15.98,149500.0,0.347014115092291,high,adult,senior,1.0
5012451,F,Y,Y,0,138200.0,Working,Higher education,Married,House / apartment,-23042,-8853,1,0,1,0,Managers,2.0,0,63.09,0,24.24,69100.0,0.3842130290061816,medium,senior,senior,2.0
5012452,F,N,Y,0,129700.0,Commercial associate,Secondary / secondary special,Married,House / apartment,-22778,-1321,1,0,0,0,Accountants,2.0,0,62.36,0,3.62,64850.0,0.058050032071840924,medium,senior,mid,1.0
5012453,F,Y,Y,0,276400.0,Working,Secondary / secondary special,Married,House / apartment,-16336,-1896,1,1,0,0,,2.0,0,44.73,0,5.19,138200.0,0.1160295103957076,high,adult,mid,3.0
5012454,F,Y,Y,0,240900.0,State servant,Secondary / secondary special,Married,Office apartment,-10875,-2204,1,0,0,0,,2.0,0,29.77,0,6.03,120450.0,0.20255290560967418,medium,youth,mid,3.0
5012455,F,N,Y,0,265600.0,Working,Secondary / secondary special,Married,House / apartment,-20758,-10530,1,1,0,0,,2.0,0,56.83,0,28.83,132800.0,0.5073024810839345,high,senior,senior,2.0
5012456,F,Y,Y,2,287600.0,Commercial associate,Higher education,Married,House / apartment,-14951,-797,1,0,1,0,Sales staff,4.0,0,40.93,0,2.18,71900.0,0.053261666259467384,high,adult,entry,3.0
5012457,M,N,Y,1,251200.0,Commercial associate,Secondary / secondary special,Married,House / apartment,-18164,-3253,1,0,0,0,Accountants,3.0,0,49.73,0,8.91,83733.33333333333,0.17916750452443195,high,adult,mid,2.0
5012458,M,Y,Y,1,330900.0,Pensioner,Higher education,Married,House / apartment,-9264,365243,1,0,0,1,,3.0,0,25.36,1,0.0,110300.0,0.0,high,youth,entry,3.0
5012459,M,N,N,0,256300.0,Working,Higher education,Married,House / apartment,-18839,-7934,1,0,0,0,Core staff,2.0,0,51.58,0,21.72,128150.0,0.42109344707250873,high,adult,senior,1.0
5012460,M,N,Y,1,89500.0,Commercial associate,Secondary / secondary special,Married,House / apartment,-14127,-3792,1,0,1,0,Managers,3.0,0,38.68,0,10.38,29833.333333333332,0.26835573940020685,low,adult,senior,1.0
5012461,F,Y,Y,1,101900.0,Working,Secondary / secondary special,Married,House / apartment,-13408,-4996,1,1,0,0,Laborers,3.0,0,36.71,0,13.68,33966.666666666664,0.3726505039498774,medium,adult,senior,2.0
5012462,F,Y,Y,0,640100.0,Working,Secondary / secondary special,Separated,House / apartment,-25201,-15808,1,1,1,1,,1.0,0,69.0,0,43.28,640100.0,0.6272463768115942,high,senior,senior,3.0
5012463,F,N,Y,2,244100.0,Pensioner,Secondary / secondary special,Married,House / apartment,-15202,365243,1,0,0,1,,4.0,0,41.62,1,0.0,61025.0,0.0,medium,adult,entry,2.0
5012464,F,N,N,0,392600.0,State servant,Higher education,Single / not married,Rented apartment,-19688,-9959,1,1,0,0,Managers,1.0,0,53.9,0,27.27,392600.0,0.5059369202226345,high,adult,senior,1.0
5012465,F,N,Y,2,205400.0,Commercial associate,Secondary / secondary special,Separated,House / apartment,-18769,-688,1,0,0,0,High skill tech staff,3.0,0,51.39,0,1.88,68466.66666666667,0.03658299280015567,medium,adult,entry,2.0
5012466,M,Y,Y,0,237200.0,Working,Secondary / secondary special,Married,House / apartment,-9210,-519,1,0,0,0,,2.0,0,25.22,0,1.42,118600.0,0.056304520222045996,medium,youth,entry,3.0
5012467,M,N,Y,0,194600.0,Pensioner,Higher education,Married,House / apartment,-20964,365243,1,0,0,0,,2.0,0,57.4,1,0.0,97300.0,0.0,medium,senior,entry,2.0
5012468,F,N,Y,0,837700.0,Working,Secondary / secondary special,Married,House / apartment,-13207,-1215,1,0,0,0,Laborers,2.0,0,36.16,0,3.33,418850.0,0.09209070796460178,high,adult,mid,2.0
5012469,F,N,N,0,277100.0,Working,Secondary / secondary special,Married,House / apartment,-21896,-13040,1,0,0,0,Laborers,2.0,0,59.95,0,35.7,138550.0,0.5954962468723937,high,senior,senior,1.0
5012470,F,N,Y,0,186800.0,Commercial associate,Secondary / secondary special,Married,House / apartment,-18402,-9554,1,0,1,0,Core staff,2.0,0,50.38,0,26.16,93400.0,0.5192536720921,medium,adult,senior,2.0
5012471,M,Y,Y,4,106900.0,Working,Secondary / secondary special,Single / not married,House / apartment,-13096,-2401,1,0,0,0,High skill tech staff,5.0,0,35.85,0,6.57,21380.0,0.18326359832635983,medium,adult,mid,2.0
5012472,M,Y,N,2,655000.0,State servant,Secondary / secondary special,Married,With parents,-13812,-1735,1,0,0,0,Laborers,4.0,0,37.82,0,4.75,163750.0,0.12559492332099417,high,adult,mid,2.0
5012473,F,N,N,2,225000.0,Working,Secondary / secondary special,Widow,House / apartment,-20664,-11106,1,0,0,0,Managers,3.0,0,56.57,0,30.41,75000.0,0.5375640799010076,medium,senior,senior,1.0
5012474,M,N,Y,0,354200.0,Working,Secondary / secondary special,Single / not married,House / apartment,-17350,-3194,1,0,1,0,Sales staff,1.0,0,47.5,0,8.74,354200.0,0.184,high,adult,mid,2.0
5012475,M,Y,Y,3,374500.0,Commercial associate,Secondary / secondary special,Married,House / apartment,-19511,-814,1,1,0,0,Sales staff,5.0,0,53.42,0,2.23,74900.0,0.0417446649195058,high,adult,entry,3.0
5012476,F,N,Y,0,193700.0,Pensioner,Secondary / secondary special,Married,House / apartment,-10196,365243,1,1,0,0,,2.0,0,27.92,1,0.0,96850.0,0.0,medium,youth,entry,2.0
5012477,M,Y,Y,1,341700.0,Working,Incomplete higher,Married,House / apartment,-21677,-6820,1,0,0,0,,3.0,0,59.35,0,18.67,113900.0,0.31457455770850884,high,senior,senior,3.0
5012478,F,Y,N,0,180500.0,Working,Secondary / secondary special,Married,House / apartment,-13156,-6077,1,0,0,0,Sales staff,2.0,0,36.02,0,16.64,90250.0,0.4619655746807329,medium,adult,senior,2.0
5012479,M,Y,Y,0,148800.0,Pensioner,Secondary / secondary special,Married,House / apartment,-18625,365243,1,0,0,0,,2.0,0,50.99,1,0.0,74400.0,0.0,medium,adult,entry,2.0
5012480,M,Y,Y,2,437000.0,Working,Higher education,Civil marriage,House / apartment,-9399,-2814,1,0,0,0,Managers,4.0,0,25.73,0,7.7,109250.0,0.29926156237854645,high,youth,mid,3.0
5012481,F,N,N,2,225600.0,Working,Incomplete higher,Married,Rented apartment,-13175,-4139,1,0,1,0,,4.0,0,36.07,0,11.33,56400.0,0.31411144995841417,medium,adult,senior,1.0
5012482,F,N,Y,0,316400.0,Commercial associate,Higher education,Married,With parents,-19155,-232,1,0,0,0,,2.0,0,52.44,0,0.64,158200.0,0.012204424103737605,high,adult,entry,2.0
5012483,F,Y,Y,1,299800.0,Working,Secondary / secondary special,Civil marriage,Municipal apartment,-12313,-2618,1,1,0,0,Laborers,3.0,0,33.71,0,7.17,99933.33333333333,0.21269652921981608,high,youth,mid,3.0
5012484,F,Y,N,0,335900.0,State servant,Secondary / secondary special,Married,House / apartment,-23382,-6473,1,0,0,0,High skill tech staff,2.0,0,64.02,0,17.72,167950.0,0.2767885035926273,high,senior,senior,2.0
5012485,M,N,N,1,112100.0,Commercial associate,Secondary / secondary special,Married,House / apartment,-19381,-5352,1,0,1,0,Drivers,3.0,0,53.06,0,14.65,37366.666666666664,0.2761025254428948,medium,adult,senior,0.0
5012486,F,Y,N,0,182200.0,State servant,Higher education,Married,House / apartment,-23198,-15739,1,0,1,1,Laborers,2.0,0,63.51,0,43.09,91100.0,0.6784758305778619,medium,senior,senior,2.0
5012487,M,N,Y,0,207600.0,Working,Secondary / secondary special,Married,House / apartment,-14526,-6680,1,1,1,1,Laborers,2.0,0,39.77,0,18.29,103800.0,0.4598943927583605,medium,adult,senior,2.0
5012488,F,Y,N,0,161100.0,State servant,Secondary / secondary special,Civil marriage,House / apartment,-7926,-1241,1,1,1,0,,2.0,0,21.7,0,3.4,80550.0,0.15668202764976957,medium,youth,mid,2.0
5012489,F,N,Y,0,302500.0,Working,Secondary / secondary special,Separated,House / apartment,-17827,-812,1,1,0,0,Laborers,1.0,0,48.81,0,2.22,302500.0,0.04548248309772588,high,adult,entry,2.0
5012490,F,Y,Y,1,441900.0,Working,Secondary / secondary special,Married,House / apartment,-13500,-130,1,0,0,0,,3.0,0,36.96,0,0.36,147300.0,0.00974025974025974,high,adult,entry,3.0
5012491,F,Y,N,0,478300.0,Working,Secondary / secondary special,Married,House / apartment,-15490,-2959,1,0,0,0,Laborers,2.0,0,42.41,0,8.1,239150.0,0.1909926904032068,high,adult,mid,2.0
5012492,M,Y,Y,0,206000.0,Working,Higher education,Married,House / apartment,-19744,-9869,1,0,0,0,,2.0,0,54.06,0,27.02,103000.0,0.4998150203477617,medium,adult,senior,3.0
5012493,M,Y,N,0,282500.0,Working,Secondary / secondary special,Single / not married,House / apartment,-20101,-9095,1,0,0,0,,1.0,0,55.03,0,24.9,282500.0,0.45248046520079954,high,senior,senior,2.0
5012494,F,N,Y,0,305100.0,Working,Secondary / secondary special,Married,House / apartment,-7808,-461,1,0,0,0,,2.0,0,21.38,0,1.26,152550.0,0.05893358278765201,high,youth,entry,2.0
5012495,F,N,Y,1,333100.0,Working,Higher education,Married,House / apartment,-21354,-2585,1,0,1,0,Core staff,3.0,0,58.46,0,7.08,111033.33333333333,0.12110845022237428,high,senior,mid,2.0
5012496,F,Y,N,0,157400.0,Working,Secondary / secondary special,Married,Municipal apartment,-16318,-1462,1,0,1,0,,2.0,0,44.68,0,4.0,78700.0,0.08952551477170993,medium,adult,mid,2.0
5012497,M,Y,Y,0,606700.0,Commercial associate,Secondary / secondary special,Separated,House / apartment,-17472,-3533,1,0,0,0,,1.0,0,47.84,0,9.67,606700.0,0.20213210702341136,high,adult,mid,3.0
5012498,M,N,Y,0,388000.0,Working,Secondary / secondary special,Married,House / apartment,-12747,-2121,1,0,0,0,,2.0,0,34.9,0,5.81,194000.0,0.1664756446991404,high,youth,mid,2.0
5012499,M,N,Y,0,393100.0,Pensioner,Secondary / secondary special,Married,Municipal apartment,-14990,365243,1,1,1,0,,2.0,0,41.04,1,0.0,196550.0,0.0,high,adult,entry,2.0
5012500,F,N,N,1,445600.0,Commercial associate,Secondary / secondary special,Civil marriage,House / apartment,-20278,-6732,1,1,0,0,,3.0,0,55.52,0,18.43,148533.33333333334,0.3319524495677233,high,senior,senior,1.0
5012501,F,N,Y,0,318900.0,Pensioner,Secondary / secondary special,Married,Co-op apartment,-21490,365243,1,0,1,0,,2.0,0,58.84,1,0.0,159450.0,0.0,high,senior,entry,2.0
5012502,F,N,Y,0,146100.0,Working,Higher education,Married,House / apartment,-14375,-1590,1,1,0,0,Private service staff,2.0,0,39.36,0,4.35,73050.0,0.11051829268292682,medium,adult,mid,1.0
5012503,M,N,Y,1,227700.0,State servant,Higher education,Married,House / apartment,-19927,-6639,1,0,1,0,Accountants,3.0,0,54.56,0,18.18,75900.0,0.33321114369501464,medium,adult,senior,2.0
5012504,F,N,N,0,106900.0,Commercial associate,Secondary / secondary special,Widow,House / apartment,-12018,-172,1,0,0,0,Core staff,1.0,0,32.9,0,0.47,106900.0,0.014285714285714285,medium,youth,entry,0.0
5012505,F,N,N,1,300400.0,State servant,Secondary / secondary special,Married,House / apartment,-22500,-11827,1,0,1,0,Drivers,3.0,0,61.6,0,32.38,100133.33333333333,0.5256493506493507,high,senior,senior,1.0
5012506,M,Y,N,0,224300.0,Working,Secondary / secondary special,Married,House / apartment,-18442,-2943,1,0,0,0,,2.0,0,50.49,0,8.06,112150.0,0.1596355714002773,medium,adult,mid,2.0
5012507,F,Y,Y,1,239200.0,Commercial associate,Secondary / secondary special,Married,House / apartment,-21462,-14279,1,1,0,0,IT staff,3.0,0,58.76,0,39.09,79733.33333333333,0.6652484683458135,medium,senior,senior,3.0
5012508,F,Y,Y,0,445700.0,Pensioner,Secondary / secondary special,Single / not married,House / apartment,-16019,365243,1,0,0,0,,1.0,0,43.86,1,0.0,445700.0,0.0,high,adult,entry,3.0
5012509,F,N,Y,0,194300.0,Working,Secondary / secondary special,Married,House / apartment,-11489,-1276,1,1,0,0,Core staff,2.0,0,31.46,0,3.49,97150.0,0.11093452002542913,medium,youth,mid,2.0
5012510,F,N,Y,0,215200.0,Commercial associate,Secondary / secondary special,Married,House / apartment,-15144,-6948,1,1,0,0,Managers,2.0,0,41.46,0,19.02,107600.0,0.4587554269175108,medium,adult,senior,2.0
5012511,M,N,Y,1,246800.0,Pensioner,Secondary / secondary special,Married,House / apartment,-14272,365243,1,0,0,0,,3.0,0,39.07,1,0.0,82266.66666666667,0.0,medium,adult,entry,2.0
5012512,M,Y,N,2,97300.0,Commercial associate,Secondary / secondary special,Married,House / apartment,-13381,-3799,1,0,0,0,,4.0,1,36.64,0,10.4,24325.0,0.2838427947598253,low,adult,senior,1.0
5012513,F,N,N,0,213700.0,Working,Higher education,Single / not married,House / apartment,-11180,-993,1,1,1,0,Laborers,1.0,0,30.61,0,2.72,213700.0,0.08885984972231298,medium,youth,entry,1.0
5012514,M,N,Y,1,70400.0,Commercial associate,Higher education,Married,House / apartment,-21169,-8431,1,0,0,0,Managers,3.0,0,57.96,0,23.08,23466.666666666668,0.39820565907522426,low,senior,senior,1.0
5012515,F,Y,Y,0,182200.0,Working,Secondary / secondary special,Single / not married,House / apartment,-8882,-2224,1,0,1,0,Laborers,1.0,0,24.32,0,6.09,182200.0,0.2504111842105263,medium,youth,mid,3.0
5012516,F,N,N,2,374400.0,Pensioner,Secondary / secondary special,Single / not married,With parents,-23514,365243,1,0,0,0,,3.0,1,64.38,1,0.0,124800.0,0.0,high,senior,entry,1.0
5012517,F,N,Y,1,305300.0,Working,Higher education,Separated,House / apartment,-10501,-2906,1,0,0,0,Sales staff,2.0,0,28.75,0,7.96,152650.0,0.2768695652173913,high,youth,mid,2.0
5012518,F,N,Y,0,181300.0,Working,Secondary / secondary special,Married,House / apartment,-25200,-9100,1,0,0,0,Sales staff,2.0,0,68.99,0,24.91,90650.0,0.3610668212784462,medium,senior,senior,2.0
5012519,M,N,Y,1,249200.0,Working,Secondary / secondary special,Married,House / apartment,-25357,365243,1,0,1,0,,3.0,0,69.42,1,0.0,83066.66666666667,0.0,medium,senior,entry,2.0
5012520,M,N,Y,0,142600.0,Commercial associate,Secondary / secondary special,Married,House / apartment,-14581,-1229,1,1,0,0,Security staff,2.0,0,39.92,0,3.36,71300.0,0.08416833667334668,medium,adult,mid,1.0
5012521,M,N,N,0,243800.0,State servant,Secondary / secondary special,Widow,House / apartment,-25345,-13864,1,1,1,0,Sales staff,1.0,0,69.39,0,37.96,243800.0,0.5470528894653408,medium,senior,senior,1.0
5012522,F,N,Y,0,1056700.0,Working,Secondary / secondary special,Civil marriage,House / apartment,-23176,-10472,1,1,0,0,Laborers,2.0,0,63.45,0,28.67,528350.0,0.45185185185185184,high,senior,senior,2.0
5012523,M,N,Y,2,614400.0,Working,Secondary / secondary special,Married,House / apartment,-8810,-217,1,1,1,0,,4.0,1,24.12,0,0.59,153600.0,0.024461028192371472,high,youth,entry,2.0
5012524,M,Y,Y,2,250600.0,Working,Secondary / secondary special,Separated,With parents,-24606,-889,1,0,1,0,Laborers,3.0,0,67.37,0,2.43,83533.33333333333,0.03606946712186433,high,senior,entry,3.0
5012525,F,N,N,1,264500.0,Pensioner,Higher education,Civil marriage,House / apartment,-8081,365243,1,0,1,0,,3.0,0,22.12,1,0.0,88166.66666666667,0.0,high,youth,entry,1.0
5012526,F,Y,Y,3,149600.0,Working,Secondary / secondary special,Separated,House / apartment,-10627,-3800,1,0,1,0,,4.0,0,29.1,0,10.4,37400.0,0.35738831615120276,medium,youth,senior,2.0
5012527,M,Y,Y,1,163500.0,Working,Secondary / secondary special,Married,House / apartment,-17981,-7694,1,1,0,0,Managers,3.0,0,49.23,0,21.07,54500.0,0.4279910623603494,medium,adult,senior,3.0
5012528,F,N,N,0,292600.0,Commercial associate,Secondary / secondary special,Civil marriage,House / apartment,-8779,-596,1,1,0,0,Core staff,2.0,0,24.04,0,1.63,146300.0,0.06780366056572379,high,youth,entry,1.0
5012529,F,N,N,0,187800.0,Working,Secondary / secondary special,Civil marriage,House / apartment,-10259,-2351,1,0,0,0,Laborers,2.0,0,28.09,0,6.44,93900.0,0.22926308294766823,medium,youth,mid,1.0
5012530,M,N,N,0,383700.0,Working,Secondary / secondary special,Married,House / apartment,-24718,-10422,1,0,0,0,Laborers,2.0,0,67.67,0,28.53,191850.0,0.42160484705186935,high,senior,senior,1.0
5012531,M,Y,N,0,535200.0,Working,Secondary / secondary special,Widow,With parents,-25470,-6933,1,0,0,0,Laborers,1.0,0,69.73,0,18.98,535200.0,0.2721927434389789,high,senior,senior,2.0
5012532,M,Y,Y,0,288300.0,Pensioner,Secondary / secondary special,Married,House / apartment,-21881,365243,1,0,0,0,,2.0,0,59.91,1,0.0,144150.0,0.0,high,senior,entry,3.0
5012533,F,Y,Y,0,256900.0,Pensioner,Secondary / secondary special,Married,House / apartment,-16714,365243,1,0,1,0,,2.0,0,45.76,1,0.0,128450.0,0.0,high,adult,entry,3.0
5012534,M,Y,Y,1,105400.0,Commercial associate,Secondary / secondary special,Single / not married,House / apartment,-23747,-4369,1,1,0,0,Sales staff,2.0,0,65.02,0,11.96,52700.0,0.1839434020301446,medium,senior,senior,2.0
5012535,F,N,Y,1,354800.0,Working,Higher education,Married,House / apartment,-9349,-878,1,0,0,0,,3.0,0,25.6,0,2.4,118266.66666666667,0.09374999999999999,high,youth,entry,2.0
5012536,F,Y,N,0,137800.0,Working,Secondary / secondary special,Civil marriage,House / apartment,-24525,-17376,1,0,0,0,,2.0,0,67.15,0,47.57,68900.0,0.7084139985107967,medium,senior,senior,1.0
5012537,F,N,N,2,198100.0,Working,Secondary / secondary special,Married,House / apartment,-13725,-1872,1,0,1,0,Core staff,4.0,0,37.58,0,5.13,49525.0,0.13650878126663119,medium,adult,mid,1.0
5012538,M,Y,N,0,394500.0,Commercial associate,Incomplete higher,Married,House / apartment,-23038,-13352,1,0,0,0,Managers,2.0,0,63.07,0,36.56,197250.0,0.5796733787854765,high,senior,senior,2.0
5012539,F,N,Y,1,408500.0,Commercial associate,Secondary / secondary special,Married,House / apartment,-19511,-8784,1,0,0,0,Accountants,3.0,0,53.42,0,24.05,136166.66666666666,0.4502059153874953,high,adult,senior,2.0
5012540,F,Y,N,0,193300.0,Pensioner,Higher education,Married,House / apartment,-24842,365243,1,0,0,0,,2.0,0,68.01,1,0.0,96650.0,0.0,medium,senior,entry,2.0
5012541,F,Y,N,0,199000.0,Working,Secondary / secondary special,Single / not married,With parents,-23096,-12632,1,0,0,0,,1.0,0,63.23,0,34.58,199000.0,0.5468922979598292,medium,senior,senior,2.0
5012542,F,Y,Y,2,172100.0,Commercial associate,Secondary / secondary special,Married,House / apartment,-23520,-2816,1,0,0,0,Drivers,4.0,0,64.39,0,7.71,43025.0,0.11973908992079516,medium,senior,mid,3.0
5012543,F,N,N,0,134100.0,Commercial associate,Secondary / secondary special,Married,House / apartment,-18842,-10413,1,0,0,0,Laborers,2.0,0,51.59,0,28.51,67050.0,0.5526264779996123,medium,adult,senior,0.0
5012544,F,N,Y,0,177700.0,Working,Higher education,Married,House / apartment,-22521,-4653,1,1,1,0,,2.0,0,61.66,0,12.74,88850.0,0.2066169315601687,medium,senior,senior,2.0
5012545,F,N,Y,0,109000.0,Commercial associate,Secondary / secondary special,Single / not married,Municipal apartment,-21132,-3964,1,0,1,0,,1.0,0,57.86,0,10.85,109000.0,0.18752160387141376,medium,senior,senior,1.0
5012546,F,N,Y,0,343500.0,Pensioner,Higher education,Married,House / apartment,-10257,365243,1,0,1,0,,2.0,0,28.08,1,0.0,171750.0,0.0,high,youth,entry,2.0
5012547,M,Y,Y,4,297400.0,Pensioner,Higher education,Single / not married,House / apartment,-19150,365243,1,0,0,0,,5.0,0,52.43,1,0.0,59480.0,0.0,high,adult,entry,3.0
5012548,M,N,Y,0,323100.0,Commercial associate,Secondary / secondary special,Married,House / apartment,-10011,-3275,1,1,0,0,Laborers,2.0,0,27.41,0,8.97,161550.0,0.32725282743524264,high,youth,mid,2.0
5012549,M,N,Y,1,151500.0,Working,Secondary / secondary special,Married,House / apartment,-23183,-7844,1,0,0,0,Drivers,3.0,0,63.47,0,21.48,50500.0,0.3384276035922483,medium,senior,senior,2.0
5012550,F,Y,N,0,134300.0,Pensioner,Secondary / secondary special,Civil marriage,House / apartment,-8509,365243,1,0,0,0,,2.0,0,23.3,1,0.0,67150.0,0.0,medium,youth,entry,1.0
5012551,F,Y,Y,0,250800.0,Commercial associate,Secondary / secondary special,Married,House / apartment,-25331,-9456,1,1,1,0,Managers,2.0,0,69.35,0,25.89,125400.0,0.373323720259553,high,senior,senior,3.0
5012552,F,Y,N,0,252100.0,Working,Higher education,Married,House / apartment,-14621,-1996,1,0,0,1,Laborers,2.0,0,40.03,0,5.46,126050.0,0.13639770172370722,high,adult,mid,2.0
5012553,F,Y,Y,1,226800.0,Working,Secondary / secondary special,Single / not married,Office apartment,-10421,-688,1,0,1,0,Managers,2.0,0,28.53,0,1.88,113400.0,0.06589554854539081,medium,youth,entry,3.0
5012554,F,N,Y,0,211200.0,Working,Secondary / secondary special,Married,House / apartment,-24393,-15347,1,0,0,0,Medicine staff,2.0,0,66.78,0,42.02,105600.0,0.6292303084755916,medium,senior,senior,2.0
5012555,F,Y,Y,0,574300.0,Working,Secondary / secondary special,Single / not married,House / apartment,-8135,-46,1,1,0,0,Laborers,1.0,0,22.27,0,0.13,574300.0,0.005837449483610238,high,youth,entry,3.0
5012556,M,Y,Y,0,302100.0,Commercial associate,Higher education,Single / not married,House / apartment,-15890,-5398,1,1,1,1,Core staff,1.0,0,43.5,0,14.78,302100.0,0.33977011494252873,high,adult,senior,3.0
5012557,F,Y,Y,0,654000.0,Working,Secondary / secondary special,Married,House / apartment,-21371,-9493,1,0,1,0,Laborers,2.0,0,58.51,0,25.99,327000.0,0.4441975730644334,high,senior,senior,3.0
5012558,M,N,Y,1,460400.0,Working,Lower secondary,Married,House / apartment,-13090,-2219,1,1,0,0,Sales staff,3.0,0,35.84,0,6.08,153466.66666666666,0.16964285714285712,high,adult,mid,2.0
5012559,M,N,Y,0,572100.0,Working,Higher education,Married,House / apartment,-16963,-2387,1,0,0,0,High skill tech staff,2.0,0,46.44,0,6.54,286050.0,0.14082687338501293,high,adult,mid,2.0
5012560,M,Y,Y,0,142700.0,Working,Higher education,Separated,House / apartment,-20096,-6672,1,0,0,0,Cleaning staff,1.0,0,55.02,0,18.27,142700.0,0.3320610687022901,medium,senior,senior,2.0
5012561,M,Y,N,0,328400.0,Working,Secondary / secondary special,Widow,House / apartment,-24690,-1835,1,0,0,0,Laborers,1.0,0,67.6,0,5.02,328400.0,0.07426035502958579,high,senior,mid,2.0
5012562,F,Y,Y,0,196700.0,Working,Secondary / secondary special,Married,House / apartment,-9181,-1053,1,0,0,0,,2.0,0,25.14,0,2.88,98350.0,0.11455847255369928,medium,youth,entry,3.0
5012563,F,N,Y,0,106300.0,Working,Secondary / secondary special,Married,House / apartment,-10176,-846,1,0,0,0,Laborers,2.0,0,27.86,0,2.32,53150.0,0.0832735104091888,medium,youth,entry,1.0
5012564,M,Y,Y,0,515800.0,Commercial associate,Secondary / secondary special,Married,House / apartment,-16598,-519,1,0,0,1,Cleaning staff,2.0,0,45.44,0,1.42,257900.0,0.03125,high,adult,entry,3.0
5012565,F,N,Y,0,210800.0,Working,Higher education,Married,House / apartment,-14947,-3017,1,0,0,0,,2.0,0,40.92,0,8.26,105400.0,0.20185728250244378,medium,adult,mid,2.0
5012566,F,N,Y,0,144000.0,Commercial associate,Secondary / secondary special,Married,With parents,-14807,-6505,1,0,0,0,,2.0,0,40.54,0,17.81,72000.0,0.4393191909225456,medium,adult,senior,1.0
5012567,M,N,N,0,198400.0,Working,Secondary / secondary special,Single / not married,Rented apartment,-12728,-2368,1,0,0,0,Drivers,1.0,0,34.85,0,6.48,198400.0,0.18593974175035868,medium,youth,mid,1.0
5012568,F,Y,N,1,164000.0,Working,Secondary / secondary special,Separated,House / apartment,-17545,-7019,1,0,0,0,Core staff,2.0,0,48.04,0,19.22,82000.0,0.40008326394671107,medium,adult,senior,2.0
5012569,M,N,Y,1,172600.0,Working,Secondary / secondary special,Widow,House / apartment,-23436,-14838,1,0,0,1,Managers,2.0,1,64.16,0,40.62,86300.0,0.6331047381546134,medium,senior,senior,2.0
5012570,F,N,Y,0,218500.0,Working,Secondary / secondary special,Married,House / apartment,-10244,-1154,1,0,0,0,Core staff,2.0,0,28.05,0,3.16,109250.0,0.11265597147950089,medium,youth,mid,2.0
5012571,F,Y,Y,0,580100.0,Working,Secondary / secondary special,Separated,House / apartment,-11237,-2335,1,0,0,1,Sales staff,1.0,0,30.77,0,6.39,580100.0,0.20766980825479361,high,youth,mid,3.0
5012572,M,Y,N,1,175000.0,Working,Secondary / secondary special,Single / not married,House / apartment,-19556,-5018,1,0,0,1,Accountants,2.0,0,53.54,0,13.74,87500.0,0.25663055659320133,medium,adult,senior,2.0
5012573,M,Y,Y,1,559700.0,Working,Secondary / secondary special,Married,House / apartment,-8331,-1615,1,1,0,0,Low-skill Laborers,3.0,0,22.81,0,4.42,186566.66666666666,0.19377466023673828,high,youth,mid,3.0
5012574,F,Y,Y,0,373200.0,Commercial associate,Secondary / secondary special,Married,House / apartment,-19610,-5745,1,0,0,0,Drivers,2.0,0,53.69,0,15.73,186600.0,0.2929782082324455,high,adult,senior,3.0
5012575,F,Y,N,1,297600.0,Working,Secondary / secondary special,Single / not married,House / apartment,-13048,-4652,1,0,0,0,Managers,2.0,0,35.72,0,12.74,148800.0,0.35666293393057114,high,adult,senior,2.0
5012576,M,N,N,1,354900.0,Pensioner,Secondary / secondary special,Separated,House / apartment,-13840,365243,1,1,1,0,,2.0,0,37.89,1,0.0,177450.0,0.0,high,adult,entry,1.0
5012577,F,N,N,0,245800.0,Pensioner,Higher education,Married,House / apartment,-14711,365243,1,0,1,0,,2.0,0,40.28,1,0.0,122900.0,0.0,medium,adult,entry,1.0
5012578,F,N,N,0,464400.0,Pensioner,Higher education,Married,House / apartment,-13689,365243,1,0,1,0,,2.0,0,37.48,1,0.0,232200.0,0.0,high,adult,entry,1.0
5012579,F,Y,N,1,324100.0,Working,Secondary / secondary special,Married,House / apartment,-22668,-2835,1,0,1,0,Laborers,3.0,0,62.06,0,7.76,108033.33333333333,0.1250402835965195,high,senior,mid,2.0
5012580,F,N,Y,0,106200.0,Pensioner,Secondary / secondary special,Widow,House / apartment,-24583,365243,1,1,1,0,,1.0,0,67.3,1,0.0,106200.0,0.0,medium,senior,entry,1.0
5012581,F,Y,Y,1,283100.0,Working,Secondary / secondary special,Widow,House / apartment,-17313,-8713,1,0,1,0,Managers,2.0,0,47.4,0,23.85,141550.0,0.5031645569620253,high,adult,senior,3.0
5012582,F,N,N,1,361300.0,Working,Higher education,Married,House / apartment,-17932,-220,1,1,1,0,,3.0,0,49.1,0,0.6,120433.33333333333,0.012219959266802444,high,adult,entry,1.0
5012583,F,Y,Y,1,211300.0,Working,Higher education,Married,House / apartment,-8592,-1415,1,0,0,0,Medicine staff,3.0,0,23.52,0,3.87,70433.33333333333,0.16454081632653061,medium,youth,mid,3.0
5012584,F,Y,N,0,260000.0,State servant,Secondary / secondary special,Separated,House / apartment,-20330,-9772,1,1,0,1,Laborers,1.0,0,55.66,0,26.75,260000.0,0.48059647862019406,high,senior,senior,2.0
5012585,M,N,Y,0,179700.0,Working,Higher education,Single / not married,Rented apartment,-17972,-17,1,0,0,0,Managers,1.0,0,49.2,0,0.05,179700.0,0.001016260162601626,medium,adult,entry,2.0
5012586,M,Y,Y,0,122600.0,Pensioner,Secondary / secondary special,Widow,With parents,-8225,365243,1,0,0,0,,1.0,0,22.52,1,0.0,122600.0,0.0,medium,youth,entry,2.0
5012587,F,N,Y,1,112500.0,Working,Secondary / secondary special,Civil marriage,House / apartment,-10929,-1655,1,0,0,0,Laborers,3.0,0,29.92,0,4.53,37500.0,0.15140374331550802,medium,youth,mid,1.0
5012588,F,N,Y,1,113200.0,Pensioner,Incomplete higher,Married,House / apartment,-10993,365243,1,0,0,1,,3.0,0,30.1,1,0.0,37733.333333333336,0.0,medium,youth,entry,1.0
5012589,M,N,Y,0,341100.0,Pensioner,Secondary / secondary special,Single / not married,House / apartment,-10427,365243,1,0,1,0,,1.0,0,28.55,1,0.0,341100.0,0.0,high,youth,entry,2.0
5012590,F,N,N,0,70300.0,Pensioner,Secondary / secondary special,Married,House / apartment,-19334,365243,1,0,1,0,,2.0,1,52.93,1,0.0,35150.0,0.0,low,adult,entry,0.0
5012591,F,N,Y,2,174900.0,Working,Higher education,Single / not married,House / apartment,-24261,-15458,1,1,1,0,Security staff,3.0,1,66.42,0,42.32,58300.0,0.637157482685938,medium,senior,senior,2.0
5012592,M,Y,N,3,166500.0,Pensioner,Secondary / secondary special,Married,House / apartment,-21239,365243,1,0,0,0,,5.0,0,58.15,1,0.0,33300.0,0.0,medium,senior,entry,2.0
5012593,F,N,Y,0,212000.0,State servant,Higher education,Separated,House / apartment,-16023,-4183,1,0,1,0,,1.0,0,43.87,0,11.45,212000.0,0.26099840437656713,medium,adult,senior,2.0
5012594,M,N,Y,0,96500.0,Working,Secondary / secondary special,Widow,House / apartment,-14684,-4078,1,0,1,0,Medicine staff,1.0,1,40.2,0,11.16,96500.0,0.27761194029850744,low,adult,senior,1.0
5012595,M,Y,Y,1,298800.0,Working,Secondary / secondary special,Married,Office apartment,-14363,-2268,1,1,0,0,Laborers,3.0,0,39.32,0,6.21,99600.0,0.1579348931841302,high,adult,mid,3.0
5012596,F,Y,Y,1,129200.0,Commercial associate,Secondary / secondary special,Married,House / apartment,-18285,-140,1,1,0,1,Core staff,3.0,0,50.06,0,0.38,43066.666666666664,0.0075908909308829405,medium,adult,entry,2.0
5012597,F,N,N,2,430100.0,Working,Secondary / secondary special,Married,House / apartment,-13865,-4134,1,0,0,0,High skill tech staff,4.0,0,37.96,0,11.32,107525.0,0.2982086406743941,high,adult,senior,1.0
5012598,M,N,N,0,178900.0,Commercial associate,Higher education,Civil marriage,House / apartment,-11435,-2425,1,0,0,0,Laborers,2.0,0,31.31,0,6.64,89450.0,0.21207282018524434,medium,youth,mid,1.0
5012599,F,N,N,0,232700.0,Working,Higher education,Single / not married,House / apartment,-18314,-6917,1,0,0,0,Laborers,1.0,0,50.14,0,18.94,232700.0,0.3777423214998006,medium,adult,senior,1.0
5012600,F,Y,N,0,244600.0,Working,Secondary / secondary special,Widow,House / apartment,-14440,-6771,1,0,0,1,Sales staff,1.0,0,39.53,0,18.54,244600.0,0.4690108778143182,medium,adult,senior,2.0
5012601,M,N,Y,1,275800.0,Working,Secondary / secondary special,Married,Rented apartment,-7563,-28,1,0,0,0,Drivers,3.0,0,20.71,0,0.08,91933.33333333333,0.00386286817962337,high,youth,entry,2.0
5012602,M,Y,N,1,248700.0,Working,Higher education,Married,House / apartment,-7711,-280,1,0,1,0,Medicine staff,3.0,0,21.11,0,0.77,82900.0,0.0364756039791568,medium,youth,entry,2.0
5012603,F,N,N,2,197200.0,Working,Higher education,Married,House / apartment,-12311,365243,1,0,0,0,,4.0,0,33.71,1,0.0,49300.0,0.0,medium,youth,entry,1.0
5012604,M,N,N,0,289800.0,Pensioner,Higher education,Married,With parents,-16663,365243,1,1,0,1,,2.0,0,45.62,1,0.0,144900.0,0.0,high,adult,entry,1.0
5012605,F,Y,Y,1,308200.0,Working,Secondary / secondary special,Married,House / apartment,-13774,-2283,1,0,1,0,,3.0,0,37.71,0,6.25,102733.33333333333,0.16573853089366217,high,adult,mid,3.0
5012606,F,N,N,0,166500.0,Pensioner,Secondary / secondary special,Separated,House / apartment,-7744,365243,1,0,0,0,,1.0,0,21.2,1,0.0,166500.0,0.0,medium,youth,entry,1.0
5012607,F,N,Y,0,302100.0,Pensioner,Higher education,Married,House / apartment,-11380,365243,1,0,0,0,,2.0,0,31.16,1,0.0,151050.0,0.0,high,youth,entry,2.0
5012608,M,N,N,0,443000.0,Working,Higher education,Civil marriage,House / apartment,-9066,-248,1,0,1,0,Managers,2.0,0,24.82,0,0.68,221500.0,0.027397260273972605,high,youth,entry,1.0
5012609,F,N,Y,1,347500.0,Working,Secondary / secondary special,Married,House / apartment,-24629,-14918,1,0,0,0,Drivers,3.0,0,67.43,0,40.84,115833.33333333333,0.6056651342132582,high,senior,senior,2.0
5012610,F,N,Y,3,389100.0,Working,Secondary / secondary special,Married,House / apartment,-13018,-4974,1,0,0,0,Managers,5.0,0,35.64,0,13.62,77820.0,0.38215488215488214,high,adult,senior,2.0
5012611,M,N,Y,0,266000.0,Working,Secondary / secondary special,Married,House / apartment,-7575,-657,1,0,1,0,Laborers,2.0,0,20.74,0,1.8,133000.0,0.08678881388621024,high,youth,entry,2.0
5012612,M,Y,Y,0,152900.0,Working,Higher education,Married,House / apartment,-19369,-9216,1,0,0,0,Laborers,2.0,0,53.03,0,25.23,76450.0,0.47576843296247406,medium,adult,senior,3.0
5012613,M,Y,Y,1,162900.0,Commercial associate,Higher education,Separated,Municipal apartment,-11550,-3603,1,0,0,0,Core staff,2.0,0,31.62,0,9.86,81450.0,0.31182795698924726,medium,youth,mid,3.0
5012614,F,Y,N,0,286500.0,State servant,Higher education,Married,House / apartment,-17655,-10597,1,0,1,0,,2.0,0,48.34,0,29.01,143250.0,0.6001241208109226,high,adult,senior,2.0
5012615,F,N,Y,2,391200.0,Working,Secondary / secondary special,Married,House / apartment,-10058,-1998,1,0,1,0,,4.0,0,27.54,0,5.47,97800.0,0.19862018881626725,high,youth,mid,2.0
5012616,M,N,Y,0,983100.0,Commercial associate,Secondary / secondary special,Civil marriage,House / apartment,-25276,-7092,1,0,0,0,,2.0,0,69.2,0,19.42,491550.0,0.28063583815028903,high,senior,senior,2.0
5012617,F,Y,Y,0,398900.0,State servant,Higher education,Widow,House / apartment,-25024,-9283,1,0,1,0,Low-skill Laborers,1.0,0,68.51,0,25.42,398900.0,0.37104072398190047,high,senior,senior,3.0
5012618,M,N,Y,0,136000.0,Pensioner,Secondary / secondary special,Married,House / apartment,-19285,365243,1,0,0,1,,2.0,0,52.8,1,0.0,68000.0,0.0,medium,adult,entry,1.0
5012619,F,N,Y,0,166300.0,Pensioner,Secondary / secondary special,Married,House / apartment,-20220,365243,1,1,0,0,,2.0,0,55.36,1,0.0,83150.0,0.0,medium,senior,entry,2.0
5012620,F,N,Y,0,762800.0,Pensioner,Secondary / secondary special,Married,House / apartment,-15083,365243,1,0,0,0,,2.0,0,41.3,1,0.0,381400.0,0.0,high,adult,entry,2.0
5012621,F,Y,Y,0,219300.0,Working,Higher education,Married,House / apartment,-24877,-4035,1,0,1,0,Sales staff,2.0,0,68.11,0,11.05,109650.0,0.16223755689326091,medium,senior,senior,3.0
5012622,F,N,Y,0,250000.0,Pensioner,Secondary / secondary special,Married,House / apartment,-15044,365243,1,0,1,0,,2.0,0,41.19,1,0.0,125000.0,0.0,medium,adult,entry,2.0
5012623,F,Y,Y,0,151000.0,State servant,Secondary / secondary special,Separated,House / apartment,-11678,-4095,1,0,1,0,,1.0,0,31.97,0,11.21,151000.0,0.3506412261495152,medium,youth,senior,3.0
5012624,F,Y,Y,2,533900.0,Working,Secondary / secondary special,Married,House / apartment,-9412,-1484,1,0,0,0,Laborers,4.0,0,25.77,0,4.06,133475.0,0.1575475358944509,high,youth,mid,3.0
5012625,F,N,Y,0,313500.0,Working,Secondary / secondary special,Married,House / apartment,-11106,-4122,1,0,0,0,,2.0,0,30.41,0,11.29,156750.0,0.3712594541269319,high,youth,senior,2.0
5012626,F,Y,N,0,165700.0,Working,Secondary / secondary special,Single / not married,House / apartment,-17755,-5370,1,0,1,0,Core staff,1.0,0,48.61,0,14.7,165700.0,0.30240691215799215,medium,adult,senior,2.0
5012627,M,Y,Y,1,148500.0,Working,Secondary / secondary special,Civil marriage,With parents,-11781,-1754,1,1,0,0,,3.0,0,32.25,0,4.8,49500.0,0.14883720930232558,medium,youth,mid,2.0
5012628,M,N,Y,0,284700.0,Working,Higher education,Married,House / apartment,-19253,-2586,1,0,0,0,,2.0,1,52.71,0,7.08,142350.0,0.13431986340352875,high,adult,mid,2.0
5012629,M,Y,Y,0,249600.0,Commercial associate,Secondary / secondary special,Married,Municipal apartment,-14285,-3918,1,0,1,0,Drivers,2.0,1,39.11,0,10.73,124800.0,0.2743543850677576,medium,adult,senior,3.0
5012630,F,N,Y,1,370100.0,Commercial associate,Secondary / secondary special,Married,House / apartment,-23502,-6440,1,0,1,1,Core staff,3.0,0,64.34,0,17.63,123366.66666666667,0.27401305564190237,high,senior,senior,2.0
5012631,F,Y,Y,1,320900.0,Working,Higher education,Married,House / apartment,-17504,-934,1,0,0,0,Managers,3.0,0,47.92,0,2.56,106966.66666666667,0.05342237061769616,high,adult,entry,3.0
5012632,F,Y,Y,1,213900.0,Working,Secondary / secondary special,Married,House / apartment,-18675,-397,1,0,0,0,Cleaning staff,3.0,0,51.13,0,1.09,71300.0,0.021318208488167418,medium,adult,entry,3.0
5012633,M,Y,Y,0,186000.0,Pensioner,Secondary / secondary special,Married,Municipal apartment,-17469,365243,1,0,0,0,,2.0,0,47.83,1,0.0,93000.0,0.0,medium,adult,entry,3.0
5012634,F,Y,Y,1,225400.0,Working,Secondary / secondary special,Married,House / apartment,-23478,-7325,1,0,1,0,,3.0,0,64.28,0,20.05,75133.33333333333,0.3119166148102054,medium,senior,senior,3.0
5012635,F,N,Y,0,185400.0,Working,Higher education,Married,House / apartment,-8463,-988,1,0,0,0,,2.0,0,23.17,0,2.7,92700.0,0.11652999568407424,medium,youth,entry,2.0
5012636,F,N,Y,0,228700.0,Commercial associate,Higher education,Married,House / apartment,-8535,-811,1,0,0,0,Security staff,2.0,0,23.37,0,2.22,114350.0,0.09499358151476252,medium,youth,entry,2.0
5012637,F,N,N,1,246100.0,Working,Secondary / secondary special,Widow,House / apartment,-20121,-1930,1,0,1,0,Managers,2.0,0,55.09,0,5.28,123050.0,0.09584316572880741,medium,senior,mid,1.0
5012638,F,N,Y,0,155800.0,Working,Secondary / secondary special,Married,House / apartment,-21330,-12218,1,0,0,0,,2.0,0,58.4,0,33.45,77900.0,0.5727739726027398,medium,senior,senior,2.0
5012639,M,Y,Y,2,334600.0,Working,Higher education,Civil marriage,House / apartment,-15223,-1428,1,0,0,0,Managers,4.0,0,41.68,0,3.91,83650.0,0.09380998080614204,high,adult,mid,3.0
5012640,F,N,N,0,202900.0,Pensioner,Secondary / secondary special,Married,House / apartment,-13739,365243,1,0,0,0,,2.0,0,37.62,1,0.0,101450.0,0.0,medium,adult,entry,1.0
5012641,M,N,N,0,160300.0,Commercial associate,Higher education,Single / not married,House / apartment,-12381,-175,1,0,0,0,Sales staff,1.0,0,33.9,0,0.48,160300.0,0.01415929203539823,medium,youth,entry,1.0
5012642,F,N,Y,2,204800.0,Working,Secondary / secondary special,Married,House / apartment,-11586,-4618,1,0,0,0,Laborers,4.0,0,31.72,0,12.64,51200.0,0.39848675914249687,medium,youth,senior,2.0
5012643,F,Y,N,0,275600.0,Working,Secondary / secondary special,Married,House / apartment,-23960,-15330,1,1,0,0,Laborers,2.0,0,65.6,0,41.97,137800.0,0.6397865853658536,high,senior,senior,2.0
5012644,F,N,Y,2,254500.0,Commercial associate,Secondary / secondary special,Single / not married,House / apartment,-12695,-1398,1,1,1,0,Laborers,3.0,0,34.76,0,3.83,84833.33333333333,0.11018411967779057,high,youth,mid,2.0
5012645,M,N,Y,2,301500.0,Pensioner,Secondary / secondary special,Single / not married,House / apartment,-19141,365243,1,0,0,0,,3.0,0,52.41,1,0.0,100500.0,0.0,high,adult,entry,2.0
5012646,F,Y,Y,1,382600.0,Commercial associate,Secondary / secondary special,Widow,House / apartment,-21679,-11679,1,0,0,0,,2.0,0,59.35,0,31.98,191300.0,0.5388374052232519,high,senior,senior,3.0
5012647,F,N,Y,0,468800.0,Pensioner,Secondary / secondary special,Single / not married,House / apartment,-7706,365243,1,1,0,0,,1.0,0,21.1,1,0.0,468800.0,0.0,high,youth,entry,2.0
5012648,M,Y,Y,0,281600.0,Working,Secondary / secondary special,Married,House / apartment,-7924,-470,1,0,0,0,Sales staff,2.0,0,21.69,0,1.29,140800.0,0.059474412171507604,high,youth,entry,3.0
5012649,F,N,Y,1,143000.0,Commercial associate,Secondary / secondary special,Married,House / apartment,-13389,-5524,1,0,0,0,Accountants,3.0,0,36.66,0,15.12,47666.666666666664,0.4124386252045827,medium,adult,senior,1.0
5012650,F,N,Y,1,213400.0,Pensioner,Secondary / secondary special,Married,House / apartment,-20016,365243,1,0,0,0,,3.0,0,54.8,1,0.0,71133.33333333333,0.0,medium,adult,entry,2.0
5012651,F,N,Y,0,147800.0,Pensioner,Secondary / secondary special,Married,House / apartment,-12068,365243,1,0,0,0,,2.0,0,33.04,1,0.0,73900.0,0.0,medium,youth,entry,1.0
5012652,F,N,Y,3,570300.0,Pensioner,Higher education,Single / not married,House / apartment,-7332,365243,1,0,0,0,,4.0,0,20.07,1,0.0,142575.0,0.0,high,youth,entry,2.0
5012653,M,Y,Y,0,659500.0,Working,Higher education,Married,House / apartment,-12567,-2021,1,1,0,0,,2.0,0,34.41,0,5.53,329750.0,0.1607090961929672,high,youth,mid,3.0
5012654,F,N,Y,2,337900.0,Pensioner,Secondary / secondary special,Separated,House / apartment,-8951,365243,1,1,1,0,,3.0,0,24.51,1,0.0,112633.33333333333,0.0,high,youth,entry,2.0
5012655,M,N,Y,0,375000.0,Commercial associate,Secondary / secondary special,Married,House / apartment,-11312,-611,1,0,0,0,Sales staff,2.0,0,30.97,0,1.67,187500.0,0.05392315143687439,high,youth,entry,2.0
5012656,F,Y,N,0,276800.0,Pensioner,Secondary / secondary special,Married,House / apartment,-13390,365243,1,0,0,0,,2.0,0,36.66,1,0.0,138400.0,0.0,high,adult,entry,2.0
5012657,F,N,Y,0,293200.0,Working,Secondary / secondary special,Married,House / apartment,-9644,-1516,1,0,0,0,,2.0,0,26.4,0,4.15,146600.0,0.15719696969696972,high,youth,mid,2.0
5012658,F,N,Y,0,109800.0,Commercial associate,Secondary / secondary special,Married,Office apartment,-20205,-7066,1,0,0,0,,2.0,0,55.32,0,19.35,54900.0,0.3497830802603037,medium,senior,senior,1.0
5012659,M,Y,N,1,235300.0,Pensioner,Secondary / secondary special,Civil marriage,House / apartment,-11979,365243,1,0,0,0,,3.0,0,32.8,1,0.0,78433.33333333333,0.0,medium,youth,entry,2.0
5012660,F,Y,Y,0,157100.0,Working,Higher education,Widow,House / apartment,-19378,-11425,1,0,1,0,Sales staff,1.0,0,53.05,0,31.28,157100.0,0.5896324222431669,medium,adult,senior,3.0
5012661,F,Y,N,2,281000.0,Commercial associate,Secondary / secondary special,Married,Rented apartment,-18245,-965,1,1,0,0,Laborers,4.0,0,49.95,0,2.64,70250.0,0.05285285285285285,high,adult,entry,2.0
5012662,F,N,Y,0,237000.0,Pensioner,Secondary / secondary special,Single / not married,House / apartment,-23706,365243,1,1,0,0,,1.0,0,64.9,1,0.0,237000.0,0.0,medium,senior,entry,2.0
5012663,F,N,Y,0,646200.0,Working,Higher education,Married,House / apartment,-8911,-1276,1,0,1,0,Drivers,2.0,0,24.4,0,3.49,323100.0,0.14303278688524593,high,youth,mid,2.0
5012664,F,N,Y,0,386100.0,Working,Secondary / secondary special,Separated,House / apartment,-11224,-3329,1,0,0,0,Managers,1.0,0,30.73,0,9.11,386100.0,0.2964529775463716,high,youth,mid,2.0
5012665,F,N,Y,0,281500.0,Commercial associate,Secondary / secondary special,Married,House / apartment,-23105,-12373,1,0,0,0,Laborers,2.0,0,63.26,0,33.88,140750.0,0.5355674992096112,high,senior,senior,2.0
5012666,F,N,Y,0,213600.0,Working,Secondary / secondary special,Married,House / apartment,-22319,-6315,1,0,0,0,Accountants,2.0,0,61.11,0,17.29,106800.0,0.2829324169530355,medium,senior,senior,2.0
5012667,M,N,N,0,564400.0,Working,Lower secondary,Married,With parents,-10813,-1132,1,0,0,1,,2.0,0,29.6,0,3.1,282200.0,0.10472972972972973,high,youth,mid,1.0
5012668,M,Y,N,1,240500.0,Working,Secondary / secondary special,Married,House / apartment,-9273,-36,1,1,0,0,Sales staff,3.0,0,25.39,0,0.1,80166.66666666667,0.003938558487593541,medium,youth,entry,2.0
5012669,F,N,Y,0,288200.0,Working,Secondary / secondary special,Married,House / apartment,-22942,-13936,1,0,0,0,Managers,2.0,0,62.81,0,38.15,144100.0,0.6073873587008438,high,senior,senior,2.0
5012670,F,N,N,0,249300.0,Working,Higher education,Married,House / apartment,-10558,-2445,1,1,0,0,Cleaning staff,2.0,0,28.91,0,6.69,124650.0,0.23140781736423385,medium,youth,mid,1.0
5012671,F,N,Y,1,199500.0,Working,Secondary / secondary special,Married,House / apartment,-23214,-8219,1,1,1,0,,3.0,0,63.56,0,22.5,66500.0,0.35399622404027686,medium,senior,senior,2.0
5012672,F,N,Y,0,248600.0,Commercial associate,Higher education,Married,House / apartment,-24857,-18220,1,0,1,0,Sales staff,2.0,0,68.05,0,49.88,124300.0,0.7329904481998532,medium,senior,senior,2.0
5012673,M,Y,Y,0,91500.0,Commercial associate,Secondary / secondary special,Single / not married,Municipal apartment,-11337,-1002,1,0,0,0,Laborers,1.0,1,31.04,0,2.74,91500.0,0.08827319587628867,low,youth,entry,2.0
5012674,F,N,N,0,112600.0,Pensioner,Incomplete higher,Single / not married,House / apartment,-22653,365243,1,0,0,0,,1.0,1,62.02,1,0.0,112600.0,0.0,medium,senior,entry,0.0
5012675,M,Y,Y,0,290800.0,Working,Higher education,Civil marriage,House / apartment,-15045,-2518,1,0,0,0,,2.0,0,41.19,0,6.89,145400.0,0.16727361009953873,high,adult,mid,3.0
5012676,M,N,Y,0,534800.0,Working,Secondary / secondary special,Married,House / apartment,-21710,-5043,1,1,0,0,Laborers,2.0,0,59.44,0,13.81,267400.0,0.23233512786002694,high,senior,senior,2.0
5012677,F,Y,N,0,290600.0,Working,Secondary / secondary special,Married,House / apartment,-14745,-5603,1,0,0,0,Laborers,2.0,0,40.37,0,15.34,145300.0,0.3799851374783255,high,adult,senior,2.0
5012678,M,N,Y,1,170300.0,Pensioner,Higher education,Married,House / apartment,-8591,365243,1,0,1,0,,3.0,1,23.52,1,0.0,56766.666666666664,0.0,medium,youth,entry,2.0
5012679,F,Y,Y,2,118700.0,Commercial associate,Secondary / secondary special,Married,House / apartment,-20321,-7188,1,1,1,0,Managers,4.0,0,55.64,0,19.68,29675.0,0.3537023723939612,medium,senior,senior,2.0
5012680,M,Y,Y,0,361400.0,Pensioner,Secondary / secondary special,Married,House / apartment,-10057,365243,1,0,0,0,,2.0,0,27.53,1,0.0,180700.0,0.0,high,youth,entry,3.0
5012681,F,Y,Y,3,183800.0,Working,Higher education,Married,House / apartment,-24235,-2047,1,0,0,0,Medicine staff,5.0,0,66.35,0,5.6,36760.0,0.08440090429540317,medium,senior,mid,3.0
5012682,F,Y,Y,0,336700.0,Commercial associate,Secondary / secondary special,Married,House / apartment,-14934,-7094,1,0,1,0,Core staff,2.0,0,40.89,0,19.42,168350.0,0.4749327463927611,high,adult,senior,3.0
5012683,M,Y,N,0,296700.0,Commercial associate,Secondary / secondary special,Married,House / apartment,-8803,-2034,1,0,0,0,Core staff,2.0,0,24.1,0,5.57,148350.0,0.23112033195020748,high,youth,mid,2.0
5012684,F,N,Y,0,310100.0,Pensioner,Secondary / secondary special,Married,House / apartment,-11478,365243,1,0,1,0,,2.0,0,31.43,1,0.0,155050.0,0.0,high,youth,entry,2.0
5012685,F,N,Y,0,248300.0,Working,Secondary / secondary special,Widow,House / apartment,-23057,-12826,1,0,0,0,,1.0,0,63.13,0,35.12,248300.0,0.5563123712973229,medium,senior,senior,2.0
5012686,F,Y,Y,0,295800.0,Commercial associate,Secondary / secondary special,Widow,House / apartment,-13169,-1103,1,0,0,0,High skill tech staff,1.0,0,36.05,0,3.02,295800.0,0.08377253814147019,high,adult,mid,3.0
5012687,M,Y,Y,0,230000.0,Working,Secondary / secondary special,Married,With parents,-22944,-12337,1,1,0,0,,2.0,0,62.82,0,33.78,115000.0,0.5377268385864374,medium,senior,senior,3.0
5012688,F,N,Y,1,177700.0,Commercial associate,Higher education,Married,House / apartment,-10451,-3526,1,1,0,0,Accountants,3.0,0,28.61,0,9.65,59233.333333333336,0.33729465221950367,medium,youth,mid,2.0
5012689,F,N,N,1,150800.0,Working,Secondary / secondary special,Separated,House / apartment,-15856,365243,1,0,0,0,,2.0,0,43.41,1,0.0,75400.0,0.0,medium,adult,entry,1.0
5012690,F,N,Y,0,74100.0,Working,Secondary / secondary special,Separated,House / apartment,-23344,-360,1,0,1,0,Core staff,1.0,1,63.91,0,0.99,74100.0,0.01549053356282272,low,senior,entry,1.0
5012691,F,N,Y,1,223000.0,Working,Higher education,Civil marriage,Co-op apartment,-8189,-665,1,0,0,0,Sales staff,3.0,0,22.42,0,1.82,74333.33333333333,0.08117752007136485,medium,youth,entry,2.0
5012692,F,Y,Y,2,521900.0,State servant,Secondary / secondary special,Married,House / apartment,-12862,-4819,1,0,0,0,,4.0,0,35.21,0,13.19,130475.0,0.37460948594149385,high,adult,senior,3.0
5012693,F,Y,Y,0,351700.0,Working,Secondary / secondary special,Married,House / apartment,-23921,-12528,1,1,0,0,Laborers,2.0,0,65.49,0,34.3,175850.0,0.523744083066117,high,senior,senior,3.0
5012694,F,Y,N,0,273600.0,Pensioner,Higher education,Married,House / apartment,-18199,365243,1,0,0,0,,2.0,0,49.83,1,0.0,136800.0,0.0,high,adult,entry,2.0
5012695,F,N,N,0,169100.0,State servant,Secondary / secondary special,Civil marriage,Office apartment,-20385,-5765,1,0,0,0,Laborers,2.0,0,55.81,0,15.78,84550.0,0.28274502777280053,medium,senior,senior,1.0
5012696,F,N,Y,0,402000.0,State servant,Secondary / secondary special,Civil marriage,House / apartment,-22684,-10541,1,1,0,0,Security staff,2.0,0,62.11,0,28.86,201000.0,0.4646594751247786,high,senior,senior,2.0
5012697,F,N,N,0,230000.0,Pensioner,Secondary / secondary special,Married,House / apartment,-16867,365243,1,0,0,0,,2.0,0,46.18,1,0.0,115000.0,0.0,medium,adult,entry,1.0
5012698,F,Y,Y,0,536600.0,Pensioner,Secondary / secondary special,Married,House / apartment,-22743,365243,1,1,1,0,,2.0,0,62.27,1,0.0,268300.0,0.0,high,senior,entry,3.0
5012699,F,Y,Y,0,149500.0,Working,Higher education,Married,House / apartment,-18970,-2813,1,0,1,0,High skill tech staff,2.0,0,51.94,0,7.7,74750.0,0.14824797843665768,medium,adult,mid,2.0
5012700,M,Y,Y,0,167800.0,Working,Secondary / secondary special,Single / not married,House / apartment,-19827,-12667,1,0,1,0,Sales staff,1.0,0,54.28,0,34.68,167800.0,0.6389093588798821,medium,adult,senior,3.0
5012701,F,N,Y,0,159800.0,Commercial associate,Secondary / secondary special,Single / not married,House / apartment,-10097,-581,1,0,1,0,Laborers,1.0,0,27.64,0,1.59,159800.0,0.05752532561505065,medium,youth,entry,2.0
5012702,F,Y,N,0,116400.0,Working,Higher education,Married,House / apartment,-24454,-8770,1,0,1,0,,2.0,0,66.95,0,24.01,58200.0,0.35862584017923826,medium,senior,senior,1.0
5012703,F,N,Y,0,152800.0,Working,Secondary / secondary special,Married,House / apartment,-21843,-7186,1,0,1,1,Core staff,2.0,0,59.8,0,19.67,76400.0,0.3289297658862877,medium,senior,senior,2.0
5012704,F,Y,Y,0,257100.0,Commercial associate,Secondary / secondary special,Married,House / apartment,-11947,-5196,1,0,0,0,,2.0,0,32.71,0,14.23,128550.0,0.4350351574442067,high,youth,senior,3.0
5012705,F,N,N,0,171000.0,Commercial associate,Secondary / secondary special,Single / not married,House / apartment,-17897,-9909,1,0,0,1,Managers,1.0,0,49.0,0,27.13,171000.0,0.5536734693877551,medium,adult,senior,1.0
5012706,F,N,Y,2,35500.0,Pensioner,Secondary / secondary special,Single / not married,House / apartment,-14180,365243,1,0,0,0,,3.0,1,38.82,1,0.0,11833.333333333334,0.0,low,adult,entry,1.0
5012707,M,N,N,0,417700.0,Commercial associate,Secondary / secondary special,Married,House / apartment,-19366,-225,1,0,1,0,,2.0,0,53.02,0,0.62,208850.0,0.011693700490380987,high,adult,entry,1.0
5012708,F,N,Y,0,105200.0,Commercial associate,Secondary / secondary special,Married,House / apartment,-25453,-9649,1,0,0,0,Managers,2.0,0,69.69,0,26.42,52600.0,0.37910747596498784,medium,senior,senior,1.0
5012709,F,N,Y,0,327800.0,Working,Secondary / secondary special,Married,House / apartment,-8140,-1445,1,0,0,0,Sales staff,2.0,0,22.29,0,3.96,163900.0,0.17765814266487215,high,youth,mid,2.0
5012710,F,N,N,1,248000.0,Working,Secondary / secondary special,Married,House / apartment,-24700,-5446,1,0,1,0,Laborers,3.0,0,67.62,0,14.91,82666.66666666667,0.2204968944099379,medium,senior,senior,1.0
5012711,M,N,Y,1,703700.0,State servant,Secondary / secondary special,Married,House / apartment,-8627,-1188,1,0,1,0,,3.0,0,23.62,0,3.25,234566.66666666666,0.1375952582557155,high,youth,mid,2.0
5012712,F,N,N,0,401900.0,Working,Higher education,Married,House / apartment,-15720,-8329,1,0,1,0,Laborers,2.0,0,43.04,0,22.8,200950.0,0.5297397769516728,high,adult,senior,1.0
5012713,M,N,Y,0,189700.0,Working,Secondary / secondary special,Single / not married,House / apartment,-16110,-9440,1,1,1,1,Managers,1.0,0,44.11,0,25.85,189700.0,0.5860349127182045,medium,adult,senior,2.0
5012714,M,N,N,0,171900.0,Commercial associate,Secondary / secondary special,Single / not married,House / apartment,-12213,-1059,1,1,0,0,Core staff,1.0,0,33.44,0,2.9,171900.0,0.08672248803827752,medium,youth,entry,1.0
5012715,M,N,Y,0,517500.0,Working,Secondary / secondary special,Married,House / apartment,-17654,-9621,1,0,0,0,Laborers,2.0,0,48.33,0,26.34,258750.0,0.5450031036623215,high,adult,senior,2.0
5012716,M,N,Y,4,116700.0,Working,Secondary / secondary special,Married,With parents,-22535,-13367,1,0,0,0,,6.0,1,61.7,0,36.6,19450.0,0.593192868719611,medium,senior,senior,1.0
5012717,F,Y,N,0,268600.0,Working,Secondary / secondary special,Married,Municipal apartment,-12673,-5202,1,0,1,0,High skill tech staff,2.0,0,34.7,0,14.24,134300.0,0.41037463976945243,high,youth,senior,2.0
5012718,F,Y,Y,0,228600.0,Working,Lower secondary,Civil marriage,Rented apartment,-8591,-951,1,1,0,0,Drivers,2.0,0,23.52,0,2.6,114300.0,0.11054421768707484,medium,youth,entry,3.0
5012719,F,N,N,0,205600.0,Working,Higher education,Civil marriage,With parents,-18852,-2642,1,0,1,0,Waiters/barmen staff,2.0,0,51.61,0,7.23,102800.0,0.14008913001356327,medium,adult,mid,1.0
5012720,F,N,N,0,291300.0,Pensioner,Secondary / secondary special,Married,Office apartment,-21034,365243,1,1,0,0,,2.0,0,57.59,1,0.0,145650.0,0.0,high,senior,entry,1.0
5012721,M,N,N,1,268400.0,Working,Secondary / secondary special,Married,House / apartment,-24737,-6079,1,0,1,0,Managers,3.0,1,67.73,0,16.64,89466.66666666667,0.2456813819577735,high,senior,senior,1.0
5012722,F,N,N,0,306900.0,Working,Secondary / secondary special,Married,Rented apartment,-10218,-2724,1,0,0,1,,2.0,0,27.98,0,7.46,153450.0,0.2666190135811294,high,youth,mid,1.0
5012723,F,N,Y,3,261700.0,Working,Secondary / secondary special,Married,House / apartment,-23766,-17059,1,0,0,0,,5.0,0,65.07,0,46.7,52340.0,0.7176886429998465,high,senior,senior,2.0
5012724,F,N,Y,0,300800.0,Working,Secondary / secondary special,Married,House / apartment,-16110,-8752,1,1,0,0,Core staff,2.0,0,44.11,0,23.96,150400.0,0.5431874858308774,high,adult,senior,2.0
5012725,F,Y,Y,0,255800.0,Pensioner,Secondary / secondary special,Married,House / apartment,-11611,365243,1,0,0,0,,2.0,0,31.79,1,0.0,127900.0,0.0,high,youth,entry,3.0
5012726,F,N,Y,0,175600.0,Working,Secondary / secondary special,Married,House / apartment,-24887,-7551,1,0,1,0,,2.0,0,68.14,0,20.67,87800.0,0.3033460522453772,medium,senior,senior,2.0
5012727,M,N,Y,0,244600.0,State servant,Secondary / secondary special,Married,Municipal apartment,-11659,-76,1,0,0,0,Drivers,2.0,0,31.92,0,0.21,122300.0,0.006578947368421052,medium,youth,entry,2.0
5012728,F,Y,Y,0,170800.0,Working,Secondary / secondary special,Civil marriage,House / apartment,-20700,-7813,1,0,1,0,Sales staff,2.0,0,56.67,0,21.39,85400.0,0.37744838538909475,medium,senior,senior,3.0
5012729,M,N,Y,0,165300.0,Pensioner,Higher education,Married,House / apartment,-21639,365243,1,0,0,0,,2.0,0,59.24,1,0.0,82650.0,0.0,medium,senior,entry,2.0
5012730,F,N,Y,1,206400.0,Working,Higher education,Separated,House / apartment,-15167,-4949,1,1,1,0,,2.0,0,41.52,0,13.55,103200.0,0.32634874759152216,medium,adult,senior,2.0
5012731,F,Y,Y,0,230000.0,Working,Secondary / secondary special,Married,House / apartment,-19906,-9270,1,1,0,0,Sales staff,2.0,0,54.5,0,25.38,115000.0,0.4656880733944954,medium,adult,senior,3.0
5012732,F,Y,N,0,248500.0,Working,Secondary / secondary special,Married,House / apartment,-17760,-5775,1,1,0,0,,2.0,0,48.62,0,15.81,124250.0,0.3251748251748252,medium,adult,senior,2.0
5012733,M,N,Y,0,386000.0,Commercial associate,Secondary / secondary special,Married,House / apartment,-10812,-93,1,1,0,0,Managers,2.0,0,29.6,0,0.25,193000.0,0.008445945945945945,high,youth,entry,2.0
5012734,F,Y,Y,0,190300.0,Working,Higher education,Married,House / apartment,-21182,-2173,1,1,0,0,,2.0,0,57.99,0,5.95,95150.0,0.10260389722365926,medium,senior,mid,3.0
5012735,M,Y,N,2,269400.0,Working,Higher education,Married,With parents,-24253,-15612,1,0,1,0,,4.0,0,66.4,0,42.74,67350.0,0.6436746987951807,high,senior,senior,2.0
5012736,F,Y,Y,0,259000.0,Pensioner,Higher education,Married,House / apartment,-16229,365243,1,0,0,0,,2.0,0,44.43,1,0.0,129500.0,0.0,high,adult,entry,3.0
5012737,M,N,N,1,180100.0,Working,Secondary / secondary special,Married,House / apartment,-25464,-7783,1,0,0,0,,3.0,0,69.72,0,21.31,60033.333333333336,0.30565117613310383,medium,senior,senior,1.0
5012738,M,N,Y,0,253300.0,Working,Secondary / secondary special,Civil marriage,House / apartment,-15121,-762,1,0,0,0,Sales staff,2.0,0,41.4,0,2.09,126650.0,0.050483091787439614,high,adult,entry,2.0
5012739,F,N,Y,1,403100.0,Pensioner,Secondary / secondary special,Married,House / apartment,-16066,365243,1,1,0,0,,3.0,0,43.99,1,0.0,134366.66666666666,0.0,high,adult,entry,2.0
5012740,F,Y,Y,1,268000.0,Working,Secondary / secondary special,Married,House / apartment,-19612,-6251,1,0,1,1,Laborers,3.0,0,53.69,0,17.11,89333.33333333333,0.31868131868131866,high,adult,senior,3.0
5012741,M,N,N,2,273400.0,Pensioner,Secondary / secondary special,Separated,House / apartment,-10698,365243,1,0,0,0,,3.0,0,29.29,1,0.0,91133.33333333333,0.0,high,youth,entry,1.0
5012742,M,Y,Y,0,171600.0,Working,Secondary / secondary special,Single / not married,House / apartment,-23777,-8397,1,1,0,0,Laborers,1.0,0,65.1,0,22.99,171600.0,0.3531490015360983,medium,senior,senior,3.0
5012743,F,Y,N,0,653400.0,Working,Higher education,Married,House / apartment,-21938,-13712,1,1,0,0,Core staff,2.0,0,60.06,0,37.54,326700.0,0.625041625041625,high,senior,senior,2.0
5012744,F,N,Y,0,176500.0,Working,Higher education,Married,House / apartment,-23238,-940,1,0,1,0,Drivers,2.0,0,63.62,0,2.57,88250.0,0.04039610185476265,medium,senior,entry,2.0
5012745,F,Y,Y,0,106000.0,Pensioner,Secondary / secondary special,Married,House / apartment,-18437,365243,1,1,1,0,,2.0,0,50.48,1,0.0,53000.0,0.0,medium,adult,entry,2.0
5012746,M,N,Y,0,375300.0,Pensioner,Higher education,Married,With parents,-23444,365243,1,0,0,0,,2.0,0,64.19,1,0.0,187650.0,0.0,high,senior,entry,2.0
5012747,F,N,Y,2,230500.0,State servant,Secondary / secondary special,Married,With parents,-19723,-4754,1,0,0,0,,4.0,0,54.0,0,13.02,57625.0,0.2411111111111111,medium,adult,senior,2.0
5012748,M,Y,Y,0,209800.0,Working,Higher education,Married,House / apartment,-16647,-2558,1,0,1,1,,2.0,0,45.58,0,7.0,104900.0,0.153576129881527,medium,adult,mid,3.0
5012749,M,N,N,3,185800.0,Pensioner,Higher education,Single / not married,House / apartment,-24322,365243,1,0,0,0,,4.0,0,66.59,1,0.0,46450.0,0.0,medium,senior,entry,1.0
5012750,F,N,Y,0,622400.0,Working,Secondary / secondary special,Married,House / apartment,-15335,-714,1,0,0,0,Managers,2.0,0,41.98,0,1.95,311200.0,0.04645069080514531,high,adult,entry,2.0
5012751,F,N,Y,1,291500.0,Working,Secondary / secondary special,Married,With parents,-16447,-6195,1,1,0,0,High skill tech staff,3.0,0,45.03,0,16.96,97166.66666666667,0.3766377970242061,high,adult,senior,2.0
5012752,M,Y,Y,0,321400.0,Pensioner,Secondary / secondary special,Married,House / apartment,-10401,365243,1,0,0,0,,2.0,0,28.48,1,0.0,160700.0,0.0,high,youth,entry,3.0
5012753,M,N,N,0,264800.0,Working,Higher education,Married,House / apartment,-24612,-8720,1,0,1,0,,2.0,0,67.38,0,23.87,132400.0,0.35425942416147227,high,senior,senior,1.0
5012754,M,Y,N,2,279400.0,Working,Secondary / secondary special,Married,House / apartment,-11342,-4516,1,0,0,0,,4.0,0,31.05,0,12.36,69850.0,0.3980676328502415,high,youth,senior,2.0
5012755,F,N,N,0,491300.0,Working,Higher education,Married,House / apartment,-10983,-1061,1,1,0,0,Drivers,2.0,0,30.07,0,2.9,245650.0,0.09644163618224143,high,youth,entry,1.0
5012756,F,Y,N,1,215400.0,Pensioner,Secondary / secondary special,Married,House / apartment,-9153,365243,1,0,0,0,,3.0,0,25.06,1,0.0,71800.0,0.0,medium,youth,entry,2.0
5012757,M,N,N,0,117800.0,Working,Secondary / secondary special,Separated,House / apartment,-15584,-5829,1,0,0,1,Laborers,1.0,0,42.67,0,15.96,117800.0,0.37403327865010544,medium,adult,senior,0.0
5012758,M,Y,N,0,376800.0,Working,Incomplete higher,Married,House / apartment,-12302,-3860,1,0,0,0,Laborers,2.0,0,33.68,0,10.57,188400.0,0.31383610451306415,high,youth,senior,2.0
5012759,F,Y,N,2,313000.0,Student,Secondary / secondary special,Married,House / apartment,-20834,-3906,1,1,0,0,,4.0,0,57.04,0,10.69,78250.0,0.18741234221598876,high,senior,senior,2.0
5012760,F,N,Y,0,257700.0,Working,Secondary / secondary special,Separated,House / apartment,-12921,-1255,1,1,1,0,,1.0,0,35.38,0,3.44,257700.0,0.09723007348784624,high,adult,mid,2.0
5012761,F,N,Y,1,308900.0,Working,Secondary / secondary special,Widow,House / apartment,-20468,-9228,1,0,0,0,,2.0,0,56.04,0,25.26,154450.0,0.45074946466809424,high,senior,senior,2.0
5012762,M,N,Y,0,202800.0,Commercial associate,Secondary / secondary special,Married,House / apartment,-10884,-2920,1,0,0,1,Laborers,2.0,0,29.8,0,7.99,101400.0,0.2681208053691275,medium,youth,mid,2.0
5012763,M,N,Y,1,246700.0,Pensioner,Secondary / secondary special,Separated,House / apartment,-11505,365243,1,1,0,0,,2.0,0,31.5,1,0.0,123350.0,0.0,medium,youth,entry,2.0
5012764,F,Y,Y,0,228600.0,Working,Secondary / secondary special,Married,House / apartment,-22028,-543,1,0,0,0,Laborers,2.0,0,60.31,0,1.49,114300.0,0.0247056872823744,medium,senior,entry,3.0
5012765,F,N,Y,0,181600.0,Commercial associate,Secondary / secondary special,Married,House / apartment,-14082,-4609,1,1,0,0,,2.0,0,38.55,0,12.62,90800.0,0.32736705577172504,medium,adult,senior,2.0
5012766,M,N,N,0,442400.0,Working,Higher education,Married,Municipal apartment,-9346,-2498,1,0,0,0,Accountants,2.0,0,25.59,0,6.84,221200.0,0.2672919109026964,high,youth,mid,1.0
5012767,F,Y,Y,0,120500.0,Working,Secondary / secondary special,Married,House / apartment,-24863,-1229,1,1,1,0,Sales staff,2.0,1,68.07,0,3.36,60250.0,0.0493609519612164,medium,senior,mid,2.0
5012768,M,N,N,0,794800.0,Working,Higher education,Married,House / apartment,-10545,-2403,1,0,0,0,High skill tech staff,2.0,0,28.87,0,6.58,397400.0,0.22791825424315898,high,youth,mid,1.0
5012769,F,N,N,0,378600.0,Working,Secondary / secondary special,Married,House / apartment,-10048,-803,1,0,0,0,Sales staff,2.0,1,27.51,0,2.2,189300.0,0.07997091966557615,high,youth,entry,1.0
5012770,M,N,N,0,100400.0,Working,Secondary / secondary special,Civil marriage,With parents,-13850,-3355,1,0,0,1,Core staff,2.0,1,37.92,0,9.19,50200.0,0.24235232067510545,medium,adult,mid,0.0
5012771,M,N,N,0,218200.0,Pensioner,Secondary / secondary special,Married,House / apartment,-9052,365243,1,0,0,0,,2.0,0,24.78,1,0.0,109100.0,0.0,medium,youth,entry,1.0
5012772,F,N,N,0,224400.0,Commercial associate,Secondary / secondary special,Married,House / apartment,-10147,-1481,1,0,0,0,Sales staff,2.0,0,27.78,0,4.05,112200.0,0.14578833693304535,medium,youth,mid,1.0
5012773,F,Y,Y,0,297000.0,State servant,Secondary / secondary special,Married,House / apartment,-22763,-2541,1,0,0,0,Laborers,2.0,0,62.32,0,6.96,148500.0,0.1116816431322208,high,senior,mid,3.0
5012774,F,Y,Y,0,148900.0,Commercial associate,Secondary / secondary special,Widow,House / apartment,-10437,-599,1,0,0,0,,1.0,0,28.57,0,1.64,148900.0,0.05740287014350717,medium,youth,entry,2.0
5012775,F,N,Y,0,248100.0,Working,Incomplete higher,Civil marriage,House / apartment,-9340,-492,1,0,1,0,,2.0,0,25.57,0,1.35,124050.0,0.05279624560031287,medium,youth,entry,2.0
5012776,M,Y,N,0,229800.0,Working,Secondary / secondary special,Married,With parents,-23375,-1382,1,1,0,0,Drivers,2.0,0,64.0,0,3.78,114900.0,0.0590625,medium,senior,mid,2.0
5012777,F,Y,N,1,168800.0,Pensioner,Secondary / secondary special,Civil marriage,House / apartment,-15410,365243,1,0,0,0,,3.0,0,42.19,1,0.0,56266.666666666664,0.0,medium,adult,entry,2.0
5012778,M,N,N,0,157500.0,Commercial associate,Secondary / secondary special,Single / not married,House / apartment,-10175,-2246,1,0,0,0,,1.0,0,27.86,0,6.15,157500.0,0.22074659009332379,medium,youth,mid,1.0
5012779,F,N,Y,1,386500.0,State servant,Higher education,Separated,House / apartment,-17925,-480,1,0,0,0,Managers,2.0,0,49.08,0,1.31,193250.0,0.02669111654441728,high,adult,entry,2.0
5012780,F,Y,Y,0,104500.0,Working,Secondary / secondary special,Married,House / apartment,-8063,-566,1,0,0,0,Laborers,2.0,0,22.08,0,1.55,52250.0,0.07019927536231885,medium,youth,entry,2.0
5012781,F,N,Y,1,310000.0,Working,Higher education,Married,Municipal apartment,-15110,-2813,1,0,0,0,Sales staff,3.0,0,41.37,0,7.7,103333.33333333333,0.18612521150592218,high,adult,mid,2.0
5012782,M,N,Y,0,363700.0,Working,Secondary / secondary special,Married,House / apartment,-18086,-1901,1,0,0,0,Security staff,2.0,0,49.52,0,5.2,181850.0,0.1050080775444265,high,adult,mid,2.0
5012783,F,Y,Y,0,218900.0,Working,Secondary / secondary special,Widow,House / apartment,-24784,-7247,1,0,0,0,,1.0,0,67.85,0,19.84,218900.0,0.29240972733972,medium,senior,senior,3.0
5012784,F,N,Y,1,250600.0,Working,Secondary / secondary special,Widow,House / apartment,-13267,-3812,1,1,0,0,Sales staff,2.0,0,36.32,0,10.44,125300.0,0.2874449339207048,high,adult,senior,2.0
5012785,F,N,N,1,436800.0,Working,Higher education,Single / not married,Office apartment,-21277,-13585,1,1,0,0,,2.0,0,58.25,0,37.19,218400.0,0.6384549356223176,high,senior,senior,1.0
5012786,M,N,Y,0,171600.0,Commercial associate,Secondary / secondary special,Married,House / apartment,-9728,-1395,1,0,1,0,Laborers,2.0,0,26.63,0,3.82,85800.0,0.14344723995493805,medium,youth,mid,2.0
5012787,M,N,Y,0,180700.0,Working,Secondary / secondary special,Married,House / apartment,-15223,-281,1,0,1,0,,2.0,0,41.68,0,0.77,90350.0,0.01847408829174664,medium,adult,entry,2.0
5012788,F,Y,N,0,190600.0,Working,Secondary / secondary special,Married,House / apartment,-11380,-2049,1,0,0,0,,2.0,0,31.16,0,5.61,95300.0,0.18003851091142492,medium,youth,mid,2.0
5012789,F,N,Y,0,437200.0,Commercial associate,Secondary / secondary special,Married,House / apartment,-16299,-7929,1,1,1,0,Managers,2.0,0,44.62,0,21.71,218600.0,0.4865531151949799,high,adult,senior,2.0
5012790,M,Y,Y,1,465800.0,Working,Secondary / secondary special,Married,House / apartment,-14925,-1472,1,0,0,0,Laborers,3.0,0,40.86,0,4.03,155266.66666666666,0.09862946647087617,high,adult,mid,3.0
5012791,F,N,Y,0,121500.0,Commercial associate,Secondary / secondary special,Married,House / apartment,-25198,-12797,1,0,0,0,,2.0,0,68.99,0,35.04,60750.0,0.5078996956080591,medium,senior,senior,1.0
5012792,M,N,Y,0,403800.0,Working,Secondary / secondary special,Widow,House / apartment,-24061,-9545,1,0,0,0,Sales staff,1.0,0,65.88,0,26.13,403800.0,0.39663023679417125,high,senior,senior,2.0
5012793,F,N,Y,0,367700.0,Pensioner,Lower secondary,Married,House / apartment,-17938,365243,1,1,1,0,,2.0,1,49.11,1,0.0,183850.0,0.0,high,adult,entry,2.0
5012794,M,Y,Y,0,530900.0,Commercial associate,Secondary / secondary special,Separated,House / apartment,-10529,-2993,1,0,0,0,,1.0,0,28.83,0,8.19,530900.0,0.28407908428720086,high,youth,mid,3.0
5012795,M,Y,Y,0,296000.0,Pensioner,Secondary / secondary special,Single / not married,House / apartment,-17476,365243,1,0,0,0,,1.0,0,47.85,1,0.0,296000.0,0.0,high,adult,entry,3.0
5012796,F,Y,Y,1,238800.0,Working,Secondary / secondary special,Married,House / apartment,-21770,-12675,1,1,0,0,Sales staff,3.0,0,59.6,0,34.7,79600.0,0.5822147651006712,medium,senior,senior,3.0
5012797,M,N,Y,0,432800.0,Working,Higher education,Married,House / apartment,-7999,-1179,1,0,1,0,,2.0,0,21.9,0,3.23,216400.0,0.14748858447488586,high,youth,mid,2.0
5012798,F,Y,N,1,346300.0,Working,Secondary / secondary special,Widow,With parents,-15231,-7170,1,0,1,0,Laborers,2.0,0,41.7,0,19.63,173150.0,0.47074340527577935,high,adult,senior,2.0
5012799,F,N,Y,0,750100.0,Working,Secondary / secondary special,Single / not married,House / apartment,-8084,-734,1,0,1,0,Managers,1.0,0,22.13,0,2.01,750100.0,0.09082693176683235,high,youth,entry,2.0
5012800,M,Y,N,0,394300.0,Working,Secondary / secondary special,Married,House / apartment,-11760,-3968,1,0,0,0,Core staff,2.0,0,32.2,0,10.86,197150.0,0.33726708074534156,high,youth,senior,2.0
5012801,F,N,Y,0,263600.0,Commercial associate,Secondary / secondary special,Married,House / apartment,-8987,-216,1,0,0,0,Drivers,2.0,0,24.61,0,0.59,131800.0,0.023973994311255586,high,youth,entry,2.0
5012802,F,Y,Y,0,135700.0,Working,Secondary / secondary special,Single / not married,House / apartment,-24848,-7258,1,0,0,0,Managers,1.0,0,68.03,0,19.87,135700.0,0.2920770248419815,medium,senior,senior,2.0
5012803,M,N,N,1,182600.0,Commercial associate,Secondary / secondary special,Married,House / apartment,-10388,-2465,1,0,0,0,Sales staff,3.0,0,28.44,0,6.75,60866.666666666664,0.23734177215189872,medium,youth,mid,1.0
5012804,F,N,Y,0,119100.0,Pensioner,Secondary / secondary special,Married,House / apartment,-10046,365243,1,0,0,0,,2.0,1,27.5,1,0.0,59550.0,0.0,medium,youth,entry,1.0
5012805,F,N,Y,0,219200.0,Commercial associate,Higher education,Single / not married,House / apartment,-25057,-15913,1,1,0,0,Sales staff,1.0,0,68.6,0,43.57,219200.0,0.6351311953352771,medium,senior,senior,2.0
5012806,F,N,Y,0,387900.0,Working,Higher education,Married,Office apartment,-16728,-894,1,0,1,0,High skill tech staff,2.0,0,45.8,0,2.45,193950.0,0.053493449781659395,high,adult,entry,2.0
5012807,M,N,Y,0,243700.0,State servant,Secondary / secondary special,Married,House / apartment,-21148,-8873,1,0,0,0,Medicine staff,2.0,1,57.9,0,24.29,121850.0,0.41951640759930914,medium,senior,senior,2.0
5012808,M,N,N,1,406900.0,Working,Secondary / secondary special,Separated,House / apartment,-13283,-6041,1,0,0,0,Accountants,2.0,0,36.37,0,16.54,203450.0,0.45477041517734396,high,adult,senior,1.0
5012809,M,Y,N,0,289000.0,Working,Higher education,Married,House / apartment,-17036,-3903,1,0,0,0,,2.0,0,46.64,0,10.69,144500.0,0.22920240137221268,high,adult,senior,2.0
5012810,F,Y,Y,1,199600.0,Pensioner,Higher education,Civil marriage,House / apartment,-7430,365243,1,0,0,0,,3.0,0,20.34,1,0.0,66533.33333333333,0.0,medium,youth,entry,3.0
5012811,F,N,Y,0,255100.0,Working,Secondary / secondary special,Married,House / apartment,-14771,-7475,1,0,0,0,,2.0,0,40.44,0,20.47,127550.0,0.5061819980217607,high,adult,senior,2.0
5012812,F,N,Y,0,309100.0,Commercial associate,Secondary / secondary special,Married,House / apartment,-17442,-4627,1,0,1,0,Core staff,2.0,0,47.75,0,12.67,154550.0,0.26534031413612563,high,adult,senior,2.0
5012813,M,N,N,0,261700.0,Working,Higher education,Married,House / apartment,-16699,-2545,1,1,1,0,Laborers,2.0,0,45.72,0,6.97,130850.0,0.15244969378827647,high,adult,mid,1.0
5012814,M,Y,N,1,263200.0,Working,Secondary / secondary special,Married,House / apartment,-14716,-1034,1,0,0,1,Sales staff,3.0,0,40.29,0,2.83,87733.33333333333,0.07024075452965997,high,adult,entry,2.0
5012815,F,Y,N,1,166200.0,Working,Higher education,Widow,House / apartment,-21694,-6480,1,0,0,1,,2.0,0,59.39,0,17.74,83100.0,0.29870348543525843,medium,senior,senior,2.0
5012816,F,Y,Y,0,196600.0,Working,Secondary / secondary special,Widow,With parents,-16466,-2354,1,0,1,0,High skill tech staff,1.0,0,45.08,0,6.44,196600.0,0.14285714285714288,medium,adult,mid,3.0
5012817,M,Y,N,0,755200.0,Working,Secondary / secondary special,Single / not married,House / apartment,-18922,-12335,1,0,0,0,Sales staff,1.0,0,51.81,0,33.77,755200.0,0.6518046709129512,high,adult,senior,2.0
5012818,F,Y,Y,0,451200.0,Working,Secondary / secondary special,Married,House / apartment,-10677,-2607,1,0,1,0,,2.0,1,29.23,0,7.14,225600.0,0.24426958604173793,high,youth,mid,3.0
5012819,M,Y,Y,0,116800.0,Pensioner,Secondary / secondary special,Single / not married,House / apartment,-23038,365243,1,0,1,0,,1.0,0,63.07,1,0.0,116800.0,0.0,medium,senior,entry,2.0
5012820,F,Y,N,0,74800.0,Pensioner,Secondary / secondary special,Married,House / apartment,-13931,365243,1,0,1,0,,2.0,1,38.14,1,0.0,37400.0,0.0,low,adult,entry,1.0
5012821,F,N,Y,0,253600.0,Pensioner,Higher education,Married,House / apartment,-16109,365243,1,0,0,0,,2.0,0,44.1,1,0.0,126800.0,0.0,high,adult,entry,2.0
5012822,M,Y,N,0,381600.0,Pensioner,Secondary / secondary special,Married,House / apartment,-13737,365243,1,0,0,0,,2.0,0,37.61,1,0.0,190800.0,0.0,high,adult,entry,2.0
5012823,M,N,Y,0,188200.0,Working,Higher education,Married,House / apartment,-23593,-16868,1,0,0,0,Waiters/barmen staff,2.0,0,64.59,0,46.18,94100.0,0.7149713577953243,medium,senior,senior,2.0
5012824,F,Y,N,0,406900.0,Pensioner,Secondary / secondary special,Married,House / apartment,-23755,365243,1,0,0,1,,2.0,0,65.04,1,0.0,203450.0,0.0,high,senior,entry,2.0
5012825,M,N,Y,1,251500.0,Working,Secondary / secondary special,Married,House / apartment,-11401,-1321,1,0,1,0,,3.0,0,31.21,0,3.62,83833.33333333333,0.11598846523550144,high,youth,mid,2.0
5012826,F,N,Y,0,225000.0,Working,Secondary / secondary special,Married,House / apartment,-21051,-12221,1,0,1,0,,2.0,0,57.63,0,33.46,112500.0,0.5806003817456186,medium,senior,senior,2.0
5012827,F,Y,Y,2,356300.0,Commercial associate,Higher education,Married,House / apartment,-9184,-2443,1,1,0,0,Sales staff,4.0,0,25.14,0,6.69,89075.0,0.266109785202864,high,youth,mid,3.0
5012828,F,N,Y,0,187100.0,Working,Secondary / secondary special,Married,House / apartment,-7850,-411,1,0,0,0,Core staff,2.0,0,21.49,0,1.13,93550.0,0.05258259655653792,medium,youth,entry,2.0
5012829,F,Y,Y,0,211500.0,Pensioner,Secondary / secondary special,Single / not married,House / apartment,-22583,365243,1,1,0,0,,1.0,0,61.83,1,0.0,211500.0,0.0,medium,senior,entry,3.0
5012830,F,N,Y,0,341300.0,Working,Lower secondary,Married,House / apartment,-9701,-1000,1,0,0,0,,2.0,1,26.56,0,2.74,170650.0,0.10316265060240966,high,youth,entry,2.0
5012831,M,Y,Y,0,240300.0,Working,Secondary / secondary special,Married,House / apartment,-10132,-2062,1,0,0,0,Laborers,2.0,0,27.74,0,5.65,120150.0,0.20367700072098055,medium,youth,mid,3.0
5012832,F,N,Y,0,634000.0,Working,Higher education,Single / not married,House / apartment,-18383,-4872,1,0,0,0,Managers,1.0,0,50.33,0,13.34,634000.0,0.26505066560699386,high,adult,senior,2.0
5012833,F,N,Y,0,345400.0,Working,Higher education,Married,House / apartment,-22221,-47,1,0,0,0,,2.0,0,60.84,0,0.13,172700.0,0.0021367521367521365,high,senior,entry,2.0
5012834,F,Y,Y,2,334300.0,Pensioner,Secondary / secondary special,Married,House / apartment,-10768,365243,1,0,0,0,,4.0,0,29.48,1,0.0,83575.0,0.0,high,youth,entry,3.0
5012835,M,N,N,0,238200.0,State servant,Secondary / secondary special,Civil marriage,House / apartment,-9390,-2012,1,0,0,0,Drivers,2.0,1,25.71,0,5.51,119100.0,0.2143134966938934,medium,youth,mid,1.0
5012836,M,Y,N,2,378100.0,Working,Incomplete higher,Married,House / apartment,-8717,-904,1,1,0,0,,4.0,0,23.87,0,2.48,94525.0,0.10389610389610389,high,youth,entry,2.0
5012837,F,N,Y,0,207800.0,Working,Secondary / secondary special,Civil marriage,House / apartment,-7759,0,1,0,0,0,Sales staff,2.0,0,21.24,0,0.0,103900.0,0.0,medium,youth,entry,2.0
5012838,M,N,Y,0,281200.0,Working,Secondary / secondary special,Married,House / apartment,-9432,-2298,1,0,1,0,,2.0,0,25.82,0,6.29,140600.0,0.24360960495739736,high,youth,mid,2.0
5012839,F,N,N,0,154400.0,Pensioner,Secondary / secondary special,Married,House / apartment,-24521,365243,1,0,0,0,,2.0,0,67.13,1,0.0,77200.0,0.0,medium,senior,entry,1.0
5012840,F,Y,Y,1,410500.0,Working,Secondary / secondary special,Married,House / apartment,-9045,-670,1,0,1,0,Core staff,3.0,0,24.76,0,1.83,136833.33333333334,0.07390953150242326,high,youth,entry,3.0
5012841,F,N,Y,0,282300.0,Pensioner,Higher education,Married,House / apartment,-18218,365243,1,0,0,0,,2.0,0,49.88,1,0.0,141150.0,0.0,high,adult,entry,2.0
5012842,F,N,Y,2,657800.0,Commercial associate,Higher education,Married,House / apartment,-24124,-9337,1,0,0,0,,4.0,0,66.05,0,25.56,164450.0,0.3869795609386828,high,senior,senior,2.0
5012843,F,Y,Y,0,807400.0,Pensioner,Higher education,Married,House / apartment,-18771,365243,1,0,0,0,,2.0,0,51.39,1,0.0,403700.0,0.0,high,adult,entry,3.0
5012844,F,Y,Y,1,357600.0,Commercial associate,Higher education,Married,House / apartment,-7903,-791,1,0,0,0,,3.0,0,21.64,0,2.17,119200.0,0.10027726432532347,high,youth,entry,3.0
5012845,M,Y,Y,0,252600.0,Commercial associate,Secondary / secondary special,Single / not married,House / apartment,-18197,-11475,1,0,1,0,Managers,1.0,0,49.82,0,31.42,252600.0,0.6306704134885588,high,adult,senior,3.0
5012846,F,N,Y,0,152100.0,Commercial associate,Higher education,Civil marriage,House / apartment,-23797,-9450,1,0,0,0,,2.0,0,65.15,0,25.87,76050.0,0.3970836531082118,medium,senior,senior,2.0
5012847,F,Y,Y,0,383800.0,Pensioner,Secondary / secondary special,Civil marriage,House / apartment,-13196,365243,1,0,0,0,,2.0,1,36.13,1,0.0,191900.0,0.0,high,adult,entry,3.0
5012848,F,N,Y,0,271200.0,Pensioner,Secondary / secondary special,Married,Co-op apartment,-13033,365243,1,0,0,0,,2.0,0,35.68,1,0.0,135600.0,0.0,high,adult,entry,2.0
5012849,F,Y,Y,0,319500.0,Commercial associate,Higher education,Married,House / apartment,-11850,-2955,1,0,0,0,Core staff,2.0,0,32.44,0,8.09,159750.0,0.249383477188656,high,youth,mid,3.0
5012850,M,Y,Y,0,579800.0,Commercial associate,Secondary / secondary special,Married,House / apartment,-16538,-3103,1,0,0,0,,2.0,0,45.28,0,8.5,289900.0,0.1877208480565371,high,adult,mid,3.0
5012851,F,N,Y,0,161700.0,Pensioner,Higher education,Married,With parents,-11650,365243,1,0,0,0,,2.0,0,31.9,1,0.0,80850.0,0.0,medium,youth,entry,2.0
5012852,F,N,N,0,153800.0,Pensioner,Secondary / secondary special,Civil marriage,House / apartment,-20523,365243,1,0,0,1,,2.0,0,56.19,1,0.0,76900.0,0.0,medium,senior,entry,1.0
5012853,M,N,Y,0,216900.0,Commercial associate,Higher education,Married,House / apartment,-19082,-7779,1,0,0,0,,2.0,0,52.24,0,21.3,108450.0,0.40773353751914243,medium,adult,senior,2.0
5012854,F,N,Y,0,368100.0,Working,Secondary / secondary special,Widow,House / apartment,-14624,-1913,1,0,0,0,,1.0,0,40.04,0,5.24,368100.0,0.13086913086913088,high,adult,mid,2.0
5012855,F,N,Y,0,322200.0,Working,Secondary / secondary special,Civil marriage,House / apartment,-20501,-6277,1,0,0,0,Managers,2.0,0,56.13,0,17.19,161100.0,0.30625334045964725,high,senior,senior,2.0
5012856,F,Y,Y,2,156000.0,Pensioner,Secondary / secondary special,Single / not married,House / apartment,-9104,365243,1,0,0,0,,3.0,0,24.93,1,0.0,52000.0,0.0,medium,youth,entry,3.0
5012857,F,Y,Y,2,356400.0,Working,Secondary / secondary special,Single / not married,House / apartment,-20993,-4559,1,0,1,0,Core staff,3.0,0,57.48,0,12.48,118800.0,0.21711899791231734,high,senior,senior,3.0
5012858,F,N,Y,0,133900.0,Working,Secondary / secondary special,Single / not married,House / apartment,-18316,-3749,1,0,1,1,Secretaries,1.0,0,50.15,0,10.26,133900.0,0.20458624127617148,medium,adult,senior,1.0
5012859,M,N,N,4,160600.0,Working,Higher education,Widow,House / apartment,-18812,-11325,1,0,0,0,,5.0,0,51.5,0,31.01,32120.0,0.6021359223300972,medium,adult,senior,1.0
5012860,F,N,Y,0,230400.0,Commercial associate,Secondary / secondary special,Single / not married,House / apartment,-8486,-1562,1,0,0,0,Laborers,1.0,0,23.23,0,4.28,230400.0,0.18424451140766251,medium,youth,mid,2.0
5012861,M,Y,N,0,185100.0,Commercial associate,Secondary / secondary special,Married,House / apartment,-18594,-5621,1,1,0,0,,2.0,0,50.91,0,15.39,92550.0,0.30229817324690633,medium,adult,senior,2.0
5012862,F,Y,Y,0,380900.0,Working,Secondary / secondary special,Married,With parents,-16329,-5812,1,0,1,0,Core staff,2.0,0,44.71,0,15.91,190450.0,0.3558488033996869,high,adult,senior,3.0
5012863,F,Y,N,2,281700.0,Working,Secondary / secondary special,Married,House / apartment,-16178,-1697,1,0,1,0,Laborers,4.0,0,44.29,0,4.65,70425.0,0.10498983969293295,high,adult,mid,2.0
5012864,M,N,N,0,590200.0,Pensioner,Secondary / secondary special,Widow,With parents,-13183,365243,1,0,1,0,,1.0,1,36.09,1,0.0,590200.0,0.0,high,adult,entry,1.0
5012865,M,N,N,1,215700.0,State servant,Secondary / secondary special,Separated,House / apartment,-7444,-310,1,0,0,0,Medicine staff,2.0,0,20.38,0,0.85,107850.0,0.04170755642787046,medium,youth,entry,1.0
5012866,F,N,Y,1,229700.0,Working,Secondary / secondary special,Married,House / apartment,-15023,-4995,1,0,0,0,High skill tech staff,3.0,0,41.13,0,13.68,76566.66666666667,0.33260393873085337,medium,adult,senior,2.0
5012867,M,Y,Y,0,447200.0,Working,Higher education,Single / not married,House / apartment,-14627,-470,1,0,0,0,Core staff,1.0,0,40.05,0,1.29,447200.0,0.03220973782771536,high,adult,entry,3.0
5012868,F,N,N,0,233300.0,Commercial associate,Secondary / secondary special,Separated,House / apartment,-15026,-4792,1,0,0,0,Drivers,1.0,1,41.14,0,13.12,233300.0,0.3189110354885756,medium,adult,senior,1.0
5012869,M,N,N,0,515300.0,Pensioner,Secondary / secondary special,Married,House / apartment,-18482,365243,1,0,0,0,,2.0,0,50.6,1,0.0,257650.0,0.0,high,adult,entry,1.0
5012870,M,Y,N,0,319900.0,Pensioner,Secondary / secondary special,Married,House / apartment,-12782,365243,1,1,0,0,,2.0,0,35.0,1,0.0,159950.0,0.0,high,youth,entry,2.0
5012871,F,N,Y,0,75300.0,Commercial associate,Secondary / secondary special,Married,House / apartment,-12225,-4596,1,1,1,0,Laborers,2.0,0,33.47,0,12.58,37650.0,0.3758589781894234,low,youth,senior,1.0
5012872,F,Y,N,0,439900.0,Pensioner,Higher education,Single / not married,House / apartment,-16396,365243,1,0,1,0,,1.0,0,44.89,1,0.0,439900.0,0.0,high,adult,entry,2.0
5012873,F,Y,Y,0,385300.0,Working,Secondary / secondary special,Married,Rented apartment,-18122,-6629,1,1,0,0,,2.0,0,49.62,0,18.15,192650.0,0.36577992744860943,high,adult,senior,3.0
5012874,M,N,Y,0,392800.0,Working,Secondary / secondary special,Single / not married,House / apartment,-17666,-2369,1,0,1,0,Drivers,1.0,0,48.37,0,6.49,392800.0,0.13417407483977672,high,adult,mid,2.0
5012875,F,N,Y,0,93900.0,Commercial associate,Secondary / secondary special,Married,House / apartment,-23406,-8311,1,0,1,0,High skill tech staff,2.0,0,64.08,0,22.75,46950.0,0.35502496878901374,low,senior,senior,1.0
5012876,F,N,Y,0,175300.0,Pensioner,Higher education,Married,House / apartment,-21351,365243,1,0,0,0,,2.0,0,58.46,1,0.0,87650.0,0.0,medium,senior,entry,2.0
5012877,F,N,N,0,181900.0,Commercial associate,Secondary / secondary special,Married,House / apartment,-8258,-1495,1,1,0,0,Drivers,2.0,0,22.61,0,4.09,90950.0,0.18089340999557718,medium,youth,mid,1.0
5012878,F,Y,Y,0,160300.0,State servant,Secondary / secondary special,Married,House / apartment,-17595,-846,1,0,1,0,Laborers,2.0,0,48.17,0,2.32,80150.0,0.04816275690263649,medium,adult,entry,3.0
5012879,F,N,Y,0,583300.0,Pensioner,Secondary / secondary special,Married,House / apartment,-14935,365243,1,0,0,0,,2.0,0,40.89,1,0.0,291650.0,0.0,high,adult,entry,2.0
5012880,F,N,Y,2,242700.0,Commercial associate,Secondary / secondary special,Married,House / apartment,-13899,-1684,1,0,1,0,Laborers,4.0,0,38.05,0,4.61,60675.0,0.1211563731931669,medium,adult,mid,2.0
5012881,M,N,Y,0,239700.0,Working,Secondary / secondary special,Married,House / apartment,-24799,-17200,1,0,0,0,Core staff,2.0,0,67.9,0,47.09,119850.0,0.693519882179676,medium,senior,senior,2.0
5012882,F,N,Y,0,321700.0,Working,Lower secondary,Married,House / apartment,-15647,-7307,1,0,0,0,,2.0,0,42.84,0,20.01,160850.0,0.46708683473389356,high,adult,senior,2.0
5012883,M,Y,Y,1,324500.0,Pensioner,Secondary / secondary special,Married,House / apartment,-20444,365243,1,1,0,0,,3.0,0,55.97,1,0.0,108166.66666666667,0.0,high,senior,entry,3.0
5012884,F,Y,Y,0,46100.0,Working,Higher education,Married,House / apartment,-24966,-16059,1,0,0,0,,2.0,0,68.35,0,43.97,23050.0,0.643306510607169,low,senior,senior,2.0
5012885,M,N,N,1,176700.0,Working,Secondary / secondary special,Married,House / apartment,-10063,-1812,1,0,1,0,,3.0,0,27.55,0,4.96,58900.0,0.18003629764065335,medium,youth,mid,1.0
5012886,F,Y,N,0,120500.0,Pensioner,Secondary / secondary special,Married,House / apartment,-8302,365243,1,0,0,0,,2.0,0,22.73,1,0.0,60250.0,0.0,medium,youth,entry,1.0
5012887,F,N,Y,1,298200.0,Pensioner,Incomplete higher,Single / not married,House / apartment,-13032,365243,1,0,0,0,,2.0,0,35.68,1,0.0,149100.0,0.0,high,adult,entry,2.0
5012888,M,Y,Y,2,211300.0,Working,Secondary / secondary special,Married,House / apartment,-8117,-1487,1,0,1,0,Laborers,4.0,1,22.22,0,4.07,52825.0,0.1831683168316832,medium,youth,mid,3.0
5012889,M,Y,Y,0,246000.0,Pensioner,Secondary / secondary special,Married,House / apartment,-9437,365243,1,1,1,0,,2.0,0,25.84,1,0.0,123000.0,0.0,medium,youth,entry,3.0
5012890,M,Y,N,0,86400.0,Working,Higher education,Widow,House / apartment,-25416,-9312,1,0,1,0,,1.0,0,69.59,0,25.49,86400.0,0.36628825980744356,low,senior,senior,1.0
5012891,F,N,Y,1,209100.0,Working,Higher education,Single / not married,House / apartment,-24840,-7058,1,0,0,0,Medicine staff,2.0,0,68.01,0,19.32,104550.0,0.28407587119541244,medium,senior,senior,2.0
5012892,F,Y,Y,1,426400.0,Commercial associate,Higher education,Married,Rented apartment,-19930,-540,1,0,1,0,,3.0,0,54.57,0,1.48,142133.33333333334,0.02712112882536192,high,adult,entry,3.0
5012893,M,N,Y,1,494000.0,Pensioner,Higher education,Married,House / apartment,-21056,365243,1,0,0,0,,3.0,0,57.65,1,0.0,164666.66666666666,0.0,high,senior,entry,2.0
5012894,F,N,N,0,349700.0,Working,Secondary / secondary special,Civil marriage,House / apartment,-9871,-2353,1,0,0,1,,2.0,0,27.03,0,6.44,174850.0,0.2382537920828709,high,youth,mid,1.0
5012895,M,Y,Y,1,125200.0,Working,Secondary / secondary special,Civil marriage,Rented apartment,-18175,-3008,1,1,0,0,Medicine staff,3.0,0,49.76,0,8.24,41733.333333333336,0.16559485530546625,medium,adult,mid,2.0
5012896,F,N,Y,0,458200.0,Working,Higher education,Married,House / apartment,-10125,-3130,1,0,0,0,,2.0,0,27.72,0,8.57,229100.0,0.3091630591630592,high,youth,mid,2.0
5012897,F,N,N,0,350600.0,Student,Incomplete higher,Married,Office apartment,-14215,-2561,1,0,0,0,High skill tech staff,2.0,0,38.92,0,7.01,175300.0,0.18011305241521067,high,adult,mid,1.0
5012898,M,N,Y,0,230200.0,Commercial associate,Secondary / secondary special,Married,House / apartment,-13612,-4306,1,0,0,0,Accountants,2.0,1,37.27,0,11.79,115100.0,0.3163402200160987,medium,adult,senior,2.0
5012899,F,N,N,0,88700.0,Working,Secondary / secondary special,Married,House / apartment,-18517,-4672,1,0,0,0,Sales staff,2.0,0,50.7,0,12.79,44350.0,0.25226824457593683,low,adult,senior,0.0
5012900,M,Y,Y,0,393300.0,Working,Secondary / secondary special,Separated,House / apartment,-8760,-1357,1,0,0,0,Laborers,1.0,0,23.98,0,3.72,393300.0,0.15512927439532945,high,youth,mid,3.0
5012901,M,Y,N,0,181600.0,Commercial associate,Secondary / secondary special,Married,House / apartment,-9194,-1123,1,1,0,0,Laborers,2.0,0,25.17,0,3.07,90800.0,0.12197059992054031,medium,youth,mid,2.0
5012902,M,N,Y,0,290300.0,Commercial associate,Secondary / secondary special,Married,House / apartment,-18444,-2960,1,0,0,0,Security staff,2.0,0,50.5,0,8.1,145150.0,0.1603960396039604,high,adult,mid,2.0
5012903,M,Y,N,0,252600.0,Pensioner,Higher education,Separated,House / apartment,-18922,365243,1,0,1,0,,1.0,0,51.81,1,0.0,252600.0,0.0,high,adult,entry,2.0
5012904,F,N,Y,2,526800.0,Working,Secondary / secondary special,Married,House / apartment,-13512,-3326,1,0,0,0,,4.0,0,36.99,0,9.11,131700.0,0.24628277912949442,high,adult,mid,2.0
5012905,F,N,N,0,229300.0,State servant,Secondary / secondary special,Married,With parents,-9987,-156,1,0,0,0,,2.0,0,27.34,0,0.43,114650.0,0.01572787125091441,medium,youth,entry,1.0
5012906,F,Y,Y,0,242300.0,Working,Secondary / secondary special,Married,House / apartment,-23487,-8244,1,0,0,0,Core staff,2.0,0,64.3,0,22.57,121150.0,0.35101088646967343,medium,senior,senior,3.0
5012907,M,N,Y,0,537500.0,Working,Secondary / secondary special,Married,House / apartment,-8272,-244,1,0,0,1,,2.0,0,22.65,0,0.67,268750.0,0.02958057395143488,high,youth,entry,2.0
5012908,M,Y,N,0,175700.0,Working,Secondary / secondary special,Single / not married,House / apartment,-20406,-1004,1,1,0,0,Cleaning staff,1.0,0,55.87,0,2.75,175700.0,0.04922140683730088,medium,senior,entry,2.0
5012909,F,Y,Y,0,366800.0,Working,Secondary / secondary special,Married,House / apartment,-9863,-2839,1,1,0,0,Core staff,2.0,0,27.0,0,7.77,183400.0,0.28777777777777774,high,youth,mid,3.0
5012910,F,Y,Y,0,221100.0,State servant,Secondary / secondary special,Married,House / apartment,-18945,-9663,1,0,1,0,,2.0,0,51.87,0,26.46,110550.0,0.5101214574898786,medium,adult,senior,3.0
5012911,M,N,Y,0,147900.0,Commercial associate,Secondary / secondary special,Married,House / apartment,-19425,-4140,1,0,1,0,Core staff,2.0,0,53.18,0,11.33,73950.0,0.21305001880406169,medium,adult,senior,1.0
5012912,F,Y,N,3,244300.0,Commercial associate,Secondary / secondary special,Single / not married,House / apartment,-21993,-10146,1,0,1,0,,4.0,0,60.21,0,27.78,61075.0,0.46138515196811164,medium,senior,senior,2.0
5012913,F,N,Y,0,345000.0,Working,Secondary / secondary special,Married,House / apartment,-14519,-4381,1,0,0,0,Drivers,2.0,0,39.75,0,11.99,172500.0,0.3016352201257862,high,adult,senior,2.0
5012914,F,N,N,0,480400.0,Working,Incomplete higher,Married,House / apartment,-7703,-536,1,0,1,0,Core staff,2.0,0,21.09,0,1.47,240200.0,0.06970128022759602,high,youth,entry,1.0
5012915,F,N,Y,0,510300.0,Working,Higher education,Single / not married,House / apartment,-22117,-7918,1,0,0,0,Managers,1.0,0,60.55,0,21.68,510300.0,0.35805119735755575,high,senior,senior,2.0
5012916,M,N,Y,0,210700.0,Commercial associate,Higher education,Separated,House / apartment,-15415,-3655,1,0,1,0,,1.0,0,42.2,0,10.01,210700.0,0.2372037914691943,medium,adult,senior,2.0
5012917,M,N,Y,0,149000.0,Commercial associate,Secondary / secondary special,Single / not married,House / apartment,-22775,-2187,1,0,1,0,Managers,1.0,0,62.35,0,5.99,149000.0,0.09607056936647955,medium,senior,mid,1.0
5012918,F,Y,Y,0,208200.0,Working,Secondary / secondary special,Married,House / apartment,-21476,-14385,1,0,0,1,,2.0,0,58.8,0,39.38,104100.0,0.6697278911564627,medium,senior,senior,3.0
5012919,M,N,Y,0,135200.0,Working,Secondary / secondary special,Married,House / apartment,-16405,-429,1,0,0,0,Core staff,2.0,0,44.91,0,1.17,67600.0,0.026052104208416835,medium,adult,entry,1.0
5012920,F,N,Y,0,219000.0,Working,Higher education,Married,With parents,-25557,-894,1,0,0,0,Sales staff,2.0,0,69.97,0,2.45,109500.0,0.03501500643132772,medium,senior,entry,2.0
5012921,F,N,Y,0,205800.0,Pensioner,Secondary / secondary special,Civil marriage,House / apartment,-15744,365243,1,1,1,1,,2.0,0,43.1,1,0.0,102900.0,0.0,medium,adult,entry,2.0
5012922,M,N,N,0,351200.0,Commercial associate,Higher education,Civil marriage,With parents,-20025,-651,1,1,0,0,Laborers,2.0,0,54.83,0,1.78,175600.0,0.03246397957322634,high,adult,entry,1.0
5012923,F,N,Y,1,81000.0,Working,Secondary / secondary special,Separated,With parents,-19537,-11082,1,0,0,0,Private service staff,2.0,0,53.49,0,30.34,40500.0,0.5672088240792671,low,adult,senior,1.0
5012924,M,N,Y,0,169200.0,Working,Secondary / secondary special,Single / not married,House / apartment,-16766,-3484,1,0,1,0,Security staff,1.0,0,45.9,0,9.54,169200.0,0.20784313725490194,medium,adult,mid,2.0
5012925,F,N,Y,0,169900.0,Working,Secondary / secondary special,Married,Municipal apartment,-17995,-7597,1,0,1,0,High skill tech staff,2.0,0,49.27,0,20.8,84950.0,0.42216358839050133,medium,adult,senior,2.0
5012926,F,N,Y,0,442000.0,Working,Higher education,Single / not married,House / apartment,-21890,-1047,1,1,1,0,,1.0,0,59.93,0,2.87,442000.0,0.047889204071416655,high,senior,entry,2.0
5012927,F,N,Y,2,139900.0,Pensioner,Secondary / secondary special,Single / not married,With parents,-17744,365243,1,0,0,0,,3.0,0,48.58,1,0.0,46633.333333333336,0.0,medium,adult,entry,1.0
5012928,F,Y,Y,1,273400.0,State servant,Secondary / secondary special,Civil marriage,House / apartment,-15526,-3361,1,0,0,0,,3.0,0,42.51,0,9.2,91133.33333333333,0.21641966596095036,high,adult,mid,3.0
5012929,F,N,N,0,229000.0,Working,Higher education,Separated,House / apartment,-19396,-3696,1,0,1,0,Laborers,1.0,0,53.1,0,10.12,229000.0,0.19058380414312615,medium,adult,senior,1.0
5012930,F,N,Y,2,411300.0,Working,Secondary / secondary special,Married,House / apartment,-7953,365243,1,0,0,0,,4.0,0,21.77,1,0.0,102825.0,0.0,high,youth,entry,2.0
5012931,F,N,Y,0,328900.0,Commercial associate,Secondary / secondary special,Married,House / apartment,-9299,-396,1,1,0,0,Accountants,2.0,0,25.46,0,1.08,164450.0,0.042419481539670074,high,youth,entry,2.0
5012932,M,N,Y,3,259400.0,Commercial associate,Secondary / secondary special,Married,House / apartment,-9596,-49,1,0,1,0,Laborers,5.0,0,26.27,0,0.13,51880.0,0.0049486105824134,high,youth,entry,2.0
5012933,M,N,Y,0,185000.0,Working,Secondary / secondary special,Married,House / apartment,-15081,-3143,1,0,1,0,Laborers,2.0,0,41.29,0,8.61,92500.0,0.2085250666020828,medium,adult,mid,2.0
5012934,M,Y,Y,0,96700.0,Pensioner,Secondary / secondary special,Married,House / apartment,-23226,365243,1,1,0,0,,2.0,1,63.59,1,0.0,48350.0,0.0,low,senior,entry,2.0
5012935,M,N,Y,0,276200.0,Pensioner,Higher education,Widow,House / apartment,-19053,365243,1,0,0,0,,1.0,0,52.16,1,0.0,276200.0,0.0,high,adult,entry,2.0
5012936,F,N,Y,0,318300.0,Working,Secondary / secondary special,Separated,House / apartment,-25067,-1662,1,0,1,0,Managers,1.0,0,68.63,0,4.55,318300.0,0.06629753752003498,high,senior,mid,2.0
5012937,F,Y,Y,0,111100.0,Commercial associate,Higher education,Single / not married,House / apartment,-8034,-161,1,0,0,0,,1.0,0,22.0,0,0.44,111100.0,0.02,medium,youth,entry,2.0
5012938,F,N,N,0,131700.0,Commercial associate,Secondary / secondary special,Married,House / apartment,-20491,-1511,1,1,0,0,Laborers,2.0,0,56.1,0,4.14,65850.0,0.07379679144385026,medium,senior,mid,0.0
5012939,M,N,Y,0,277000.0,Commercial associate,Secondary / secondary special,Married,House / apartment,-13043,-871,1,0,1,0,,2.0,0,35.71,0,2.38,138500.0,0.06664799775973117,high,adult,entry,2.0
5012940,F,N,Y,0,289200.0,Working,Incomplete higher,Single / not married,House / apartment,-7730,-481,1,0,0,0,,1.0,0,21.16,0,1.32,289200.0,0.06238185255198488,high,youth,entry,2.0
5012941,M,Y,Y,0,148800.0,Working,Secondary / secondary special,Married,House / apartment,-22388,-661,1,0,0,0,Sales staff,2.0,0,61.3,0,1.81,74400.0,0.029526916802610118,medium,senior,entry,2.0
5012942,F,N,Y,2,183200.0,Working,Higher education,Married,Municipal apartment,-10276,-3300,1,1,0,0,Laborers,4.0,0,28.13,0,9.03,45800.0,0.3210095982936367,medium,youth,mid,2.0
5012943,F,N,Y,1,97500.0,Commercial associate,Secondary / secondary special,Civil marriage,House / apartment,-11215,-3669,1,0,0,0,Sales staff,3.0,0,30.7,0,10.05,32500.0,0.32736156351791534,low,youth,senior,1.0
5012944,M,N,Y,2,486100.0,Working,Secondary / secondary special,Married,Municipal apartment,-13523,-5579,1,0,0,0,Sales staff,4.0,0,37.02,0,15.27,121525.0,0.4124797406807131,high,adult,senior,2.0
5012945,M,Y,N,1,127500.0,Commercial associate,Secondary / secondary special,Married,Rented apartment,-21702,-15095,1,0,1,0,,3.0,0,59.42,0,41.33,42500.0,0.6955570514978121,medium,senior,senior,1.0
5012946,M,N,Y,0,320200.0,Pensioner,Secondary / secondary special,Married,House / apartment,-18712,365243,1,0,0,0,,2.0,0,51.23,1,0.0,160100.0,0.0,high,adult,entry,2.0
5012947,F,N,Y,0,239900.0,Working,Higher education,Separated,House / apartment,-12142,-4433,1,0,0,0,Laborers,1.0,0,33.24,0,12.14,239900.0,0.36522262334536704,medium,youth,senior,2.0
5012948,F,N,Y,0,465200.0,Commercial associate,Secondary / secondary special,Civil marriage,House / apartment,-10382,-1199,1,1,0,0,Sales staff,2.0,0,28.42,0,3.28,232600.0,0.11541168191414496,high,youth,mid,2.0
5012949,F,N,Y,0,164300.0,Working,Secondary / secondary special,Widow,House / apartment,-9306,-1222,1,0,0,0,Managers,1.0,0,25.48,0,3.35,164300.0,0.1314756671899529,medium,youth,mid,2.0
5012950,M,Y,Y,0,251700.0,Working,Secondary / secondary special,Single / not married,House / apartment,-10041,-3349,1,0,1,0,Laborers,1.0,0,27.49,0,9.17,251700.0,0.3335758457620953,high,youth,mid,3.0
5012951,F,N,Y,1,104400.0,Working,Secondary / secondary special,Married,House / apartment,-23160,-6031,1,0,0,0,,3.0,0,63.41,0,16.51,34800.0,0.26036902696735537,medium,senior,senior,1.0
5012952,F,N,Y,0,92600.0,State servant,Secondary / secondary special,Separated,Municipal apartment,-24156,-852,1,0,1,0,Core staff,1.0,0,66.14,0,2.33,92600.0,0.03522830359842758,low,senior,entry,1.0
5012953,F,N,Y,2,328900.0,Pensioner,Secondary / secondary special,Married,House / apartment,-24982,365243,1,0,0,0,,4.0,0,68.4,1,0.0,82225.0,0.0,high,senior,entry,2.0
5012954,M,N,Y,0,100000.0,Working,Lower secondary,Married,House / apartment,-22549,-9719,1,0,0,0,Core staff,2.0,0,61.74,0,26.61,50000.0,0.43100097181729835,low,senior,senior,1.0
5012955,M,N,N,1,217800.0,State servant,Secondary / secondary special,Married,House / apartment,-23511,-15269,1,0,0,0,Managers,3.0,1,64.37,0,41.8,72600.0,0.6493708249184402,medium,senior,senior,1.0
5012956,F,Y,Y,0,404800.0,Pensioner,Secondary / secondary special,Single / not married,House / apartment,-22209,365243,1,0,0,0,,1.0,0,60.8,1,0.0,404800.0,0.0,high,senior,entry,3.0
5012957,F,N,Y,0,354600.0,Working,Secondary / secondary special,Separated,House / apartment,-24801,-16444,1,0,0,0,Core staff,1.0,0,67.9,0,45.02,354600.0,0.6630338733431517,high,senior,senior,2.0
5012958,M,Y,N,2,175100.0,Working,Higher education,Married,House / apartment,-22749,-1256,1,0,0,0,,4.0,0,62.28,0,3.44,43775.0,0.05523442517662171,medium,senior,mid,2.0
5012959,M,Y,N,0,110300.0,Working,Secondary / secondary special,Married,House / apartment,-15742,-4369,1,0,0,0,,2.0,0,43.1,0,11.96,55150.0,0.2774941995359629,medium,adult,senior,1.0
5012960,F,N,N,0,315000.0,Commercial associate,Secondary / secondary special,Civil marriage,House / apartment,-13208,-769,1,0,1,0,Low-skill Laborers,2.0,0,36.16,0,2.11,157500.0,0.058351769911504425,high,adult,entry,1.0
5012961,F,N,Y,0,477600.0,Commercial associate,Secondary / secondary special,Married,House / apartment,-17974,-1502,1,1,1,0,,2.0,0,49.21,0,4.11,238800.0,0.08351960983539931,high,adult,mid,2.0
5012962,F,N,N,0,175300.0,Working,Secondary / secondary special,Single / not married,House / apartment,-18412,-10242,1,0,0,0,Core staff,1.0,0,50.41,0,28.04,175300.0,0.5562388414997025,medium,adult,senior,1.0
5012963,F,N,Y,0,163400.0,Working,Secondary / secondary special,Married,House / apartment,-17804,-761,1,0,0,0,Medicine staff,2.0,0,48.74,0,2.08,81700.0,0.04267542059909725,medium,adult,entry,2.0
5012964,F,N,Y,0,187800.0,Working,Secondary / secondary special,Married,House / apartment,-20212,-8076,1,0,0,0,,2.0,0,55.34,0,22.11,93900.0,0.3995301770870979,medium,senior,senior,2.0
5012965,M,N,Y,0,324900.0,Working,Secondary / secondary special,Married,House / apartment,-20070,-911,1,0,1,0,Drivers,2.0,0,54.95,0,2.49,162450.0,0.04531392174704277,high,adult,entry,2.0
5012966,F,N,N,0,451200.0,Working,Secondary / secondary special,Married,House / apartment,-8897,-1307,1,0,1,0,Laborers,2.0,0,24.36,0,3.58,225600.0,0.14696223316912974,high,youth,mid,1.0
5012967,F,Y,Y,0,131400.0,Working,Higher education,Single / not married,House / apartment,-12519,-724,1,0,0,1,Laborers,1.0,0,34.28,0,1.98,131400.0,0.05775962660443407,medium,youth,entry,2.0
5012968,F,N,Y,1,115400.0,Commercial associate,Secondary / secondary special,Separated,House / apartment,-23556,-5771,1,0,1,0,Laborers,2.0,0,64.49,0,15.8,57700.0,0.24499922468599786,medium,senior,senior,1.0
5012969,F,N,Y,1,786600.0,State servant,Higher education,Married,House / apartment,-18081,-10286,1,0,0,0,Cooking staff,3.0,0,49.5,0,28.16,262200.0,0.5688888888888889,high,adult,senior,2.0
5012970,M,N,Y,0,223400.0,Working,Secondary / secondary special,Civil marriage,House / apartment,-13305,-4319,1,0,0,0,,2.0,1,36.43,0,11.82,111700.0,0.3244578643974746,medium,adult,senior,2.0
5012971,M,Y,N,0,277000.0,Working,Higher education,Single / not married,House / apartment,-22837,-14538,1,1,0,0,Sales staff,1.0,0,62.52,0,39.8,277000.0,0.6365962891874599,high,senior,senior,2.0
5012972,M,Y,Y,0,172700.0,Working,Secondary / secondary special,Married,House / apartment,-11853,-2752,1,0,0,0,Laborers,2.0,1,32.45,0,7.53,86350.0,0.2320493066255778,medium,youth,mid,3.0
5012973,M,Y,Y,1,311900.0,Working,Secondary / secondary special,Married,House / apartment,-14778,-51,1,1,1,0,Laborers,3.0,0,40.46,0,0.14,103966.66666666667,0.0034602076124567475,high,adult,entry,3.0
5012974,M,Y,N,1,394500.0,Commercial associate,Higher education,Married,House / apartment,-12350,-3620,1,0,0,0,Laborers,3.0,0,33.81,0,9.91,131500.0,0.29310854776693285,high,youth,mid,2.0
5012975,F,N,Y,2,283600.0,Commercial associate,Secondary / secondary special,Married,House / apartment,-23218,-1137,1,0,0,0,Sales staff,4.0,0,63.57,0,3.11,70900.0,0.04892244769545383,high,senior,mid,2.0
5012976,F,Y,Y,0,583000.0,Working,Secondary / secondary special,Married,House / apartment,-20605,-7682,1,0,0,0,Accountants,2.0,0,56.41,0,21.03,291500.0,0.3728062400283638,high,senior,senior,3.0
5012977,F,Y,N,0,207300.0,Working,Higher education,Widow,House / apartment,-15710,-8060,1,0,1,0,,1.0,0,43.01,0,22.07,207300.0,0.5131364798883981,medium,adult,senior,2.0
5012978,F,Y,N,0,214100.0,Working,Higher education,Married,House / apartment,-24331,-9171,1,0,0,0,Laborers,2.0,0,66.61,0,25.11,107050.0,0.37697042486113197,medium,senior,senior,2.0
5012979,F,Y,N,0,274100.0,Working,Secondary / secondary special,Married,House / apartment,-24242,-197,1,0,0,0,,2.0,0,66.37,0,0.54,137050.0,0.008136206117221637,high,senior,entry,2.0
5012980,F,Y,Y,0,308000.0,Commercial associate,Secondary / secondary special,Married,House / apartment,-20299,-7232,1,0,0,0,Managers,2.0,0,55.58,0,19.8,154000.0,0.3562432529686938,high,senior,senior,3.0
5012981,F,N,Y,0,273600.0,Working,Secondary / secondary special,Married,House / apartment,-23595,-7638,1,0,0,0,Laborers,2.0,0,64.6,0,20.91,136800.0,0.3236842105263158,high,senior,senior,2.0
5012982,M,N,Y,1,128400.0,Pensioner,Higher education,Married,House / apartment,-20443,365243,1,0,0,0,,3.0,0,55.97,1,0.0,42800.0,0.0,medium,senior,entry,1.0
5012983,M,Y,Y,0,285400.0,Commercial associate,Secondary / secondary special,Married,House / apartment,-18778,-7374,1,1,0,0,,2.0,0,51.41,0,20.19,142700.0,0.3927251507488816,high,adult,senior,3.0
5012984,F,N,Y,1,202500.0,Working,Higher education,Married,House / apartment,-14990,-1964,1,0,0,0,Sales staff,3.0,0,41.04,0,5.38,67500.0,0.1310916179337232,medium,adult,mid,2.0
5012985,F,N,Y,0,182600.0,Working,Secondary / secondary special,Married,House / apartment,-12299,-3072,1,0,0,0,Core staff,2.0,0,33.67,0,8.41,91300.0,0.24977724977724977,medium,youth,mid,2.0
5012986,F,Y,N,2,248100.0,State servant,Secondary / secondary special,Married,House / apartment,-8405,-1228,1,0,0,0,Medicine staff,4.0,0,23.01,0,3.36,62025.0,0.14602346805736635,medium,youth,mid,2.0
5012987,M,N,Y,4,150900.0,Working,Secondary / secondary special,Married,House / apartment,-21931,-11648,1,1,0,0,,6.0,0,60.04,0,31.89,25150.0,0.5311459027315123,medium,senior,senior,2.0
5012988,M,N,Y,2,138400.0,Working,Secondary / secondary special,Married,House / apartment,-9536,-1539,1,0,0,0,Laborers,4.0,0,26.11,0,4.21,34600.0,0.1612409038682497,medium,youth,mid,1.0
5012989,F,N,Y,1,66000.0,Working,Secondary / secondary special,Married,House / apartment,-14799,-5824,1,0,0,0,Laborers,3.0,0,40.52,0,15.95,22000.0,0.3936327739387956,low,adult,senior,1.0
5012990,M,N,Y,1,584800.0,Commercial associate,Secondary / secondary special,Married,House / apartment,-11590,-3299,1,0,1,0,Sales staff,3.0,0,31.73,0,9.03,194933.33333333334,0.2845887173022376,high,youth,mid,2.0
5012991,F,Y,N,0,322300.0,Working,Secondary / secondary special,Married,House / apartment,-15608,-180,1,0,0,0,,2.0,0,42.73,0,0.49,161150.0,0.011467353147671425,high,adult,entry,2.0
5012992,F,N,Y,0,230300.0,State servant,Secondary / secondary special,Married,House / apartment,-13057,-6063,1,0,1,0,Laborers,2.0,1,35.75,0,16.6,115150.0,0.46433566433566437,medium,adult,senior,2.0
5012993,F,N,Y,0,174900.0,Commercial associate,Secondary / secondary special,Married,House / apartment,-22457,-5913,1,0,1,0,,2.0,0,61.48,0,16.19,87450.0,0.2633376707872479,medium,senior,senior,2.0
5012994,F,N,Y,1,58000.0,Pensioner,Secondary / secondary special,Married,House / apartment,-25169,365243,1,0,1,0,,3.0,0,68.91,1,0.0,19333.333333333332,0.0,low,senior,entry,1.0
5012995,F,Y,Y,3,169600.0,Working,Higher education,Civil marriage,Municipal apartment,-24500,-6405,1,1,1,1,Private service staff,5.0,0,67.08,0,17.54,33920.0,0.2614788312462731,medium,senior,senior,3.0
5012996,F,N,Y,0,349200.0,Pensioner,Secondary / secondary special,Married,House / apartment,-18671,365243,1,1,0,0,,2.0,0,51.12,1,0.0,174600.0,0.0,high,adult,entry,2.0
5012997,F,N,N,0,391000.0,Working,Secondary / secondary special,Married,House / apartment,-25189,-6240,1,1,0,0,Accountants,2.0,0,68.96,0,17.08,195500.0,0.2476798143851508,high,senior,senior,1.0
5012998,F,N,Y,0,336600.0,Working,Incomplete higher,Married,House / apartment,-14623,-5417,1,0,0,0,Sales staff,2.0,0,40.04,0,14.83,168300.0,0.3703796203796204,high,adult,senior,2.0
5012999,M,Y,Y,2,264300.0,Pensioner,Secondary / secondary special,Widow,Rented apartment,-16847,365243,1,0,1,1,,3.0,0,46.12,1,0.0,88100.0,0.0,high,adult,entry,3.0
5013000,M,N,Y,0,468600.0,Working,Higher education,Widow,House / apartment,-11996,-5043,1,0,0,1,Medicine staff,1.0,0,32.84,0,13.81,468600.0,0.42052375152253346,high,youth,senior,2.0
5013001,M,N,N,0,207100.0,State servant,Secondary / secondary special,Married,House / apartment,-23704,-12191,1,0,1,0,,2.0,0,64.9,0,33.38,103550.0,0.5143297380585516,medium,senior,senior,1.0
5013002,F,N,N,0,420000.0,Working,Secondary / secondary special,Married,House / apartment,-10587,-3767,1,0,0,0,Sales staff,2.0,0,28.99,0,10.31,210000.0,0.35563987581924805,high,youth,senior,1.0
5013003,F,N,Y,0,201400.0,State servant,Secondary / secondary special,Married,House / apartment,-18454,-4426,1,1,1,0,Core staff,2.0,0,50.52,0,12.12,100700.0,0.2399049881235154,medium,adult,senior,2.0
5013004,F,N,Y,0,157100.0,Commercial associate,Secondary / secondary special,Married,House / apartment,-21905,-3199,1,0,1,0,,2.0,0,59.97,0,8.76,78550.0,0.14607303651825912,medium,senior,mid,2.0
5013005,M,N,N,0,147700.0,Commercial associate,Secondary / secondary special,Married,House / apartment,-18178,-5313,1,0,0,0,Core staff,2.0,0,49.77,0,14.55,73850.0,0.2923447860156721,medium,adult,senior,0.0
5013006,M,N,N,1,143400.0,Working,Secondary / secondary special,Married,House / apartment,-8744,-2078,1,0,1,1,Laborers,3.0,1,23.94,0,5.69,47800.0,0.23767752715121138,medium,youth,mid,0.0
5013007,F,N,N,0,339400.0,Working,Higher education,Married,Rented apartment,-18472,-3519,1,0,0,0,Managers,2.0,0,50.57,0,9.63,169700.0,0.19042910816689737,high,adult,mid,1.0
5013008,M,N,N,0,168400.0,Commercial associate,Secondary / secondary special,Married,House / apartment,-21314,-14254,1,0,1,0,Laborers,2.0,0,58.35,0,39.03,84200.0,0.6688946015424164,medium,senior,senior,1.0
5013009,F,Y,Y,1,145600.0,Pensioner,Secondary / secondary special,Married,House / apartment,-10735,365243,1,0,1,0,,3.0,0,29.39,1,0.0,48533.333333333336,0.0,medium,youth,entry,2.0
5013010,F,N,Y,2,348800.0,Working,Secondary / secondary special,Separated,House / apartment,-20764,-2456,1,0,1,0,Laborers,3.0,0,56.85,0,6.72,116266.66666666667,0.11820580474934037,high,senior,mid,2.0
5013011,F,N,N,3,287600.0,Working,Higher education,Married,House / apartment,-23350,-708,1,0,0,0,,5.0,0,63.93,0,1.94,57520.0,0.030345690599092756,high,senior,entry,1.0
5013012,M,N,N,0,395000.0,Working,Secondary / secondary special,Single / not married,House / apartment,-25320,-11859,1,0,0,0,Managers,1.0,0,69.32,0,32.47,395000.0,0.46840738603577614,high,senior,senior,1.0
5013013,M,N,Y,2,315500.0,Working,Secondary / secondary special,Married,House / apartment,-14794,-2672,1,0,1,0,Managers,4.0,0,40.5,0,7.32,78875.0,0.18074074074074076,high,adult,mid,2.0
5013014,M,N,Y,0,167500.0,Working,Higher education,Married,House / apartment,-7765,-1031,1,1,0,0,Laborers,2.0,0,21.26,0,2.82,83750.0,0.1326434619002822,medium,youth,entry,2.0
5013015,F,N,N,1,253600.0,Pensioner,Incomplete higher,Civil marriage,House / apartment,-14958,365243,1,1,0,0,,3.0,0,40.95,1,0.0,84533.33333333333,0.0,high,adult,entry,1.0
5013016,F,Y,Y,0,259900.0,Working,Secondary / secondary special,Married,House / apartment,-19362,-5926,1,0,0,0,,2.0,0,53.01,0,16.22,129950.0,0.30598000377287304,high,adult,senior,3.0
5013017,M,N,N,0,154200.0,Working,Higher education,Married,House / apartment,-23584,-11832,1,0,0,0,,2.0,0,64.57,0,32.39,77100.0,0.501626142171287,medium,senior,senior,1.0
5013018,F,Y,Y,0,140500.0,State servant,Secondary / secondary special,Married,House / apartment,-24437,-5485,1,0,0,0,Laborers,2.0,1,66.9,0,15.02,70250.0,0.22451420029895364,medium,senior,senior,2.0
5013019,F,Y,Y,0,173700.0,Working,Higher education,Married,House / apartment,-23916,-11825,1,0,1,1,High skill tech staff,2.0,0,65.48,0,32.38,86850.0,0.4945021380574221,medium,senior,senior,3.0
5013020,M,N,Y,1,675900.0,Commercial associate,Secondary / secondary special,Married,House / apartment,-19321,-5889,1,0,0,0,Sales staff,3.0,0,52.9,0,16.12,225300.0,0.30472589792060495,high,adult,senior,2.0
5013021,F,N,Y,0,198600.0,Commercial associate,Higher education,Married,House / apartment,-19770,-4382,1,0,0,0,Laborers,2.0,0,54.13,0,12.0,99300.0,0.22168852761869573,medium,adult,senior,2.0
5013022,F,N,Y,0,452200.0,Pensioner,Higher education,Married,Municipal apartment,-7349,365243,1,0,1,1,,2.0,0,20.12,1,0.0,226100.0,0.0,high,youth,entry,2.0
5013023,M,Y,Y,0,193100.0,Commercial associate,Secondary / secondary special,Married,House / apartment,-13948,-6608,1,1,0,0,,2.0,0,38.19,0,18.09,96550.0,0.4736842105263158,medium,adult,senior,3.0
5013024,M,Y,N,0,380700.0,Commercial associate,Secondary / secondary special,Married,House / apartment,-23866,-2968,1,0,0,0,Accountants,2.0,0,65.34,0,8.13,190350.0,0.12442607897153352,high,senior,mid,2.0
5013025,F,N,N,3,383400.0,Working,Secondary / secondary special,Married,Office apartment,-19899,-6670,1,0,0,0,Drivers,5.0,0,54.48,0,18.26,76680.0,0.3351688693098385,high,adult,senior,1.0
5013026,F,N,Y,1,393100.0,Commercial associate,Secondary / secondary special,Single / not married,House / apartment,-15850,-4892,1,0,0,0,Sales staff,2.0,0,43.39,0,13.39,196550.0,0.3085964507951141,high,adult,senior,2.0
5013027,F,Y,Y,2,296400.0,Pensioner,Secondary / secondary special,Married,House / apartment,-9209,365243,1,0,0,0,,4.0,0,25.21,1,0.0,74100.0,0.0,high,youth,entry,3.0
5013028,F,N,Y,0,486100.0,Working,Higher education,Married,House / apartment,-11803,-1921,1,0,1,0,Accountants,2.0,0,32.31,0,5.26,243050.0,0.16279789538842462,high,youth,mid,2.0
5013029,F,N,Y,0,295000.0,Working,Secondary / secondary special,Separated,House / apartment,-17439,-7156,1,0,0,0,,1.0,0,47.75,0,19.59,295000.0,0.41026178010471204,high,adult,senior,2.0
5013030,F,N,Y,0,575100.0,Pensioner,Secondary / secondary special,Married,House / apartment,-23696,365243,1,0,0,0,,2.0,1,64.88,1,0.0,287550.0,0.0,high,senior,entry,2.0
5013031,F,N,Y,0,108600.0,Commercial associate,Secondary / secondary special,Married,House / apartment,-9055,-562,1,0,1,0,,2.0,0,24.79,0,1.54,54300.0,0.06212182331585317,medium,youth,entry,1.0
5013032,F,Y,Y,0,290600.0,Working,Secondary / secondary special,Married,House / apartment,-10113,-3461,1,1,1,0,,2.0,0,27.69,0,9.48,145300.0,0.3423618634886241,high,youth,mid,3.0
5013033,M,N,Y,1,281300.0,State servant,Secondary / secondary special,Married,With parents,-19267,-7820,1,0,0,1,Medicine staff,3.0,0,52.75,0,21.41,93766.66666666667,0.4058767772511848,high,adult,senior,2.0
5013034,F,N,Y,0,152800.0,Pensioner,Secondary / secondary special,Married,House / apartment,-12677,365243,1,0,0,0,,2.0,1,34.71,1,0.0,76400.0,0.0,medium,youth,entry,2.0
5013035,F,Y,N,0,326200.0,State servant,Higher education,Married,House / apartment,-10404,-88,1,0,1,0,Core staff,2.0,0,28.48,0,0.24,163100.0,0.008426966292134831,high,youth,entry,2.0
5013036,F,N,Y,0,115900.0,Pensioner,Higher education,Married,Municipal apartment,-10564,365243,1,0,0,0,,2.0,0,28.92,1,0.0,57950.0,0.0,medium,youth,entry,1.0
5013037,F,N,N,0,176000.0,Working,Higher education,Married,House / apartment,-16301,-855,1,0,0,0,Managers,2.0,0,44.63,0,2.34,88000.0,0.05243110015684516,medium,adult,entry,1.0
5013038,M,N,N,1,89900.0,Commercial associate,Higher education,Single / not married,With parents,-17966,-9238,1,0,0,0,Core staff,2.0,1,49.19,0,25.29,44950.0,0.5141288879853629,low,adult,senior,0.0
5013039,M,Y,N,0,532200.0,Commercial associate,Secondary / secondary special,Married,Rented apartment,-23821,-13956,1,0,1,0,Laborers,2.0,0,65.22,0,38.21,266100.0,0.5858632321373812,high,senior,senior,2.0
5013040,M,Y,N,0,217400.0,Pensioner,Higher education,Civil marriage,House / apartment,-16981,365243,1,0,1,0,,2.0,0,46.49,1,0.0,108700.0,0.0,medium,adult,entry,2.0
5013041,F,Y,Y,0,721400.0,Pensioner,Secondary / secondary special,Single / not married,House / apartment,-19929,365243,1,0,0,0,,1.0,0,54.56,1,0.0,721400.0,0.0,high,adult,entry,3.0
5013042,F,N,Y,2,364700.0,Working,Secondary / secondary special,Married,House / apartment,-10605,-1796,1,0,0,0,High skill tech staff,4.0,0,29.03,0,4.92,91175.0,0.16947984843265587,high,youth,mid,2.0
5013043,M,N,Y,2,305400.0,Working,Secondary / secondary special,Married,House / apartment,-20335,-12555,1,0,1,0,Core staff,4.0,0,55.67,0,34.37,76350.0,0.6173881803484821,high,senior,senior,2.0
5013044,F,Y,N,0,182100.0,Working,Secondary / secondary special,Married,House / apartment,-19152,-6097,1,1,0,0,Managers,2.0,0,52.44,0,16.69,91050.0,0.3182684973302823,medium,adult,senior,2.0
5013045,F,N,N,0,144700.0,Pensioner,Secondary / secondary special,Married,House / apartment,-11253,365243,1,1,1,0,,2.0,0,30.81,1,0.0,72350.0,0.0,medium,youth,entry,0.0
5013046,F,N,N,0,317100.0,Pensioner,Secondary / secondary special,Single / not married,House / apartment,-19530,365243,1,0,0,0,,1.0,0,53.47,1,0.0,317100.0,0.0,high,adult,entry,1.0
5013047,F,N,Y,0,235600.0,Working,Secondary / secondary special,Married,House / apartment,-11167,-1281,1,0,0,0,Managers,2.0,0,30.57,0,3.51,117800.0,0.11481844946025514,medium,youth,mid,2.0
5013048,F,N,N,3,125000.0,Commercial associate,Secondary / secondary special,Married,House / apartment,-18145,-3031,1,0,0,0,Core staff,5.0,0,49.68,0,8.3,25000.0,0.1670692431561997,medium,adult,mid,0.0
5013049,F,N,Y,4,114400.0,Pensioner,Secondary / secondary special,Married,House / apartment,-19520,365243,1,0,0,0,,6.0,1,53.44,1,0.0,19066.666666666668,0.0,medium,adult,entry,1.0
5013050,M,N,Y,1,151200.0,Working,Secondary / secondary special,Married,House / apartment,-19967,-7273,1,0,0,0,,3.0,0,54.67,0,19.91,50400.0,0.3641851106639839,medium,adult,senior,2.0
5013051,M,N,N,0,606800.0,Working,Higher education,Married,House / apartment,-23910,-12918,1,0,0,0,Laborers,2.0,0,65.46,0,35.37,303400.0,0.5403299725022915,high,senior,senior,1.0
5013052,F,Y,Y,2,738300.0,Working,Secondary / secondary special,Married,House / apartment,-24615,-3343,1,0,0,0,Accountants,4.0,0,67.39,0,9.15,184575.0,0.13577682148686748,high,senior,mid,3.0
5013053,F,Y,N,0,270500.0,Pensioner,Secondary / secondary special,Married,House / apartment,-22101,365243,1,0,0,0,,2.0,0,60.51,1,0.0,135250.0,0.0,high,senior,entry,2.0
5013054,F,Y,Y,1,263000.0,Pensioner,Secondary / secondary special,Married,House / apartment,-23353,365243,1,0,0,0,,3.0,0,63.94,1,0.0,87666.66666666667,0.0,high,senior,entry,3.0
5013055,M,N,N,0,206300.0,Working,Higher education,Married,House / apartment,-7658,-1014,1,1,0,0,Managers,2.0,0,20.97,0,2.78,103150.0,0.13257033857892228,medium,youth,entry,1.0
5013056,M,Y,Y,0,153000.0,Working,Secondary / secondary special,Married,House / apartment,-13928,-5617,1,0,0,0,,2.0,0,38.13,0,15.38,76500.0,0.40335693679517437,medium,adult,senior,3.0
5013057,F,Y,N,0,485600.0,Commercial associate,Secondary / secondary special,Married,House / apartment,-8030,-768,1,1,0,0,,2.0,0,21.98,0,2.1,242800.0,0.09554140127388536,high,youth,entry,2.0
5013058,M,N,N,0,623000.0,Pensioner,Secondary / secondary special,Married,House / apartment,-11411,365243,1,1,1,0,,2.0,0,31.24,1,0.0,311500.0,0.0,high,youth,entry,1.0
5013059,F,Y,N,0,156200.0,Commercial associate,Secondary / secondary special,Married,House / apartment,-14276,-2199,1,1,1,0,Core staff,2.0,0,39.09,0,6.02,78100.0,0.15400358147863902,medium,adult,mid,2.0
5013060,F,Y,Y,1,234200.0,Working,Secondary / secondary special,Married,House / apartment,-23149,-5243,1,0,0,0,Managers,3.0,0,63.38,0,14.35,78066.66666666667,0.22641211738718836,medium,senior,senior,3.0
5013061,F,Y,N,0,195000.0,Working,Higher education,Married,House / apartment,-16651,-3761,1,0,0,0,Laborers,2.0,0,45.59,0,10.3,97500.0,0.22592673831980697,medium,adult,senior,2.0
5013062,F,N,Y,0,197900.0,Pensioner,Secondary / secondary special,Married,House / apartment,-19155,365243,1,1,0,0,,2.0,0,52.44,1,0.0,98950.0,0.0,medium,adult,entry,2.0
5013063,F,Y,Y,0,441700.0,Working,Secondary / secondary special,Married,House / apartment,-13931,-5757,1,1,0,0,Laborers,2.0,0,38.14,0,15.76,220850.0,0.41321447299423175,high,adult,senior,3.0
5013064,M,N,Y,0,126700.0,Working,Secondary / secondary special,Married,With parents,-18316,-2972,1,0,1,0,Accountants,2.0,0,50.15,0,8.14,63350.0,0.16231306081754737,medium,adult,mid,1.0
5013065,F,N,N,4,308300.0,Pensioner,Secondary / secondary special,Married,House / apartment,-22199,365243,1,0,1,0,,6.0,1,60.78,1,0.0,51383.333333333336,0.0,high,senior,entry,1.0
5013066,F,N,Y,0,351400.0,State servant,Higher education,Married,House / apartment,-12806,-2513,1,0,0,0,Laborers,2.0,0,35.06,0,6.88,175700.0,0.1962350256702795,high,adult,mid,2.0
5013067,F,N,N,0,227400.0,Commercial associate,Higher education,Married,House / apartment,-24330,-16166,1,0,0,0,Accountants,2.0,0,66.61,0,44.26,113700.0,0.6644647950758145,medium,senior,senior,1.0
5013068,F,N,N,2,381600.0,Commercial associate,Secondary / secondary special,Married,House / apartment,-11201,-4066,1,0,0,0,Managers,4.0,0,30.67,0,11.13,95400.0,0.3628953374633192,high,youth,senior,1.0
5013069,F,Y,Y,1,262800.0,Working,Secondary / secondary special,Single / not married,House / apartment,-24094,-2936,1,0,0,1,Accountants,2.0,0,65.97,0,8.04,131400.0,0.12187357889949976,high,senior,mid,3.0
5013070,F,Y,N,0,448700.0,Working,Higher education,Married,House / apartment,-7822,-1091,1,0,0,0,,2.0,0,21.42,0,2.99,224350.0,0.1395891690009337,high,youth,entry,2.0
5013071,M,Y,Y,1,114000.0,Working,Secondary / secondary special,Married,House / apartment,-17217,-8095,1,0,1,1,High skill tech staff,3.0,0,47.14,0,22.16,38000.0,0.4700890963088672,medium,adult,senior,2.0
5013072,F,Y,N,0,205100.0,Commercial associate,Secondary / secondary special,Married,House / apartment,-25297,-3569,1,1,0,0,Core staff,2.0,0,69.26,0,9.77,102550.0,0.14106266243141782,medium,senior,mid,2.0
5013073,F,Y,Y,1,235500.0,Working,Higher education,Married,House / apartment,-18441,-6884,1,0,0,0,High skill tech staff,3.0,0,50.49,0,18.85,78500.0,0.3733412556941969,medium,adult,senior,3.0
5013074,F,Y,Y,0,64200.0,Pensioner,Secondary / secondary special,Married,House / apartment,-17438,365243,1,0,1,0,,2.0,0,47.74,1,0.0,32100.0,0.0,low,adult,entry,2.0
5013075,F,N,Y,3,141800.0,Working,Secondary / secondary special,Married,House / apartment,-19769,-6184,1,1,0,0,Managers,5.0,1,54.12,0,16.93,28360.0,0.3128233555062823,medium,adult,senior,1.0
5013076,M,N,Y,0,162500.0,Working,Secondary / secondary special,Married,House / apartment,-12588,-1147,1,0,0,0,,2.0,0,34.46,0,3.14,81250.0,0.09112013929193268,medium,youth,mid,2.0
5013077,F,Y,Y,0,392200.0,Working,Higher education,Civil marriage,House / apartment,-8290,-118,1,0,1,0,,2.0,0,22.7,0,0.32,196100.0,0.014096916299559472,high,youth,entry,3.0
5013078,F,N,Y,0,171400.0,Commercial associate,Secondary / secondary special,Married,House / apartment,-11890,-937,1,0,0,1,Managers,2.0,0,32.55,0,2.57,85700.0,0.07895545314900154,medium,youth,entry,2.0
5013079,F,Y,Y,0,162200.0,Working,Secondary / secondary special,Separated,House / apartment,-10524,-2356,1,0,0,0,,1.0,0,28.81,0,6.45,162200.0,0.22388059701492538,medium,youth,mid,3.0
5013080,F,Y,Y,2,367400.0,Pensioner,Higher education,Civil marriage,House / apartment,-24172,365243,1,0,1,0,,4.0,0,66.18,1,0.0,91850.0,0.0,high,senior,entry,3.0
5013081,M,N,Y,0,108700.0,Working,Higher education,Civil marriage,House / apartment,-22869,-6965,1,0,0,0,,2.0,0,62.61,0,19.07,54350.0,0.3045839322791886,medium,senior,senior,1.0
5013082,M,Y,N,0,86700.0,Commercial associate,Secondary / secondary special,Civil marriage,House / apartment,-13107,-3432,1,0,0,0,,2.0,0,35.89,0,9.4,43350.0,0.2619113959320145,low,adult,mid,1.0
5013083,F,Y,Y,0,203800.0,Commercial associate,Secondary / secondary special,Married,House / apartment,-22574,-12748,1,0,0,0,,2.0,0,61.8,0,34.9,101900.0,0.5647249190938511,medium,senior,senior,3.0
5013084,M,N,N,0,118400.0,Working,Secondary / secondary special,Married,House / apartment,-11172,-2789,1,0,1,0,Medicine staff,2.0,0,30.59,0,7.64,59200.0,0.24975482183720168,medium,youth,mid,0.0
5013085,F,N,Y,2,120600.0,Commercial associate,Secondary / secondary special,Married,House / apartment,-10950,-3215,1,0,1,0,Laborers,4.0,0,29.98,0,8.8,30150.0,0.2935290193462308,medium,youth,mid,1.0
5013086,M,N,Y,0,325200.0,Commercial associate,Secondary / secondary special,Married,House / apartment,-21322,-1909,1,0,0,0,,2.0,0,58.38,0,5.23,162600.0,0.08958547447756081,high,senior,mid,2.0
5013087,M,Y,Y,0,378300.0,Pensioner,Higher education,Married,House / apartment,-13276,365243,1,1,0,0,,2.0,0,36.35,1,0.0,189150.0,0.0,high,adult,entry,3.0
5013088,F,N,Y,1,362200.0,Pensioner,Secondary / secondary special,Civil marriage,With parents,-8488,365243,1,0,0,0,,3.0,0,23.24,1,0.0,120733.33333333333,0.0,high,youth,entry,2.0
5013089,F,N,Y,1,425000.0,Working,Secondary / secondary special,Married,House / apartment,-20454,-7188,1,0,1,0,,3.0,0,56.0,0,19.68,141666.66666666666,0.3514285714285714,high,senior,senior,2.0
5013090,F,N,Y,0,454100.0,Working,Secondary / secondary special,Married,House / apartment,-25378,-1,1,0,1,0,,2.0,0,69.48,0,0.0,227050.0,0.0,high,senior,entry,2.0
5013091,F,N,N,0,84200.0,Working,Secondary / secondary special,Married,House / apartment,-17641,-410,1,0,0,0,,2.0,1,48.3,0,1.12,42100.0,0.023188405797101453,low,adult,entry,0.0
5013092,M,N,N,1,305800.0,State servant,Secondary / secondary special,Married,House / apartment,-12120,-3926,1,0,1,0,Accountants,3.0,0,33.18,0,10.75,101933.33333333333,0.32399035563592526,high,youth,senior,1.0
5013093,F,Y,Y,1,187300.0,Working,Higher education,Married,House / apartment,-14115,-4693,1,0,1,0,,3.0,0,38.64,0,12.85,62433.333333333336,0.3325569358178054,medium,adult,senior,3.0
5013094,F,N,N,1,168000.0,Commercial associate,Secondary / secondary special,Married,House / apartment,-19151,-435,1,0,0,0,,3.0,1,52.43,0,1.19,56000.0,0.022696929238985312,medium,adult,entry,1.0
5013095,M,N,Y,4,323100.0,Commercial associate,Secondary / secondary special,Civil marriage,Rented apartment,-20114,-13402,1,0,1,0,,6.0,0,55.07,0,36.69,53850.0,0.6662429635009987,high,senior,senior,2.0
5013096,F,N,Y,1,102800.0,Commercial associate,Secondary / secondary special,Married,House / apartment,-23492,-2380,1,0,0,0,Drivers,3.0,0,64.32,0,6.52,34266.666666666664,0.10136815920398011,medium,senior,mid,1.0
5013097,F,N,Y,1,101700.0,Working,Secondary / secondary special,Married,House / apartment,-23903,-17068,1,0,1,0,Cooking staff,3.0,0,65.44,0,46.73,33900.0,0.7140892420537898,medium,senior,senior,1.0
5013098,F,N,N,2,335100.0,Working,Secondary / secondary special,Married,House / apartment,-23034,-12391,1,0,0,0,,4.0,0,63.06,0,33.92,83775.0,0.5379004123057406,high,senior,senior,1.0
5013099,M,N,N,0,311600.0,Working,Secondary / secondary special,Separated,House / apartment,-19148,-5010,1,0,0,1,,1.0,0,52.42,0,13.72,311600.0,0.2617321632964517,high,adult,senior,1.0
5013100,M,N,N,0,261400.0,Working,Secondary / secondary special,Married,House / apartment,-15520,-254,1,0,1,0,,2.0,0,42.49,0,0.7,130700.0,0.016474464579901153,high,adult,entry,1.0
5013101,M,N,Y,0,157200.0,Working,Secondary / secondary special,Single / not married,House / apartment,-19711,-6400,1,0,0,0,,1.0,0,53.97,0,17.52,157200.0,0.3246247915508616,medium,adult,senior,2.0
5013102,F,N,Y,0,354100.0,Working,Secondary / secondary special,Separated,House / apartment,-19478,-364,1,0,1,0,Laborers,1.0,0,53.33,0,1.0,354100.0,0.018751171948246766,high,adult,entry,2.0
5013103,F,Y,N,1,343000.0,Commercial associate,Secondary / secondary special,Married,House / apartment,-11286,-1622,1,0,0,0,Managers,3.0,0,30.9,0,4.44,114333.33333333333,0.14368932038834953,high,youth,mid,2.0
5013104,M,Y,Y,1,254800.0,Working,Secondary / secondary special,Married,House / apartment,-16574,-3554,1,0,0,0,Core staff,3.0,0,45.38,0,9.73,84933.33333333333,0.2144116350815337,high,adult,mid,3.0
5013105,F,N,Y,1,135500.0,Working,Higher education,Married,House / apartment,-11108,-1245,1,1,0,0,Core staff,3.0,0,30.41,0,3.41,45166.666666666664,0.112134166392634,medium,youth,mid,1.0
5013106,F,N,Y,4,197400.0,Working,Secondary / secondary special,Married,House / apartment,-23725,-5113,1,0,0,0,Core staff,6.0,0,64.96,0,14.0,32900.0,0.21551724137931036,medium,senior,senior,2.0
5013107,F,N,Y,0,371200.0,Working,Higher education,Civil marriage,House / apartment,-13208,-1922,1,0,0,0,,2.0,0,36.16,0,5.26,185600.0,0.14546460176991152,high,adult,mid,2.0
5013108,F,N,Y,1,474000.0,Working,Secondary / secondary special,Married,House / apartment,-22014,-4573,1,0,0,0,Laborers,3.0,0,60.27,0,12.52,158000.0,0.2077318732370997,high,senior,senior,2.0
5013109,M,Y,Y,0,207400.0,Working,Secondary / secondary special,Separated,House / apartment,-14194,-7232,1,0,0,0,Core staff,1.0,0,38.86,0,19.8,207400.0,0.5095213587236233,medium,adult,senior,3.0
5013110,F,Y,Y,0,215500.0,Commercial associate,Secondary / secondary special,Married,House / apartment,-21253,-10524,1,1,0,0,,2.0,0,58.19,0,28.81,107750.0,0.49510225124591856,medium,senior,senior,3.0
5013111,F,N,Y,0,225200.0,Working,Secondary / secondary special,Married,House / apartment,-11339,365243,1,0,0,0,,2.0,0,31.04,1,0.0,112600.0,0.0,medium,youth,entry,2.0
5013112,F,Y,Y,1,280100.0,State servant,Higher education,Married,House / apartment,-21253,365243,1,0,0,1,,3.0,0,58.19,1,0.0,93366.66666666667,0.0,high,senior,entry,3.0
5013113,F,Y,Y,0,182600.0,Working,Secondary / secondary special,Married,House / apartment,-10584,-1924,1,1,0,0,Sales staff,2.0,0,28.98,0,5.27,91300.0,0.1818495514147688,medium,youth,mid,3.0
5013114,M,Y,Y,1,57400.0,State servant,Secondary / secondary special,Married,House / apartment,-16269,-7001,1,0,0,0,,3.0,1,44.54,0,19.17,19133.333333333332,0.4303996407723395,low,adult,senior,2.0
5013115,F,Y,Y,0,443200.0,Pensioner,Secondary / secondary special,Married,House / apartment,-9380,365243,1,0,0,0,,2.0,0,25.68,1,0.0,221600.0,0.0,high,youth,entry,3.0
5013116,M,N,Y,0,598900.0,Commercial associate,Secondary / secondary special,Married,House / apartment,-16946,-5138,1,0,0,0,Sales staff,2.0,0,46.4,0,14.07,299450.0,0.30323275862068966,high,adult,senior,2.0
5013117,F,Y,Y,0,179700.0,Pensioner,Secondary / secondary special,Separated,House / apartment,-22293,365243,1,1,1,1,,1.0,0,61.03,1,0.0,179700.0,0.0,medium,senior,entry,3.0
5013118,F,N,N,0,143200.0,Working,Secondary / secondary special,Married,Rented apartment,-21103,-3451,1,0,0,0,Sales staff,2.0,0,57.78,0,9.45,71600.0,0.16355140186915887,medium,senior,mid,0.0
5013119,M,Y,N,2,228000.0,Working,Secondary / secondary special,Married,House / apartment,-8231,-434,1,0,1,0,Laborers,4.0,0,22.54,0,1.19,57000.0,0.052795031055900624,medium,youth,entry,2.0
5013120,F,N,Y,0,222300.0,Working,Higher education,Married,House / apartment,-16293,-7954,1,1,1,1,High skill tech staff,2.0,0,44.61,0,21.78,111150.0,0.48823133826496307,medium,adult,senior,2.0
5013121,M,Y,Y,3,401600.0,Working,Secondary / secondary special,Single / not married,House / apartment,-22869,-13263,1,0,1,0,,4.0,1,62.61,0,36.31,100400.0,0.5799393068199968,high,senior,senior,3.0
5013122,F,N,N,3,250900.0,Working,Secondary / secondary special,Married,House / apartment,-19178,-4485,1,0,0,0,Private service staff,5.0,0,52.51,0,12.28,50180.0,0.23386021710150448,high,adult,senior,1.0
5013123,F,N,Y,4,164300.0,Commercial associate,Secondary / secondary special,Married,House / apartment,-8386,-899,1,0,0,0,Managers,6.0,0,22.96,0,2.46,27383.333333333332,0.10714285714285714,medium,youth,entry,2.0
5013124,F,Y,Y,0,126300.0,Working,Higher education,Separated,House / apartment,-13252,-40,1,0,1,0,Sales staff,1.0,0,36.28,0,0.11,126300.0,0.003031973539140022,medium,adult,entry,2.0
5013125,F,N,Y,2,376400.0,Working,Higher education,Civil marriage,House / apartment,-17470,-811,1,1,0,1,Laborers,4.0,0,47.83,0,2.22,94100.0,0.04641438427765002,high,adult,entry,2.0
5013126,F,N,Y,0,329500.0,Working,Secondary / secondary special,Married,Municipal apartment,-10458,-1917,1,0,0,0,Laborers,2.0,0,28.63,0,5.25,164750.0,0.18337408312958436,high,youth,mid,2.0
5013127,F,N,Y,0,414900.0,Commercial associate,Secondary / secondary special,Separated,House / apartment,-19758,-10826,1,0,1,0,,1.0,0,54.09,0,29.64,414900.0,0.547975596228508,high,adult,senior,2.0
5013128,F,Y,N,0,150400.0,State servant,Secondary / secondary special,Married,House / apartment,-18899,-4156,1,1,0,0,Drivers,2.0,0,51.74,0,11.38,75200.0,0.2199458832624662,medium,adult,senior,2.0
5013129,F,N,N,2,612100.0,Working,Secondary / secondary special,Civil marriage,With parents,-11002,-220,1,0,0,0,,4.0,0,30.12,0,0.6,153025.0,0.0199203187250996,high,youth,entry,1.0
5013130,M,N,Y,0,102100.0,Working,Secondary / secondary special,Married,House / apartment,-17357,-5153,1,0,1,0,Laborers,2.0,0,47.52,0,14.11,51050.0,0.2969276094276094,medium,adult,senior,1.0
5013131,F,Y,Y,0,348100.0,Working,Secondary / secondary special,Married,House / apartment,-22129,-953,1,0,0,0,Sales staff,2.0,0,60.59,0,2.61,174050.0,0.04307641525004126,high,senior,entry,3.0
5013132,M,Y,Y,0,94000.0,Pensioner,Higher education,Widow,House / apartment,-14150,365243,1,0,0,0,,1.0,0,38.74,1,0.0,94000.0,0.0,low,adult,entry,2.0
5013133,F,N,Y,0,164400.0,Working,Secondary / secondary special,Married,House / apartment,-11816,-1281,1,0,0,0,Accountants,2.0,0,32.35,0,3.51,82200.0,0.10850077279752704,medium,youth,mid,2.0
5013134,M,N,Y,0,532800.0,State servant,Secondary / secondary special,Married,House / apartment,-20111,-8674,1,1,0,0,Security staff,2.0,0,55.06,0,23.75,266400.0,0.4313476207773338,high,senior,senior,2.0
5013135,M,N,Y,1,370000.0,Working,Secondary / secondary special,Married,House / apartment,-8598,-686,1,0,1,0,Core staff,3.0,0,23.54,0,1.88,123333.33333333333,0.07986406117247238,high,youth,entry,2.0
5013136,F,N,Y,0,185800.0,Working,Higher education,Married,House / apartment,-22512,-6660,1,0,1,0,Sales staff,2.0,0,61.63,0,18.23,92900.0,0.2957975012169398,medium,senior,senior,2.0
5013137,F,N,Y,2,188300.0,State servant,Secondary / secondary special,Married,House / apartment,-24535,-2614,1,0,0,0,Managers,4.0,0,67.17,0,7.16,47075.0,0.10659520619324103,medium,senior,mid,2.0
5013138,F,Y,Y,0,256700.0,State servant,Secondary / secondary special,Married,House / apartment,-24924,-13351,1,0,0,0,,2.0,0,68.24,0,36.55,128350.0,0.535609613130129,high,senior,senior,3.0
5013139,M,Y,N,2,315700.0,Commercial associate,Secondary / secondary special,Widow,House / apartment,-15204,-6081,1,1,0,0,Laborers,3.0,0,41.63,0,16.65,105233.33333333333,0.399951957722796,high,adult,senior,2.0
5013140,F,N,Y,0,456500.0,Working,Secondary / secondary special,Married,House / apartment,-18686,-1731,1,1,1,0,Core staff,2.0,0,51.16,0,4.74,228250.0,0.09265050820953871,high,adult,mid,2.0
5013141,F,N,N,0,194300.0,Commercial associate,Secondary / secondary special,Single / not married,House / apartment,-22963,-12005,1,0,0,1,Private service staff,1.0,0,62.87,0,32.87,194300.0,0.5228248767297599,medium,senior,senior,1.0
5013142,F,Y,Y,0,109100.0,Working,Secondary / secondary special,Married,House / apartment,-11385,-3612,1,1,0,0,Managers,2.0,0,31.17,0,9.89,54550.0,0.31729226820660894,medium,youth,mid,2.0
5013143,M,N,Y,0,264100.0,Working,Secondary / secondary special,Married,House / apartment,-7811,-958,1,0,0,0,,2.0,0,21.39,0,2.62,132050.0,0.1224871435250117,high,youth,entry,2.0
5013144,F,N,Y,1,194200.0,Working,Secondary / secondary special,Married,House / apartment,-14328,-4672,1,0,1,0,Cooking staff,3.0,0,39.23,0,12.79,64733.333333333336,0.3260260005098139,medium,adult,senior,2.0
5013145,M,N,Y,0,127400.0,Working,Secondary / secondary special,Civil marriage,With parents,-23456,-12158,1,1,1,0,Sales staff,2.0,0,64.22,0,33.29,63700.0,0.5183743382123949,medium,senior,senior,1.0
5013146,F,N,Y,1,283300.0,Commercial associate,Secondary / secondary special,Married,House / apartment,-16529,-8673,1,1,0,0,Laborers,3.0,0,45.25,0,23.75,94433.33333333333,0.5248618784530387,high,adult,senior,2.0
5013147,F,N,N,1,219500.0,Working,Secondary / secondary special,Married,House / apartment,-16988,-6504,1,0,0,0,Drivers,3.0,0,46.51,0,17.81,73166.66666666667,0.38292840249408727,medium,adult,senior,1.0
5013148,F,Y,N,0,284600.0,State servant,Secondary / secondary special,Married,House / apartment,-19933,-7840,1,0,0,1,Cooking staff,2.0,0,54.57,0,21.46,142300.0,0.3932563679677479,high,adult,senior,2.0
5013149,F,N,Y,0,156100.0,Working,Higher education,Separated,House / apartment,-17797,-9849,1,0,0,0,Drivers,1.0,0,48.73,0,26.97,156100.0,0.5534578288528628,medium,adult,senior,2.0
5013150,F,N,Y,0,311400.0,Working,Higher education,Married,House / apartment,-8300,-78,1,0,0,1,,2.0,0,22.72,0,0.21,155700.0,0.009242957746478873,high,youth,entry,2.0
5013151,F,N,Y,0,126400.0,Commercial associate,Incomplete higher,Married,Municipal apartment,-17548,-1100,1,0,1,0,,2.0,0,48.04,0,3.01,63200.0,0.06265611990008325,medium,adult,mid,1.0
5013152,F,N,Y,0,161400.0,Pensioner,Secondary / secondary special,Civil marriage,House / apartment,-19138,365243,1,0,0,0,,2.0,0,52.4,1,0.0,80700.0,0.0,medium,adult,entry,2.0
5013153,F,N,Y,4,216200.0,State servant,Secondary / secondary special,Married,House / apartment,-19022,-5767,1,0,1,0,Sales staff,6.0,0,52.08,0,15.79,36033.333333333336,0.3031874039938556,medium,adult,senior,2.0
5013154,F,Y,Y,0,583300.0,Pensioner,Secondary / secondary special,Separated,House / apartment,-20606,365243,1,0,1,0,,1.0,0,56.42,1,0.0,583300.0,0.0,high,senior,entry,3.0
5013155,F,Y,Y,0,361400.0,Working,Secondary / secondary special,Separated,House / apartment,-16800,-9258,1,1,0,0,Laborers,1.0,0,46.0,0,25.35,361400.0,0.5510869565217391,high,adult,senior,3.0
5013156,F,N,Y,0,418300.0,State servant,Secondary / secondary special,Married,House / apartment,-23742,-14466,1,0,0,0,High skill tech staff,2.0,0,65.0,0,39.61,209150.0,0.6093846153846154,high,senior,senior,2.0
5013157,F,Y,Y,0,495800.0,Pensioner,Secondary / secondary special,Married,House / apartment,-15784,365243,1,0,1,0,,2.0,0,43.21,1,0.0,247900.0,0.0,high,adult,entry,3.0
5013158,F,Y,Y,1,1479000.0,Working,Secondary / secondary special,Married,House / apartment,-16768,-3248,1,0,0,0,Managers,3.0,0,45.91,0,8.89,493000.0,0.19363972990633851,high,adult,mid,3.0
5013159,F,N,Y,1,249300.0,Commercial associate,Secondary / secondary special,Widow,House / apartment,-21555,-10419,1,1,0,0,Accountants,2.0,0,59.01,0,28.53,124650.0,0.4834773767158109,medium,senior,senior,2.0
5013160,M,N,N,1,496700.0,Commercial associate,Higher education,Married,With parents,-22522,-4218,1,0,0,0,Sales staff,3.0,0,61.66,0,11.55,165566.66666666666,0.18731754784301008,high,senior,senior,1.0
5013161,F,Y,Y,1,405100.0,Working,Secondary / secondary special,Single / not married,House / apartment,-19146,-5636,1,0,0,0,Core staff,2.0,0,52.42,0,15.43,202550.0,0.2943533002670736,high,adult,senior,3.0
5013162,F,N,N,0,401700.0,State servant,Secondary / secondary special,Married,House / apartment,-9613,365243,1,1,0,0,,2.0,0,26.32,1,0.0,200850.0,0.0,high,youth,entry,1.0
5013163,M,N,N,0,592800.0,Working,Secondary / secondary special,Married,Municipal apartment,-13367,-3474,1,0,0,0,Laborers,2.0,0,36.6,0,9.51,296400.0,0.2598360655737705,high,adult,mid,1.0
5013164,M,N,N,0,198000.0,Commercial associate,Higher education,Married,House / apartment,-7673,-189,1,0,0,0,Sales staff,2.0,0,21.01,0,0.52,99000.0,0.024750118990956686,medium,youth,entry,1.0
5013165,F,N,N,1,190300.0,Working,Higher education,Married,House / apartment,-12701,-5674,1,0,0,0,Laborers,3.0,0,34.77,0,15.53,63433.333333333336,0.44664941041127404,medium,youth,senior,1.0
5013166,F,N,Y,1,286500.0,Working,Secondary / secondary special,Married,House / apartment,-17719,-3854,1,1,0,0,,3.0,0,48.51,0,10.55,95500.0,0.21748093176664607,high,adult,senior,2.0
5013167,F,Y,N,0,222800.0,Pensioner,Secondary / secondary special,Married,Rented apartment,-22011,365243,1,0,0,0,,2.0,0,60.26,1,0.0,111400.0,0.0,medium,senior,entry,2.0
5013168,M,Y,Y,0,286300.0,Working,Higher education,Married,House / apartment,-18000,-4380,1,1,0,0,Laborers,2.0,0,49.28,0,11.99,143150.0,0.24330357142857142,high,adult,senior,3.0
5013169,F,N,Y,0,533300.0,Working,Secondary / secondary special,Married,With parents,-8034,-575,1,0,0,0,Sales staff,2.0,0,22.0,0,1.57,266650.0,0.07136363636363637,high,youth,entry,2.0
5013170,M,N,N,2,192200.0,State servant,Incomplete higher,Married,House / apartment,-12037,-2647,1,0,0,0,,4.0,0,32.96,0,7.25,48050.0,0.2199635922330097,medium,youth,mid,1.0
5013171,F,N,N,0,209600.0,Pensioner,Secondary / secondary special,Married,House / apartment,-17862,365243,1,0,0,0,,2.0,0,48.9,1,0.0,104800.0,0.0,medium,adult,entry,1.0
5013172,M,N,N,1,266400.0,Commercial associate,Secondary / secondary special,Married,House / apartment,-20254,-12976,1,1,1,0,,3.0,0,55.45,0,35.53,88800.0,0.6407574391343552,high,senior,senior,1.0
5013173,M,N,N,0,217800.0,Working,Higher education,Married,With parents,-23129,-9311,1,0,0,0,Laborers,2.0,0,63.32,0,25.49,108900.0,0.4025584333543904,medium,senior,senior,1.0
5013174,M,N,N,0,93800.0,Working,Secondary / secondary special,Single / not married,House / apartment,-24977,-16905,1,0,0,0,High skill tech staff,1.0,0,68.38,0,46.28,93800.0,0.6768060836501901,low,senior,senior,0.0
5013175,F,Y,N,1,182700.0,Pensioner,Secondary / secondary special,Married,House / apartment,-23591,365243,1,0,0,0,,3.0,0,64.59,1,0.0,60900.0,0.0,medium,senior,entry,2.0
5013176,M,Y,N,0,344300.0,Pensioner,Secondary / secondary special,Widow,House / apartment,-15840,365243,1,0,0,0,,1.0,0,43.37,1,0.0,344300.0,0.0,high,adult,entry,2.0
5013177,F,N,Y,1,500900.0,Working,Higher education,Married,House / apartment,-20946,-5239,1,0,0,0,Security staff,3.0,0,57.35,0,14.34,166966.66666666666,0.25004359197907583,high,senior,senior,2.0
5013178,F,Y,N,1,137100.0,Commercial associate,Secondary / secondary special,Civil marriage,House / apartment,-11698,-3945,1,0,0,0,,3.0,0,32.03,0,10.8,45700.0,0.3371838901030284,medium,youth,senior,1.0
5013179,F,Y,N,0,136700.0,Working,Secondary / secondary special,Married,House / apartment,-8471,-1329,1,0,0,0,High skill tech staff,2.0,0,23.19,0,3.64,68350.0,0.15696420871065114,medium,youth,mid,1.0
5013180,F,N,N,1,247900.0,Working,Secondary / secondary special,Married,House / apartment,-8311,-1025,1,0,1,0,Core staff,3.0,0,22.75,0,2.81,82633.33333333333,0.12351648351648352,medium,youth,entry,1.0
5013181,F,N,Y,0,86500.0,Commercial associate,Higher education,Married,House / apartment,-11712,-1154,1,0,1,0,Private service staff,2.0,1,32.07,0,3.16,43250.0,0.0985344558777674,low,youth,mid,1.0
5013182,M,N,Y,0,195400.0,Working,Secondary / secondary special,Married,House / apartment,-7991,-321,1,0,0,0,,2.0,1,21.88,0,0.88,97700.0,0.04021937842778794,medium,youth,entry,2.0
5013183,F,Y,Y,1,102500.0,Working,Secondary / secondary special,Married,House / apartment,-22833,-14305,1,0,1,0,,3.0,0,62.51,0,39.16,34166.666666666664,0.62645976643737,medium,senior,senior,2.0
5013184,M,Y,N,0,484100.0,Commercial associate,Secondary / secondary special,Married,House / apartment,-16252,-7737,1,0,0,0,Managers,2.0,0,44.5,0,21.18,242050.0,0.4759550561797753,high,adult,senior,2.0
5013185,M,Y,Y,0,166200.0,Working,Secondary / secondary special,Married,House / apartment,-22114,-10053,1,0,0,0,,2.0,0,60.54,0,27.52,83100.0,0.45457548728113645,medium,senior,senior,3.0
5013186,F,N,Y,2,557900.0,Pensioner,Higher education,Married,Municipal apartment,-24470,365243,1,0,0,0,,4.0,0,67.0,1,0.0,139475.0,0.0,high,senior,entry,2.0
5013187,F,Y,Y,0,426000.0,Commercial associate,Secondary / secondary special,Single / not married,House / apartment,-25456,-13068,1,0,0,0,Security staff,1.0,0,69.69,0,35.78,426000.0,0.5134165590472091,high,senior,senior,3.0
5013188,F,N,N,1,176700.0,Commercial associate,Higher education,Married,House / apartment,-24420,-3581,1,1,1,0,,3.0,0,66.86,0,9.8,58900.0,0.14657493269518398,medium,senior,mid,1.0
5013189,F,N,N,1,142800.0,Working,Secondary / secondary special,Married,House / apartment,-20391,-12543,1,0,0,0,Core staff,3.0,0,55.83,0,34.34,47600.0,0.6150814974028301,medium,senior,senior,0.0
5013190,F,N,N,0,221600.0,Working,Secondary / secondary special,Married,House / apartment,-15377,-2926,1,0,0,0,Laborers,2.0,0,42.1,0,8.01,110800.0,0.19026128266033254,medium,adult,mid,1.0
5013191,M,Y,Y,0,231700.0,Commercial associate,Higher education,Married,House / apartment,-18226,-11262,1,1,1,0,Cleaning staff,2.0,0,49.9,0,30.83,115850.0,0.6178356713426854,medium,adult,senior,3.0
5013192,M,N,Y,0,290300.0,Working,Secondary / secondary special,Married,With parents,-22216,-2922,1,0,0,0,,2.0,0,60.82,0,8.0,145150.0,0.1315356790529431,high,senior,mid,2.0
5013193,M,N,Y,0,165600.0,Pensioner,Secondary / secondary special,Married,House / apartment,-23697,365243,1,1,0,0,,2.0,0,64.88,1,0.0,82800.0,0.0,medium,senior,entry,2.0
5013194,M,N,Y,1,354600.0,Working,Higher education,Married,House / apartment,-24773,-7285,1,0,0,0,Laborers,3.0,0,67.82,0,19.95,118200.0,0.29416101445001475,high,senior,senior,2.0
5013195,F,N,N,1,278800.0,Working,Secondary / secondary special,Married,With parents,-20648,-6864,1,0,0,0,,3.0,0,56.53,0,18.79,92933.33333333333,0.3323898814788608,high,senior,senior,1.0
5013196,F,Y,Y,0,205900.0,Commercial associate,Secondary / secondary special,Married,House / apartment,-17166,-5618,1,0,0,0,Drivers,2.0,0,47.0,0,15.38,102950.0,0.3272340425531915,medium,adult,senior,3.0
5013197,M,N,Y,0,171000.0,State servant,Higher education,Widow,House / apartment,-24990,-8502,1,0,0,0,Managers,1.0,0,68.42,0,23.28,171000.0,0.34025138848289976,medium,senior,senior,2.0
5013198,F,Y,Y,4,222600.0,Working,Secondary / secondary special,Widow,House / apartment,-24812,365243,1,0,0,1,,5.0,0,67.93,1,0.0,44520.0,0.0,medium,senior,entry,3.0
5013199,F,Y,Y,0,162300.0,Working,Secondary / secondary special,Married,House / apartment,-16026,-8789,1,0,1,0,,2.0,0,43.88,0,24.06,81150.0,0.548313582497721,medium,adult,senior,3.0
5013200,M,Y,N,1,251400.0,Pensioner,Secondary / secondary special,Married,House / apartment,-19151,365243,1,0,0,0,,3.0,0,52.43,1,0.0,83800.0,0.0,high,adult,entry,2.0
5013201,M,N,Y,1,254800.0,Working,Secondary / secondary special,Married,House / apartment,-22084,-3458,1,0,0,0,,3.0,0,60.46,0,9.47,84933.33333333333,0.156632484287132,high,senior,mid,2.0
5013202,M,N,N,0,278300.0,Working,Secondary / secondary special,Married,House / apartment,-15214,-2541,1,0,0,0,Realty agents,2.0,0,41.65,0,6.96,139150.0,0.16710684273709484,high,adult,mid,1.0
5013203,M,Y,Y,0,590400.0,Working,Secondary / secondary special,Married,House / apartment,-22452,-6658,1,1,0,0,Sales staff,2.0,0,61.47,0,18.23,295200.0,0.29656743126728485,high,senior,senior,3.0
5013204,M,N,Y,1,228500.0,Working,Secondary / secondary special,Married,House / apartment,-9340,-1526,1,0,0,1,Security staff,3.0,0,25.57,0,4.18,76166.66666666667,0.16347281971059835,medium,youth,mid,2.0
5013205,F,Y,Y,0,403400.0,Commercial associate,Higher education,Married,House / apartment,-16092,-3675,1,0,0,0,,2.0,0,44.06,0,10.06,201700.0,0.2283250113481616,high,adult,senior,3.0
5013206,M,N,Y,0,273800.0,Working,Secondary / secondary special,Civil marriage,House / apartment,-16119,-7732,1,1,0,0,Core staff,2.0,0,44.13,0,21.17,136900.0,0.4797190120099706,high,adult,senior,2.0
5013207,F,Y,N,1,216700.0,Pensioner,Secondary / secondary special,Civil marriage,House / apartment,-19809,365243,1,0,0,0,,3.0,0,54.23,1,0.0,72233.33333333333,0.0,medium,adult,entry,2.0
5013208,F,Y,Y,1,230000.0,Pensioner,Higher education,Widow,House / apartment,-9431,365243,1,1,1,0,,2.0,0,25.82,1,0.0,115000.0,0.0,medium,youth,entry,3.0
5013209,F,N,Y,0,237100.0,State servant,Higher education,Married,House / apartment,-9190,-2033,1,0,0,0,High skill tech staff,2.0,0,25.16,0,5.57,118550.0,0.2213831478537361,medium,youth,mid,2.0
5013210,F,Y,Y,0,280800.0,Working,Secondary / secondary special,Civil marriage,House / apartment,-23752,-11882,1,1,1,0,Core staff,2.0,0,65.03,0,32.53,140400.0,0.5002306627710288,high,senior,senior,3.0
5013211,M,N,Y,0,151100.0,Working,Secondary / secondary special,Married,House / apartment,-12852,-231,1,0,0,0,,2.0,0,35.19,0,0.63,75550.0,0.01790281329923274,medium,adult,entry,2.0
5013212,F,Y,N,0,117300.0,State servant,Secondary / secondary special,Married,House / apartment,-13275,-5184,1,0,0,0,Security staff,2.0,0,36.34,0,14.19,58650.0,0.3904788112272977,medium,adult,senior,1.0
5013213,F,N,Y,0,338600.0,Working,Secondary / secondary special,Civil marriage,House / apartment,-21492,-6099,1,1,0,1,Core staff,2.0,0,58.84,0,16.7,169300.0,0.28382053025152953,high,senior,senior,2.0
5013214,M,Y,Y,0,382500.0,Pensioner,Secondary / secondary special,Separated,House / apartment,-14882,365243,1,1,1,0,,1.0,0,40.74,1,0.0,382500.0,0.0,high,adult,entry,3.0
5013215,M,N,N,0,354400.0,Working,Secondary / secondary special,Single / not married,House / apartment,-22516,-7929,1,0,0,0,Medicine staff,1.0,0,61.65,0,21.71,354400.0,0.3521492295214923,high,senior,senior,1.0
5013216,F,N,Y,0,263800.0,Pensioner,Secondary / secondary special,Married,House / apartment,-14637,365243,1,0,0,0,,2.0,0,40.07,1,0.0,131900.0,0.0,high,adult,entry,2.0
5013217,F,Y,Y,0,358300.0,State servant,Incomplete higher,Married,House / apartment,-21195,-14414,1,0,0,0,Laborers,2.0,0,58.03,0,39.46,179150.0,0.6799931070136136,high,senior,senior,3.0
5013218,F,N,Y,0,348800.0,Working,Higher education,Married,Rented apartment,-16898,-8089,1,0,0,0,Managers,2.0,0,46.26,0,22.15,174400.0,0.4788153912667531,high,adult,senior,2.0
5013219,F,Y,Y,0,362000.0,Working,Secondary / secondary special,Civil marriage,House / apartment,-24396,-648,1,0,1,0,Core staff,2.0,0,66.79,0,1.77,181000.0,0.026500973199580773,high,senior,entry,3.0
5013220,F,N,N,0,158800.0,Working,Secondary / secondary special,Married,House / apartment,-13284,-6336,1,0,0,0,,2.0,0,36.37,0,17.35,79400.0,0.47704151773439657,medium,adult,senior,1.0
5013221,M,Y,Y,2,141100.0,Working,Higher education,Married,House / apartment,-13929,-3704,1,0,0,0,Laborers,4.0,0,38.14,0,10.14,35275.0,0.2658626114315679,medium,adult,senior,2.0
5013222,M,N,N,0,201000.0,Working,Higher education,Married,House / apartment,-25019,-18388,1,0,0,0,Laborers,2.0,0,68.5,0,50.34,100500.0,0.7348905109489051,medium,senior,senior,1.0
5013223,M,N,Y,0,242000.0,Commercial associate,Incomplete higher,Married,House / apartment,-20774,-584,1,0,1,0,,2.0,0,56.88,0,1.6,121000.0,0.02812939521800281,medium,senior,entry,2.0
5013224,M,N,N,2,216300.0,Working,Secondary / secondary special,Separated,House / apartment,-21414,-8916,1,0,1,0,Laborers,3.0,0,58.63,0,24.41,72100.0,0.4163397578031724,medium,senior,senior,1.0
5013225,F,N,Y,0,95500.0,Working,Secondary / secondary special,Married,House / apartment,-12710,-2729,1,0,0,1,,2.0,1,34.8,0,7.47,47750.0,0.21465517241379312,low,youth,mid,1.0
5013226,F,N,Y,1,577400.0,Working,Higher education,Married,House / apartment,-17021,-9121,1,0,0,0,High skill tech staff,3.0,0,46.6,0,24.97,192466.66666666666,0.5358369098712445,high,adult,senior,2.0
5013227,F,N,Y,0,212900.0,Commercial associate,Secondary / secondary special,Civil marriage,House / apartment,-13031,365243,1,0,0,0,,2.0,0,35.68,1,0.0,106450.0,0.0,medium,adult,entry,2.0
5013228,M,N,Y,0,266200.0,Working,Higher education,Married,House / apartment,-12051,-5152,1,0,0,0,Private service staff,2.0,0,32.99,0,14.11,133100.0,0.4277053652622006,high,youth,senior,2.0
5013229,F,N,N,0,454900.0,Commercial associate,Secondary / secondary special,Single / not married,House / apartment,-17080,-7562,1,0,0,0,Cooking staff,1.0,0,46.76,0,20.7,454900.0,0.44268605645851156,high,adult,senior,1.0
5013230,M,Y,N,0,75600.0,Pensioner,Higher education,Single / not married,House / apartment,-25344,365243,1,0,0,0,,1.0,1,69.39,1,0.0,75600.0,0.0,low,senior,entry,1.0
5013231,M,N,Y,0,189000.0,Working,Secondary / secondary special,Married,House / apartment,-11225,-4437,1,0,0,0,Sales staff,2.0,0,30.73,0,12.15,94500.0,0.39537910836316303,medium,youth,senior,2.0
5013232,M,N,Y,0,201200.0,Working,Secondary / secondary special,Married,House / apartment,-11734,-3583,1,0,0,0,Managers,2.0,0,32.13,0,9.81,100600.0,0.3053221288515406,medium,youth,mid,2.0
5013233,F,N,Y,0,206300.0,Pensioner,Secondary / secondary special,Single / not married,House / apartment,-11745,365243,1,0,0,1,,1.0,1,32.16,1,0.0,206300.0,0.0,medium,youth,entry,2.0
5013234,F,N,N,2,223800.0,Working,Higher education,Married,House / apartment,-21763,-2436,1,0,1,0,,4.0,0,59.58,0,6.67,55950.0,0.11195031889895939,medium,senior,mid,1.0
5013235,F,Y,N,0,503300.0,Working,Secondary / secondary special,Married,House / apartment,-16628,-8474,1,0,0,0,Laborers,2.0,0,45.52,0,23.2,251650.0,0.5096660808435852,high,adult,senior,2.0
5013236,F,N,Y,0,341900.0,Commercial associate,Secondary / secondary special,Married,House / apartment,-14332,-7257,1,1,1,0,Accountants,2.0,0,39.24,0,19.87,170950.0,0.5063710499490316,high,adult,senior,2.0
5013237,F,Y,N,0,394100.0,Working,Secondary / secondary special,Married,House / apartment,-22715,-7091,1,0,0,0,Core staff,2.0,0,62.19,0,19.41,197050.0,0.3121080559575495,high,senior,senior,2.0
5013238,M,Y,N,0,250000.0,Working,Higher education,Married,House / apartment,-12738,-910,1,0,0,0,,2.0,0,34.87,0,2.49,125000.0,0.07140808718095785,medium,youth,entry,2.0
5013239,M,Y,Y,1,121300.0,State servant,Secondary / secondary special,Married,House / apartment,-14468,-3344,1,0,1,0,Laborers,3.0,0,39.61,0,9.16,40433.333333333336,0.2312547336531179,medium,adult,mid,2.0
5013240,M,N,N,0,86300.0,Working,Secondary / secondary special,Married,House / apartment,-8649,-1104,1,0,0,1,,2.0,0,23.68,0,3.02,43150.0,0.1275337837837838,low,youth,mid,0.0
5013241,F,Y,Y,0,113600.0,Pensioner,Secondary / secondary special,Married,House / apartment,-9477,365243,1,0,0,0,,2.0,0,25.95,1,0.0,56800.0,0.0,medium,youth,entry,2.0
5013242,F,Y,Y,1,292200.0,Working,Secondary / secondary special,Married,House / apartment,-9802,-1030,1,0,0,0,,3.0,0,26.84,0,2.82,97400.0,0.10506706408345752,high,youth,entry,3.0
5013243,M,N,Y,1,248000.0,Pensioner,Secondary / secondary special,Married,House / apartment,-13642,365243,1,0,0,0,,3.0,0,37.35,1,0.0,82666.66666666667,0.0,medium,adult,entry,2.0
5013244,F,Y,Y,0,219800.0,Working,Secondary / secondary special,Single / not married,House / apartment,-16876,-10200,1,0,0,0,Core staff,1.0,0,46.2,0,27.93,219800.0,0.6045454545454545,medium,adult,senior,3.0
5013245,F,Y,Y,0,203000.0,Working,Higher education,Married,House / apartment,-7319,-232,1,0,0,0,,2.0,0,20.04,0,0.64,101500.0,0.03193612774451098,medium,youth,entry,3.0
5013246,M,Y,Y,0,667500.0,Commercial associate,Secondary / secondary special,Separated,House / apartment,-10774,-2186,1,0,0,0,Accountants,1.0,0,29.5,0,5.98,667500.0,0.20271186440677968,high,youth,mid,3.0
5013247,F,Y,N,0,161800.0,Pensioner,Secondary / secondary special,Married,House / apartment,-10513,365243,1,0,0,0,,2.0,0,28.78,1,0.0,80900.0,0.0,medium,youth,entry,2.0
5013248,F,N,Y,0,388200.0,Working,Higher education,Married,House / apartment,-11932,-5318,1,1,0,0,Laborers,2.0,0,32.67,0,14.56,194100.0,0.44566880930517294,high,youth,senior,2.0
5013249,F,Y,Y,0,244400.0,Commercial associate,Higher education,Single / not married,House / apartment,-10338,-1111,1,0,0,0,Drivers,1.0,0,28.3,0,3.04,244400.0,0.10742049469964664,medium,youth,mid,3.0
5013250,M,N,N,2,236800.0,Working,Higher education,Married,House / apartment,-10869,-645,1,0,1,0,,4.0,0,29.76,0,1.77,59200.0,0.0594758064516129,medium,youth,entry,1.0
5013251,F,N,Y,0,439700.0,Commercial associate,Secondary / secondary special,Married,House / apartment,-25273,-15699,1,1,0,0,Drivers,2.0,0,69.19,0,42.98,219850.0,0.6211880329527388,high,senior,senior,2.0
5013252,M,Y,Y,0,507200.0,Commercial associate,Secondary / secondary special,Married,House / apartment,-18166,-4440,1,0,0,0,Laborers,2.0,0,49.74,0,12.16,253600.0,0.2444712505026136,high,adult,senior,3.0
5013253,F,Y,N,0,216600.0,Working,Secondary / secondary special,Married,House / apartment,-21234,-8311,1,0,1,0,,2.0,0,58.14,0,22.75,108300.0,0.391296869625043,medium,senior,senior,2.0
5013254,F,N,N,0,364100.0,Working,Secondary / secondary special,Married,House / apartment,-22268,-10446,1,1,0,0,,2.0,0,60.97,0,28.6,182050.0,0.4690831556503199,high,senior,senior,1.0
5013255,F,N,Y,0,292800.0,Working,Secondary / secondary special,Married,House / apartment,-19499,-3997,1,0,0,0,Laborers,2.0,0,53.39,0,10.94,146400.0,0.20490728600861582,high,adult,senior,2.0
5013256,F,Y,Y,0,245000.0,State servant,Higher education,Married,With parents,-20163,-12022,1,0,0,0,Secretaries,2.0,0,55.2,0,32.91,122500.0,0.5961956521739129,medium,senior,senior,3.0
5013257,F,Y,N,0,270400.0,Working,Secondary / secondary special,Civil marriage,House / apartment,-18852,-2972,1,0,1,0,Core staff,2.0,0,51.61,0,8.14,135200.0,0.15772137182716528,high,adult,mid,2.0
5013258,F,N,Y,0,173100.0,Commercial associate,Secondary / secondary special,Single / not married,House / apartment,-19164,-4736,1,0,0,0,Managers,1.0,0,52.47,0,12.97,173100.0,0.24718886983037927,medium,adult,senior,2.0
5013259,M,Y,Y,0,209500.0,Working,Secondary / secondary special,Married,House / apartment,-24261,-1693,1,1,0,0,Laborers,2.0,0,66.42,0,4.64,104750.0,0.0698584763625414,medium,senior,mid,3.0
5013260,F,Y,Y,0,182600.0,Commercial associate,Secondary / secondary special,Civil marriage,House / apartment,-10697,-3407,1,0,0,0,Managers,2.0,0,29.29,0,9.33,91300.0,0.3185387504267668,medium,youth,mid,3.0
5013261,M,N,Y,0,383100.0,Commercial associate,Secondary / secondary special,Married,House / apartment,-12322,-5563,1,0,0,0,Drivers,2.0,0,33.74,0,15.23,191550.0,0.45139300533491405,high,youth,senior,2.0
5013262,F,N,N,0,232800.0,Commercial associate,Secondary / secondary special,Married,House / apartment,-9008,-891,1,0,0,0,,2.0,1,24.66,0,2.44,116400.0,0.0989456609894566,medium,youth,entry,1.0
5013263,F,Y,N,0,127600.0,Pensioner,Secondary / secondary special,Single / not married,House / apartment,-22597,365243,1,0,0,0,,1.0,0,61.87,1,0.0,127600.0,0.0,medium,senior,entry,1.0
5013264,F,N,N,0,170000.0,Working,Secondary / secondary special,Married,House / apartment,-15500,-6118,1,0,0,0,,2.0,0,42.44,0,16.75,85000.0,0.394674835061263,medium,adult,senior,1.0
5013265,F,Y,N,1,49300.0,Working,Higher education,Married,With parents,-23871,-16032,1,0,0,0,Core staff,3.0,1,65.36,0,43.89,16433.333333333332,0.6715116279069767,low,senior,senior,1.0
5013266,F,N,Y,1,190700.0,State servant,Secondary / secondary special,Married,With parents,-14823,-237,1,0,0,0,,3.0,0,40.58,0,0.65,63566.666666666664,0.016017742730409068,medium,adult,entry,2.0
5013267,M,N,Y,0,248800.0,Working,Higher education,Married,House / apartment,-15388,-5347,1,1,0,0,Laborers,2.0,0,42.13,0,14.64,124400.0,0.34749584619036317,medium,adult,senior,2.0
5013268,F,N,N,1,228100.0,Commercial associate,Secondary / secondary special,Married,House / apartment,-15493,-1517,1,0,1,0,,3.0,0,42.42,0,4.15,76033.33333333333,0.09783121169259784,medium,adult,mid,1.0
5013269,F,N,Y,0,657100.0,Commercial associate,Higher education,Single / not married,Municipal apartment,-18491,-1718,1,0,1,0,Sales staff,1.0,0,50.63,0,4.7,657100.0,0.0928303377444203,high,adult,mid,2.0
5013270,M,N,Y,1,325400.0,Commercial associate,Secondary / secondary special,Married,House / apartment,-21296,-268,1,0,0,0,Laborers,3.0,0,58.31,0,0.73,108466.66666666667,0.012519293431658376,high,senior,entry,2.0
5013271,M,N,N,0,318300.0,Working,Higher education,Married,House / apartment,-13720,-3729,1,0,1,0,Core staff,2.0,0,37.56,0,10.21,159150.0,0.27183173588924386,high,adult,senior,1.0
5013272,F,N,Y,0,107300.0,Working,Secondary / secondary special,Married,Municipal apartment,-18813,-8438,1,0,0,0,Managers,2.0,0,51.51,0,23.1,53650.0,0.4484566103669191,medium,adult,senior,1.0
5013273,F,Y,Y,0,203400.0,Commercial associate,Secondary / secondary special,Single / not married,Municipal apartment,-11030,-2776,1,0,0,0,Accountants,1.0,0,30.2,0,7.6,203400.0,0.25165562913907286,medium,youth,mid,3.0
5013274,F,N,N,0,191400.0,Working,Secondary / secondary special,Married,House / apartment,-17423,-7833,1,0,0,1,Realty agents,2.0,0,47.7,0,21.45,95700.0,0.4496855345911949,medium,adult,senior,1.0
5013275,F,N,N,2,164800.0,Commercial associate,Secondary / secondary special,Married,House / apartment,-17287,-9880,1,0,1,0,Managers,4.0,0,47.33,0,27.05,41200.0,0.5715191210648638,medium,adult,senior,1.0
5013276,M,N,Y,0,163700.0,Working,Secondary / secondary special,Single / not married,House / apartment,-23535,-12325,1,0,1,0,,1.0,0,64.44,0,33.74,163700.0,0.5235878336436997,medium,senior,senior,2.0
5013277,F,Y,N,0,98900.0,Working,Higher education,Married,House / apartment,-23665,-15778,1,1,0,0,,2.0,0,64.79,0,43.2,49450.0,0.6667695632041981,low,senior,senior,1.0
5013278,F,N,Y,0,129000.0,Working,Secondary / secondary special,Married,House / apartment,-16203,-9570,1,0,0,0,Drivers,2.0,0,44.36,0,26.2,64500.0,0.5906221821460775,medium,adult,senior,1.0
5013279,F,N,Y,0,377900.0,State servant,Secondary / secondary special,Married,House / apartment,-7754,-22,1,0,0,0,,2.0,0,21.23,0,0.06,188950.0,0.0028261893546867637,high,youth,entry,2.0
5013280,F,N,N,0,227300.0,Working,Secondary / secondary special,Married,House / apartment,-22730,-3614,1,0,0,0,Drivers,2.0,0,62.23,0,9.89,113650.0,0.15892656275108472,medium,senior,mid,1.0
5013281,F,N,N,0,189500.0,Commercial associate,Secondary / secondary special,Married,House / apartment,-7316,-720,1,1,1,1,,2.0,0,20.03,0,1.97,94750.0,0.0983524712930604,medium,youth,entry,1.0
5013282,F,Y,Y,0,243500.0,State servant,Secondary / secondary special,Married,House / apartment,-16039,-2549,1,0,0,0,Sales staff,2.0,0,43.91,0,6.98,121750.0,0.15896151218401278,medium,adult,mid,3.0
5013283,F,Y,Y,1,437600.0,Commercial associate,Secondary / secondary special,Married,House / apartment,-7666,-833,1,1,0,0,Core staff,3.0,0,20.99,0,2.28,145866.66666666666,0.10862315388280133,high,youth,entry,3.0
5013284,M,Y,Y,0,244600.0,State servant,Higher education,Widow,House / apartment,-13744,-6337,1,1,1,0,,1.0,0,37.63,0,17.35,244600.0,0.46106829657188414,medium,adult,senior,3.0
5013285,F,Y,Y,0,319900.0,Working,Secondary / secondary special,Married,Municipal apartment,-18934,-4573,1,1,0,0,,2.0,0,51.84,0,12.52,159950.0,0.2415123456790123,high,adult,senior,3.0
5013286,F,N,Y,0,159900.0,Pensioner,Higher education,Married,House / apartment,-14084,365243,1,0,0,0,,2.0,1,38.56,1,0.0,79950.0,0.0,medium,adult,entry,2.0
5013287,F,N,Y,4,179200.0,Working,Secondary / secondary special,Civil marriage,House / apartment,-24232,-12631,1,0,0,0,,6.0,1,66.34,0,34.58,29866.666666666668,0.5212541453120288,medium,senior,senior,2.0
5013288,M,N,Y,0,291400.0,Pensioner,Higher education,Married,House / apartment,-19007,365243,1,1,1,0,,2.0,0,52.04,1,0.0,145700.0,0.0,high,adult,entry,2.0
5013289,F,N,Y,0,628900.0,Pensioner,Secondary / secondary special,Married,House / apartment,-19111,365243,1,0,0,0,,2.0,0,52.32,1,0.0,314450.0,0.0,high,adult,entry,2.0
5013290,M,Y,Y,2,499000.0,Working,Higher education,Married,House / apartment,-14143,-2303,1,0,0,0,,4.0,0,38.72,0,6.31,124750.0,0.16296487603305784,high,adult,mid,3.0
5013291,F,Y,N,0,326700.0,Working,Secondary / secondary special,Married,House / apartment,-8009,-1280,1,0,0,0,Managers,2.0,0,21.93,0,3.5,163350.0,0.15959872321021432,high,youth,mid,2.0
5013292,F,Y,Y,0,263300.0,Commercial associate,Secondary / secondary special,Married,House / apartment,-20786,-211,1,0,0,0,Managers,2.0,0,56.91,0,0.58,131650.0,0.010191530486733439,high,senior,entry,3.0
5013293,F,Y,Y,0,491900.0,Working,Secondary / secondary special,Married,House / apartment,-20385,-5414,1,0,1,0,Security staff,2.0,0,55.81,0,14.82,245950.0,0.2655438093531625,high,senior,senior,3.0
5013294,M,N,N,2,363200.0,Commercial associate,Secondary / secondary special,Single / not married,Rented apartment,-16986,-9831,1,1,1,0,Laborers,3.0,0,46.51,0,26.92,121066.66666666667,0.5788002580090303,high,adult,senior,1.0
5013295,F,Y,N,3,77500.0,Working,Secondary / secondary special,Married,House / apartment,-14907,-382,1,1,1,0,Core staff,5.0,0,40.81,0,1.05,15500.0,0.025728987993138937,low,adult,entry,1.0
5013296,F,Y,Y,1,144100.0,Pensioner,Secondary / secondary special,Married,House / apartment,-17136,365243,1,0,0,0,,3.0,0,46.92,1,0.0,48033.333333333336,0.0,medium,adult,entry,2.0
5013297,F,Y,Y,0,289100.0,Working,Secondary / secondary special,Married,House / apartment,-20944,-6239,1,0,1,0,Core staff,2.0,0,57.34,0,17.08,144550.0,0.29787234042553185,high,senior,senior,3.0
5013298,F,N,N,0,99900.0,Commercial associate,Higher education,Single / not married,House / apartment,-20322,-1302,1,0,0,0,Core staff,1.0,0,55.64,0,3.56,99900.0,0.06398274622573688,low,senior,mid,0.0
5013299,F,N,Y,0,155900.0,Working,Lower secondary,Married,House / apartment,-19324,-2438,1,0,0,0,,2.0,0,52.91,0,6.67,77950.0,0.12606312606312606,medium,adult,mid,2.0
5013300,F,N,N,1,172100.0,Working,Secondary / secondary special,Single / not married,With parents,-23810,-13219,1,0,1,0,,2.0,0,65.19,0,36.19,86050.0,0.5551464948611751,medium,senior,senior,1.0
5013301,M,N,Y,2,214800.0,Working,Secondary / secondary special,Married,House / apartment,-18443,-9207,1,0,1,0,Laborers,4.0,0,50.49,0,25.21,53700.0,0.49930679342444045,medium,adult,senior,2.0
5013302,M,N,Y,0,211500.0,Working,Secondary / secondary special,Married,House / apartment,-7570,-304,1,1,0,0,Accountants,2.0,0,20.73,0,0.83,105750.0,0.04003859141341051,medium,youth,entry,2.0
5013303,F,Y,Y,0,211300.0,Working,Higher education,Married,House / apartment,-18592,-9804,1,0,1,1,,2.0,0,50.9,0,26.84,105650.0,0.5273084479371316,medium,adult,senior,3.0
5013304,F,N,N,0,368800.0,Pensioner,Higher education,Married,House / apartment,-18492,365243,1,0,1,0,,2.0,0,50.63,1,0.0,184400.0,0.0,high,adult,entry,1.0
5013305,F,N,N,0,213800.0,Working,Incomplete higher,Married,House / apartment,-8577,-1030,1,0,1,0,Accountants,2.0,0,23.48,0,2.82,106900.0,0.1201022146507666,medium,youth,entry,1.0
5013306,M,N,Y,0,201400.0,Pensioner,Higher education,Married,House / apartment,-15116,365243,1,0,1,0,,2.0,0,41.39,1,0.0,100700.0,0.0,medium,adult,entry,2.0
5013307,M,N,Y,0,124400.0,Working,Higher education,Civil marriage,House / apartment,-19196,-11170,1,0,0,0,Core staff,2.0,0,52.56,0,30.58,62200.0,0.5818112633181126,medium,adult,senior,1.0
5013308,F,Y,Y,0,407400.0,Working,Lower secondary,Single / not married,House / apartment,-20171,-293,1,0,1,0,Core staff,1.0,0,55.23,0,0.8,407400.0,0.014484881405033498,high,senior,entry,3.0
5013309,M,N,Y,0,174500.0,Working,Secondary / secondary special,Married,House / apartment,-23614,-15535,1,0,0,0,,2.0,0,64.65,0,42.53,87250.0,0.6578499613302398,medium,senior,senior,2.0
5013310,F,Y,N,1,141800.0,Commercial associate,Higher education,Single / not married,House / apartment,-22671,-4811,1,0,0,0,,2.0,0,62.07,0,13.17,70900.0,0.21217979700338327,medium,senior,senior,1.0
5013311,M,N,Y,1,271600.0,Commercial associate,Higher education,Married,House / apartment,-9434,-2180,1,0,0,0,Laborers,3.0,0,25.83,0,5.97,90533.33333333333,0.23112659698025553,high,youth,mid,2.0
5013312,F,Y,N,2,166400.0,Working,Secondary / secondary special,Married,House / apartment,-18423,-4068,1,0,1,0,Core staff,4.0,1,50.44,0,11.14,41600.0,0.22085646312450438,medium,adult,senior,2.0
5013313,F,Y,Y,1,187700.0,Working,Secondary / secondary special,Married,House / apartment,-18198,-8557,1,0,1,0,High skill tech staff,3.0,0,49.82,0,23.43,62566.666666666664,0.4702930549979928,medium,adult,senior,3.0
5013314,M,N,N,0,277800.0,Working,Secondary / secondary special,Married,House / apartment,-12852,-3222,1,1,1,0,Core staff,2.0,0,35.19,0,8.82,138900.0,0.25063938618925835,high,adult,mid,1.0
5013315,F,N,N,0,207400.0,Working,Higher education,Married,House / apartment,-10667,-2690,1,1,0,0,Managers,2.0,0,29.2,0,7.36,103700.0,0.25205479452054796,medium,youth,mid,1.0
5013316,M,Y,Y,4,775500.0,Working,Secondary / secondary special,Married,House / apartment,-10949,-331,1,0,0,0,Sales staff,6.0,0,29.98,0,0.91,129250.0,0.030353569046030687,high,youth,entry,3.0
5013317,F,N,Y,0,235200.0,Working,Secondary / secondary special,Separated,With parents,-10547,-835,1,0,0,0,Accountants,1.0,0,28.88,0,2.29,235200.0,0.07929362880886427,medium,youth,entry,2.0
5013318,F,N,Y,0,332500.0,Commercial associate,Higher education,Married,House / apartment,-22029,-11937,1,0,1,1,Laborers,2.0,0,60.31,0,32.68,166250.0,0.5418670203946278,high,senior,senior,2.0
5013319,F,Y,Y,0,92500.0,Working,Secondary / secondary special,Civil marriage,House / apartment,-10015,-3109,1,0,1,0,,2.0,0,27.42,0,8.51,46250.0,0.31035740335521517,low,youth,mid,2.0
5013320,F,N,Y,1,158800.0,Working,Higher education,Married,House / apartment,-12133,-1441,1,0,0,0,,3.0,0,33.22,0,3.95,52933.333333333336,0.11890427453341361,medium,youth,mid,2.0
5013321,F,N,Y,0,141800.0,Working,Higher education,Married,House / apartment,-11282,-3683,1,0,1,0,Laborers,2.0,0,30.89,0,10.08,70900.0,0.32631919715118163,medium,youth,senior,1.0
5013322,M,N,N,0,151500.0,Commercial associate,Incomplete higher,Civil marriage,House / apartment,-20324,-3474,1,0,0,0,,2.0,0,55.64,0,9.51,75750.0,0.17092020129403307,medium,senior,mid,1.0
5013323,M,Y,Y,0,300500.0,Working,Secondary / secondary special,Married,House / apartment,-10198,-3236,1,0,0,0,Laborers,2.0,0,27.92,0,8.86,150250.0,0.3173352435530086,high,youth,mid,3.0
5013324,F,Y,N,1,409700.0,Commercial associate,Higher education,Civil marriage,House / apartment,-7744,-618,1,0,0,0,,3.0,0,21.2,0,1.69,136566.66666666666,0.07971698113207547,high,youth,entry,2.0
5013325,F,N,N,0,290000.0,Commercial associate,Secondary / secondary special,Married,House / apartment,-14139,-6427,1,0,0,0,Core staff,2.0,0,38.71,0,17.6,145000.0,0.4546628778093516,high,adult,senior,1.0
5013326,F,N,N,0,218000.0,Commercial associate,Secondary / secondary special,Separated,House / apartment,-12877,-3202,1,0,1,0,Core staff,1.0,0,35.26,0,8.77,218000.0,0.2487237663074305,medium,adult,mid,1.0
5013327,F,N,Y,0,178100.0,Working,Secondary / secondary special,Married,House / apartment,-14568,-6749,1,0,0,0,Laborers,2.0,0,39.89,0,18.48,89050.0,0.46327400350965153,medium,adult,senior,2.0
5013328,F,Y,Y,1,426000.0,Working,Secondary / secondary special,Married,House / apartment,-21072,-6550,1,0,0,0,Drivers,3.0,0,57.69,0,17.93,142000.0,0.3107990986306119,high,senior,senior,3.0
5013329,F,N,Y,1,687700.0,Working,Lower secondary,Married,House / apartment,-7531,-904,1,0,0,0,,3.0,0,20.62,0,2.48,229233.33333333334,0.12027158098933075,high,youth,entry,2.0
5013330,F,N,Y,0,261200.0,Pensioner,Secondary / secondary special,Single / not married,House / apartment,-7994,365243,1,0,0,0,,1.0,0,21.89,1,0.0,261200.0,0.0,high,youth,entry,2.0
5013331,F,Y,Y,0,390500.0,Pensioner,Higher education,Married,House / apartment,-11974,365243,1,1,0,1,,2.0,0,32.78,1,0.0,195250.0,0.0,high,youth,entry,3.0
5013332,F,N,N,2,289900.0,Working,Secondary / secondary special,Widow,House / apartment,-23544,-9059,1,0,0,0,Laborers,3.0,0,64.46,0,24.8,96633.33333333333,0.384734719205709,high,senior,senior,1.0
5013333,M,N,Y,0,356200.0,State servant,Secondary / secondary special,Single / not married,House / apartment,-10393,-3255,1,0,0,0,Laborers,1.0,0,28.45,0,8.91,356200.0,0.3131810193321617,high,youth,mid,2.0
5013334,M,Y,Y,1,136400.0,Commercial associate,Secondary / secondary special,Married,House / apartment,-25513,-16654,1,0,0,1,Sales staff,3.0,0,69.85,0,45.6,45466.666666666664,0.6528274874731569,medium,senior,senior,2.0
5013335,M,N,N,0,191300.0,Working,Secondary / secondary special,Married,House / apartment,-22019,-12859,1,0,0,0,Managers,2.0,0,60.28,0,35.21,95650.0,0.584107498341075,medium,senior,senior,1.0
5013336,M,Y,Y,0,297500.0,Working,Incomplete higher,Married,House / apartment,-15635,365243,1,0,0,1,,2.0,0,42.81,1,0.0,148750.0,0.0,high,adult,entry,3.0
5013337,M,N,Y,1,447600.0,Commercial associate,Higher education,Married,House / apartment,-20963,-5806,1,0,0,1,Drivers,3.0,0,57.39,0,15.9,149200.0,0.2770517511761631,high,senior,senior,2.0
5013338,F,N,N,0,162200.0,Pensioner,Secondary / secondary special,Married,House / apartment,-16780,365243,1,1,0,0,,2.0,0,45.94,1,0.0,81100.0,0.0,medium,adult,entry,1.0
5013339,F,N,Y,0,88300.0,Pensioner,Higher education,Single / not married,House / apartment,-17641,365243,1,0,1,0,,1.0,0,48.3,1,0.0,88300.0,0.0,low,adult,entry,1.0
5013340,F,N,Y,0,190300.0,Commercial associate,Secondary / secondary special,Married,House / apartment,-17911,-3479,1,0,1,0,Laborers,2.0,0,49.04,0,9.52,95150.0,0.19412724306688417,medium,adult,mid,2.0
5013341,F,N,Y,1,404500.0,Working,Secondary / secondary special,Married,House / apartment,-19152,-5034,1,1,1,1,High skill tech staff,3.0,0,52.44,0,13.78,134833.33333333334,0.2627765064836003,high,adult,senior,2.0
5013342,M,Y,N,0,110600.0,Commercial associate,Secondary / secondary special,Married,House / apartment,-8415,-804,1,0,0,0,Laborers,2.0,0,23.04,0,2.2,55300.0,0.09548611111111112,medium,youth,entry,1.0
5013343,M,N,Y,0,135500.0,Pensioner,Secondary / secondary special,Separated,House / apartment,-18564,365243,1,0,0,0,,1.0,0,50.83,1,0.0,135500.0,0.0,medium,adult,entry,1.0
5013344,M,Y,Y,2,263900.0,Working,Incomplete higher,Married,House / apartment,-20398,-88,1,0,0,0,,4.0,0,55.85,0,0.24,65975.0,0.0042972247090420765,high,senior,entry,3.0
5013345,F,Y,Y,0,230400.0,Working,Secondary / secondary special,Married,House / apartment,-12980,-6013,1,0,0,0,Laborers,2.0,0,35.54,0,16.46,115200.0,0.46314012380416436,medium,adult,senior,3.0
5013346,M,Y,Y,0,328600.0,Commercial associate,Secondary / secondary special,Married,House / apartment,-25176,-9840,1,1,0,0,,2.0,0,68.93,0,26.94,164300.0,0.3908312781082257,high,senior,senior,3.0
5013347,M,N,Y,0,132100.0,Pensioner,Secondary / secondary special,Single / not married,House / apartment,-9943,365243,1,0,0,0,,1.0,0,27.22,1,0.0,132100.0,0.0,medium,youth,entry,1.0
5013348,F,Y,Y,4,207500.0,Pensioner,Secondary / secondary special,Widow,House / apartment,-23932,365243,1,0,0,0,,5.0,1,65.52,1,0.0,41500.0,0.0,medium,senior,entry,3.0
5013349,F,Y,Y,0,443800.0,Working,Secondary / secondary special,Widow,House / apartment,-19659,-10414,1,0,1,0,,1.0,0,53.82,0,28.51,443800.0,0.5297287253808993,high,adult,senior,3.0
5013350,M,Y,Y,0,134500.0,Working,Secondary / secondary special,Separated,With parents,-19437,-4815,1,1,1,0,,1.0,0,53.22,0,13.18,134500.0,0.24765125892521608,medium,adult,senior,2.0
5013351,F,Y,Y,0,510900.0,Pensioner,Higher education,Married,House / apartment,-23303,365243,1,1,1,1,,2.0,0,63.8,1,0.0,255450.0,0.0,high,senior,entry,3.0
5013352,F,N,Y,1,143200.0,Pensioner,Secondary / secondary special,Married,House / apartment,-22494,365243,1,0,0,0,,3.0,0,61.59,1,0.0,47733.333333333336,0.0,medium,senior,entry,1.0
5013353,F,N,Y,1,373300.0,Working,Secondary / secondary special,Married,House / apartment,-13613,-6323,1,0,1,0,,3.0,0,37.27,0,17.31,124433.33333333333,0.4644486181915749,high,adult,senior,2.0
5013354,F,Y,Y,0,202600.0,Commercial associate,Secondary / secondary special,Married,House / apartment,-20187,-4765,1,0,0,0,Core staff,2.0,0,55.27,0,13.05,101300.0,0.23611362402750136,medium,senior,senior,3.0
5013355,M,N,Y,0,137700.0,Pensioner,Secondary / secondary special,Married,House / apartment,-8229,365243,1,0,0,0,,2.0,0,22.53,1,0.0,68850.0,0.0,medium,youth,entry,1.0
5013356,M,N,N,1,190400.0,Pensioner,Higher education,Married,House / apartment,-15779,365243,1,0,0,0,,3.0,0,43.2,1,0.0,63466.666666666664,0.0,medium,adult,entry,1.0
5013357,F,N,N,0,320600.0,Pensioner,Secondary / secondary special,Married,House / apartment,-24431,365243,1,0,0,0,,2.0,0,66.89,1,0.0,160300.0,0.0,high,senior,entry,1.0
5013358,F,N,Y,2,243300.0,Working,Secondary / secondary special,Married,House / apartment,-12311,-3812,1,0,0,0,Accountants,4.0,0,33.71,0,10.44,60825.0,0.3097003856422426,medium,youth,senior,2.0
5013359,F,N,Y,0,427100.0,Commercial associate,Secondary / secondary special,Married,House / apartment,-8218,-633,1,0,0,0,Managers,2.0,0,22.5,0,1.73,213550.0,0.07688888888888888,high,youth,entry,2.0
5013360,F,Y,Y,0,500500.0,Working,Incomplete higher,Married,House / apartment,-17951,365243,1,0,0,0,,2.0,0,49.15,1,0.0,250250.0,0.0,high,adult,entry,3.0
5013361,F,N,Y,0,135100.0,Pensioner,Higher education,Civil marriage,With parents,-13790,365243,1,0,0,0,,2.0,0,37.75,1,0.0,67550.0,0.0,medium,adult,entry,1.0
5013362,F,N,Y,1,130300.0,Working,Secondary / secondary special,Married,House / apartment,-14239,-7106,1,0,0,0,Core staff,3.0,1,38.98,0,19.46,43433.333333333336,0.4992303745510519,medium,adult,senior,1.0
5013363,F,N,Y,0,127100.0,Commercial associate,Secondary / secondary special,Separated,House / apartment,-17942,-6776,1,1,0,0,Security staff,1.0,0,49.12,0,18.55,127100.0,0.3776465798045603,medium,adult,senior,1.0
5013364,F,N,N,0,155700.0,Commercial associate,Secondary / secondary special,Married,House / apartment,-18657,-5190,1,0,0,0,,2.0,0,51.08,0,14.21,77850.0,0.27819107282693817,medium,adult,senior,1.0
5013365,M,Y,Y,0,424000.0,Pensioner,Higher education,Married,House / apartment,-15292,365243,1,0,0,0,,2.0,0,41.87,1,0.0,212000.0,0.0,high,adult,entry,3.0
5013366,F,N,Y,0,323100.0,Commercial associate,Secondary / secondary special,Married,House / apartment,-16574,-674,1,0,0,0,Drivers,2.0,0,45.38,0,1.85,161550.0,0.040766857646540325,high,adult,entry,2.0
5013367,M,N,N,0,185900.0,Working,Secondary / secondary special,Married,House / apartment,-25444,-1188,1,0,0,0,Laborers,2.0,0,69.66,0,3.25,92950.0,0.04665518231409704,medium,senior,mid,1.0
5013368,M,Y,Y,0,242800.0,Commercial associate,Secondary / secondary special,Civil marriage,House / apartment,-24785,-1559,1,0,1,0,Laborers,2.0,1,67.86,0,4.27,121400.0,0.06292366637194223,medium,senior,mid,3.0
5013369,F,Y,Y,1,492700.0,Working,Secondary / secondary special,Married,House / apartment,-20222,-1559,1,0,0,0,Cooking staff,3.0,0,55.36,0,4.27,164233.33333333334,0.0771315028901734,high,senior,mid,3.0
5013370,M,N,N,0,633800.0,Working,Secondary / secondary special,Civil marriage,House / apartment,-10254,-2417,1,1,0,0,,2.0,0,28.07,0,6.62,316900.0,0.23583897399358747,high,youth,mid,1.0
5013371,M,N,N,1,277900.0,State servant,Secondary / secondary special,Married,House / apartment,-13879,-6649,1,1,0,1,Core staff,3.0,0,38.0,0,18.2,92633.33333333333,0.4789473684210526,high,adult,senior,1.0
5013372,M,N,N,0,64600.0,Commercial associate,Secondary / secondary special,Married,House / apartment,-23432,-16235,1,0,0,0,Medicine staff,2.0,0,64.15,0,44.45,32300.0,0.6929072486360094,low,senior,senior,0.0
5013373,F,N,Y,0,283300.0,Commercial associate,Secondary / secondary special,Married,House / apartment,-15040,-259,1,1,0,1,Security staff,2.0,0,41.18,0,0.71,141650.0,0.017241379310344827,high,adult,entry,2.0
5013374,F,N,Y,0,389600.0,Working,Secondary / secondary special,Married,House / apartment,-24752,-5976,1,1,1,0,Sales staff,2.0,0,67.77,0,16.36,194800.0,0.24140475136491074,high,senior,senior,2.0
5013375,F,Y,N,2,273200.0,Pensioner,Secondary / secondary special,Married,House / apartment,-16223,365243,1,0,0,0,,4.0,0,44.42,1,0.0,68300.0,0.0,high,adult,entry,2.0
5013376,M,Y,Y,1,351100.0,Commercial associate,Secondary / secondary special,Married,House / apartment,-23043,-7800,1,1,0,0,Laborers,3.0,0,63.09,0,21.36,117033.33333333333,0.3385639562529719,high,senior,senior,3.0
5013377,F,Y,N,0,291900.0,Commercial associate,Higher education,Single / not married,House / apartment,-7951,-1172,1,1,0,0,Core staff,1.0,0,21.77,0,3.21,291900.0,0.14745062011943041,high,youth,mid,2.0
5013378,F,Y,Y,1,131700.0,State servant,Secondary / secondary special,Married,House / apartment,-15234,-4327,1,1,1,0,,3.0,0,41.71,0,11.85,43900.0,0.28410453128746105,medium,adult,senior,2.0
5013379,M,Y,Y,0,156700.0,Working,Secondary / secondary special,Married,House / apartment,-20094,-9109,1,0,0,0,Core staff,2.0,0,55.01,0,24.94,78350.0,0.45337211416106166,medium,senior,senior,3.0
5013380,F,N,N,0,207900.0,Commercial associate,Higher education,Separated,House / apartment,-23076,-8736,1,0,0,0,Core staff,1.0,0,63.18,0,23.92,207900.0,0.37860082304526754,medium,senior,senior,1.0
5013381,M,N,Y,0,415900.0,Pensioner,Secondary / secondary special,Married,House / apartment,-18438,365243,1,0,0,0,,2.0,0,50.48,1,0.0,207950.0,0.0,high,adult,entry,2.0
5013382,F,Y,Y,0,166500.0,Working,Secondary / secondary special,Married,House / apartment,-10469,-3792,1,1,1,0,Laborers,2.0,0,28.66,0,10.38,83250.0,0.36217725052337757,medium,youth,senior,3.0
5013383,F,Y,Y,0,306600.0,Working,Secondary / secondary special,Married,House / apartment,-23482,-2620,1,0,1,0,Managers,2.0,0,64.29,0,7.17,153300.0,0.11152589827344843,high,senior,mid,3.0
5013384,F,Y,Y,1,284200.0,State servant,Secondary / secondary special,Civil marriage,House / apartment,-17803,-8800,1,1,0,0,,3.0,0,48.74,0,24.09,94733.33333333333,0.4942552318424292,high,adult,senior,3.0
5013385,M,N,Y,0,539600.0,Working,Secondary / secondary special,Married,House / apartment,-9278,-964,1,0,0,0,,2.0,0,25.4,0,2.64,269800.0,0.10393700787401576,high,youth,entry,2.0
5013386,F,Y,Y,1,239100.0,Working,Secondary / secondary special,Married,House / apartment,-15776,-3377,1,0,0,0,Sales staff,3.0,0,43.19,0,9.25,79700.0,0.21416994674693218,medium,adult,mid,3.0
5013387,F,Y,Y,0,101500.0,Working,Higher education,Widow,House / apartment,-20069,365243,1,1,0,1,,1.0,0,54.95,1,0.0,101500.0,0.0,medium,adult,entry,2.0
5013388,F,N,N,0,337400.0,Working,Higher education,Single / not married,Rented apartment,-15542,-5478,1,1,0,0,Laborers,1.0,0,42.55,0,15.0,337400.0,0.35252643948296125,high,adult,senior,1.0
5013389,F,N,Y,1,711000.0,Pensioner,Secondary / secondary special,Married,House / apartment,-23208,365243,1,0,0,0,,3.0,0,63.54,1,0.0,237000.0,0.0,high,senior,entry,2.0
5013390,F,Y,N,1,348600.0,Working,Higher education,Single / not married,House / apartment,-15043,-5335,1,1,0,0,Drivers,2.0,0,41.19,0,14.61,174300.0,0.3546977421704297,high,adult,senior,2.0
5013391,M,N,Y,2,164700.0,Working,Secondary / secondary special,Single / not married,House / apartment,-17960,-2771,1,1,0,0,Medicine staff,3.0,1,49.17,0,7.59,54900.0,0.15436241610738255,medium,adult,mid,2.0
5013392,F,Y,Y,0,142100.0,Pensioner,Secondary / secondary special,Married,House / apartment,-11162,365243,1,1,0,0,,2.0,0,30.56,1,0.0,71050.0,0.0,medium,youth,entry,2.0
5013393,F,N,Y,1,151600.0,Working,Secondary / secondary special,Married,House / apartment,-16668,-8167,1,0,0,1,Drivers,3.0,0,45.63,0,22.36,50533.333333333336,0.49002849002848997,medium,adult,senior,2.0
5013394,F,N,N,1,664700.0,Commercial associate,Secondary / secondary special,Single / not married,Municipal apartment,-11375,-3764,1,1,1,0,,2.0,0,31.14,0,10.31,332350.0,0.33108542068079644,high,youth,senior,1.0
5013395,M,Y,N,0,207300.0,Pensioner,Secondary / secondary special,Married,House / apartment,-11417,365243,1,1,1,0,,2.0,0,31.26,1,0.0,103650.0,0.0,medium,youth,entry,2.0
5013396,F,N,N,0,175300.0,Pensioner,Secondary / secondary special,Married,With parents,-12417,365243,1,1,0,0,,2.0,0,34.0,1,0.0,87650.0,0.0,medium,youth,entry,1.0
5013397,M,Y,Y,0,225500.0,Pensioner,Secondary / secondary special,Single / not married,House / apartment,-8112,365243,1,0,0,0,,1.0,0,22.21,1,0.0,225500.0,0.0,medium,youth,entry,3.0
5013398,F,Y,Y,0,208400.0,Working,Higher education,Civil marriage,House / apartment,-10287,-267,1,0,0,0,,2.0,0,28.16,0,0.73,104200.0,0.025923295454545452,medium,youth,entry,3.0
5013399,F,Y,N,0,534600.0,Working,Secondary / secondary special,Married,House / apartment,-15055,-2171,1,1,0,0,Laborers,2.0,0,41.22,0,5.94,267300.0,0.14410480349344978,high,adult,mid,2.0
5013400,F,N,N,4,147000.0,Working,Secondary / secondary special,Married,House / apartment,-9698,-1119,1,0,0,0,Sales staff,6.0,0,26.55,0,3.06,24500.0,0.1152542372881356,medium,youth,mid,0.0
5013401,M,Y,N,0,440600.0,Working,Secondary / secondary special,Married,House / apartment,-9741,-1751,1,1,1,0,Sales staff,2.0,0,26.67,0,4.79,220300.0,0.17960254968128983,high,youth,mid,2.0
5013402,F,Y,Y,1,259500.0,Working,Secondary / secondary special,Married,House / apartment,-24982,-15321,1,1,0,0,Laborers,3.0,0,68.4,0,41.95,86500.0,0.6133040935672515,high,senior,senior,3.0
5013403,M,Y,N,0,446400.0,Working,Higher education,Widow,House / apartment,-15105,-2517,1,1,1,0,Sales staff,1.0,0,41.36,0,6.89,446400.0,0.1665860735009671,high,adult,mid,2.0
5013404,M,Y,Y,0,538600.0,Commercial associate,Incomplete higher,Married,House / apartment,-14678,-3274,1,0,0,1,,2.0,0,40.19,0,8.96,269300.0,0.22294103010699182,high,adult,mid,3.0
5013405,F,N,Y,0,254700.0,Working,Higher education,Married,House / apartment,-12195,-1030,1,0,0,0,,2.0,0,33.39,0,2.82,127350.0,0.08445642407906558,high,youth,entry,2.0
5013406,F,Y,Y,0,208500.0,Working,Higher education,Widow,House / apartment,-16664,-2670,1,0,0,1,,1.0,0,45.62,0,7.31,208500.0,0.16023673827268742,medium,adult,mid,3.0
5013407,F,Y,Y,1,252300.0,Working,Secondary / secondary special,Married,House / apartment,-18191,-2326,1,0,0,0,Sales staff,3.0,1,49.8,0,6.37,84100.0,0.12791164658634538,high,adult,mid,3.0
5013408,F,N,N,4,232800.0,Working,Secondary / secondary special,Married,House / apartment,-14942,-796,1,0,1,0,,6.0,1,40.91,0,2.18,38800.0,0.05328770471767295,medium,adult,entry,1.0
5013409,F,N,N,0,106600.0,Commercial associate,Secondary / secondary special,Married,House / apartment,-14497,-7463,1,0,0,0,Core staff,2.0,0,39.69,0,20.43,53300.0,0.5147392290249433,medium,adult,senior,0.0
5013410,F,N,N,1,530600.0,Commercial associate,Incomplete higher,Married,House / apartment,-20097,-267,1,0,0,0,Medicine staff,3.0,0,55.02,0,0.73,176866.66666666666,0.01326790258087968,high,senior,entry,1.0
5013411,M,N,Y,0,276100.0,Pensioner,Secondary / secondary special,Married,House / apartment,-24650,365243,1,1,0,0,,2.0,0,67.49,1,0.0,138050.0,0.0,high,senior,entry,2.0
5013412,F,Y,Y,0,136500.0,Pensioner,Secondary / secondary special,Married,House / apartment,-23336,365243,1,0,0,0,,2.0,0,63.89,1,0.0,68250.0,0.0,medium,senior,entry,2.0
5013413,F,N,N,0,86800.0,Commercial associate,Secondary / secondary special,Married,House / apartment,-9471,-2168,1,0,1,0,Core staff,2.0,0,25.93,0,5.94,43400.0,0.22907828769764754,low,youth,mid,0.0
5013414,M,N,Y,0,76200.0,Commercial associate,Secondary / secondary special,Civil marriage,With parents,-19218,-648,1,0,0,0,Cleaning staff,2.0,0,52.62,0,1.77,38100.0,0.033637400228050174,low,adult,entry,1.0
5013415,M,Y,N,0,358900.0,Working,Secondary / secondary special,Married,With parents,-7434,-317,1,0,1,0,Laborers,2.0,0,20.35,0,0.87,179450.0,0.042751842751842746,high,youth,entry,2.0
5013416,F,N,Y,0,179100.0,Working,Higher education,Married,House / apartment,-18867,-2364,1,0,1,0,Sales staff,2.0,0,51.66,0,6.47,89550.0,0.12524196670538135,medium,adult,mid,2.0
5013417,M,Y,Y,0,194500.0,Pensioner,Secondary / secondary special,Married,House / apartment,-15785,365243,1,0,0,0,,2.0,1,43.22,1,0.0,97250.0,0.0,medium,adult,entry,3.0
5013418,M,N,Y,1,311600.0,Working,Higher education,Married,House / apartment,-16274,-7850,1,0,0,0,Sales staff,3.0,0,44.56,0,21.49,103866.66666666667,0.4822710951526032,high,adult,senior,2.0
5013419,M,N,N,0,188600.0,Working,Higher education,Married,House / apartment,-18044,-10783,1,0,0,0,,2.0,0,49.4,0,29.52,94300.0,0.5975708502024292,medium,adult,senior,1.0
5013420,F,N,Y,0,320800.0,Working,Higher education,Separated,House / apartment,-20868,-4610,1,1,0,0,Managers,1.0,0,57.13,0,12.62,320800.0,0.2208997024330474,high,senior,senior,2.0
5013421,F,N,Y,0,256000.0,Working,Higher education,Married,House / apartment,-20627,-14044,1,0,1,0,Laborers,2.0,0,56.47,0,38.45,128000.0,0.6808925092969719,high,senior,senior,2.0
5013422,M,N,N,1,234100.0,Pensioner,Secondary / secondary special,Married,With parents,-8117,365243,1,1,0,0,,3.0,0,22.22,1,0.0,78033.33333333333,0.0,medium,youth,entry,1.0
5013423,F,Y,Y,1,111200.0,Working,Incomplete higher,Married,House / apartment,-20755,-11497,1,0,0,0,Sales staff,3.0,0,56.82,0,31.48,37066.666666666664,0.554030271031327,medium,senior,senior,2.0
5013424,F,N,N,1,162000.0,Working,Secondary / secondary special,Married,House / apartment,-22460,-153,1,1,1,0,Laborers,3.0,0,61.49,0,0.42,54000.0,0.006830378923402179,medium,senior,entry,1.0
5013425,F,Y,Y,0,330000.0,Working,Higher education,Civil marriage,House / apartment,-8550,-198,1,0,0,0,Managers,2.0,0,23.41,0,0.54,165000.0,0.02306706535668518,high,youth,entry,3.0
5013426,M,Y,Y,0,173600.0,Commercial associate,Secondary / secondary special,Separated,House / apartment,-13203,-3759,1,0,0,0,Medicine staff,1.0,0,36.15,0,10.29,173600.0,0.2846473029045643,medium,adult,senior,3.0
5013427,F,N,N,1,446000.0,Commercial associate,Secondary / secondary special,Married,House / apartment,-21770,-6393,1,1,0,0,Drivers,3.0,0,59.6,0,17.5,148666.66666666666,0.2936241610738255,high,senior,senior,1.0
5013428,F,Y,Y,0,789100.0,Working,Secondary / secondary special,Single / not married,House / apartment,-16310,-6793,1,0,1,0,Laborers,1.0,0,44.65,0,18.6,789100.0,0.4165733482642778,high,adult,senior,3.0
5013429,F,Y,Y,0,339000.0,Pensioner,Secondary / secondary special,Married,House / apartment,-19995,365243,1,0,0,0,,2.0,0,54.74,1,0.0,169500.0,0.0,high,adult,entry,3.0
5013430,M,N,Y,0,515000.0,Working,Higher education,Married,House / apartment,-16479,-870,1,0,1,1,,2.0,0,45.12,0,2.38,257500.0,0.05274822695035461,high,adult,entry,2.0
5013431,F,N,Y,0,350000.0,Commercial associate,Higher education,Civil marriage,House / apartment,-25170,-2996,1,0,0,0,Managers,2.0,0,68.91,0,8.2,175000.0,0.11899579161224785,high,senior,mid,2.0
5013432,F,Y,Y,0,186900.0,Commercial associate,Secondary / secondary special,Married,House / apartment,-24402,-11725,1,0,0,0,,2.0,0,66.81,0,32.1,93450.0,0.4804669959586888,medium,senior,senior,3.0
5013433,F,Y,Y,0,269800.0,State servant,Secondary / secondary special,Married,House / apartment,-12439,-440,1,1,0,0,Laborers,2.0,0,34.06,0,1.2,134900.0,0.03523194362889019,high,youth,entry,3.0
5013434,M,Y,N,0,668100.0,Working,Higher education,Married,House / apartment,-14352,-6538,1,0,0,0,Laborers,2.0,0,39.29,0,17.9,334050.0,0.45558666327309744,high,adult,senior,2.0
5013435,M,N,N,0,187900.0,Working,Secondary / secondary special,Married,House / apartment,-15182,-7418,1,0,1,1,,2.0,0,41.57,0,20.31,93950.0,0.48857349049795523,medium,adult,senior,1.0
5013436,F,Y,Y,2,145200.0,Working,Higher education,Married,Office apartment,-9208,-756,1,0,0,0,Security staff,4.0,1,25.21,0,2.07,36300.0,0.08211027370091233,medium,youth,entry,2.0
5013437,F,N,Y,0,138500.0,Working,Secondary / secondary special,Single / not married,House / apartment,-14684,-4244,1,0,1,0,,1.0,0,40.2,0,11.62,138500.0,0.28905472636815915,medium,adult,senior,1.0
5013438,M,Y,Y,0,219000.0,Working,Secondary / secondary special,Married,House / apartment,-21456,-5673,1,0,0,0,,2.0,0,58.74,0,15.53,109500.0,0.2643854273067756,medium,senior,senior,3.0
5013439,F,Y,Y,0,147800.0,Working,Incomplete higher,Married,With parents,-22771,-10453,1,0,0,0,Sales staff,2.0,0,62.34,0,28.62,73900.0,0.4590952839268527,medium,senior,senior,2.0
5013440,M,N,Y,0,563800.0,Working,Secondary / secondary special,Married,House / apartment,-23488,-16672,1,0,0,0,Medicine staff,2.0,0,64.31,0,45.65,281900.0,0.7098429482195614,high,senior,senior,2.0
5013441,F,Y,Y,0,272000.0,Pensioner,Secondary / secondary special,Married,House / apartment,-7571,365243,1,0,0,0,,2.0,1,20.73,1,0.0,136000.0,0.0,high,youth,entry,3.0
5013442,F,N,Y,0,396900.0,Working,Higher education,Single / not married,House / apartment,-21711,-7319,1,0,1,0,High skill tech staff,1.0,0,59.44,0,20.04,396900.0,0.33714670255720053,high,senior,senior,2.0
5013443,F,Y,Y,0,210300.0,State servant,Higher education,Separated,Municipal apartment,-16484,-1391,1,0,0,0,Managers,1.0,0,45.13,0,3.81,210300.0,0.08442277863948593,medium,adult,mid,3.0
5013444,F,N,Y,0,138000.0,Pensioner,Lower secondary,Widow,House / apartment,-11070,365243,1,0,0,0,,1.0,0,30.31,1,0.0,138000.0,0.0,medium,youth,entry,1.0
5013445,M,N,N,1,126900.0,Pensioner,Secondary / secondary special,Married,House / apartment,-16413,365243,1,1,0,0,,3.0,1,44.94,1,0.0,42300.0,0.0,medium,adult,entry,0.0
5013446,F,Y,N,0,155000.0,Pensioner,Secondary / secondary special,Widow,House / apartment,-22723,365243,1,0,0,0,,1.0,1,62.21,1,0.0,155000.0,0.0,medium,senior,entry,2.0
5013447,M,Y,Y,0,290500.0,Commercial associate,Secondary / secondary special,Married,House / apartment,-15235,-6973,1,0,0,0,Medicine staff,2.0,0,41.71,0,19.09,145250.0,0.4576840086310237,high,adult,senior,3.0
5013448,F,Y,N,0,316600.0,Pensioner,Secondary / secondary special,Married,House / apartment,-25393,365243,1,1,0,1,,2.0,0,69.52,1,0.0,158300.0,0.0,high,senior,entry,2.0
5013449,F,N,Y,2,330100.0,Working,Higher education,Single / not married,House / apartment,-18567,-8830,1,0,0,0,Laborers,3.0,0,50.83,0,24.18,110033.33333333333,0.47570332480818417,high,adult,senior,2.0
5013450,F,N,N,0,116000.0,Working,Secondary / secondary special,Married,House / apartment,-16249,-2531,1,0,0,0,Laborers,2.0,0,44.49,0,6.93,58000.0,0.1557653405259609,medium,adult,mid,0.0
5013451,M,N,Y,1,244100.0,State servant,Secondary / secondary special,Married,House / apartment,-12690,-2206,1,1,0,0,Laborers,3.0,0,34.74,0,6.04,81366.66666666667,0.17386298215313759,medium,youth,mid,2.0
5013452,F,N,N,0,146200.0,Working,Higher education,Separated,House / apartment,-7507,-104,1,0,0,0,,1.0,0,20.55,0,0.28,146200.0,0.013625304136253041,medium,youth,entry,0.0
5013453,M,Y,Y,0,298400.0,Working,Higher education,Single / not married,House / apartment,-18455,-10375,1,1,0,0,Laborers,1.0,0,50.53,0,28.41,298400.0,0.5622402533148625,high,adult,senior,3.0
5013454,M,Y,Y,0,310200.0,Pensioner,Secondary / secondary special,Married,House / apartment,-17852,365243,1,0,0,0,,2.0,0,48.88,1,0.0,155100.0,0.0,high,adult,entry,3.0
5013455,F,Y,Y,0,135900.0,Commercial associate,Secondary / secondary special,Single / not married,House / apartment,-16743,-2723,1,1,0,0,,1.0,0,45.84,0,7.46,135900.0,0.16273996509598604,medium,adult,mid,2.0
5013456,F,Y,Y,0,396100.0,Pensioner,Higher education,Civil marriage,House / apartment,-17125,365243,1,0,0,0,,2.0,0,46.89,1,0.0,198050.0,0.0,high,adult,entry,3.0
5013457,F,Y,Y,0,786100.0,Working,Secondary / secondary special,Separated,House / apartment,-22710,-12494,1,1,0,0,,1.0,0,62.18,0,34.21,786100.0,0.5501769057574784,high,senior,senior,3.0
5013458,F,N,Y,0,370600.0,Commercial associate,Higher education,Married,House / apartment,-13092,-4989,1,1,1,0,Drivers,2.0,0,35.84,0,13.66,185300.0,0.38113839285714285,high,adult,senior,2.0
5013459,M,N,N,0,225000.0,Working,Higher education,Single / not married,House / apartment,-17354,-7371,1,0,0,0,Drivers,1.0,0,47.51,0,20.18,225000.0,0.4247526836455483,medium,adult,senior,1.0
5013460,F,N,Y,0,208400.0,Pensioner,Secondary / secondary special,Single / not married,House / apartment,-19723,365243,1,0,0,0,,1.0,0,54.0,1,0.0,208400.0,0.0,medium,adult,entry,2.0
5013461,F,Y,Y,1,219900.0,Working,Secondary / secondary special,Married,House / apartment,-11137,-956,1,0,1,1,Laborers,3.0,0,30.49,0,2.62,73300.0,0.08592981305346016,medium,youth,entry,3.0
5013462,M,N,Y,1,166900.0,Pensioner,Secondary / secondary special,Married,With parents,-24195,365243,1,0,0,0,,3.0,0,66.24,1,0.0,55633.333333333336,0.0,medium,senior,entry,2.0
5013463,F,N,N,0,277000.0,Working,Secondary / secondary special,Married,House / apartment,-20767,-1188,1,0,0,0,Managers,2.0,0,56.86,0,3.25,138500.0,0.057157931762223,high,senior,mid,1.0
5013464,F,N,N,2,138200.0,Working,Secondary / secondary special,Married,House / apartment,-8278,-692,1,0,1,0,,4.0,0,22.66,0,1.89,34550.0,0.08340688437775816,medium,youth,entry,0.0
5013465,F,Y,N,0,94900.0,Working,Higher education,Widow,House / apartment,-23104,365243,1,1,0,0,,1.0,0,63.26,1,0.0,94900.0,0.0,low,senior,entry,1.0
5013466,F,Y,Y,0,272500.0,Working,Higher education,Married,House / apartment,-24287,-12077,1,1,0,0,Laborers,2.0,0,66.49,0,33.07,136250.0,0.4973680252669575,high,senior,senior,3.0
5013467,F,Y,Y,0,246700.0,Commercial associate,Secondary / secondary special,Married,House / apartment,-21799,-14723,1,0,0,0,,2.0,0,59.68,0,40.31,123350.0,0.6754356568364611,medium,senior,senior,3.0
5013468,F,Y,Y,0,183500.0,Working,Incomplete higher,Single / not married,House / apartment,-15089,-810,1,0,0,0,Laborers,1.0,0,41.31,0,2.22,183500.0,0.05374001452432825,medium,adult,entry,3.0
5013469,F,N,Y,0,128600.0,Working,Secondary / secondary special,Married,House / apartment,-25465,-15434,1,0,0,0,,2.0,1,69.72,0,42.26,64300.0,0.6061388410786,medium,senior,senior,1.0
5013470,M,Y,Y,0,282200.0,Working,Higher education,Married,Rented apartment,-9578,-384,1,0,0,0,,2.0,0,26.22,0,1.05,141100.0,0.04004576659038902,high,youth,entry,3.0
5013471,F,Y,Y,0,148800.0,Pensioner,Secondary / secondary special,Married,House / apartment,-17105,365243,1,0,0,0,,2.0,1,46.83,1,0.0,74400.0,0.0,medium,adult,entry,2.0
5013472,F,N,Y,0,227700.0,Working,Secondary / secondary special,Married,House / apartment,-10417,-1075,1,1,0,0,,2.0,0,28.52,0,2.94,113850.0,0.10308555399719495,medium,youth,entry,2.0
5013473,F,N,Y,1,590000.0,Working,Secondary / secondary special,Separated,House / apartment,-15329,-6832,1,0,1,0,,2.0,0,41.97,0,18.7,295000.0,0.44555634977364783,high,adult,senior,2.0
5013474,F,N,Y,1,338100.0,Commercial associate,Secondary / secondary special,Single / not married,House / apartment,-24242,-13895,1,0,0,0,Laborers,2.0,0,66.37,0,38.04,169050.0,0.5731505198131686,high,senior,senior,2.0
5013475,F,N,N,0,123100.0,Pensioner,Secondary / secondary special,Married,House / apartment,-21810,365243,1,0,1,0,,2.0,1,59.71,1,0.0,61550.0,0.0,medium,senior,entry,0.0
5013476,F,Y,Y,0,129100.0,Pensioner,Higher education,Widow,House / apartment,-21588,365243,1,0,0,0,,1.0,0,59.1,1,0.0,129100.0,0.0,medium,senior,entry,2.0
5013477,M,Y,N,0,263400.0,Pensioner,Secondary / secondary special,Married,House / apartment,-13767,365243,1,0,0,0,,2.0,0,37.69,1,0.0,131700.0,0.0,high,adult,entry,2.0
5013478,F,Y,Y,0,122700.0,Working,Incomplete higher,Married,House / apartment,-24367,-6356,1,1,0,0,Medicine staff,2.0,0,66.71,0,17.4,61350.0,0.2608304602008694,medium,senior,senior,2.0
5013479,F,N,Y,0,89700.0,Pensioner,Secondary / secondary special,Married,House / apartment,-14030,365243,1,0,0,1,,2.0,1,38.41,1,0.0,44850.0,0.0,low,adult,entry,1.0
5013480,M,N,Y,0,318600.0,Pensioner,Secondary / secondary special,Widow,House / apartment,-8035,365243,1,0,1,0,,1.0,0,22.0,1,0.0,318600.0,0.0,high,youth,entry,2.0
5013481,F,Y,N,0,286600.0,Pensioner,Secondary / secondary special,Married,House / apartment,-18953,365243,1,0,0,0,,2.0,0,51.89,1,0.0,143300.0,0.0,high,adult,entry,2.0
5013482,F,N,Y,0,305800.0,Working,Lower secondary,Single / not married,House / apartment,-13928,-2003,1,0,1,0,Laborers,1.0,0,38.13,0,5.48,305800.0,0.14371885654340413,high,adult,mid,2.0
5013483,F,Y,N,2,278400.0,Pensioner,Secondary / secondary special,Married,Municipal apartment,-10112,365243,1,0,1,0,,4.0,0,27.69,1,0.0,69600.0,0.0,high,youth,entry,2.0
5013484,M,N,Y,1,236300.0,Working,Secondary / secondary special,Married,House / apartment,-24374,-13425,1,0,0,0,Core staff,3.0,0,66.73,0,36.76,78766.66666666667,0.5508766671661921,medium,senior,senior,2.0
5013485,M,Y,Y,0,175300.0,Commercial associate,Higher education,Separated,Municipal apartment,-18943,-9903,1,0,1,0,,1.0,1,51.86,0,27.11,175300.0,0.5227535672965676,medium,adult,senior,3.0
5013486,F,Y,N,0,316000.0,Working,Secondary / secondary special,Married,Rented apartment,-24481,-10658,1,1,0,0,Core staff,2.0,0,67.03,0,29.18,158000.0,0.4353274653140385,high,senior,senior,2.0
5013487,M,N,Y,2,524600.0,Working,Secondary / secondary special,Single / not married,House / apartment,-17952,-902,1,1,0,0,Drivers,3.0,0,49.15,0,2.47,174866.66666666666,0.05025432349949136,high,adult,entry,2.0
5013488,F,N,N,0,190000.0,Commercial associate,Secondary / secondary special,Married,House / apartment,-8471,-970,1,0,0,0,,2.0,0,23.19,0,2.66,95000.0,0.11470461405778352,medium,youth,entry,1.0
5013489,F,N,Y,0,146500.0,Working,Secondary / secondary special,Single / not married,House / apartment,-7852,-129,1,1,1,0,,1.0,0,21.5,0,0.35,146500.0,0.01627906976744186,medium,youth,entry,1.0
5013490,M,Y,Y,0,138400.0,Pensioner,Secondary / secondary special,Civil marriage,House / apartment,-23752,365243,1,0,0,0,,2.0,0,65.03,1,0.0,69200.0,0.0,medium,senior,entry,2.0
5013491,M,Y,N,0,158300.0,Commercial associate,Higher education,Married,House / apartment,-8012,-445,1,1,0,0,Drivers,2.0,0,21.94,0,1.22,79150.0,0.055606198723792154,medium,youth,entry,2.0
5013492,F,Y,N,1,270200.0,Commercial associate,Higher education,Married,House / apartment,-18540,-8586,1,0,0,0,,3.0,0,50.76,0,23.51,90066.66666666667,0.46315996847911745,high,adult,senior,2.0
5013493,F,N,Y,0,83800.0,Working,Secondary / secondary special,Widow,House / apartment,-12747,-2059,1,0,1,1,Laborers,1.0,0,34.9,0,5.64,83800.0,0.16160458452722062,low,youth,mid,1.0
5013494,F,N,N,0,304100.0,State servant,Secondary / secondary special,Civil marriage,House / apartment,-19863,-12712,1,1,1,1,Sales staff,2.0,0,54.38,0,34.8,152050.0,0.6399411548363368,high,adult,senior,1.0
5013495,F,N,Y,0,336900.0,Commercial associate,Secondary / secondary special,Married,House / apartment,-12505,-3138,1,0,0,0,Low-skill Laborers,2.0,0,34.24,0,8.59,168450.0,0.25087616822429903,high,youth,mid,2.0
5013496,M,Y,N,0,99400.0,Working,Secondary / secondary special,Married,Municipal apartment,-7985,365243,1,0,0,0,,2.0,1,21.86,1,0.0,49700.0,0.0,low,youth,entry,1.0
5013497,F,N,Y,0,149600.0,Commercial associate,Secondary / secondary special,Single / not married,House / apartment,-20652,-4039,1,0,0,0,Laborers,1.0,0,56.54,0,11.06,149600.0,0.1956137247966042,medium,senior,senior,1.0
5013498,F,N,Y,1,254100.0,Working,Secondary / secondary special,Married,With parents,-12983,-4404,1,0,0,0,Laborers,3.0,0,35.55,0,12.06,84700.0,0.33924050632911396,high,adult,senior,2.0
5013499,F,N,Y,0,227200.0,Working,Secondary / secondary special,Married,House / apartment,-17364,-4316,1,0,1,0,Laborers,2.0,0,47.54,0,11.82,113600.0,0.24863273033235173,medium,adult,senior,2.0
5013500,F,Y,Y,0,316600.0,Working,Secondary / secondary special,Widow,House / apartment,-21438,-14215,1,0,1,0,Managers,1.0,0,58.69,0,38.92,316600.0,0.6631453399216222,high,senior,senior,3.0
5013501,F,N,Y,0,227500.0,Commercial associate,Higher education,Separated,House / apartment,-20140,-9514,1,0,0,0,Cleaning staff,1.0,0,55.14,0,26.05,227500.0,0.47243380486035547,medium,senior,senior,2.0
5013502,M,N,Y,0,459500.0,Working,Higher education,Civil marriage,House / apartment,-13671,-6216,1,0,0,0,Core staff,2.0,0,37.43,0,17.02,229750.0,0.4547154688752338,high,adult,senior,2.0
5013503,F,N,Y,0,207900.0,Working,Secondary / secondary special,Married,Co-op apartment,-20962,-13197,1,0,0,0,Managers,2.0,1,57.39,0,36.13,103950.0,0.6295521867921241,medium,senior,senior,2.0
5013504,M,N,N,0,149300.0,State servant,Higher education,Widow,House / apartment,-24210,-8858,1,0,1,0,Cooking staff,1.0,0,66.28,0,24.25,149300.0,0.36587205793602895,medium,senior,senior,0.0
5013505,M,Y,Y,0,143500.0,Working,Secondary / secondary special,Married,House / apartment,-18445,-104,1,1,1,0,,2.0,1,50.5,0,0.28,71750.0,0.005544554455445545,medium,adult,entry,2.0
5013506,F,N,Y,0,352600.0,Working,Secondary / secondary special,Married,House / apartment,-20153,-10132,1,0,0,0,Laborers,2.0,0,55.18,0,27.74,176300.0,0.5027183762232693,high,senior,senior,2.0
5013507,F,N,Y,0,247800.0,State servant,Higher education,Married,House / apartment,-23119,-12589,1,0,0,0,Accountants,2.0,0,63.3,0,34.47,123900.0,0.5445497630331754,medium,senior,senior,2.0
5013508,F,Y,N,2,335100.0,Working,Higher education,Civil marriage,Office apartment,-22712,-7303,1,1,0,0,Medicine staff,4.0,0,62.18,0,19.99,83775.0,0.3214860083628176,high,senior,senior,2.0
5013509,F,Y,Y,0,331700.0,Commercial associate,Secondary / secondary special,Married,House / apartment,-13726,-4481,1,0,0,0,Drivers,2.0,0,37.58,0,12.27,165850.0,0.3265034592868547,high,adult,senior,3.0
5013510,F,Y,Y,0,88900.0,Working,Secondary / secondary special,Separated,House / apartment,-25416,-11706,1,1,0,0,Laborers,1.0,0,69.59,0,32.05,88900.0,0.46055467739617756,low,senior,senior,2.0
5013511,M,N,Y,0,138100.0,Commercial associate,Higher education,Separated,House / apartment,-7827,-892,1,0,0,0,Laborers,1.0,0,21.43,0,2.44,138100.0,0.1138590760615959,medium,youth,entry,1.0
5013512,F,Y,Y,0,146600.0,Working,Secondary / secondary special,Married,House / apartment,-25325,-2697,1,0,1,0,Security staff,2.0,0,69.34,0,7.38,73300.0,0.10643207383905393,medium,senior,mid,2.0
5013513,F,N,Y,0,162300.0,State servant,Secondary / secondary special,Separated,House / apartment,-11798,-3571,1,0,0,0,,1.0,0,32.3,0,9.78,162300.0,0.3027863777089783,medium,youth,mid,2.0
5013514,F,Y,Y,0,197900.0,Working,Higher education,Separated,House / apartment,-15348,-4745,1,1,0,0,Laborers,1.0,0,42.02,0,12.99,197900.0,0.309138505473584,medium,adult,senior,3.0
5013515,F,N,Y,0,402300.0,Commercial associate,Secondary / secondary special,Married,House / apartment,-23443,-14114,1,0,1,0,,2.0,0,64.18,0,38.64,201150.0,0.6020567154876908,high,senior,senior,2.0
5013516,M,Y,Y,0,444500.0,State servant,Secondary / secondary special,Married,House / apartment,-11767,-1621,1,0,0,0,,2.0,0,32.22,0,4.44,222250.0,0.13780260707635011,high,youth,mid,3.0
5013517,F,Y,Y,0,210900.0,State servant,Higher education,Married,House / apartment,-11410,-827,1,0,0,0,Core staff,2.0,0,31.24,0,2.26,105450.0,0.07234314980793853,medium,youth,entry,3.0
5013518,F,N,Y,0,215300.0,Working,Secondary / secondary special,Married,House / apartment,-19050,-5375,1,0,1,0,,2.0,0,52.16,0,14.72,107650.0,0.28220858895705525,medium,adult,senior,2.0
5013519,M,N,Y,0,171600.0,Pensioner,Secondary / secondary special,Single / not married,House / apartment,-20188,365243,1,0,0,0,,1.0,0,55.27,1,0.0,171600.0,0.0,medium,senior,entry,2.0
5013520,F,Y,N,0,255300.0,Working,Secondary / secondary special,Married,House / apartment,-7441,-206,1,1,1,0,Core staff,2.0,0,20.37,0,0.56,127650.0,0.027491408934707907,high,youth,entry,2.0
5013521,F,Y,N,1,270100.0,Commercial associate,Secondary / secondary special,Separated,House / apartment,-15531,-1553,1,1,0,0,Sales staff,2.0,0,42.52,0,4.25,135050.0,0.09995296331138287,high,adult,mid,2.0
5013522,F,Y,Y,2,365400.0,Working,Secondary / secondary special,Widow,House / apartment,-16237,-592,1,1,0,0,Laborers,3.0,0,44.45,0,1.62,121800.0,0.03644544431946007,high,adult,entry,3.0
5013523,F,N,Y,0,363900.0,Working,Secondary / secondary special,Married,House / apartment,-12269,-3206,1,1,1,0,Cooking staff,2.0,0,33.59,0,8.78,181950.0,0.26138731765406364,high,youth,mid,2.0
5013524,M,N,Y,0,77200.0,Working,Secondary / secondary special,Married,House / apartment,-17278,-6176,1,1,0,0,,2.0,1,47.3,0,16.91,38600.0,0.3575052854122622,low,adult,senior,1.0
5013525,M,N,Y,0,226200.0,Commercial associate,Secondary / secondary special,Married,House / apartment,-10128,-3053,1,1,0,0,Low-skill Laborers,2.0,1,27.73,0,8.36,113100.0,0.30147854309412186,medium,youth,mid,2.0
5013526,M,N,Y,0,487700.0,Commercial associate,Secondary / secondary special,Married,House / apartment,-13215,-1543,1,1,0,0,,2.0,0,36.18,0,4.22,243850.0,0.11663902708678828,high,adult,mid,2.0
5013527,F,N,Y,0,196100.0,Working,Secondary / secondary special,Married,House / apartment,-20331,-9289,1,1,0,0,,2.0,0,55.66,0,25.43,98050.0,0.45688106360043124,medium,senior,senior,2.0
5013528,M,Y,N,0,431500.0,Commercial associate,Secondary / secondary special,Married,House / apartment,-23263,-12082,1,0,0,0,,2.0,0,63.69,0,33.08,215750.0,0.5193907991835452,high,senior,senior,2.0
5013529,M,N,N,1,209400.0,State servant,Secondary / secondary special,Married,House / apartment,-18069,-9481,1,0,0,0,,3.0,0,49.47,0,25.96,69800.0,0.5247624823125127,medium,adult,senior,1.0
5013530,F,N,Y,0,266400.0,Commercial associate,Secondary / secondary special,Married,House / apartment,-8672,-67,1,0,0,0,Laborers,2.0,0,23.74,0,0.18,133200.0,0.007582139848357203,high,youth,entry,2.0
5013531,F,Y,Y,0,138300.0,Working,Secondary / secondary special,Separated,House / apartment,-19701,-12797,1,0,0,0,,1.0,0,53.94,0,35.04,138300.0,0.649610678531702,medium,adult,senior,2.0
5013532,F,Y,N,1,140900.0,Pensioner,Higher education,Married,House / apartment,-23697,365243,1,0,1,0,,3.0,1,64.88,1,0.0,46966.666666666664,0.0,medium,senior,entry,1.0
5013533,M,Y,N,0,350900.0,Commercial associate,Secondary / secondary special,Married,Office apartment,-16515,-6033,1,0,1,0,Drivers,2.0,0,45.22,0,16.52,175450.0,0.3653250773993808,high,adult,senior,2.0
5013534,M,Y,N,0,379400.0,Working,Secondary / secondary special,Married,House / apartment,-16321,-6229,1,0,0,0,Core staff,2.0,0,44.68,0,17.05,189700.0,0.38160250671441365,high,adult,senior,2.0
5013535,M,N,Y,0,247400.0,Commercial associate,Secondary / secondary special,Married,House / apartment,-25411,-8916,1,0,1,0,Cleaning staff,2.0,0,69.57,0,24.41,123700.0,0.35086962771309477,medium,senior,senior,2.0
5013536,F,N,Y,0,132200.0,Working,Secondary / secondary special,Married,House / apartment,-18925,-472,1,1,0,0,Security staff,2.0,0,51.81,0,1.29,66100.0,0.024898668210770122,medium,adult,entry,1.0
5013537,F,N,Y,0,249500.0,Pensioner,Secondary / secondary special,Married,House / apartment,-22025,365243,1,0,1,1,,2.0,0,60.3,1,0.0,124750.0,0.0,medium,senior,entry,2.0
5013538,F,N,Y,0,457800.0,State servant,Secondary / secondary special,Married,House / apartment,-19112,-3288,1,0,1,0,Core staff,2.0,0,52.33,0,9.0,228900.0,0.17198547678196063,high,adult,mid,2.0
5013539,M,N,Y,0,583600.0,Working,Secondary / secondary special,Married,House / apartment,-11339,-963,1,0,0,0,Drivers,2.0,0,31.04,0,2.64,291800.0,0.08505154639175258,high,youth,entry,2.0
5013540,F,N,Y,0,208400.0,Working,Secondary / secondary special,Married,House / apartment,-12493,-2868,1,0,0,0,High skill tech staff,2.0,0,34.2,0,7.85,104200.0,0.22953216374269003,medium,youth,mid,2.0
5013541,M,Y,N,0,106500.0,Working,Incomplete higher,Married,House / apartment,-19462,-5679,1,0,1,1,Managers,2.0,0,53.28,0,15.55,53250.0,0.29185435435435436,medium,adult,senior,1.0
5013542,F,Y,N,1,371600.0,Working,Secondary / secondary special,Married,House / apartment,-15634,-4893,1,0,1,0,Laborers,3.0,0,42.8,0,13.4,123866.66666666667,0.31308411214953275,high,adult,senior,2.0
5013543,F,N,Y,0,212700.0,Pensioner,Higher education,Single / not married,House / apartment,-14689,365243,1,0,0,0,,1.0,0,40.22,1,0.0,212700.0,0.0,medium,adult,entry,2.0
5013544,F,Y,N,0,391200.0,Commercial associate,Secondary / secondary special,Married,House / apartment,-7715,-1097,1,1,0,0,Sales staff,2.0,0,21.12,0,3.0,195600.0,0.14204545454545453,high,youth,entry,2.0
5013545,M,Y,Y,0,281000.0,Working,Secondary / secondary special,Married,House / apartment,-23456,-11482,1,0,0,0,Core staff,2.0,0,64.22,0,31.44,140500.0,0.48956711304889444,high,senior,senior,3.0
5013546,M,N,N,0,157000.0,Pensioner,Secondary / secondary special,Single / not married,House / apartment,-23458,365243,1,0,1,0,,1.0,1,64.22,1,0.0,157000.0,0.0,medium,senior,entry,1.0
5013547,F,N,Y,0,251300.0,Working,Higher education,Separated,House / apartment,-15723,-5978,1,1,0,0,Core staff,1.0,0,43.05,0,16.37,251300.0,0.38025551684088277,high,adult,senior,2.0
5013548,M,Y,Y,1,469600.0,State servant,Secondary / secondary special,Civil marriage,House / apartment,-20102,-7298,1,0,0,0,Laborers,3.0,0,55.04,0,19.98,156533.33333333334,0.36300872093023256,high,senior,senior,3.0
5013549,M,N,Y,0,226600.0,Working,Secondary / secondary special,Married,Municipal apartment,-10552,-799,1,0,0,0,Core staff,2.0,1,28.89,0,2.19,113300.0,0.07580477673935618,medium,youth,entry,2.0
5013550,M,N,Y,1,145500.0,Commercial associate,Secondary / secondary special,Married,House / apartment,-16506,-2024,1,0,1,0,,3.0,0,45.19,0,5.54,48500.0,0.12259349413587077,medium,adult,mid,1.0
5013551,M,Y,Y,1,110300.0,Working,Higher education,Married,House / apartment,-15320,-7508,1,1,0,0,,3.0,0,41.94,0,20.56,36766.666666666664,0.4902241297091082,medium,adult,senior,2.0
5013552,F,Y,Y,2,165900.0,Working,Secondary / secondary special,Civil marriage,House / apartment,-19296,-9676,1,0,1,0,Core staff,4.0,0,52.83,0,26.49,41475.0,0.501419647927314,medium,adult,senior,3.0
5013553,F,N,N,0,198900.0,Pensioner,Secondary / secondary special,Civil marriage,House / apartment,-15882,365243,1,0,0,0,,2.0,0,43.48,1,0.0,99450.0,0.0,medium,adult,entry,1.0
5013554,M,Y,Y,2,367900.0,Working,Lower secondary,Married,Office apartment,-16408,-6747,1,0,0,0,Drivers,4.0,0,44.92,0,18.47,91975.0,0.41117542297417625,high,adult,senior,3.0
5013555,F,Y,Y,0,139400.0,Pensioner,Secondary / secondary special,Married,House / apartment,-12705,365243,1,1,0,0,,2.0,0,34.78,1,0.0,69700.0,0.0,medium,youth,entry,2.0
5013556,F,N,Y,0,530900.0,Commercial associate,Secondary / secondary special,Married,House / apartment,-8189,-762,1,0,0,0,Managers,2.0,0,22.42,0,2.09,265450.0,0.09322033898305083,high,youth,entry,2.0
5013557,F,N,Y,0,125100.0,Pensioner,Secondary / secondary special,Married,House / apartment,-24052,365243,1,1,1,0,,2.0,0,65.85,1,0.0,62550.0,0.0,medium,senior,entry,1.0
5013558,F,Y,Y,3,783300.0,State servant,Higher education,Separated,House / apartment,-7528,-608,1,0,1,0,,4.0,0,20.61,0,1.66,195825.0,0.08054342552159145,high,youth,entry,3.0
5013559,F,Y,N,0,578500.0,Working,Secondary / secondary special,Married,House / apartment,-12443,-650,1,0,0,1,Managers,2.0,0,34.07,0,1.78,289250.0,0.052245377164660996,high,youth,entry,2.0
5013560,M,Y,Y,0,262000.0,Commercial associate,Secondary / secondary special,Married,House / apartment,-15479,-1366,1,0,1,0,,2.0,0,42.38,0,3.74,131000.0,0.0882491741387447,high,adult,mid,3.0
5013561,F,N,Y,0,107100.0,Pensioner,Higher education,Civil marriage,House / apartment,-13132,365243,1,0,0,0,,2.0,0,35.95,1,0.0,53550.0,0.0,medium,adult,entry,1.0
5013562,F,Y,N,0,237500.0,Working,Secondary / secondary special,Married,House / apartment,-17384,-5360,1,0,1,0,Sales staff,2.0,0,47.59,0,14.67,118750.0,0.3082580374028157,medium,adult,senior,2.0
5013563,F,N,Y,0,201200.0,Pensioner,Higher education,Married,House / apartment,-15735,365243,1,0,0,0,,2.0,0,43.08,1,0.0,100600.0,0.0,medium,adult,entry,2.0
5013564,F,N,Y,1,129100.0,Commercial associate,Secondary / secondary special,Married,House / apartment,-11971,-4191,1,0,1,0,Drivers,3.0,1,32.77,0,11.47,43033.333333333336,0.35001525785779675,medium,youth,senior,1.0
5013565,F,Y,N,2,282400.0,Commercial associate,Secondary / secondary special,Married,House / apartment,-8912,-284,1,0,0,0,Laborers,4.0,0,24.4,0,0.78,70600.0,0.0319672131147541,high,youth,entry,2.0
5013566,F,N,Y,1,161700.0,Working,Secondary / secondary special,Married,House / apartment,-9817,-2755,1,0,0,0,,3.0,1,26.88,0,7.54,53900.0,0.2805059523809524,medium,youth,mid,2.0
5013567,M,N,Y,0,170800.0,Pensioner,Higher education,Married,House / apartment,-16186,365243,1,0,0,0,,2.0,0,44.31,1,0.0,85400.0,0.0,medium,adult,entry,2.0
5013568,F,N,N,0,220500.0,Working,Secondary / secondary special,Married,House / apartment,-22754,-10914,1,0,1,0,Laborers,2.0,0,62.3,0,29.88,110250.0,0.4796147672552167,medium,senior,senior,1.0
5013569,F,Y,Y,0,183100.0,Pensioner,Secondary / secondary special,Married,House / apartment,-9143,365243,1,0,0,0,,2.0,0,25.03,1,0.0,91550.0,0.0,medium,youth,entry,3.0
5013570,F,N,Y,0,690100.0,Working,Secondary / secondary special,Married,House / apartment,-19672,-5402,1,0,0,0,Managers,2.0,0,53.86,0,14.79,345050.0,0.2746008169327887,high,adult,senior,2.0
5013571,M,N,N,0,186800.0,Working,Higher education,Civil marriage,House / apartment,-21771,-8554,1,0,1,0,Core staff,2.0,0,59.61,0,23.42,93400.0,0.39288709947995304,medium,senior,senior,1.0
5013572,F,N,Y,1,304300.0,State servant,Secondary / secondary special,Married,House / apartment,-12360,-4149,1,0,1,0,,3.0,0,33.84,0,11.36,101433.33333333333,0.3356973995271867,high,youth,senior,2.0
5013573,M,Y,Y,0,262600.0,Pensioner,Secondary / secondary special,Married,House / apartment,-19509,365243,1,0,0,0,,2.0,0,53.41,1,0.0,131300.0,0.0,high,adult,entry,3.0
5013574,M,N,N,1,291200.0,State servant,Incomplete higher,Married,With parents,-19845,-11247,1,0,1,0,Laborers,3.0,0,54.33,0,30.79,97066.66666666667,0.5667218847782073,high,adult,senior,1.0
5013575,F,Y,N,2,302600.0,Working,Higher education,Married,House / apartment,-20231,-12299,1,1,0,0,,4.0,0,55.39,0,33.67,75650.0,0.6078714569416862,high,senior,senior,2.0
5013576,M,Y,Y,0,379300.0,Commercial associate,Secondary / secondary special,Married,House / apartment,-23573,-5418,1,0,1,0,,2.0,0,64.54,0,14.83,189650.0,0.22977998140687944,high,senior,senior,3.0
5013577,F,N,Y,3,278900.0,Commercial associate,Higher education,Single / not married,House / apartment,-14583,-5226,1,1,0,1,Laborers,4.0,0,39.93,0,14.31,69725.0,0.3583771600300526,high,adult,senior,2.0
5013578,M,N,N,1,273200.0,Commercial associate,Secondary / secondary special,Married,House / apartment,-11755,-836,1,0,0,0,Laborers,3.0,0,32.18,0,2.29,91066.66666666667,0.0711622125543816,high,youth,entry,1.0
5013579,F,N,N,0,251400.0,Working,Secondary / secondary special,Married,Co-op apartment,-17237,-1146,1,0,1,0,Core staff,2.0,0,47.19,0,3.14,125700.0,0.06653952108497564,high,adult,mid,1.0
5013580,M,N,Y,0,227800.0,Working,Secondary / secondary special,Married,House / apartment,-8447,-994,1,0,0,0,High skill tech staff,2.0,0,23.13,0,2.72,113900.0,0.1175961954172071,medium,youth,entry,2.0
5013581,M,N,Y,0,154700.0,Pensioner,Secondary / secondary special,Civil marriage,House / apartment,-13403,365243,1,0,0,0,,2.0,0,36.7,1,0.0,77350.0,0.0,medium,adult,entry,2.0
5013582,M,Y,Y,0,236800.0,Working,Higher education,Widow,House / apartment,-23435,-8999,1,0,0,0,,1.0,0,64.16,0,24.64,236800.0,0.38403990024937656,medium,senior,senior,3.0
5013583,M,N,N,0,275400.0,State servant,Higher education,Married,House / apartment,-17022,-10405,1,1,0,0,Core staff,2.0,0,46.6,0,28.49,137700.0,0.6113733905579398,high,adult,senior,1.0
5013584,M,Y,N,0,298500.0,Working,Secondary / secondary special,Married,Office apartment,-15280,-4565,1,0,0,0,Accountants,2.0,0,41.83,0,12.5,149250.0,0.29882859191967487,high,adult,senior,2.0
5013585,M,Y,N,0,267200.0,State servant,Higher education,Married,House / apartment,-12157,-1021,1,0,0,0,,2.0,0,33.28,0,2.8,133600.0,0.08413461538461538,high,youth,entry,2.0
5013586,F,N,N,0,217300.0,Commercial associate,Secondary / secondary special,Civil marriage,House / apartment,-11877,-3245,1,0,0,0,Managers,2.0,0,32.52,0,8.88,108650.0,0.2730627306273063,medium,youth,mid,1.0
5013587,M,N,Y,0,237300.0,Pensioner,Secondary / secondary special,Married,House / apartment,-11626,365243,1,0,0,0,,2.0,0,31.83,1,0.0,118650.0,0.0,medium,youth,entry,2.0
5013588,F,N,Y,0,185100.0,Working,Higher education,Married,House / apartment,-22449,-6609,1,1,1,0,Laborers,2.0,0,61.46,0,18.09,92550.0,0.2943377806703547,medium,senior,senior,2.0
5013589,F,N,N,0,285500.0,Pensioner,Higher education,Married,With parents,-25294,365243,1,0,1,1,,2.0,0,69.25,1,0.0,142750.0,0.0,high,senior,entry,1.0
5013590,F,Y,N,0,218600.0,Commercial associate,Secondary / secondary special,Married,House / apartment,-17072,-9163,1,1,0,1,,2.0,0,46.74,0,25.09,109300.0,0.5367993153615747,medium,adult,senior,2.0
5013591,F,Y,Y,0,267200.0,Commercial associate,Secondary / secondary special,Married,House / apartment,-8763,-1191,1,0,1,0,Laborers,2.0,0,23.99,0,3.26,133600.0,0.13588995414756147,high,youth,mid,3.0
5013592,F,N,Y,1,402700.0,Working,Secondary / secondary special,Married,House / apartment,-21021,-14023,1,0,0,0,,3.0,0,57.55,0,38.39,134233.33333333334,0.6670721112076455,high,senior,senior,2.0
5013593,M,Y,N,0,171200.0,Commercial associate,Secondary / secondary special,Single / not married,House / apartment,-23322,-9180,1,0,0,0,,1.0,1,63.85,0,25.13,171200.0,0.39357870007830853,medium,senior,senior,2.0
5013594,M,Y,Y,0,329000.0,Pensioner,Secondary / secondary special,Married,House / apartment,-24312,365243,1,0,0,0,,2.0,1,66.56,1,0.0,164500.0,0.0,high,senior,entry,3.0
5013595,F,N,Y,0,248200.0,Working,Secondary / secondary special,Married,House / apartment,-18788,-12178,1,0,0,0,Managers,2.0,0,51.44,0,33.34,124100.0,0.6481337480559877,medium,adult,senior,2.0
5013596,M,Y,Y,0,670700.0,Commercial associate,Secondary / secondary special,Married,House / apartment,-16562,-890,1,0,0,0,Sales staff,2.0,0,45.34,0,2.44,335350.0,0.053815615350683715,high,adult,entry,3.0
5013597,M,Y,Y,0,219100.0,Working,Higher education,Married,House / apartment,-18637,-9487,1,1,1,0,High skill tech staff,2.0,0,51.03,0,25.97,109550.0,0.5089163237311385,medium,adult,senior,3.0
5013598,M,N,Y,0,345600.0,Pensioner,Secondary / secondary special,Married,House / apartment,-7542,365243,1,0,1,0,,2.0,0,20.65,1,0.0,172800.0,0.0,high,youth,entry,2.0
5013599,M,N,N,1,246000.0,State servant,Secondary / secondary special,Civil marriage,House / apartment,-19275,-5296,1,0,1,0,,3.0,0,52.77,0,14.5,82000.0,0.2747773356073526,medium,adult,senior,1.0
5013600,M,N,Y,1,121900.0,Working,Higher education,Married,House / apartment,-20265,-8584,1,0,0,0,,3.0,0,55.48,0,23.5,40633.333333333336,0.42357606344628695,medium,senior,senior,1.0
5013601,F,N,Y,0,188200.0,Working,Secondary / secondary special,Single / not married,House / apartment,-20491,-5455,1,0,1,0,Accountants,1.0,0,56.1,0,14.93,188200.0,0.2661319073083779,medium,senior,senior,2.0
5013602,M,N,Y,1,379200.0,Commercial associate,Higher education,Married,House / apartment,-17588,-3477,1,0,0,0,Laborers,3.0,0,48.15,0,9.52,126400.0,0.1977154724818276,high,adult,mid,2.0
5013603,F,N,N,0,196600.0,Working,Secondary / secondary special,Single / not married,House / apartment,-20090,-11805,1,0,1,0,,1.0,0,55.0,0,32.32,196600.0,0.5876363636363636,medium,adult,senior,1.0
5013604,M,N,N,2,80400.0,Working,Secondary / secondary special,Married,House / apartment,-18972,-6109,1,0,1,0,Core staff,4.0,1,51.94,0,16.73,20100.0,0.3221024258760108,low,adult,senior,0.0
5013605,M,Y,N,0,240300.0,Working,Secondary / secondary special,Separated,House / apartment,-9415,-1936,1,0,0,0,,1.0,0,25.78,0,5.3,240300.0,0.2055857253685027,medium,youth,mid,2.0
5013606,F,Y,N,0,141400.0,Working,Secondary / secondary special,Married,Co-op apartment,-23711,-13854,1,0,0,0,Medicine staff,2.0,0,64.92,0,37.93,70700.0,0.5842575477510782,medium,senior,senior,1.0
5013607,M,N,Y,0,260800.0,Working,Secondary / secondary special,Married,House / apartment,-18678,-5678,1,0,0,0,High skill tech staff,2.0,0,51.14,0,15.55,130400.0,0.3040672663277278,high,adult,senior,2.0
5013608,F,N,Y,0,530200.0,Working,Secondary / secondary special,Married,House / apartment,-20596,-9705,1,0,0,0,Drivers,2.0,0,56.39,0,26.57,265100.0,0.47118283383578646,high,senior,senior,2.0
5013609,F,N,Y,1,358700.0,Working,Secondary / secondary special,Married,House / apartment,-13567,-6203,1,0,1,0,Medicine staff,3.0,0,37.14,0,16.98,119566.66666666667,0.45718901453958,high,adult,senior,2.0
5013610,M,N,Y,0,526400.0,Commercial associate,Secondary / secondary special,Married,House / apartment,-24093,-7004,1,0,1,1,High skill tech staff,2.0,0,65.96,0,19.18,263200.0,0.29078229229836267,high,senior,senior,2.0
5013611,F,N,N,0,184400.0,Commercial associate,Secondary / secondary special,Married,Rented apartment,-16484,-4773,1,0,0,0,Accountants,2.0,0,45.13,0,13.07,92200.0,0.28960779968978506,medium,adult,senior,1.0
5013612,M,N,Y,0,227300.0,Working,Incomplete higher,Single / not married,House / apartment,-19705,-3976,1,0,0,0,Sales staff,1.0,0,53.95,0,10.89,227300.0,0.20185356811862837,medium,adult,senior,2.0
5013613,F,N,N,0,144800.0,Commercial associate,Higher education,Married,House / apartment,-24694,-11245,1,0,0,0,,2.0,0,67.61,0,30.79,72400.0,0.4554060050288419,medium,senior,senior,0.0
5013614,M,Y,Y,0,173400.0,Pensioner,Higher education,Married,House / apartment,-24035,365243,1,0,0,0,,2.0,0,65.8,1,0.0,86700.0,0.0,medium,senior,entry,3.0
5013615,F,N,Y,4,153600.0,Working,Secondary / secondary special,Separated,House / apartment,-19081,-3912,1,0,0,0,Cooking staff,5.0,0,52.24,0,10.71,30720.0,0.20501531393568148,medium,adult,senior,2.0
5013616,M,Y,Y,1,127000.0,Pensioner,Secondary / secondary special,Married,House / apartment,-10332,365243,1,0,1,0,,3.0,0,28.29,1,0.0,42333.333333333336,0.0,medium,youth,entry,2.0
5013617,F,N,Y,0,483300.0,Commercial associate,Secondary / secondary special,Married,House / apartment,-24665,-216,1,1,1,0,Laborers,2.0,0,67.53,0,0.59,241650.0,0.008736857692877239,high,senior,entry,2.0
5013618,F,N,Y,0,85800.0,Working,Higher education,Single / not married,House / apartment,-25278,-7804,1,1,0,1,Laborers,1.0,0,69.21,0,21.37,85800.0,0.30877040890044793,low,senior,senior,1.0
5013619,F,N,Y,0,484300.0,Working,Secondary / secondary special,Married,House / apartment,-9193,-1329,1,0,1,0,,2.0,0,25.17,0,3.64,242150.0,0.144616607071911,high,youth,mid,2.0
5013620,F,N,Y,1,455200.0,Working,Secondary / secondary special,Married,House / apartment,-15529,-8793,1,0,1,0,,3.0,0,42.52,0,24.07,151733.33333333334,0.5660865475070554,high,adult,senior,2.0
5013621,F,N,Y,2,313400.0,Commercial associate,Secondary / secondary special,Married,House / apartment,-17318,-1702,1,0,0,0,High skill tech staff,4.0,0,47.41,0,4.66,78350.0,0.09829149968361106,high,adult,mid,2.0
5013622,F,Y,Y,0,139800.0,Working,Secondary / secondary special,Married,House / apartment,-8987,-2279,1,0,0,0,,2.0,0,24.61,0,6.24,69900.0,0.2535554652580252,medium,youth,mid,2.0
5013623,M,Y,Y,1,110700.0,State servant,Secondary / secondary special,Married,House / apartment,-10769,-2385,1,0,1,0,Sales staff,3.0,0,29.48,0,6.53,36900.0,0.22150610583446406,medium,youth,mid,2.0
5013624,M,N,Y,0,185600.0,Commercial associate,Incomplete higher,Married,House / apartment,-17125,-3483,1,1,0,0,Laborers,2.0,0,46.89,0,9.54,92800.0,0.20345489443378117,medium,adult,mid,2.0
5013625,M,N,Y,0,333700.0,Working,Higher education,Married,House / apartment,-24893,-9186,1,0,0,0,Sales staff,2.0,0,68.15,0,25.15,166850.0,0.36903888481291264,high,senior,senior,2.0
5013626,F,N,Y,2,244500.0,Working,Secondary / secondary special,Married,House / apartment,-7813,-260,1,0,0,0,Security staff,4.0,0,21.39,0,0.71,61125.0,0.03319308087891538,medium,youth,entry,2.0
5013627,F,Y,Y,0,144900.0,Working,Secondary / secondary special,Widow,Office apartment,-23968,-1923,1,0,0,1,High skill tech staff,1.0,0,65.62,0,5.26,144900.0,0.08015848826577263,medium,senior,mid,2.0
5013628,F,N,Y,0,433500.0,Working,Secondary / secondary special,Married,House / apartment,-23716,-15185,1,0,1,0,,2.0,0,64.93,0,41.57,216750.0,0.6402279377791467,high,senior,senior,2.0
5013629,M,N,Y,0,566700.0,Working,Secondary / secondary special,Civil marriage,House / apartment,-22959,-471,1,1,0,0,Laborers,2.0,0,62.86,0,1.29,283350.0,0.020521794463888007,high,senior,entry,2.0
5013630,F,N,Y,0,218000.0,Pensioner,Higher education,Married,House / apartment,-14200,365243,1,0,0,0,,2.0,0,38.88,1,0.0,109000.0,0.0,medium,adult,entry,2.0
5013631,M,N,Y,0,257900.0,Commercial associate,Secondary / secondary special,Married,Co-op apartment,-16269,-7658,1,0,1,0,Core staff,2.0,0,44.54,0,20.97,128950.0,0.47081275258194877,high,adult,senior,2.0
5013632,M,N,Y,2,114800.0,Working,Higher education,Married,House / apartment,-14676,-6660,1,0,1,1,Core staff,4.0,0,40.18,0,18.23,28700.0,0.45370831259333005,medium,adult,senior,1.0
5013633,F,N,N,0,198400.0,Commercial associate,Secondary / secondary special,Married,House / apartment,-24610,-17923,1,0,0,0,,2.0,0,67.38,0,49.07,99200.0,0.728257643217572,medium,senior,senior,1.0
5013634,F,N,Y,1,315100.0,Working,Secondary / secondary special,Married,House / apartment,-16826,-8257,1,0,1,0,High skill tech staff,3.0,0,46.07,0,22.61,105033.33333333333,0.49077490774907745,high,adult,senior,2.0
5013635,F,N,Y,0,291500.0,Working,Secondary / secondary special,Civil marriage,House / apartment,-8777,-481,1,0,1,1,Accountants,2.0,0,24.03,0,1.32,145750.0,0.05493133583021224,high,youth,entry,2.0
5013636,F,Y,N,0,189400.0,Pensioner,Higher education,Married,House / apartment,-12310,365243,1,0,0,0,,2.0,1,33.7,1,0.0,94700.0,0.0,medium,youth,entry,2.0
5013637,M,N,Y,2,212900.0,Working,Secondary / secondary special,Married,House / apartment,-15743,-1767,1,0,0,0,Medicine staff,4.0,0,43.1,0,4.84,53225.0,0.11229698375870069,medium,adult,mid,2.0
5013638,F,Y,N,0,195200.0,Pensioner,Incomplete higher,Married,Rented apartment,-24719,365243,1,0,1,0,,2.0,0,67.68,1,0.0,97600.0,0.0,medium,senior,entry,2.0
5013639,M,Y,Y,0,212400.0,State servant,Higher education,Married,House / apartment,-17695,-4048,1,0,0,0,Laborers,2.0,0,48.45,0,11.08,106200.0,0.2286893704850361,medium,adult,senior,3.0
5013640,F,N,Y,0,301700.0,Commercial associate,Higher education,Married,House / apartment,-20017,-6753,1,0,1,0,High skill tech staff,2.0,0,54.8,0,18.49,150850.0,0.3374087591240876,high,adult,senior,2.0
5013641,F,Y,N,0,91300.0,Working,Higher education,Single / not married,House / apartment,-8922,-1012,1,1,0,0,Managers,1.0,0,24.43,0,2.77,91300.0,0.11338518215309046,low,youth,entry,1.0
5013642,M,N,Y,0,235200.0,Working,Secondary / secondary special,Married,House / apartment,-23327,-6012,1,0,0,1,Core staff,2.0,0,63.87,0,16.46,117600.0,0.2577109754188195,medium,senior,senior,2.0
5013643,M,N,Y,1,290800.0,Working,Secondary / secondary special,Married,House / apartment,-17149,-3227,1,1,0,0,Sales staff,3.0,0,46.95,0,8.84,96933.33333333333,0.1882854100106496,high,adult,mid,2.0
5013644,F,N,Y,3,183500.0,Commercial associate,Secondary / secondary special,Married,House / apartment,-24129,-5506,1,0,1,0,Core staff,5.0,1,66.06,0,15.07,36700.0,0.22812594610959733,medium,senior,senior,2.0
5013645,F,N,Y,0,192100.0,Pensioner,Secondary / secondary special,Widow,House / apartment,-15441,365243,1,0,0,0,,1.0,0,42.28,1,0.0,192100.0,0.0,medium,adult,entry,2.0
5013646,F,Y,Y,1,194900.0,Commercial associate,Higher education,Married,House / apartment,-19780,-10416,1,0,0,0,Security staff,3.0,0,54.15,0,28.52,64966.666666666664,0.5266851338873499,medium,adult,senior,3.0
5013647,M,N,Y,1,192100.0,Pensioner,Secondary / secondary special,Married,House / apartment,-15904,365243,1,0,0,0,,3.0,1,43.54,1,0.0,64033.333333333336,0.0,medium,adult,entry,2.0
5013648,M,Y,N,1,244900.0,Pensioner,Secondary / secondary special,Married,Municipal apartment,-9908,365243,1,0,1,0,,3.0,1,27.13,1,0.0,81633.33333333333,0.0,medium,youth,entry,2.0
5013649,F,N,N,0,260400.0,Pensioner,Higher education,Married,House / apartment,-12273,365243,1,0,0,1,,2.0,0,33.6,1,0.0,130200.0,0.0,high,youth,entry,1.0
5013650,F,N,Y,0,85400.0,Working,Secondary / secondary special,Single / not married,House / apartment,-8533,-937,1,0,1,0,Sales staff,1.0,0,23.36,0,2.57,85400.0,0.11001712328767123,low,youth,entry,1.0
5013651,M,Y,N,0,338400.0,Pensioner,Secondary / secondary special,Married,House / apartment,-15345,365243,1,0,0,0,,2.0,0,42.01,1,0.0,169200.0,0.0,high,adult,entry,2.0
5013652,F,N,Y,0,211200.0,Commercial associate,Secondary / secondary special,Single / not married,House / apartment,-19164,-2191,1,1,0,0,IT staff,1.0,0,52.47,0,6.0,211200.0,0.11435105774728417,medium,adult,mid,2.0
5013653,M,N,Y,0,641700.0,Working,Higher education,Married,House / apartment,-11756,-2402,1,0,0,0,,2.0,0,32.19,0,6.58,320850.0,0.20441130785958375,high,youth,mid,2.0
5013654,F,N,N,0,134500.0,State servant,Secondary / secondary special,Married,Municipal apartment,-16261,-3434,1,1,0,0,Sales staff,2.0,0,44.52,0,9.4,67250.0,0.21114106019766396,medium,adult,mid,0.0
5013655,F,N,N,0,158200.0,State servant,Higher education,Married,Municipal apartment,-15687,-2743,1,0,0,0,Laborers,2.0,0,42.95,0,7.51,79100.0,0.1748544819557625,medium,adult,mid,1.0
5013656,F,Y,N,0,220600.0,Commercial associate,Secondary / secondary special,Civil marriage,House / apartment,-17047,-4226,1,0,1,0,Laborers,2.0,0,46.67,0,11.57,110300.0,0.2479108635097493,medium,adult,senior,2.0
5013657,M,N,Y,0,300200.0,Pensioner,Higher education,Married,House / apartment,-10676,365243,1,0,0,0,,2.0,0,29.23,1,0.0,150100.0,0.0,high,youth,entry,2.0
5013658,F,N,Y,0,92000.0,Working,Secondary / secondary special,Married,With parents,-17057,-256,1,0,1,0,Core staff,2.0,0,46.7,0,0.7,46000.0,0.014989293361884367,low,adult,entry,1.0
5013659,M,N,N,1,161300.0,Working,Secondary / secondary special,Single / not married,House / apartment,-13956,-6553,1,0,1,0,Managers,2.0,1,38.21,0,17.94,80650.0,0.46951059931954986,medium,adult,senior,1.0
5013660,M,Y,Y,0,328100.0,Working,Secondary / secondary special,Married,House / apartment,-12529,-3876,1,0,0,0,,2.0,0,34.3,0,10.61,164050.0,0.3093294460641399,high,youth,senior,3.0
5013661,F,N,Y,1,152000.0,Working,Secondary / secondary special,Married,House / apartment,-18006,-3871,1,0,0,0,,3.0,0,49.3,0,10.6,50666.666666666664,0.2150101419878296,medium,adult,senior,2.0
5013662,F,Y,Y,2,484300.0,Working,Secondary / secondary special,Widow,Office apartment,-10009,-754,1,0,0,0,Drivers,3.0,0,27.4,0,2.06,161433.33333333334,0.07518248175182482,high,youth,entry,3.0
5013663,F,Y,N,1,194600.0,Working,Secondary / secondary special,Married,House / apartment,-23753,-13137,1,0,0,0,Core staff,3.0,0,65.03,0,35.97,64866.666666666664,0.5531293249269568,medium,senior,senior,2.0
5013664,F,N,Y,1,155700.0,Commercial associate,Secondary / secondary special,Separated,House / apartment,-24378,-13987,1,1,0,0,Core staff,2.0,0,66.74,0,38.29,77850.0,0.5737189091998801,medium,senior,senior,2.0
5013665,F,N,Y,2,331200.0,Working,Higher education,Married,House / apartment,-19369,-10296,1,0,0,0,Managers,4.0,0,53.03,0,28.19,82800.0,0.5315858947765416,high,adult,senior,2.0
5013666,M,N,Y,0,545400.0,Working,Secondary / secondary special,Married,House / apartment,-12841,-760,1,1,0,0,Core staff,2.0,0,35.16,0,2.08,272700.0,0.059158134243458484,high,adult,entry,2.0
5013667,M,N,Y,3,300600.0,Working,Incomplete higher,Married,House / apartment,-18737,-11498,1,0,0,0,High skill tech staff,5.0,0,51.3,0,31.48,60120.0,0.61364522417154,high,adult,senior,2.0
5013668,M,N,N,1,458500.0,Working,Higher education,Married,House / apartment,-18290,-6038,1,0,0,0,Core staff,3.0,0,50.08,0,16.53,152833.33333333334,0.33007188498402557,high,adult,senior,1.0
5013669,F,Y,Y,1,564500.0,Working,Secondary / secondary special,Married,House / apartment,-14450,-3603,1,0,1,0,,3.0,0,39.56,0,9.86,188166.66666666666,0.2492416582406471,high,adult,mid,3.0
5013670,F,N,Y,0,154000.0,Working,Secondary / secondary special,Married,House / apartment,-12551,-2525,1,0,0,0,High skill tech staff,2.0,0,34.36,0,6.91,77000.0,0.2011059371362049,medium,youth,mid,2.0
5013671,M,Y,Y,0,390300.0,Working,Secondary / secondary special,Widow,House / apartment,-10381,-2836,1,0,0,0,Laborers,1.0,0,28.42,0,7.76,390300.0,0.2730471498944405,high,youth,mid,3.0
5013672,F,N,Y,0,114000.0,Working,Higher education,Single / not married,House / apartment,-11275,-2687,1,0,0,0,Sales staff,1.0,0,30.87,0,7.36,114000.0,0.23841917719468741,medium,youth,mid,1.0
5013673,F,Y,Y,0,301900.0,Working,Higher education,Married,House / apartment,-19231,-4845,1,0,0,0,Laborers,2.0,0,52.65,0,13.26,150950.0,0.2518518518518519,high,adult,senior,3.0
5013674,F,Y,Y,1,235600.0,Pensioner,Secondary / secondary special,Married,House / apartment,-23484,365243,1,0,0,0,,3.0,1,64.3,1,0.0,78533.33333333333,0.0,medium,senior,entry,3.0
5013675,M,N,Y,0,454500.0,Working,Secondary / secondary special,Married,House / apartment,-14335,-5516,1,0,0,0,Core staff,2.0,0,39.25,0,15.1,227250.0,0.3847133757961783,high,adult,senior,2.0
5013676,M,Y,Y,0,438700.0,Commercial associate,Secondary / secondary special,Married,House / apartment,-9531,-986,1,1,0,0,Sales staff,2.0,0,26.09,0,2.7,219350.0,0.10348792640858567,high,youth,entry,3.0
5013677,M,Y,N,0,324600.0,Working,Higher education,Civil marriage,House / apartment,-7539,-954,1,0,0,0,,2.0,0,20.64,0,2.61,162300.0,0.12645348837209303,high,youth,entry,2.0
5013678,M,N,N,0,283400.0,Working,Higher education,Married,House / apartment,-14718,-7243,1,0,0,0,Core staff,2.0,0,40.3,0,19.83,141700.0,0.49205955334987594,high,adult,senior,1.0
5013679,F,Y,Y,0,314800.0,Working,Higher education,Married,House / apartment,-11552,-2230,1,0,0,0,Core staff,2.0,0,31.63,0,6.11,157400.0,0.19317104015175468,high,youth,mid,3.0
5013680,F,Y,Y,0,251800.0,State servant,Secondary / secondary special,Married,House / apartment,-13196,-6028,1,0,0,0,,2.0,0,36.13,0,16.5,125900.0,0.45668419595903675,high,adult,senior,3.0
5013681,F,Y,N,0,236800.0,Working,Secondary / secondary special,Married,House / apartment,-11718,-1843,1,1,0,0,Medicine staff,2.0,0,32.08,0,5.05,118400.0,0.15741895261845387,medium,youth,mid,2.0
5013682,F,N,Y,0,502200.0,Commercial associate,Incomplete higher,Married,House / apartment,-19434,-6312,1,0,0,0,,2.0,0,53.21,0,17.28,251100.0,0.3247509866566435,high,adult,senior,2.0
5013683,F,N,Y,0,533300.0,Commercial associate,Higher education,Married,House / apartment,-18966,-11923,1,0,0,0,Laborers,2.0,0,51.93,0,32.64,266650.0,0.6285384170999423,high,adult,senior,2.0
5013684,M,N,N,2,227400.0,Working,Secondary / secondary special,Married,House / apartment,-23966,-10615,1,1,1,0,Secretaries,4.0,0,65.62,0,29.06,56850.0,0.44285278878390727,medium,senior,senior,1.0
5013685,F,N,Y,1,274900.0,State servant,Secondary / secondary special,Married,House / apartment,-20084,-6097,1,0,0,0,Core staff,3.0,0,54.99,0,16.69,91633.33333333333,0.30350972904164397,high,adult,senior,2.0
5013686,F,Y,Y,1,254300.0,Working,Secondary / secondary special,Married,Municipal apartment,-10317,-962,1,1,0,0,Sales staff,3.0,0,28.25,0,2.63,84766.66666666667,0.09309734513274336,high,youth,entry,3.0
5013687,M,N,Y,0,109100.0,Working,Higher education,Single / not married,House / apartment,-21031,-10837,1,0,0,0,Laborers,1.0,0,57.58,0,29.67,109100.0,0.5152830844043071,medium,senior,senior,1.0
5013688,M,Y,Y,0,206300.0,Working,Secondary / secondary special,Married,House / apartment,-10615,-3209,1,0,0,0,Managers,2.0,0,29.06,0,8.79,103150.0,0.30247763248451476,medium,youth,mid,3.0
5013689,F,N,N,0,543200.0,Working,Secondary / secondary special,Married,House / apartment,-17506,-1407,1,0,0,1,,2.0,0,47.93,0,3.85,271600.0,0.08032547465053202,high,adult,mid,1.0
5013690,M,N,Y,3,167800.0,Working,Secondary / secondary special,Married,House / apartment,-8713,-403,1,0,0,0,,5.0,1,23.85,0,1.1,33560.0,0.04612159329140461,medium,youth,entry,2.0
5013691,F,N,Y,1,702700.0,Commercial associate,Secondary / secondary special,Married,House / apartment,-8169,-1127,1,0,0,0,Sales staff,3.0,0,22.37,0,3.09,234233.33333333334,0.13813142601698702,high,youth,mid,2.0
5013692,M,Y,N,0,438700.0,Working,Secondary / secondary special,Civil marriage,House / apartment,-15783,-1570,1,1,0,1,,2.0,0,43.21,0,4.3,219350.0,0.09951400138856746,high,adult,mid,2.0
5013693,F,Y,N,1,298400.0,Commercial associate,Secondary / secondary special,Single / not married,House / apartment,-9222,-879,1,0,0,0,,2.0,0,25.25,0,2.41,149200.0,0.09544554455445545,high,youth,entry,2.0
5013694,M,N,Y,0,323200.0,Working,Higher education,Separated,House / apartment,-12905,-5437,1,0,0,0,,1.0,0,35.33,0,14.89,323200.0,0.42145485423153134,high,adult,senior,2.0
5013695,M,Y,Y,0,154300.0,State servant,Secondary / secondary special,Widow,House / apartment,-13493,-1455,1,0,1,0,Laborers,1.0,0,36.94,0,3.98,154300.0,0.10774228478613969,medium,adult,mid,3.0
5013696,F,N,Y,0,213800.0,Working,Secondary / secondary special,Single / not married,House / apartment,-21357,-10950,1,1,0,0,Sales staff,1.0,0,58.47,0,29.98,213800.0,0.5127415768770309,medium,senior,senior,2.0
5013697,M,N,N,0,501900.0,Commercial associate,Secondary / secondary special,Married,House / apartment,-13381,-3949,1,1,0,0,Security staff,2.0,0,36.64,0,10.81,250950.0,0.29503275109170307,high,adult,senior,1.0
5013698,F,N,Y,0,179500.0,Commercial associate,Secondary / secondary special,Married,House / apartment,-16332,-5464,1,0,0,0,Drivers,2.0,0,44.71,0,14.96,89750.0,0.3346007604562738,medium,adult,senior,2.0
5013699,M,Y,Y,1,415000.0,Working,Secondary / secondary special,Married,House / apartment,-21414,-12627,1,1,0,1,Secretaries,3.0,0,58.63,0,34.57,138333.33333333334,0.5896298823128091,high,senior,senior,3.0
5013700,M,N,Y,0,122600.0,Working,Secondary / secondary special,Widow,House / apartment,-11047,-2483,1,1,0,0,,1.0,0,30.25,0,6.8,122600.0,0.22479338842975205,medium,youth,mid,1.0
5013701,M,N,Y,0,134100.0,Working,Secondary / secondary special,Married,House / apartment,-22004,-4918,1,0,1,1,Secretaries,2.0,0,60.24,0,13.46,67050.0,0.22343957503320053,medium,senior,senior,1.0
5013702,M,N,Y,2,631700.0,Working,Higher education,Married,House / apartment,-22496,-9543,1,0,1,0,Private service staff,4.0,0,61.59,0,26.13,157925.0,0.42425718460789086,high,senior,senior,2.0
5013703,F,Y,Y,0,242700.0,Working,Higher education,Separated,House / apartment,-25364,-14303,1,0,0,0,Core staff,1.0,0,69.44,0,39.16,242700.0,0.5639400921658986,medium,senior,senior,3.0
5013704,M,Y,Y,0,186500.0,Commercial associate,Secondary / secondary special,Married,House / apartment,-15414,-6330,1,0,0,0,,2.0,0,42.2,0,17.33,93250.0,0.4106635071090047,medium,adult,senior,3.0
5013705,F,Y,Y,0,482500.0,Working,Higher education,Single / not married,House / apartment,-14074,-5652,1,0,1,0,,1.0,0,38.53,0,15.47,482500.0,0.4015053205294576,high,adult,senior,3.0
5013706,M,Y,Y,0,455100.0,Commercial associate,Higher education,Single / not married,House / apartment,-20125,-4530,1,1,1,0,,1.0,0,55.1,0,12.4,455100.0,0.2250453720508167,high,senior,senior,3.0
5013707,M,N,Y,0,386900.0,Working,Higher education,Civil marriage,House / apartment,-8367,365243,1,0,0,0,,2.0,0,22.91,1,0.0,193450.0,0.0,high,youth,entry,2.0
5013708,F,N,N,0,183600.0,Pensioner,Secondary / secondary special,Civil marriage,House / apartment,-8031,365243,1,1,1,0,,2.0,0,21.99,1,0.0,91800.0,0.0,medium,youth,entry,1.0
5013709,M,Y,N,0,211500.0,Working,Higher education,Civil marriage,House / apartment,-13423,-1410,1,1,0,0,Security staff,2.0,0,36.75,0,3.86,105750.0,0.10503401360544218,medium,adult,mid,2.0
5013710,F,N,Y,0,285300.0,Working,Secondary / secondary special,Married,House / apartment,-20628,-4076,1,1,0,0,Sales staff,2.0,0,56.48,0,11.16,142650.0,0.19759206798866857,high,senior,senior,2.0
5013711,M,Y,Y,1,345500.0,Working,Higher education,Married,With parents,-9432,-1518,1,0,1,0,,3.0,0,25.82,0,4.16,115166.66666666667,0.1611154144074361,high,youth,mid,3.0
5013712,F,Y,Y,1,189300.0,Working,Secondary / secondary special,Married,House / apartment,-18912,-5568,1,0,0,0,Sales staff,3.0,0,51.78,0,15.24,63100.0,0.2943221320973349,medium,adult,senior,3.0
5013713,F,Y,Y,1,265900.0,Commercial associate,Secondary / secondary special,Civil marriage,House / apartment,-12227,-1009,1,1,1,0,Sales staff,3.0,0,33.48,0,2.76,88633.33333333333,0.08243727598566308,high,youth,entry,3.0
5013714,F,Y,Y,0,279100.0,Commercial associate,Secondary / secondary special,Married,House / apartment,-19206,-4180,1,0,0,0,High skill tech staff,2.0,0,52.58,0,11.44,139550.0,0.21757322175732216,high,adult,senior,3.0
5013715,F,N,Y,0,464600.0,Commercial associate,Higher education,Married,House / apartment,-15651,-277,1,0,1,0,,2.0,0,42.85,0,0.76,232300.0,0.017736289381563592,high,adult,entry,2.0
5013716,F,Y,N,1,356000.0,Commercial associate,Higher education,Married,House / apartment,-9408,-194,1,0,0,0,,3.0,0,25.76,0,0.53,118666.66666666667,0.020574534161490684,high,youth,entry,2.0
5013717,M,N,Y,0,114900.0,State servant,Secondary / secondary special,Married,House / apartment,-11821,-2189,1,0,1,0,,2.0,0,32.36,0,5.99,57450.0,0.18510506798516688,medium,youth,mid,1.0
5013718,M,N,Y,0,219400.0,Working,Secondary / secondary special,Married,House / apartment,-11318,-3283,1,0,0,0,Laborers,2.0,0,30.99,0,8.99,109700.0,0.29009357857373347,medium,youth,mid,2.0
5013719,F,N,Y,1,153400.0,Working,Higher education,Single / not married,House / apartment,-10311,-89,1,0,0,0,Laborers,2.0,0,28.23,0,0.24,76700.0,0.008501594048884165,medium,youth,entry,2.0
5013720,M,Y,N,0,324300.0,Working,Secondary / secondary special,Married,House / apartment,-15858,-6517,1,1,1,0,Laborers,2.0,0,43.42,0,17.84,162150.0,0.4108705665591893,high,adult,senior,2.0
5013721,F,Y,Y,0,387300.0,Working,Secondary / secondary special,Married,House / apartment,-24740,-12619,1,0,0,0,Private service staff,2.0,0,67.73,0,34.55,193650.0,0.5101136866971799,high,senior,senior,3.0
5013722,F,Y,N,1,256800.0,Commercial associate,Higher education,Married,Municipal apartment,-19323,-7407,1,0,1,0,Sales staff,3.0,0,52.9,0,20.28,85600.0,0.38336483931947074,high,adult,senior,2.0
5013723,M,N,Y,2,213500.0,Working,Higher education,Married,Rented apartment,-22572,-14739,1,0,0,0,Laborers,4.0,0,61.8,0,40.35,53375.0,0.6529126213592233,medium,senior,senior,2.0
5013724,F,Y,N,0,252700.0,Working,Secondary / secondary special,Married,House / apartment,-25222,-7714,1,0,0,0,,2.0,0,69.05,0,21.12,126350.0,0.3058653149891383,high,senior,senior,2.0
5013725,F,N,N,0,271000.0,Working,Secondary / secondary special,Married,House / apartment,-17178,-3795,1,0,0,0,High skill tech staff,2.0,0,47.03,0,10.39,135500.0,0.22092281522432491,high,adult,senior,1.0
5013726,F,N,N,0,177300.0,Pensioner,Higher education,Separated,House / apartment,-11653,365243,1,0,0,0,,1.0,0,31.9,1,0.0,177300.0,0.0,medium,youth,entry,1.0
5013727,F,N,Y,1,132700.0,Student,Higher education,Civil marriage,House / apartment,-24249,-8348,1,0,0,0,,3.0,0,66.39,0,22.86,44233.333333333336,0.34432896520560324,medium,senior,senior,1.0
5013728,M,N,Y,0,87600.0,Working,Secondary / secondary special,Civil marriage,House / apartment,-20070,-975,1,0,1,0,Sales staff,2.0,1,54.95,0,2.67,43800.0,0.04858962693357598,low,adult,entry,1.0
5013729,M,Y,Y,0,460000.0,Pensioner,Secondary / secondary special,Married,House / apartment,-24818,365243,1,1,1,0,,2.0,0,67.95,1,0.0,230000.0,0.0,high,senior,entry,3.0
5013730,F,N,N,2,312900.0,Pensioner,Secondary / secondary special,Civil marriage,House / apartment,-19194,365243,1,0,0,0,,4.0,0,52.55,1,0.0,78225.0,0.0,high,adult,entry,1.0
5013731,M,N,Y,0,292600.0,State servant,Higher education,Single / not married,House / apartment,-21461,-2913,1,0,0,0,Managers,1.0,0,58.76,0,7.98,292600.0,0.1358066712049013,high,senior,mid,2.0
5013732,F,N,Y,2,459600.0,Working,Secondary / secondary special,Separated,House / apartment,-23570,-6578,1,0,1,0,,3.0,0,64.53,0,18.01,153200.0,0.27909499457616616,high,senior,senior,2.0
5013733,F,N,Y,2,130300.0,Commercial associate,Secondary / secondary special,Married,House / apartment,-21171,-12705,1,0,1,0,Core staff,4.0,0,57.96,0,34.78,32575.0,0.6000690131124914,medium,senior,senior,1.0
5013734,F,N,Y,0,102500.0,Working,Secondary / secondary special,Married,House / apartment,-17580,-4256,1,1,1,0,Laborers,2.0,0,48.13,0,11.65,51250.0,0.24205277373779346,medium,adult,senior,1.0
5013735,M,Y,Y,1,295800.0,Commercial associate,Secondary / secondary special,Married,Rented apartment,-15923,-5202,1,0,1,0,Managers,3.0,0,43.59,0,14.24,98600.0,0.32668043129158064,high,adult,senior,3.0
5013736,F,Y,Y,0,282700.0,Commercial associate,Secondary / secondary special,Separated,House / apartment,-22342,-649,1,0,1,0,Drivers,1.0,0,61.17,0,1.78,282700.0,0.02909923164950139,high,senior,entry,3.0
5013737,F,Y,Y,1,102700.0,Commercial associate,Secondary / secondary special,Married,House / apartment,-21403,-5851,1,0,1,0,Medicine staff,3.0,0,58.6,0,16.02,34233.333333333336,0.2733788395904437,medium,senior,senior,2.0
5013738,F,Y,Y,1,292200.0,Working,Secondary / secondary special,Married,Rented apartment,-13997,-7315,1,0,1,0,Laborers,3.0,0,38.32,0,20.03,97400.0,0.5227035490605428,high,adult,senior,3.0
5013739,F,Y,N,0,199900.0,Pensioner,Secondary / secondary special,Married,House / apartment,-16406,365243,1,0,1,0,,2.0,0,44.92,1,0.0,99950.0,0.0,medium,adult,entry,2.0
5013740,F,N,N,1,163100.0,Working,Secondary / secondary special,Civil marriage,House / apartment,-18902,-3317,1,0,0,0,,3.0,1,51.75,0,9.08,54366.666666666664,0.17545893719806763,medium,adult,mid,1.0
5013741,F,N,N,1,206600.0,Working,Higher education,Separated,House / apartment,-7823,-518,1,0,1,0,,2.0,0,21.42,0,1.42,103300.0,0.06629318394024275,medium,youth,entry,1.0
5013742,F,N,Y,0,72000.0,Commercial associate,Secondary / secondary special,Single / not married,House / apartment,-11826,-254,1,0,1,0,,1.0,0,32.38,0,0.7,72000.0,0.021618282890673253,low,youth,entry,1.0
5013743,F,N,N,0,181600.0,Pensioner,Higher education,Single / not married,House / apartment,-11875,365243,1,0,0,0,,1.0,0,32.51,1,0.0,181600.0,0.0,medium,youth,entry,1.0
5013744,M,N,Y,0,171700.0,State servant,Secondary / secondary special,Married,House / apartment,-23435,-2309,1,0,0,0,Laborers,2.0,0,64.16,0,6.32,85850.0,0.09850374064837907,medium,senior,mid,2.0
5013745,F,Y,Y,0,322600.0,Commercial associate,Secondary / secondary special,Married,House / apartment,-13359,-1064,1,0,0,0,,2.0,0,36.57,0,2.91,161300.0,0.07957342083675144,high,adult,entry,3.0
5013746,F,Y,Y,2,225600.0,Working,Secondary / secondary special,Civil marriage,House / apartment,-17261,-8729,1,0,0,0,Laborers,4.0,0,47.26,0,23.9,56400.0,0.5057130765975455,medium,adult,senior,3.0
5013747,F,N,Y,1,336000.0,Working,Higher education,Single / not married,House / apartment,-22492,-2265,1,0,1,0,,2.0,0,61.58,0,6.2,168000.0,0.10068203962325431,high,senior,mid,2.0
5013748,F,Y,Y,0,68200.0,Working,Secondary / secondary special,Married,House / apartment,-12048,-5373,1,0,0,0,Cooking staff,2.0,0,32.99,0,14.71,34100.0,0.44589269475598664,low,youth,senior,2.0
5013749,F,Y,N,0,160500.0,Working,Secondary / secondary special,Married,House / apartment,-9565,365243,1,0,1,0,,2.0,0,26.19,1,0.0,80250.0,0.0,medium,youth,entry,2.0
5013750,F,Y,Y,0,322400.0,Working,Secondary / secondary special,Married,Municipal apartment,-24624,-12082,1,1,1,0,,2.0,0,67.42,0,33.08,161200.0,0.4906555918125185,high,senior,senior,3.0
5013751,F,Y,Y,0,209200.0,Working,Secondary / secondary special,Married,House / apartment,-20174,-10148,1,1,1,0,,2.0,0,55.23,0,27.78,104600.0,0.5029875067897882,medium,senior,senior,3.0
5013752,F,N,Y,0,372600.0,Working,Secondary / secondary special,Married,House / apartment,-10538,-1831,1,1,0,0,Laborers,2.0,0,28.85,0,5.01,186300.0,0.17365684575389947,high,youth,mid,2.0
5013753,F,N,Y,0,99000.0,Pensioner,Higher education,Married,House / apartment,-22275,365243,1,0,0,0,,2.0,0,60.99,1,0.0,49500.0,0.0,low,senior,entry,1.0
5013754,F,N,Y,0,351900.0,Commercial associate,Secondary / secondary special,Separated,House / apartment,-21680,-9363,1,1,0,0,Laborers,1.0,0,59.36,0,25.63,351900.0,0.4317722371967655,high,senior,senior,2.0
5013755,M,N,Y,2,177400.0,Pensioner,Secondary / secondary special,Single / not married,House / apartment,-22601,365243,1,0,0,1,,3.0,0,61.88,1,0.0,59133.333333333336,0.0,medium,senior,entry,2.0
5013756,F,Y,N,0,169000.0,Working,Incomplete higher,Married,House / apartment,-12349,-280,1,0,0,0,Drivers,2.0,0,33.81,0,0.77,84500.0,0.022774327122153208,medium,youth,entry,2.0
5013757,F,Y,Y,0,400700.0,Working,Secondary / secondary special,Married,House / apartment,-15497,-8377,1,1,0,0,,2.0,0,42.43,0,22.93,200350.0,0.5404195144944615,high,adult,senior,3.0
5013758,F,Y,Y,0,436400.0,Working,Secondary / secondary special,Civil marriage,House / apartment,-19973,-54,1,1,0,0,Managers,2.0,0,54.68,0,0.15,218200.0,0.0027432333577176297,high,adult,entry,3.0
5013759,F,Y,N,4,409600.0,Working,Secondary / secondary special,Married,House / apartment,-14440,-138,1,1,0,0,Drivers,6.0,1,39.53,0,0.38,68266.66666666667,0.009612952188211486,high,adult,entry,2.0
5013760,F,N,N,1,676600.0,Commercial associate,Secondary / secondary special,Married,House / apartment,-8583,-1377,1,1,0,0,Drivers,3.0,0,23.5,0,3.77,225533.33333333334,0.16042553191489362,high,youth,mid,1.0
5013761,F,N,N,1,459900.0,Working,Secondary / secondary special,Married,House / apartment,-9797,-2591,1,0,1,0,,3.0,0,26.82,0,7.09,153300.0,0.26435495898583145,high,youth,mid,1.0
5013762,M,N,Y,0,164000.0,Pensioner,Secondary / secondary special,Married,Municipal apartment,-18210,365243,1,1,0,0,,2.0,0,49.86,1,0.0,82000.0,0.0,medium,adult,entry,2.0
5013763,F,Y,Y,0,262000.0,Pensioner,Higher education,Married,House / apartment,-14157,365243,1,0,0,0,,2.0,0,38.76,1,0.0,131000.0,0.0,high,adult,entry,3.0
5013764,F,N,Y,0,203900.0,Working,Secondary / secondary special,Married,House / apartment,-7403,-303,1,1,1,0,,2.0,0,20.27,0,0.83,101950.0,0.040947212629501725,medium,youth,entry,2.0
5013765,M,N,N,0,673300.0,Working,Higher education,Married,House / apartment,-21310,-10722,1,0,0,0,Laborers,2.0,0,58.34,0,29.36,336650.0,0.5032567706547822,high,senior,senior,1.0
5013766,M,N,N,0,424200.0,State servant,Secondary / secondary special,Married,House / apartment,-14915,-7962,1,0,1,0,Security staff,2.0,0,40.84,0,21.8,212100.0,0.533790401567091,high,adult,senior,1.0
5013767,F,N,Y,2,222100.0,Commercial associate,Secondary / secondary special,Married,House / apartment,-13035,-5799,1,0,0,0,,4.0,0,35.69,0,15.88,55525.0,0.44494256094144025,medium,adult,senior,2.0
5013768,F,N,Y,0,378700.0,Commercial associate,Secondary / secondary special,Widow,House / apartment,-20336,-2861,1,0,0,0,Sales staff,1.0,0,55.68,0,7.83,378700.0,0.140625,high,senior,mid,2.0
5013769,M,N,N,0,131800.0,Commercial associate,Secondary / secondary special,Civil marriage,House / apartment,-15616,-3598,1,0,0,0,Drivers,2.0,0,42.75,0,9.85,65900.0,0.2304093567251462,medium,adult,mid,0.0
5013770,F,N,Y,1,276700.0,Working,Secondary / secondary special,Married,House / apartment,-19994,-9219,1,0,0,0,Sales staff,3.0,0,54.74,0,25.24,92233.33333333333,0.46108878333942266,high,adult,senior,2.0
5013771,F,Y,Y,0,152700.0,Working,Secondary / secondary special,Married,House / apartment,-7546,-26,1,0,0,0,Laborers,2.0,0,20.66,0,0.07,76350.0,0.0033881897386253633,medium,youth,entry,3.0
5013772,F,N,Y,0,104900.0,Working,Higher education,Married,House / apartment,-7477,-774,1,0,1,0,,2.0,0,20.47,0,2.12,52450.0,0.10356619443087446,medium,youth,entry,1.0
5013773,F,Y,Y,0,361400.0,Working,Higher education,Married,House / apartment,-17530,-7561,1,0,0,0,,2.0,0,47.99,0,20.7,180700.0,0.43133986247134815,high,adult,senior,3.0
5013774,F,Y,N,0,384500.0,Working,Secondary / secondary special,Widow,House / apartment,-25243,-2254,1,1,0,0,Laborers,1.0,0,69.11,0,6.17,384500.0,0.0892779626682101,high,senior,mid,2.0
5013775,F,N,Y,1,306800.0,Working,Higher education,Married,House / apartment,-12279,-4133,1,0,1,0,Laborers,3.0,0,33.62,0,11.32,102266.66666666667,0.33670434265318266,high,youth,senior,2.0
5013776,F,N,Y,0,222800.0,Pensioner,Higher education,Separated,House / apartment,-19776,365243,1,1,1,0,,1.0,0,54.14,1,0.0,222800.0,0.0,medium,adult,entry,2.0
5013777,F,Y,Y,1,129600.0,Commercial associate,Secondary / secondary special,Widow,House / apartment,-10451,-1325,1,1,0,0,Laborers,2.0,0,28.61,0,3.63,64800.0,0.1268787137364558,medium,youth,mid,2.0
5013778,M,N,Y,1,136600.0,Working,Secondary / secondary special,Married,House / apartment,-12995,-3687,1,0,1,0,Laborers,3.0,0,35.58,0,10.09,45533.333333333336,0.28358628442945477,medium,adult,senior,1.0
5013779,F,Y,Y,1,150400.0,Working,Lower secondary,Married,House / apartment,-8731,-667,1,0,1,1,Cleaning staff,3.0,0,23.9,0,1.83,50133.333333333336,0.07656903765690377,medium,youth,entry,3.0
5013780,M,N,Y,0,217200.0,Commercial associate,Secondary / secondary special,Married,House / apartment,-23390,-4822,1,0,0,0,,2.0,0,64.04,0,13.2,108600.0,0.20612117426608367,medium,senior,senior,2.0
5013781,M,N,Y,0,418100.0,Working,Incomplete higher,Married,House / apartment,-12974,-6340,1,1,0,0,Sales staff,2.0,0,35.52,0,17.36,209050.0,0.4887387387387387,high,adult,senior,2.0
5013782,M,N,Y,0,414800.0,Commercial associate,Secondary / secondary special,Single / not married,House / apartment,-11514,-931,1,1,1,0,Managers,1.0,0,31.52,0,2.55,414800.0,0.0809010152284264,high,youth,entry,2.0
5013783,M,N,N,0,107100.0,Pensioner,Secondary / secondary special,Married,House / apartment,-20648,365243,1,0,0,0,,2.0,0,56.53,1,0.0,53550.0,0.0,medium,senior,entry,0.0
5013784,F,Y,Y,1,172600.0,Commercial associate,Secondary / secondary special,Married,House / apartment,-10947,-3508,1,0,1,1,Laborers,3.0,0,29.97,0,9.6,57533.333333333336,0.3203203203203203,medium,youth,mid,3.0
5013785,M,N,Y,0,170300.0,Working,Incomplete higher,Separated,House / apartment,-11693,-367,1,1,0,0,Sales staff,1.0,0,32.01,0,1.0,170300.0,0.031240237425804437,medium,youth,entry,2.0
5013786,F,Y,N,1,68800.0,Pensioner,Secondary / secondary special,Widow,Municipal apartment,-9197,365243,1,0,1,0,,2.0,0,25.18,1,0.0,34400.0,0.0,low,youth,entry,1.0
5013787,F,N,Y,0,324000.0,Working,Secondary / secondary special,Married,House / apartment,-24889,-8218,1,0,0,0,Cleaning staff,2.0,0,68.14,0,22.5,162000.0,0.3302025242148518,high,senior,senior,2.0
5013788,F,N,N,0,215900.0,Working,Secondary / secondary special,Civil marriage,With parents,-11827,-200,1,1,0,0,High skill tech staff,2.0,0,32.38,0,0.55,107950.0,0.016985793699814702,medium,youth,entry,1.0
5013789,M,N,Y,1,230700.0,Working,Secondary / secondary special,Married,House / apartment,-25488,-13303,1,1,1,0,Managers,3.0,0,69.78,0,36.42,76900.0,0.5219260533104041,medium,senior,senior,2.0
5013790,F,Y,N,0,478500.0,Pensioner,Secondary / secondary special,Civil marriage,House / apartment,-10522,365243,1,0,1,0,,2.0,0,28.81,1,0.0,239250.0,0.0,high,youth,entry,2.0
5013791,F,Y,N,1,255200.0,Working,Secondary / secondary special,Married,House / apartment,-7682,-99,1,0,0,0,Core staff,3.0,0,21.03,0,0.27,85066.66666666667,0.012838801711840228,high,youth,entry,2.0
5013792,F,Y,Y,0,196800.0,Pensioner,Secondary / secondary special,Separated,House / apartment,-23663,365243,1,1,1,0,,1.0,0,64.79,1,0.0,196800.0,0.0,medium,senior,entry,3.0
5013793,F,N,N,2,325000.0,Working,Secondary / secondary special,Single / not married,House / apartment,-17898,-2885,1,0,0,0,,3.0,0,49.0,0,7.9,108333.33333333333,0.16122448979591839,high,adult,mid,1.0
5013794,F,N,N,0,414500.0,Working,Secondary / secondary special,Married,House / apartment,-13723,-6598,1,1,0,0,Security staff,2.0,0,37.57,0,18.06,207250.0,0.480702688315145,high,adult,senior,1.0
5013795,F,Y,Y,1,283100.0,Commercial associate,Secondary / secondary special,Married,House / apartment,-16680,-4163,1,1,0,0,,3.0,0,45.67,0,11.4,94366.66666666667,0.2496168162907817,high,adult,senior,3.0
5013796,M,N,Y,0,344600.0,Working,Secondary / secondary special,Married,House / apartment,-12067,-4434,1,0,1,0,Laborers,2.0,0,33.04,0,12.14,172300.0,0.36743341404358354,high,youth,senior,2.0
5013797,F,N,Y,0,227000.0,Working,Secondary / secondary special,Married,House / apartment,-18897,-7666,1,0,1,1,Managers,2.0,0,51.74,0,20.99,113500.0,0.40568225744105135,medium,adult,senior,2.0
5013798,M,Y,N,2,234300.0,Working,Higher education,Civil marriage,House / apartment,-18563,-2984,1,0,0,0,Core staff,4.0,0,50.82,0,8.17,58575.0,0.16076347894529713,medium,adult,mid,2.0
5013799,F,N,Y,1,258300.0,Working,Secondary / secondary special,Single / not married,House / apartment,-8770,-1858,1,0,0,0,,2.0,0,24.01,0,5.09,129150.0,0.21199500208246563,high,youth,mid,2.0
5013800,M,N,Y,0,167500.0,Working,Secondary / secondary special,Civil marriage,With parents,-23936,-7331,1,0,0,0,Managers,2.0,0,65.53,0,20.07,83750.0,0.3062719365176255,medium,senior,senior,2.0
5013801,M,N,Y,0,183800.0,Commercial associate,Secondary / secondary special,Single / not married,House / apartment,-15715,-8070,1,0,1,0,,1.0,0,43.03,0,22.09,183800.0,0.5133627701603533,medium,adult,senior,2.0
5013802,F,Y,Y,0,486200.0,Commercial associate,Secondary / secondary special,Widow,House / apartment,-10869,-4288,1,0,0,0,,1.0,0,29.76,0,11.74,486200.0,0.39448924731182794,high,youth,senior,3.0
5013803,F,Y,Y,0,666300.0,State servant,Secondary / secondary special,Single / not married,House / apartment,-12919,-1547,1,0,0,1,,1.0,0,35.37,0,4.24,666300.0,0.11987560079163134,high,adult,mid,3.0
